v -0.428586 0.663095 0.003281
v 0.428627 0.663076 0.003262
v -0.432875 -0.670382 0.003327
v 0.432822 -0.670473 0.003338
v 0.000013 -0.469301 0.754355
v 0.000002 0.460559 0.752325
v 0.000001 -0.458331 -0.751548
v 0.000005 0.455342 -0.750509
v 0.757859 0.001322 -0.472869
v 0.771149 -0.000052 0.475486
v -0.757861 0.001325 -0.472871
v -0.771153 -0.000056 0.475488
v -0.000002 0.804726 -0.002254
v -0.254637 0.630721 0.411682
v -0.238443 0.662734 -0.436999
v -0.685485 0.417258 -0.260714
v -0.706362 0.430715 0.268930
v 0.254637 0.630714 0.411674
v 0.238382 0.662811 -0.437071
v 0.685477 0.417258 -0.260702
v 0.706318 0.430682 0.268923
v -0.000011 -0.814140 0.030928
v -0.273197 -0.716286 0.467915
v -0.249607 -0.621603 -0.408737
v -0.686383 -0.418430 -0.258874
v -0.705333 -0.431145 0.269113
v 0.272950 -0.716230 0.467896
v 0.249571 -0.621639 -0.408735
v 0.686371 -0.418427 -0.258875
v 0.705341 -0.431143 0.269120
v -0.000001 -0.002268 0.889341
v 0.446480 -0.271614 0.721851
v -0.446523 -0.271618 0.721766
v 0.446097 0.273531 0.723189
v -0.446072 0.273514 0.723149
v -0.000000 0.003143 -0.891380
v 0.444478 -0.272420 -0.719946
v -0.444478 -0.272419 -0.719944
v 0.442684 0.271303 -0.718014
v -0.442687 0.271297 -0.718006
v 0.893828 0.000527 0.001550
v -0.893848 0.000527 0.001555
v -0.206456 0.743572 0.004320
v -0.354632 0.666740 0.192602
v -0.355038 0.674065 -0.189953
v -0.573704 0.576558 -0.119550
v -0.579122 0.578047 0.127508
v 0.206450 0.743550 0.004353
v 0.354634 0.666742 0.192603
v 0.354853 0.674123 -0.190013
v 0.573698 0.576527 -0.119562
v 0.579115 0.578048 0.127506
v -0.213042 -0.756194 0.007171
v -0.360593 -0.687561 0.202872
v -0.359185 -0.685344 -0.191258
v -0.573511 -0.573638 -0.118423
v -0.582215 -0.585404 0.129966
v 0.213085 -0.756045 0.007139
v 0.360488 -0.687735 0.202676
v 0.359193 -0.685160 -0.191178
v 0.573517 -0.573657 -0.118421
v 0.582249 -0.585445 0.129981
v -0.151672 -0.678187 0.699487
v 0.151082 -0.678085 0.699144
v -0.000006 -0.255945 0.852638
v 0.210072 -0.387150 0.758580
v -0.209901 -0.387439 0.759094
v -0.127748 0.559134 0.610121
v 0.127747 0.559132 0.610122
v 0.000001 0.258619 0.854119
v 0.214347 0.385764 0.764409
v -0.214337 0.385748 0.764386
v -0.126936 -0.549205 -0.607809
v 0.126942 -0.549207 -0.607806
v 0.000002 -0.258556 -0.858151
v 0.216424 -0.388872 -0.765670
v -0.216427 -0.388873 -0.765669
v -0.128209 0.576462 -0.620312
v 0.128204 0.576436 -0.620050
v -0.000002 0.256191 -0.856290
v 0.214787 0.386323 -0.763362
v -0.214789 0.386320 -0.763376
v 0.752784 0.206575 -0.389644
v 0.753334 -0.208592 -0.389050
v 0.633989 -0.133321 -0.610509
v 0.634220 0.133002 -0.610425
v 0.843421 0.000458 -0.252274
v 0.774694 0.213753 0.393567
v 0.773338 -0.216508 0.393779
v 0.639326 -0.136629 0.616362
v 0.640421 0.134119 0.616356
v 0.863706 0.000318 0.259966
v -0.752772 0.206561 -0.389645
v -0.753333 -0.208590 -0.389051
v -0.633989 -0.133322 -0.610509
v -0.634222 0.133002 -0.610426
v -0.843372 0.000452 -0.252287
v -0.774651 0.213741 0.393551
v -0.773341 -0.216509 0.393777
v -0.639325 -0.136630 0.616361
v -0.640416 0.134117 0.616357
v -0.863703 0.000312 0.259960
v -0.108975 0.732918 0.191971
v -0.109553 0.754154 -0.206505
v 0.108971 0.732947 0.191976
v 0.109728 0.754004 -0.206409
v -0.500084 0.559318 0.369580
v -0.000002 0.659369 0.414337
v -0.376100 0.499137 0.592426
v -0.494521 0.554087 -0.368938
v -0.000030 0.698991 -0.438559
v -0.371899 0.490814 -0.588196
v -0.737229 0.438978 0.004202
v -0.588800 0.369358 -0.513946
v -0.833930 0.229463 -0.128773
v -0.599992 0.378308 0.518824
v -0.844064 0.233573 0.134653
v 0.500085 0.559308 0.369571
v 0.376105 0.499168 0.592448
v 0.494625 0.554120 -0.368897
v 0.371848 0.490781 -0.588127
v 0.737231 0.438979 0.004200
v 0.588804 0.369350 -0.513940
v 0.833927 0.229474 -0.128763
v 0.599993 0.378311 0.518822
v 0.844063 0.233572 0.134653
v -0.106682 -0.776151 0.218438
v -0.116814 -0.749920 -0.197576
v 0.106654 -0.776167 0.218307
v 0.116942 -0.749974 -0.197543
v -0.509169 -0.582611 0.383013
v 0.000081 -0.752362 0.473981
v -0.378869 -0.521625 0.605950
v -0.489099 -0.541510 -0.363765
v 0.000008 -0.659992 -0.418679
v -0.372416 -0.489877 -0.590131
v -0.737373 -0.439741 0.004380
v -0.590275 -0.371512 -0.513738
v -0.833337 -0.232001 -0.128476
v -0.600005 -0.378320 0.517168
v -0.843401 -0.235500 0.135526
v 0.509163 -0.582286 0.382850
v 0.378399 -0.521214 0.605557
v 0.489102 -0.541450 -0.363778
v 0.372407 -0.489868 -0.590133
v 0.737337 -0.439695 0.004378
v 0.590311 -0.371533 -0.513771
v 0.833338 -0.232002 -0.128477
v 0.599919 -0.378292 0.517121
v 0.843393 -0.235496 0.135527
v 0.239420 -0.137775 0.848489
v -0.239470 -0.137751 0.848472
v 0.240505 0.135240 0.849094
v -0.240501 0.135238 0.849096
v 0.461305 -0.000829 0.766333
v -0.461307 -0.000831 0.766331
v 0.241976 -0.135531 -0.849142
v -0.241977 -0.135529 -0.849144
v 0.239630 0.137879 -0.847866
v -0.239623 0.137885 -0.847869
v 0.459915 0.002222 -0.764168
v -0.459912 0.002219 -0.764169
v -0.333270 0.698476 0.004248
v -0.397322 0.669003 0.087275
v -0.397971 0.671068 -0.080406
v -0.501146 0.631987 -0.051052
v -0.499109 0.628344 0.056701
v 0.333276 0.698461 0.004301
v 0.397297 0.668985 0.087270
v 0.397906 0.671043 -0.080478
v 0.501162 0.631991 -0.051043
v 0.499108 0.628349 0.056687
v -0.338380 -0.709307 0.004106
v -0.402887 -0.681843 0.090508
v -0.399859 -0.676869 -0.081961
v -0.499899 -0.630643 -0.050891
v -0.503367 -0.637096 0.058089
v 0.338418 -0.708859 0.004178
v 0.402795 -0.681975 0.090381
v 0.399870 -0.676786 -0.081854
v 0.499894 -0.630668 -0.050888
v 0.503412 -0.637131 0.058132
v -0.060945 -0.552157 0.722541
v 0.061085 -0.551958 0.722494
v -0.000141 -0.370577 0.797812
v 0.094923 -0.436089 0.762765
v -0.095097 -0.435931 0.762667
v -0.059024 0.510569 0.694002
v 0.059016 0.510557 0.693994
v 0.000000 0.375085 0.803750
v 0.097884 0.433502 0.766810
v -0.097890 0.433505 0.766801
v -0.059177 -0.505134 -0.692616
v 0.059177 -0.505122 -0.692606
v 0.000002 -0.376210 -0.807769
v 0.096761 -0.430255 -0.762208
v -0.096761 -0.430258 -0.762205
v -0.058974 0.509623 -0.693029
v 0.058642 0.509565 -0.692971
v -0.000003 0.372092 -0.805508
v 0.096453 0.426978 -0.760713
v -0.096458 0.426995 -0.760698
v 0.762750 0.095049 -0.439788
v 0.762139 -0.094233 -0.439193
v 0.708493 -0.058655 -0.538523
v 0.709250 0.060513 -0.539204
v 0.799703 0.000852 -0.378125
v 0.779063 0.096492 0.441769
v 0.777740 -0.097688 0.441756
v 0.716690 -0.061217 0.543348
v 0.717625 0.059806 0.543684
v 0.823445 0.000312 0.382444
v -0.762752 0.095052 -0.439787
v -0.762139 -0.094236 -0.439194
v -0.708491 -0.058659 -0.538520
v -0.709249 0.060513 -0.539202
v -0.799677 0.000857 -0.378093
v -0.779065 0.096480 0.441768
v -0.777736 -0.097686 0.441753
v -0.716690 -0.061218 0.543349
v -0.717623 0.059805 0.543686
v -0.823448 0.000306 0.382439
v -0.076548 0.787593 0.000573
v 0.076548 0.787587 0.000574
v -0.038897 0.782126 0.069864
v -0.037172 0.798304 -0.073422
v 0.038891 0.782120 0.069862
v 0.037202 0.798280 -0.073395
v -0.307357 0.653509 0.302715
v -0.194138 0.598977 0.514939
v -0.182381 0.682205 0.306006
v -0.379315 0.599517 0.398712
v -0.127758 0.651468 0.414361
v -0.320207 0.572594 0.506329
v -0.301759 0.667805 -0.312132
v -0.195497 0.637222 -0.536543
v -0.180996 0.725422 -0.352855
v -0.375377 0.609113 -0.402944
v -0.160432 0.798500 -0.482598
v -0.316333 0.582800 -0.512529
v -0.636501 0.507461 -0.190605
v -0.725948 0.315218 -0.328399
v -0.595107 0.490380 -0.320281
v -0.723676 0.435256 -0.129513
v -0.642331 0.398205 -0.392051
v -0.768197 0.331731 -0.196327
v -0.650259 0.515633 0.199526
v -0.750872 0.327345 0.334967
v -0.611888 0.505052 0.325204
v -0.732807 0.439864 0.137884
v -0.658768 0.409067 0.394613
v -0.782538 0.338095 0.203783
v 0.307357 0.653509 0.302710
v 0.194137 0.598982 0.514935
v 0.182379 0.682214 0.306010
v 0.127754 0.651468 0.414354
v 0.379291 0.599472 0.398677
v 0.320218 0.572611 0.506337
v 0.301975 0.668354 -0.312576
v 0.195419 0.636958 -0.536390
v 0.181002 0.725328 -0.352883
v 0.160420 0.798564 -0.482593
v 0.374862 0.608864 -0.403305
v 0.316478 0.582714 -0.512385
v 0.636518 0.507484 -0.190608
v 0.725919 0.315196 -0.328410
v 0.595097 0.490381 -0.320298
v 0.723677 0.435246 -0.129516
v 0.642320 0.398171 -0.392044
v 0.768245 0.331767 -0.196328
v 0.650293 0.515662 0.199546
v 0.750868 0.327353 0.334968
v 0.611869 0.505033 0.325197
v 0.732810 0.439866 0.137887
v 0.658775 0.409071 0.394616
v 0.782521 0.338071 0.203783
v -0.081888 -0.796442 0.020640
v 0.081922 -0.796409 0.020606
v -0.031098 -0.814698 0.100087
v -0.046561 -0.778809 -0.065360
v 0.031041 -0.814764 0.100162
v 0.046513 -0.778878 -0.065349
v -0.313603 -0.691969 0.326406
v -0.242096 -0.775952 0.624651
v -0.188165 -0.738434 0.345645
v -0.387318 -0.639257 0.422430
v -0.146707 -0.767175 0.481452
v -0.337369 -0.642605 0.552088
v -0.306975 -0.662809 -0.301779
v -0.190962 -0.588299 -0.513376
v -0.184792 -0.692732 -0.309152
v -0.371678 -0.585375 -0.393638
v -0.125174 -0.645571 -0.414712
v -0.314795 -0.558935 -0.504083
v -0.637135 -0.505975 -0.188914
v -0.726605 -0.317343 -0.326946
v -0.595806 -0.489713 -0.318244
v -0.724223 -0.436040 -0.127882
v -0.643210 -0.399582 -0.390566
v -0.768848 -0.334074 -0.194619
v -0.650663 -0.518830 0.201238
v -0.749274 -0.328971 0.335158
v -0.613879 -0.510809 0.328744
v -0.732241 -0.440303 0.137532
v -0.657545 -0.409666 0.394862
v -0.781268 -0.339567 0.203893
v 0.314149 -0.691910 0.326685
v 0.242463 -0.776082 0.624568
v 0.188312 -0.738754 0.345071
v 0.147489 -0.767034 0.481608
v 0.387354 -0.639599 0.423174
v 0.337713 -0.642684 0.551771
v 0.306911 -0.662732 -0.301656
v 0.190956 -0.588297 -0.513379
v 0.184761 -0.692751 -0.309171
v 0.125191 -0.645591 -0.414719
v 0.371679 -0.585349 -0.393609
v 0.314797 -0.558908 -0.504075
v 0.637137 -0.505979 -0.188921
v 0.726602 -0.317338 -0.326945
v 0.595822 -0.489771 -0.318255
v 0.724222 -0.436044 -0.127880
v 0.643213 -0.399574 -0.390570
v 0.768843 -0.334070 -0.194617
v 0.650658 -0.518839 0.201255
v 0.749280 -0.328969 0.335165
v 0.613836 -0.510850 0.328700
v 0.732253 -0.440307 0.137530
v 0.657563 -0.409685 0.394850
v 0.781269 -0.339566 0.203897
v 0.000017 -0.133808 0.882866
v 0.000000 0.130527 0.883979
v 0.121149 -0.069602 0.880828
v -0.121137 -0.069607 0.880828
v 0.121739 0.065272 0.881101
v -0.121737 0.065270 0.881102
v 0.330430 -0.329951 0.745820
v 0.547386 -0.207265 0.675454
v 0.414154 -0.393820 0.660248
v 0.525777 -0.329404 0.623679
v 0.350499 -0.206317 0.795790
v 0.457611 -0.142655 0.756294
v -0.330241 -0.330092 0.745665
v -0.547404 -0.207249 0.675453
v -0.414288 -0.394135 0.660423
v -0.525768 -0.329423 0.623650
v -0.350532 -0.206280 0.795802
v -0.457592 -0.142637 0.756299
v 0.334453 0.333316 0.752393
v 0.547695 0.206742 0.676154
v 0.417224 0.393477 0.663872
v 0.526991 0.330754 0.627036
v 0.351222 0.205920 0.796604
v 0.458440 0.141130 0.756478
v -0.334455 0.333322 0.752393
v -0.547696 0.206745 0.676158
v -0.417236 0.393509 0.663905
v -0.526996 0.330760 0.627052
v -0.351224 0.205917 0.796605
v -0.458458 0.141147 0.756521
v 0.000001 -0.130207 -0.884930
v -0.000003 0.132959 -0.883210
v 0.122376 -0.065149 -0.879729
v -0.122377 -0.065147 -0.879730
v 0.121948 0.069600 -0.879617
v -0.121947 0.069602 -0.879614
v 0.331565 -0.332786 -0.748790
v 0.545966 -0.206268 -0.674806
v 0.415820 -0.392872 -0.662426
v 0.522985 -0.329002 -0.624694
v 0.349811 -0.205553 -0.795249
v 0.456676 -0.139029 -0.753443
v -0.331567 -0.332786 -0.748786
v -0.545966 -0.206267 -0.674809
v -0.415825 -0.392872 -0.662425
v -0.522986 -0.329005 -0.624695
v -0.349813 -0.205554 -0.795251
v -0.456676 -0.139030 -0.753447
v 0.329590 0.331562 -0.747336
v 0.545419 0.204842 -0.673460
v 0.414508 0.391195 -0.661126
v 0.521647 0.327238 -0.623813
v 0.347259 0.205921 -0.793442
v 0.455985 0.140768 -0.753186
v -0.329586 0.331568 -0.747344
v -0.545421 0.204833 -0.673456
v -0.414487 0.391197 -0.661114
v -0.521637 0.327227 -0.623794
v -0.347249 0.205923 -0.793433
v -0.455988 0.140767 -0.753185
v 0.878322 0.000219 -0.124589
v 0.889495 0.000661 0.130395
v 0.876230 0.117039 -0.062384
v 0.882004 0.118594 0.066155
v 0.874895 -0.118075 -0.062148
v 0.881330 -0.119145 0.067034
v -0.878278 0.000215 -0.124592
v -0.889501 0.000644 0.130400
v -0.876224 0.117037 -0.062388
v -0.882001 0.118604 0.066161
v -0.874972 -0.118088 -0.062158
v -0.881330 -0.119142 0.067037
v -0.278163 0.710229 0.097176
v -0.279124 0.713652 -0.091297
v -0.150150 0.751017 0.092124
v -0.150960 0.759183 -0.089348
v -0.473316 0.625737 0.169952
v -0.230240 0.703614 0.198347
v -0.430416 0.616562 0.284861
v -0.474486 0.630535 -0.163672
v -0.228934 0.715300 -0.205818
v -0.436483 0.633512 -0.287279
v -0.588793 0.579973 0.003477
v -0.539429 0.568108 -0.243630
v -0.664318 0.517281 -0.061239
v -0.546639 0.571649 0.249516
v -0.668426 0.519262 0.069939
v 0.278172 0.710227 0.097175
v 0.279252 0.713596 -0.091354
v 0.150126 0.751020 0.092115
v 0.150793 0.759335 -0.089258
v 0.473316 0.625733 0.169950
v 0.230247 0.703601 0.198345
v 0.430416 0.616566 0.284863
v 0.474479 0.630565 -0.163689
v 0.229458 0.715578 -0.205774
v 0.436191 0.633563 -0.287233
v 0.588802 0.579990 0.003471
v 0.539447 0.568100 -0.243575
v 0.664294 0.517253 -0.061242
v 0.546625 0.571634 0.249504
v 0.668433 0.519265 0.069943
v -0.282634 -0.724218 0.104707
v -0.292345 -0.748906 -0.096742
v -0.150366 -0.772239 0.108329
v -0.164923 -0.783227 -0.092784
v -0.482673 -0.643262 0.176478
v -0.233138 -0.733414 0.216983
v -0.441853 -0.642979 0.300248
v -0.468003 -0.621944 -0.161199
v -0.242643 -0.769179 -0.221246
v -0.422630 -0.607363 -0.276151
v -0.590625 -0.581251 0.004204
v -0.536237 -0.558955 -0.240188
v -0.664653 -0.516124 -0.060642
v -0.557271 -0.589362 0.259390
v -0.669578 -0.520656 0.070293
v 0.282472 -0.724294 0.104866
v 0.292459 -0.748743 -0.096800
v 0.150343 -0.772056 0.108413
v 0.165144 -0.783179 -0.092803
v 0.482694 -0.643300 0.176415
v 0.233364 -0.732918 0.217192
v 0.441809 -0.642979 0.300133
v 0.468043 -0.621922 -0.161135
v 0.242601 -0.769315 -0.221317
v 0.422567 -0.607648 -0.276098
v 0.590622 -0.581264 0.004205
v 0.536214 -0.558836 -0.240190
v 0.664685 -0.516151 -0.060651
v 0.557297 -0.589411 0.259406
v 0.669590 -0.520672 0.070294
v -0.000533 -0.654698 0.675619
v -0.183020 -0.522658 0.716625
v -0.081264 -0.735670 0.598561
v -0.281827 -0.619303 0.672236
v 0.182945 -0.523064 0.716589
v 0.081418 -0.735673 0.598434
v 0.281686 -0.619903 0.672573
v 0.116749 -0.315309 0.822112
v -0.116488 -0.315303 0.822286
v 0.121478 -0.198401 0.863635
v -0.121544 -0.198374 0.863612
v 0.299336 -0.461918 0.691526
v 0.233388 -0.262991 0.816464
v -0.299449 -0.461789 0.691009
v -0.233289 -0.263053 0.816514
v -0.000003 0.568164 0.610447
v -0.180665 0.488973 0.695628
v -0.065207 0.613607 0.516774
v -0.254059 0.536255 0.606562
v 0.180668 0.488966 0.695632
v 0.065203 0.613610 0.516773
v 0.254055 0.536248 0.606562
v 0.115868 0.322905 0.825882
v -0.115866 0.322905 0.825882
v 0.121971 0.197638 0.865004
v -0.121968 0.197637 0.865004
v 0.302039 0.448947 0.687529
v 0.234332 0.265699 0.818810
v -0.302042 0.448943 0.687526
v -0.234332 0.265698 0.818809
v 0.000001 -0.557128 -0.608304
v -0.181287 -0.485018 -0.693576
v -0.063759 -0.604421 -0.515325
v -0.252452 -0.526456 -0.604483
v 0.181275 -0.484995 -0.693566
v 0.063774 -0.604476 -0.515360
v 0.252447 -0.526459 -0.604493
v 0.113251 -0.321931 -0.820327
v -0.113248 -0.321930 -0.820325
v 0.120599 -0.197709 -0.862609
v -0.120596 -0.197709 -0.862610
v 0.299675 -0.444301 -0.683821
v 0.235247 -0.267611 -0.819729
v -0.299676 -0.444300 -0.683821
v -0.235247 -0.267611 -0.819725
v -0.000055 0.600482 -0.630954
v -0.180284 0.484651 -0.691958
v -0.070775 0.661639 -0.543063
v -0.251188 0.537361 -0.606554
v 0.180032 0.484340 -0.691841
v 0.070556 0.661793 -0.543038
v 0.251191 0.537593 -0.606666
v 0.112085 0.319027 -0.818529
v -0.112066 0.319026 -0.818471
v 0.119243 0.197551 -0.860993
v -0.119236 0.197558 -0.860994
v 0.299744 0.442800 -0.682053
v 0.232452 0.266009 -0.817658
v -0.299738 0.442834 -0.682031
v -0.232447 0.266017 -0.817647
v 0.702237 0.180833 -0.509783
v 0.808027 0.107983 -0.319147
v 0.680555 0.294303 -0.458087
v 0.796585 0.220081 -0.259258
v 0.702263 -0.182687 -0.509831
v 0.807420 -0.108303 -0.318874
v 0.680905 -0.297063 -0.457534
v 0.797109 -0.222534 -0.258633
v 0.639320 0.001045 -0.624338
v 0.619138 -0.258747 -0.571796
v 0.554350 -0.069290 -0.697209
v 0.618494 0.255936 -0.571329
v 0.554903 0.071895 -0.697903
v 0.851958 0.114439 -0.189281
v 0.850927 -0.115491 -0.189790
v 0.711796 0.182162 0.511377
v 0.831255 0.112566 0.324982
v 0.693868 0.300345 0.460014
v 0.817314 0.227301 0.266617
v 0.710544 -0.185379 0.512188
v 0.830275 -0.113552 0.325292
v 0.692463 -0.301963 0.459704
v 0.816374 -0.229464 0.267591
v 0.643492 -0.000714 0.629383
v 0.627912 -0.263433 0.578960
v 0.555168 -0.071495 0.698856
v 0.628595 0.262118 0.579561
v 0.555943 0.070210 0.699479
v 0.865237 0.117456 0.197020
v 0.864580 -0.117930 0.198110
v -0.702248 0.180834 -0.509787
v -0.808011 0.107970 -0.319201
v -0.680565 0.294305 -0.458094
v -0.796528 0.220062 -0.259257
v -0.702263 -0.182688 -0.509830
v -0.807419 -0.108297 -0.318875
v -0.680907 -0.297065 -0.457536
v -0.797129 -0.222542 -0.258643
v -0.639317 0.001044 -0.624338
v -0.619138 -0.258746 -0.571796
v -0.554349 -0.069294 -0.697217
v -0.618488 0.255923 -0.571321
v -0.554903 0.071892 -0.697903
v -0.852001 0.114423 -0.189302
v -0.850926 -0.115490 -0.189787
v -0.711806 0.182167 0.511388
v -0.831253 0.112558 0.324981
v -0.693870 0.300340 0.460014
v -0.817318 0.227302 0.266616
v -0.710549 -0.185379 0.512188
v -0.830280 -0.113556 0.325291
v -0.692469 -0.301956 0.459697
v -0.816383 -0.229468 0.267591
v -0.643491 -0.000715 0.629384
v -0.627920 -0.263419 0.578961
v -0.555167 -0.071499 0.698853
v -0.628598 0.262114 0.579566
v -0.555939 0.070212 0.699478
v -0.865226 0.117445 0.197028
v -0.864580 -0.117932 0.198105
v 0.000003 0.744960 0.185029
v -0.060035 0.699334 0.303628
v 0.000015 0.779541 -0.193505
v -0.065464 0.746777 -0.335191
v 0.060041 0.699325 0.303640
v 0.065419 0.746674 -0.335235
v -0.442503 0.535526 0.485078
v -0.557597 0.482602 0.447709
v -0.491325 0.444111 0.560787
v -0.436055 0.527545 -0.483323
v -0.547564 0.469337 -0.446538
v -0.484664 0.435349 -0.559325
v -0.793161 0.339691 -0.063720
v -0.800270 0.344017 0.070805
v -0.848105 0.232748 0.002262
v 0.442505 0.535535 0.485080
v 0.557609 0.482612 0.447710
v 0.491326 0.444095 0.560770
v 0.436073 0.527589 -0.483351
v 0.547558 0.469348 -0.446547
v 0.484668 0.435343 -0.559335
v 0.793130 0.339689 -0.063719
v 0.800217 0.343982 0.070804
v 0.848105 0.232744 0.002255
v -0.000056 -0.806168 0.208284
v -0.061881 -0.774288 0.346154
v -0.000040 -0.737900 -0.186049
v -0.061226 -0.696520 -0.305445
v 0.061772 -0.774059 0.346242
v 0.061220 -0.696491 -0.305461
v -0.446871 -0.558565 0.498669
v -0.557458 -0.486255 0.449908
v -0.490986 -0.448531 0.561410
v -0.435712 -0.521228 -0.483167
v -0.548170 -0.469868 -0.444815
v -0.485274 -0.436688 -0.559009
v -0.792849 -0.341743 -0.062929
v -0.799492 -0.345756 0.070458
v -0.847443 -0.234917 0.002765
v 0.446666 -0.558823 0.498664
v 0.557510 -0.486120 0.449872
v 0.491363 -0.448712 0.561777
v 0.435701 -0.521224 -0.483163
v 0.548159 -0.469847 -0.444803
v 0.485248 -0.436668 -0.558992
v 0.792857 -0.341742 -0.062926
v 0.799493 -0.345744 0.070451
v 0.847442 -0.234916 0.002764
v 0.240412 -0.001780 0.857077
v 0.354480 -0.071845 0.815029
v -0.240400 -0.001781 0.857079
v -0.354471 -0.071857 0.815025
v 0.355229 0.069223 0.815489
v -0.355228 0.069223 0.815489
v 0.242058 0.002700 -0.856503
v 0.354464 -0.067489 -0.814075
v -0.242058 0.002699 -0.856502
v -0.354465 -0.067490 -0.814078
v 0.353986 0.072221 -0.814777
v -0.353982 0.072221 -0.814777
v -0.387252 0.678872 0.004014
v -0.415527 0.666799 0.040622
v -0.415985 0.667984 -0.033373
v -0.461936 0.650756 -0.020204
v -0.460696 0.648737 0.026523
v 0.387272 0.678866 0.004042
v 0.415526 0.666795 0.040619
v 0.415985 0.667960 -0.033330
v 0.461902 0.650730 -0.020175
v 0.460692 0.648740 0.026521
v -0.391201 -0.687311 0.003449
v -0.420915 -0.677080 0.041490
v -0.418106 -0.672870 -0.034354
v -0.464035 -0.654568 -0.020792
v -0.465342 -0.657779 0.026708
v 0.391392 -0.687067 0.003286
v 0.420860 -0.677227 0.041456
v 0.418163 -0.672691 -0.034203
v 0.464043 -0.654641 -0.020790
v 0.465367 -0.657774 0.026737
v -0.026152 -0.505371 0.740201
v 0.026486 -0.505536 0.740119
v 0.000244 -0.425743 0.772932
v 0.041931 -0.455366 0.759213
v -0.041865 -0.454906 0.759168
v -0.026503 0.485159 0.728612
v 0.026505 0.485175 0.728626
v -0.000001 0.425395 0.777367
v 0.043489 0.450143 0.760154
v -0.043492 0.450142 0.760160
v -0.026420 -0.481528 -0.727526
v 0.026424 -0.481521 -0.727519
v 0.000003 -0.425071 -0.778320
v 0.042791 -0.447454 -0.758321
v -0.042791 -0.447457 -0.758315
v -0.026107 0.479139 -0.725834
v 0.026147 0.479106 -0.725833
v 0.000002 0.421534 -0.776673
v 0.042611 0.444138 -0.757061
v -0.042609 0.444159 -0.757047
v 0.763140 0.043142 -0.460138
v 0.762803 -0.040861 -0.459786
v 0.739642 -0.024845 -0.504152
v 0.739852 0.027682 -0.504523
v 0.778993 0.001225 -0.433169
v 0.777835 0.043009 0.462289
v 0.776954 -0.043292 0.462050
v 0.749057 -0.027036 0.507073
v 0.749653 0.026579 0.507307
v 0.795180 0.000131 0.434844
v -0.763138 0.043141 -0.460137
v -0.762820 -0.040870 -0.459795
v -0.739635 -0.024850 -0.504146
v -0.739849 0.027683 -0.504520
v -0.778995 0.001228 -0.433174
v -0.777861 0.042997 0.462298
v -0.776956 -0.043293 0.462049
v -0.749057 -0.027036 0.507072
v -0.749653 0.026574 0.507307
v -0.795186 0.000127 0.434836
v -0.031008 0.800482 -0.000723
v 0.031003 0.800474 -0.000727
v -0.015813 0.797526 0.027223
v -0.013866 0.808050 -0.030713
v 0.015821 0.797520 0.027223
v 0.013871 0.808038 -0.030719
v -0.281872 0.643305 0.357597
v -0.225367 0.615926 0.464394
v -0.218967 0.656832 0.359938
v -0.316838 0.615573 0.406128
v -0.191308 0.642501 0.413819
v -0.288507 0.602895 0.460331
v -0.269990 0.662480 -0.375439
v -0.221295 0.660705 -0.491860
v -0.217070 0.715328 -0.403477
v -0.307550 0.632355 -0.417743
v -0.211525 0.755118 -0.485852
v -0.280102 0.623515 -0.473517
v -0.661724 0.463858 -0.225724
v -0.706896 0.367248 -0.295066
v -0.641114 0.454966 -0.291316
v -0.705673 0.426460 -0.194964
v -0.664352 0.408010 -0.326682
v -0.727750 0.376080 -0.228906
v -0.680078 0.476531 0.234668
v -0.730270 0.380527 0.302432
v -0.662329 0.471421 0.298397
v -0.720369 0.434854 0.203484
v -0.686568 0.422825 0.332597
v -0.745297 0.385341 0.236929
v 0.281883 0.643313 0.357613
v 0.225375 0.615971 0.464408
v 0.218972 0.656845 0.359942
v 0.191302 0.642489 0.413806
v 0.316815 0.615541 0.406079
v 0.288495 0.602860 0.460307
v 0.269989 0.662502 -0.375309
v 0.221167 0.660625 -0.491678
v 0.217046 0.715124 -0.403428
v 0.211500 0.755069 -0.485880
v 0.307632 0.632028 -0.417653
v 0.279991 0.623573 -0.473461
v 0.661724 0.463818 -0.225729
v 0.706940 0.367316 -0.295084
v 0.641133 0.455002 -0.291336
v 0.705674 0.426481 -0.194956
v 0.664373 0.408018 -0.326688
v 0.727759 0.376062 -0.228932
v 0.680049 0.476502 0.234660
v 0.730285 0.380537 0.302443
v 0.662309 0.471425 0.298399
v 0.720366 0.434844 0.203488
v 0.686563 0.422821 0.332600
v 0.745282 0.385318 0.236934
v -0.035852 -0.809129 0.027815
v 0.035840 -0.809106 0.027786
v -0.016942 -0.816750 0.063209
v -0.017733 -0.801710 -0.006195
v 0.016945 -0.816737 0.063243
v 0.017709 -0.801718 -0.006207
v -0.291340 -0.698201 0.394469
v -0.271226 -0.767171 0.550974
v -0.229441 -0.723566 0.409520
v -0.328492 -0.674561 0.444988
v -0.215670 -0.756662 0.480313
v -0.310330 -0.690948 0.515929
v -0.278204 -0.640801 -0.354566
v -0.220775 -0.605050 -0.463488
v -0.217006 -0.655476 -0.359600
v -0.310963 -0.604632 -0.402662
v -0.187622 -0.634630 -0.412654
v -0.282602 -0.589753 -0.458217
v -0.662590 -0.464088 -0.223863
v -0.707773 -0.369055 -0.293428
v -0.642030 -0.455379 -0.289352
v -0.706485 -0.427545 -0.193100
v -0.665195 -0.409183 -0.324943
v -0.728447 -0.377690 -0.227115
v -0.679055 -0.477217 0.235215
v -0.728864 -0.381293 0.302674
v -0.662363 -0.472940 0.299556
v -0.719650 -0.435491 0.203536
v -0.685538 -0.423395 0.333008
v -0.744033 -0.386169 0.236983
v 0.291456 -0.697868 0.394543
v 0.271198 -0.766153 0.550603
v 0.229437 -0.723101 0.409272
v 0.216806 -0.757794 0.479880
v 0.328714 -0.675059 0.444810
v 0.310412 -0.690830 0.515441
v 0.278183 -0.640851 -0.354525
v 0.220805 -0.605022 -0.463534
v 0.217008 -0.655486 -0.359685
v 0.187634 -0.634609 -0.412658
v 0.310943 -0.604655 -0.402665
v 0.282637 -0.589732 -0.458202
v 0.662642 -0.464171 -0.223876
v 0.707776 -0.369056 -0.293429
v 0.641993 -0.455311 -0.289344
v 0.706488 -0.427530 -0.193110
v 0.665182 -0.409186 -0.324941
v 0.728448 -0.377692 -0.227113
v 0.679033 -0.477199 0.235230
v 0.728873 -0.381286 0.302678
v 0.662334 -0.472953 0.299570
v 0.719666 -0.435505 0.203540
v 0.685531 -0.423399 0.333024
v 0.744036 -0.386170 0.236983
v 0.000004 -0.068878 0.888262
v 0.000001 0.064625 0.889065
v 0.060766 -0.035742 0.887255
v -0.060765 -0.035743 0.887255
v 0.060961 0.031242 0.887226
v -0.060960 0.031241 0.887226
v 0.392863 -0.300728 0.738955
v 0.497521 -0.240278 0.700210
v 0.432656 -0.332148 0.692196
v 0.486664 -0.301132 0.673786
v 0.401620 -0.240040 0.762887
v 0.453876 -0.209319 0.742997
v -0.392843 -0.300902 0.739084
v -0.497572 -0.240272 0.700164
v -0.432584 -0.332182 0.692345
v -0.486574 -0.301239 0.673826
v -0.401689 -0.240015 0.762903
v -0.453907 -0.209291 0.742980
v 0.392844 0.304841 0.741947
v 0.497508 0.240613 0.700989
v 0.433858 0.335048 0.696429
v 0.487287 0.303166 0.676852
v 0.401610 0.241156 0.763884
v 0.454043 0.209010 0.743348
v -0.392843 0.304843 0.741944
v -0.497542 0.240643 0.701059
v -0.433856 0.335053 0.696429
v -0.487283 0.303166 0.676850
v -0.401613 0.241152 0.763884
v -0.454053 0.209023 0.743368
v 0.000001 -0.064007 -0.889646
v -0.000002 0.068920 -0.889634
v 0.061210 -0.030712 -0.886816
v -0.061210 -0.030711 -0.886816
v 0.061154 0.036096 -0.887213
v -0.061155 0.036096 -0.887211
v 0.388896 -0.303297 -0.736049
v 0.497075 -0.240557 -0.700311
v 0.431847 -0.334378 -0.693067
v 0.487255 -0.303870 -0.676857
v 0.398749 -0.239512 -0.759602
v 0.452043 -0.207153 -0.739804
v -0.388898 -0.303296 -0.736046
v -0.497074 -0.240556 -0.700309
v -0.431852 -0.334376 -0.693065
v -0.487258 -0.303866 -0.676853
v -0.398748 -0.239513 -0.759601
v -0.452041 -0.207154 -0.739806
v 0.386729 0.302128 -0.734219
v 0.495936 0.239155 -0.698550
v 0.429986 0.332925 -0.691295
v 0.485720 0.302244 -0.675000
v 0.396778 0.239184 -0.758027
v 0.450528 0.207004 -0.738296
v -0.386738 0.302126 -0.734230
v -0.495931 0.239149 -0.698538
v -0.429967 0.332921 -0.691281
v -0.485719 0.302239 -0.674996
v -0.396765 0.239181 -0.758018
v -0.450529 0.207001 -0.738286
v 0.888484 0.000307 -0.061723
v 0.894350 0.000579 0.065473
v 0.888858 0.059128 -0.030351
v 0.890709 0.059559 0.033492
v 0.887862 -0.058986 -0.030016
v 0.889996 -0.059074 0.033942
v -0.888456 0.000306 -0.061725
v -0.894363 0.000582 0.065477
v -0.888853 0.059128 -0.030354
v -0.890704 0.059566 0.033499
v -0.887886 -0.058991 -0.030013
v -0.890009 -0.059071 0.033945
v -0.272379 0.720105 0.004341
v -0.138261 0.767573 0.003232
v -0.241205 0.728530 0.050131
v -0.242429 0.730480 -0.042150
v -0.174037 0.751818 0.048005
v -0.176107 0.754040 -0.041155
v -0.376390 0.668815 0.138594
v -0.331687 0.661641 0.247821
v -0.316029 0.689422 0.144745
v -0.414890 0.646513 0.183368
v -0.292777 0.686131 0.197462
v -0.393277 0.642563 0.239990
v -0.377648 0.673513 -0.133068
v -0.329521 0.672054 -0.249897
v -0.316605 0.693973 -0.141043
v -0.416364 0.653187 -0.178605
v -0.291385 0.694533 -0.199076
v -0.394115 0.652781 -0.238378
v -0.537995 0.605971 -0.084469
v -0.607186 0.544592 -0.155194
v -0.525284 0.604110 -0.143776
v -0.584289 0.578851 -0.058052
v -0.558976 0.573354 -0.181522
v -0.621051 0.548518 -0.091810
v -0.539671 0.604665 0.091149
v -0.616304 0.548837 0.163685
v -0.527623 0.602758 0.150774
v -0.585605 0.578771 0.065190
v -0.565543 0.575726 0.188958
v -0.625255 0.549951 0.099991
v 0.272358 0.720099 0.004382
v 0.138264 0.767576 0.003238
v 0.241207 0.728530 0.050142
v 0.242341 0.730533 -0.042208
v 0.174040 0.751821 0.048013
v 0.176087 0.754046 -0.041183
v 0.376383 0.668817 0.138599
v 0.331695 0.661638 0.247821
v 0.316029 0.689424 0.144747
v 0.414889 0.646511 0.183372
v 0.292782 0.686104 0.197459
v 0.393274 0.642562 0.239993
v 0.377664 0.673436 -0.133054
v 0.329706 0.671968 -0.250037
v 0.316497 0.693965 -0.140950
v 0.416429 0.653170 -0.178570
v 0.291687 0.694160 -0.198645
v 0.393970 0.652500 -0.238122
v 0.538013 0.605993 -0.084469
v 0.607182 0.544596 -0.155198
v 0.525253 0.604102 -0.143753
v 0.584302 0.578870 -0.058059
v 0.558978 0.573345 -0.181543
v 0.621016 0.548490 -0.091798
v 0.539670 0.604670 0.091147
v 0.616320 0.548837 0.163696
v 0.527619 0.602759 0.150769
v 0.585610 0.578781 0.065189
v 0.565545 0.575718 0.188958
v 0.625258 0.549964 0.099994
v -0.279054 -0.732740 0.005474
v -0.141880 -0.776177 0.012196
v -0.246206 -0.739895 0.055983
v -0.252101 -0.752799 -0.044593
v -0.178096 -0.763663 0.058442
v -0.186859 -0.772593 -0.041560
v -0.382424 -0.684971 0.144855
v -0.337300 -0.689522 0.263016
v -0.320732 -0.706675 0.153740
v -0.422282 -0.665588 0.191162
v -0.297114 -0.710263 0.211112
v -0.401038 -0.666623 0.251645
v -0.380326 -0.682627 -0.134834
v -0.335362 -0.680392 -0.248419
v -0.329200 -0.726668 -0.147001
v -0.412954 -0.648100 -0.175991
v -0.312692 -0.742520 -0.210650
v -0.389975 -0.642946 -0.233290
v -0.537038 -0.603484 -0.083928
v -0.607190 -0.541537 -0.153647
v -0.523183 -0.598130 -0.142226
v -0.583863 -0.577566 -0.057153
v -0.557395 -0.567481 -0.179357
v -0.620736 -0.546261 -0.090762
v -0.544126 -0.613047 0.093302
v -0.618395 -0.554834 0.166209
v -0.535885 -0.616044 0.156082
v -0.589036 -0.583537 0.066453
v -0.572430 -0.587869 0.195034
v -0.627845 -0.554208 0.101264
v 0.278933 -0.733260 0.005258
v 0.141910 -0.776175 0.012162
v 0.246118 -0.739657 0.056109
v 0.252365 -0.753005 -0.044697
v 0.178078 -0.763691 0.058443
v 0.186761 -0.772516 -0.041552
v 0.382311 -0.684997 0.144994
v 0.337230 -0.689417 0.263164
v 0.320830 -0.706937 0.153564
v 0.422140 -0.665528 0.191281
v 0.297718 -0.710481 0.211162
v 0.401117 -0.666622 0.251813
v 0.380379 -0.682375 -0.134947
v 0.335376 -0.680421 -0.248326
v 0.329354 -0.727346 -0.147190
v 0.412977 -0.648010 -0.175876
v 0.312332 -0.742381 -0.210533
v 0.389930 -0.643471 -0.233221
v 0.537040 -0.603492 -0.083925
v 0.607182 -0.541554 -0.153639
v 0.523186 -0.598099 -0.142265
v 0.583868 -0.577580 -0.057147
v 0.557389 -0.567444 -0.179354
v 0.620738 -0.546268 -0.090760
v 0.544180 -0.613082 0.093339
v 0.618400 -0.554856 0.166213
v 0.535855 -0.616050 0.156078
v 0.589035 -0.583556 0.066460
v 0.572441 -0.587899 0.195032
v 0.627857 -0.554238 0.101283
v -0.102263 -0.607005 0.705939
v -0.201692 -0.749825 0.677702
v -0.074864 -0.661300 0.681305
v -0.169380 -0.598093 0.706073
v -0.120467 -0.723564 0.658263
v -0.224737 -0.665404 0.697213
v 0.101786 -0.606580 0.705824
v 0.200343 -0.750650 0.677780
v 0.074279 -0.660597 0.680430
v 0.169142 -0.598123 0.706312
v 0.120247 -0.723304 0.657890
v 0.224081 -0.665696 0.697236
v -0.000032 -0.313498 0.826354
v -0.000014 -0.196598 0.871025
v 0.059892 -0.285154 0.839671
v -0.059862 -0.285156 0.839684
v 0.060918 -0.227196 0.860664
v -0.060961 -0.227170 0.860651
v 0.151565 -0.412324 0.762954
v 0.269621 -0.359563 0.752897
v 0.196388 -0.452768 0.734254
v 0.163660 -0.350521 0.791129
v 0.255394 -0.424706 0.726091
v 0.222667 -0.324253 0.787589
v -0.151716 -0.412841 0.762742
v -0.269775 -0.358812 0.753070
v -0.196576 -0.453060 0.734233
v -0.163741 -0.350483 0.790765
v -0.255334 -0.424684 0.726062
v -0.222762 -0.324265 0.787542
v -0.093118 0.535021 0.653493
v -0.161716 0.580744 0.563973
v -0.063865 0.565635 0.610371
v -0.156451 0.527522 0.654557
v -0.097358 0.588493 0.564722
v -0.191660 0.550218 0.609777
v 0.093097 0.534985 0.653471
v 0.161713 0.580743 0.563968
v 0.063857 0.565634 0.610369
v 0.156449 0.527512 0.654558
v 0.097353 0.588489 0.564721
v 0.191658 0.550222 0.609780
v 0.000001 0.318751 0.831009
v 0.000000 0.195412 0.871558
v 0.059415 0.290052 0.841984
v -0.059412 0.290053 0.841983
v 0.060889 0.227942 0.861800
v -0.060886 0.227943 0.861800
v 0.155307 0.410682 0.767489
v 0.274519 0.360092 0.759363
v 0.198980 0.439747 0.730923
v 0.166949 0.354487 0.798321
v 0.259297 0.417178 0.727155
v 0.226182 0.327215 0.793965
v -0.155305 0.410686 0.767488
v -0.274527 0.360101 0.759374
v -0.198981 0.439748 0.730915
v -0.166949 0.354487 0.798326
v -0.259296 0.417186 0.727168
v -0.226183 0.327215 0.793965
v -0.093159 -0.527773 -0.651999
v -0.159780 -0.569600 -0.561399
v -0.063571 -0.555194 -0.608392
v -0.155334 -0.518567 -0.651348
v -0.096067 -0.577409 -0.562393
v -0.189642 -0.538875 -0.606327
v 0.093166 -0.527786 -0.652005
v 0.159786 -0.569615 -0.561398
v 0.063563 -0.555176 -0.608373
v 0.155330 -0.518574 -0.651352
v 0.096061 -0.577412 -0.562381
v 0.189638 -0.538880 -0.606328
v 0.000001 -0.319551 -0.835133
v 0.000002 -0.195059 -0.874553
v 0.057704 -0.289974 -0.842196
v -0.057702 -0.289972 -0.842195
v 0.059560 -0.227798 -0.862028
v -0.059557 -0.227797 -0.862028
v 0.155732 -0.410939 -0.765004
v 0.274466 -0.362099 -0.759836
v 0.201638 -0.442193 -0.732053
v 0.166226 -0.355069 -0.794912
v 0.259877 -0.418336 -0.727269
v 0.227554 -0.330095 -0.795620
v -0.155731 -0.410940 -0.765003
v -0.274472 -0.362100 -0.759832
v -0.201639 -0.442198 -0.732049
v -0.166224 -0.355068 -0.794911
v -0.259881 -0.418339 -0.727267
v -0.227557 -0.330095 -0.795614
v -0.092472 0.542212 -0.657367
v -0.162999 0.608024 -0.579556
v -0.065301 0.590187 -0.624889
v -0.154351 0.528625 -0.654469
v -0.102033 0.628473 -0.587876
v -0.189796 0.558410 -0.614110
v 0.092524 0.542283 -0.657352
v 0.162988 0.607981 -0.579725
v 0.065396 0.590447 -0.624636
v 0.154716 0.529146 -0.654627
v 0.102068 0.628682 -0.587925
v 0.190145 0.558769 -0.614148
v -0.000005 0.315603 -0.833550
v -0.000002 0.195412 -0.872607
v 0.057039 0.287055 -0.840199
v -0.057038 0.287055 -0.840208
v 0.058887 0.226634 -0.860353
v -0.058886 0.226637 -0.860353
v 0.154961 0.407839 -0.763064
v 0.272595 0.360410 -0.758087
v 0.201655 0.439710 -0.730662
v 0.164636 0.352307 -0.792617
v 0.259434 0.416495 -0.725959
v 0.225069 0.327977 -0.793052
v -0.154952 0.407844 -0.763059
v -0.272593 0.360415 -0.758105
v -0.201647 0.439748 -0.730632
v -0.164624 0.352298 -0.792593
v -0.259427 0.416515 -0.725956
v -0.225066 0.327975 -0.793057
v 0.759771 0.150610 -0.416252
v 0.741667 0.261620 -0.360229
v 0.728763 0.196072 -0.451623
v 0.782912 0.158409 -0.354095
v 0.718522 0.251882 -0.424695
v 0.774991 0.213936 -0.324886
v 0.759887 -0.151445 -0.415834
v 0.742182 -0.263949 -0.359094
v 0.728836 -0.197773 -0.451222
v 0.782719 -0.159556 -0.353540
v 0.719104 -0.254337 -0.424206
v 0.775762 -0.216306 -0.324145
v 0.673160 -0.095498 -0.574662
v 0.591426 -0.170417 -0.644194
v 0.669279 -0.159800 -0.561371
v 0.637706 -0.066617 -0.620581
v 0.628564 -0.198183 -0.594675
v 0.595536 -0.102769 -0.655793
v 0.673633 0.096087 -0.574979
v 0.591187 0.169424 -0.643451
v 0.669400 0.158626 -0.561322
v 0.638197 0.068079 -0.621041
v 0.628256 0.196048 -0.594179
v 0.596147 0.104016 -0.656336
v 0.821255 0.000569 -0.316624
v 0.865061 0.000259 -0.187630
v 0.828558 0.055380 -0.285185
v 0.828064 -0.054893 -0.285174
v 0.850757 0.056921 -0.220387
v 0.850178 -0.056814 -0.220621
v 0.778907 0.154717 0.418815
v 0.765590 0.271566 0.365470
v 0.744716 0.200287 0.453727
v 0.806672 0.164935 0.358998
v 0.736055 0.258186 0.427071
v 0.799071 0.222455 0.331082
v 0.777798 -0.157146 0.419142
v 0.764347 -0.274066 0.365804
v 0.743381 -0.203225 0.454228
v 0.805695 -0.167350 0.359389
v 0.734710 -0.260701 0.427337
v 0.798081 -0.225145 0.331745
v 0.680405 -0.098859 0.581396
v 0.594787 -0.172797 0.647480
v 0.676703 -0.163778 0.567344
v 0.642309 -0.069014 0.625914
v 0.634999 -0.202249 0.601221
v 0.598541 -0.105283 0.659602
v 0.681559 0.096672 0.581769
v 0.595439 0.170883 0.647351
v 0.677787 0.160627 0.566721
v 0.643439 0.067280 0.627080
v 0.636247 0.199696 0.600955
v 0.599491 0.103463 0.660196
v 0.844160 0.000236 0.322476
v 0.878053 0.000479 0.195609
v 0.850955 0.057738 0.292039
v 0.850101 -0.057571 0.292278
v 0.868115 0.058903 0.228168
v 0.867222 -0.058475 0.228843
v -0.759775 0.150614 -0.416255
v -0.741672 0.261626 -0.360214
v -0.728761 0.196082 -0.451616
v -0.782888 0.158399 -0.354072
v -0.718514 0.251896 -0.424695
v -0.775151 0.214016 -0.324943
v -0.759885 -0.151446 -0.415834
v -0.742183 -0.263951 -0.359093
v -0.728836 -0.197772 -0.451221
v -0.782712 -0.159552 -0.353544
v -0.719105 -0.254337 -0.424205
v -0.775759 -0.216304 -0.324147
v -0.673160 -0.095500 -0.574660
v -0.591425 -0.170418 -0.644197
v -0.669281 -0.159802 -0.561371
v -0.637704 -0.066617 -0.620580
v -0.628565 -0.198183 -0.594674
v -0.595533 -0.102770 -0.655797
v -0.673634 0.096087 -0.574979
v -0.591191 0.169419 -0.643452
v -0.669407 0.158624 -0.561327
v -0.638196 0.068084 -0.621040
v -0.628262 0.196041 -0.594178
v -0.596147 0.104018 -0.656337
v -0.821323 0.000581 -0.316634
v -0.865080 0.000260 -0.187648
v -0.828607 0.055405 -0.285193
v -0.828063 -0.054885 -0.285162
v -0.850827 0.056934 -0.220396
v -0.850189 -0.056809 -0.220611
v -0.778903 0.154710 0.418812
v -0.765556 0.271533 0.365449
v -0.744731 0.200295 0.453741
v -0.806668 0.164923 0.358998
v -0.736074 0.258191 0.427083
v -0.799085 0.222458 0.331087
v -0.777799 -0.157144 0.419136
v -0.764301 -0.274036 0.365792
v -0.743386 -0.203223 0.454227
v -0.805697 -0.167348 0.359390
v -0.734752 -0.260742 0.427360
v -0.798086 -0.225147 0.331738
v -0.680405 -0.098861 0.581394
v -0.594783 -0.172787 0.647487
v -0.676705 -0.163780 0.567342
v -0.642310 -0.069017 0.625913
v -0.634998 -0.202240 0.601228
v -0.598538 -0.105285 0.659601
v -0.681555 0.096669 0.581771
v -0.595440 0.170891 0.647361
v -0.677785 0.160630 0.566727
v -0.643435 0.067278 0.627081
v -0.636249 0.199696 0.600964
v -0.599488 0.103465 0.660196
v -0.844156 0.000227 0.322471
v -0.878056 0.000496 0.195595
v -0.850973 0.057732 0.292022
v -0.850078 -0.057573 0.292292
v -0.868116 0.058899 0.228169
v -0.867223 -0.058476 0.228844
v -0.072912 0.758070 0.131580
v -0.145630 0.707706 0.250065
v -0.129543 0.744652 0.139801
v -0.168471 0.720193 0.196456
v -0.052784 0.742369 0.186937
v -0.085968 0.718007 0.247308
v -0.072618 0.776901 -0.136953
v -0.145007 0.734465 -0.276794
v -0.129824 0.757898 -0.144835
v -0.168477 0.735558 -0.209068
v -0.053526 0.769069 -0.199922
v -0.088319 0.751453 -0.271899
v 0.072922 0.758029 0.131593
v 0.145632 0.707694 0.250053
v 0.129524 0.744659 0.139793
v 0.168454 0.720162 0.196442
v 0.052794 0.742337 0.186953
v 0.085965 0.718015 0.247298
v 0.072491 0.777012 -0.136926
v 0.144943 0.734655 -0.276668
v 0.129911 0.757273 -0.145128
v 0.168373 0.735672 -0.208864
v 0.053419 0.769181 -0.199927
v 0.088071 0.751600 -0.271990
v -0.440114 0.580436 0.386018
v -0.557735 0.534582 0.349246
v -0.466429 0.589285 0.328295
v -0.525130 0.566808 0.310066
v -0.471750 0.547732 0.427416
v -0.530515 0.524253 0.409188
v -0.063848 0.657013 0.414205
v 0.063844 0.657017 0.414196
v -0.032448 0.636843 0.466420
v 0.032448 0.636845 0.466421
v -0.031162 0.679980 0.359760
v 0.031159 0.679949 0.359741
v -0.349840 0.539119 0.550532
v -0.398024 0.449116 0.629372
v -0.315779 0.519590 0.601204
v -0.340603 0.476915 0.642537
v -0.410626 0.519657 0.540305
v -0.434053 0.472919 0.578058
v -0.441109 0.588364 -0.390290
v -0.546487 0.522843 -0.346226
v -0.463651 0.592672 -0.327189
v -0.517671 0.561545 -0.306278
v -0.466077 0.542732 -0.427160
v -0.521114 0.512005 -0.407551
v -0.080885 0.716813 -0.447285
v 0.080835 0.716846 -0.447297
v -0.037723 0.686409 -0.493941
v 0.037815 0.686050 -0.493725
v -0.039766 0.719299 -0.387652
v 0.039825 0.719351 -0.387637
v -0.346436 0.537748 -0.550379
v -0.396373 0.444550 -0.627339
v -0.311829 0.514821 -0.597758
v -0.338226 0.468658 -0.636814
v -0.404743 0.510583 -0.537174
v -0.430879 0.466034 -0.577472
v -0.732692 0.437417 -0.063000
v -0.739427 0.442035 0.071532
v -0.702479 0.480750 -0.028993
v -0.705815 0.483032 0.037787
v -0.766568 0.391176 -0.029791
v -0.769950 0.393395 0.037608
v -0.619334 0.387585 -0.456092
v -0.555875 0.349276 -0.569743
v -0.638006 0.333820 -0.488295
v -0.605422 0.313877 -0.544337
v -0.569716 0.422017 -0.481575
v -0.537448 0.403099 -0.537743
v -0.804782 0.282804 -0.162895
v -0.857455 0.173901 -0.095199
v -0.817852 0.225774 -0.193697
v -0.846424 0.172290 -0.159122
v -0.816092 0.285531 -0.097053
v -0.842767 0.231024 -0.063580
v -0.629882 0.394620 0.457043
v -0.566181 0.357208 0.575994
v -0.647989 0.339877 0.490665
v -0.616819 0.321733 0.551844
v -0.580384 0.433176 0.484037
v -0.548250 0.414298 0.542384
v -0.815016 0.287056 0.169424
v -0.867360 0.177371 0.100084
v -0.832224 0.230836 0.200905
v -0.856422 0.175609 0.165887
v -0.826356 0.290605 0.103366
v -0.849275 0.234251 0.068530
v 0.440154 0.580509 0.386056
v 0.557772 0.534628 0.349262
v 0.466422 0.589285 0.328282
v 0.525127 0.566800 0.310064
v 0.471780 0.547768 0.427442
v 0.530507 0.524240 0.409187
v 0.349844 0.539123 0.550533
v 0.398040 0.449129 0.629387
v 0.315794 0.519587 0.601214
v 0.340616 0.476916 0.642545
v 0.410594 0.519579 0.540254
v 0.434050 0.472900 0.578043
v 0.441082 0.588346 -0.390128
v 0.546515 0.522841 -0.346204
v 0.463662 0.592674 -0.327330
v 0.517717 0.561579 -0.306179
v 0.466024 0.542751 -0.427139
v 0.521179 0.511994 -0.407523
v 0.346265 0.537728 -0.550326
v 0.396405 0.444573 -0.627388
v 0.312049 0.514631 -0.597929
v 0.338185 0.468612 -0.636761
v 0.404822 0.510667 -0.537133
v 0.430881 0.465995 -0.577485
v 0.732705 0.437427 -0.062997
v 0.739423 0.442034 0.071532
v 0.702464 0.480734 -0.028997
v 0.705823 0.483038 0.037785
v 0.766556 0.391181 -0.029793
v 0.769908 0.393353 0.037600
v 0.619325 0.387575 -0.456084
v 0.555870 0.349257 -0.569730
v 0.638004 0.333818 -0.488295
v 0.605438 0.313883 -0.544353
v 0.569703 0.422001 -0.481562
v 0.537441 0.403094 -0.537737
v 0.804787 0.282806 -0.162896
v 0.857445 0.173905 -0.095198
v 0.817978 0.225860 -0.193771
v 0.846431 0.172309 -0.159144
v 0.816092 0.285534 -0.097050
v 0.842762 0.231027 -0.063572
v 0.629873 0.394614 0.457035
v 0.566173 0.357200 0.575984
v 0.647972 0.339866 0.490649
v 0.616817 0.321731 0.551844
v 0.580388 0.433189 0.484039
v 0.548272 0.414325 0.542402
v 0.815014 0.287056 0.169424
v 0.867366 0.177370 0.100083
v 0.832223 0.230830 0.200911
v 0.856419 0.175608 0.165895
v 0.826355 0.290604 0.103363
v 0.849275 0.234253 0.068525
v -0.066273 -0.797061 0.155169
v -0.147218 -0.756616 0.281906
v -0.126807 -0.775999 0.160224
v -0.168858 -0.755685 0.219266
v -0.049570 -0.794331 0.214626
v -0.086284 -0.775668 0.280930
v -0.081750 -0.761018 -0.130510
v -0.151348 -0.727636 -0.256979
v -0.142250 -0.775763 -0.145587
v -0.178099 -0.777539 -0.214633
v -0.057662 -0.739710 -0.188200
v -0.090009 -0.719956 -0.249728
v 0.066443 -0.797135 0.155354
v 0.147514 -0.756677 0.281630
v 0.126727 -0.776131 0.160176
v 0.169029 -0.755612 0.219555
v 0.049505 -0.794400 0.214347
v 0.085524 -0.775716 0.280715
v 0.081801 -0.761143 -0.130543
v 0.151377 -0.727704 -0.256839
v 0.141853 -0.775200 -0.145663
v 0.178381 -0.776750 -0.214492
v 0.057683 -0.739741 -0.188242
v 0.089964 -0.719937 -0.249772
v -0.447915 -0.609064 0.403308
v -0.563287 -0.548020 0.356949
v -0.476993 -0.614940 0.343576
v -0.536180 -0.588259 0.322325
v -0.478428 -0.571052 0.441451
v -0.533976 -0.536332 0.416604
v -0.073962 -0.757884 0.476915
v 0.074280 -0.758644 0.476663
v -0.041454 -0.732993 0.534171
v 0.041343 -0.732955 0.534342
v -0.034072 -0.766880 0.411515
v 0.033819 -0.766905 0.411631
v -0.359621 -0.583950 0.580320
v -0.396237 -0.457155 0.631211
v -0.326730 -0.565754 0.633104
v -0.340510 -0.494636 0.652201
v -0.413355 -0.542105 0.553540
v -0.434086 -0.483694 0.582371
v -0.431546 -0.564401 -0.381120
v -0.544575 -0.517447 -0.343054
v -0.456244 -0.573626 -0.319989
v -0.513012 -0.550277 -0.301620
v -0.463607 -0.532254 -0.424840
v -0.520021 -0.507966 -0.405512
v -0.062409 -0.655108 -0.417357
v 0.062400 -0.655104 -0.417377
v -0.031789 -0.633862 -0.468444
v 0.031774 -0.633848 -0.468432
v -0.030833 -0.676258 -0.361624
v 0.030821 -0.676249 -0.361614
v -0.345016 -0.526609 -0.548458
v -0.396093 -0.445807 -0.628417
v -0.312989 -0.509771 -0.599044
v -0.337552 -0.469218 -0.638791
v -0.404707 -0.506870 -0.537950
v -0.430530 -0.466824 -0.577907
v -0.732965 -0.438116 -0.062093
v -0.739423 -0.442810 0.071168
v -0.702739 -0.480541 -0.028583
v -0.706029 -0.483213 0.037819
v -0.766569 -0.392597 -0.029298
v -0.769753 -0.394744 0.037407
v -0.620257 -0.389057 -0.455147
v -0.557256 -0.351297 -0.570047
v -0.639229 -0.336841 -0.488302
v -0.606644 -0.316610 -0.544602
v -0.571085 -0.423513 -0.480543
v -0.538541 -0.404518 -0.537190
v -0.805221 -0.285648 -0.161903
v -0.856354 -0.175885 -0.095093
v -0.818298 -0.228604 -0.193295
v -0.845674 -0.174565 -0.159453
v -0.815699 -0.288001 -0.096294
v -0.842267 -0.233382 -0.063160
v -0.629121 -0.394975 0.456465
v -0.564823 -0.355979 0.572307
v -0.647004 -0.340392 0.489318
v -0.616658 -0.321965 0.549964
v -0.579766 -0.433568 0.483588
v -0.547174 -0.414393 0.540366
v -0.814222 -0.289053 0.169952
v -0.866793 -0.178764 0.101185
v -0.831522 -0.232833 0.201947
v -0.855941 -0.176926 0.167154
v -0.825530 -0.292738 0.103418
v -0.848569 -0.236141 0.069180
v 0.447895 -0.609079 0.403162
v 0.563419 -0.548029 0.356934
v 0.476980 -0.614870 0.343424
v 0.536274 -0.588299 0.322327
v 0.478018 -0.570976 0.441315
v 0.534163 -0.536306 0.416654
v 0.359346 -0.584459 0.580378
v 0.396522 -0.457482 0.631721
v 0.326439 -0.565774 0.633254
v 0.340264 -0.494559 0.651771
v 0.413247 -0.542697 0.553759
v 0.434161 -0.483673 0.582790
v 0.431543 -0.564341 -0.381088
v 0.544577 -0.517432 -0.343050
v 0.456151 -0.573577 -0.319881
v 0.513019 -0.550194 -0.301660
v 0.463617 -0.532243 -0.424857
v 0.520021 -0.507957 -0.405516
v 0.345003 -0.526633 -0.548454
v 0.396084 -0.445804 -0.628420
v 0.312985 -0.509767 -0.599044
v 0.337547 -0.469216 -0.638787
v 0.404696 -0.506868 -0.537946
v 0.430533 -0.466823 -0.577921
v 0.732975 -0.438132 -0.062097
v 0.739399 -0.442808 0.071165
v 0.702789 -0.480601 -0.028595
v 0.706012 -0.483223 0.037818
v 0.766604 -0.392616 -0.029297
v 0.769764 -0.394742 0.037411
v 0.620245 -0.389050 -0.455138
v 0.557251 -0.351283 -0.570039
v 0.639232 -0.336836 -0.488300
v 0.606649 -0.316607 -0.544600
v 0.571088 -0.423528 -0.480559
v 0.538542 -0.404515 -0.537198
v 0.805227 -0.285651 -0.161900
v 0.856358 -0.175885 -0.095093
v 0.818320 -0.228615 -0.193305
v 0.845674 -0.174565 -0.159455
v 0.815708 -0.288007 -0.096294
v 0.842269 -0.233382 -0.063159
v 0.629114 -0.395019 0.456468
v 0.564865 -0.355863 0.572149
v 0.647035 -0.340427 0.489354
v 0.616651 -0.321976 0.549975
v 0.579770 -0.433592 0.483627
v 0.547125 -0.414106 0.540133
v 0.814236 -0.289061 0.169957
v 0.866793 -0.178762 0.101185
v 0.831509 -0.232824 0.201945
v 0.855936 -0.176926 0.167152
v 0.825496 -0.292721 0.103418
v 0.848564 -0.236139 0.069179
v 0.180851 -0.103681 0.868103
v 0.296066 -0.172062 0.824264
v 0.180779 -0.168846 0.859374
v 0.237942 -0.201964 0.836391
v 0.239995 -0.070727 0.855078
v 0.297665 -0.105557 0.833916
v -0.180843 -0.103684 0.868104
v -0.296111 -0.172022 0.824213
v -0.180828 -0.168813 0.859361
v -0.237922 -0.201945 0.836378
v -0.239982 -0.070730 0.855081
v -0.297688 -0.105557 0.833905
v 0.181773 0.099977 0.868135
v 0.297145 0.170690 0.825123
v 0.181797 0.167074 0.860497
v 0.238795 0.201577 0.837274
v 0.240675 0.067292 0.855368
v 0.298652 0.102775 0.834287
v -0.181773 0.099975 0.868137
v -0.297142 0.170690 0.825123
v -0.181793 0.167071 0.860499
v -0.238793 0.201577 0.837274
v -0.240673 0.067291 0.855368
v -0.298650 0.102774 0.834287
v 0.459939 -0.072685 0.763476
v 0.460589 0.070898 0.763607
v 0.509272 -0.036573 0.734288
v 0.509724 0.035135 0.734547
v 0.409309 -0.036897 0.792988
v 0.409670 0.034692 0.793172
v -0.459935 -0.072689 0.763474
v -0.460599 0.070901 0.763625
v -0.509275 -0.036578 0.734284
v -0.509715 0.035134 0.734534
v -0.409302 -0.036899 0.792987
v -0.409670 0.034692 0.793172
v 0.182751 -0.100061 -0.866388
v 0.298136 -0.171139 -0.826132
v 0.181786 -0.167219 -0.857943
v 0.239808 -0.202545 -0.837484
v 0.242040 -0.066577 -0.854194
v 0.299724 -0.102010 -0.835311
v -0.182751 -0.100057 -0.866390
v -0.298138 -0.171139 -0.826134
v -0.181786 -0.167218 -0.857945
v -0.239809 -0.202546 -0.837486
v -0.242041 -0.066576 -0.854195
v -0.299727 -0.102009 -0.835313
v 0.181563 0.103426 -0.866059
v 0.295489 0.172494 -0.825054
v 0.179735 0.168165 -0.856354
v 0.236826 0.202592 -0.835513
v 0.241383 0.071310 -0.854869
v 0.298244 0.106284 -0.835422
v -0.181558 0.103428 -0.866059
v -0.295484 0.172498 -0.825055
v -0.179727 0.168168 -0.856355
v -0.236816 0.202597 -0.835495
v -0.241379 0.071313 -0.854869
v -0.298239 0.106286 -0.835424
v 0.458844 -0.068618 -0.761014
v 0.458744 0.072283 -0.761600
v 0.508338 -0.033527 -0.732225
v 0.508512 0.037199 -0.732602
v 0.408202 -0.032820 -0.791010
v 0.408147 0.037521 -0.791395
v -0.458843 -0.068621 -0.761019
v -0.458741 0.072280 -0.761601
v -0.508336 -0.033530 -0.732230
v -0.508510 0.037196 -0.732603
v -0.408201 -0.032822 -0.791012
v -0.408144 0.037519 -0.791395
v -0.363211 0.685371 0.046724
v -0.364140 0.686769 -0.038756
v -0.304823 0.706542 0.049670
v -0.305801 0.707962 -0.041450
v -0.449716 0.648538 0.075272
v -0.339612 0.688952 0.094120
v -0.433849 0.648120 0.127995
v -0.451501 0.651752 -0.068814
v -0.340563 0.691689 -0.087426
v -0.435665 0.652510 -0.121720
v -0.504361 0.630664 0.002752
v -0.490301 0.631588 -0.106309
v -0.546373 0.607586 -0.026257
v -0.488042 0.626939 0.112082
v -0.546165 0.606448 0.032214
v 0.363228 0.685387 0.046726
v 0.364103 0.686804 -0.038744
v 0.304827 0.706546 0.049684
v 0.305693 0.707994 -0.041453
v 0.449714 0.648536 0.075262
v 0.339611 0.688953 0.094121
v 0.433843 0.648122 0.127993
v 0.451516 0.651757 -0.068792
v 0.340568 0.691681 -0.087522
v 0.435624 0.652552 -0.121813
v 0.504365 0.630673 0.002738
v 0.490312 0.631598 -0.106263
v 0.546367 0.607593 -0.026269
v 0.488042 0.626945 0.112080
v 0.546159 0.606441 0.032210
v -0.368103 -0.695829 0.048753
v -0.368304 -0.695835 -0.040428
v -0.309948 -0.717258 0.053179
v -0.313034 -0.725132 -0.044118
v -0.455569 -0.660541 0.077269
v -0.344769 -0.702363 0.099122
v -0.440641 -0.663490 0.132578
v -0.451324 -0.651475 -0.069121
v -0.347420 -0.709320 -0.091087
v -0.434007 -0.651510 -0.121872
v -0.505518 -0.634481 0.003235
v -0.489018 -0.627341 -0.106154
v -0.545804 -0.607452 -0.025506
v -0.495242 -0.640101 0.115583
v -0.548229 -0.610528 0.033153
v 0.368241 -0.695692 0.048627
v 0.368186 -0.695914 -0.040407
v 0.309729 -0.717548 0.053081
v 0.312945 -0.725015 -0.044160
v 0.455592 -0.660509 0.077232
v 0.344610 -0.702215 0.099419
v 0.440611 -0.663482 0.132582
v 0.451305 -0.651525 -0.069114
v 0.347409 -0.709305 -0.091067
v 0.434044 -0.651530 -0.121911
v 0.505528 -0.634516 0.003232
v 0.488993 -0.627335 -0.106190
v 0.545813 -0.607475 -0.025499
v 0.495345 -0.640160 0.115566
v 0.548237 -0.610555 0.033150
v 0.000012 -0.554502 0.722009
v -0.081062 -0.494678 0.740811
v -0.034027 -0.606734 0.702253
v -0.122847 -0.541890 0.721688
v 0.080857 -0.494548 0.741075
v 0.033940 -0.606648 0.702646
v 0.122622 -0.542246 0.721764
v 0.049946 -0.400533 0.782298
v -0.049825 -0.400823 0.782163
v 0.055772 -0.343073 0.810720
v -0.055777 -0.343083 0.810809
v 0.138337 -0.476703 0.739438
v 0.106027 -0.375222 0.790656
v -0.138136 -0.476862 0.739466
v -0.106022 -0.375124 0.790782
v 0.000002 0.514302 0.693646
v -0.082048 0.477268 0.732727
v -0.030969 0.540976 0.653685
v -0.119532 0.502435 0.695767
v 0.082030 0.477258 0.732719
v 0.030972 0.541034 0.653715
v 0.119525 0.502424 0.695754
v 0.051291 0.403302 0.788556
v -0.051291 0.403302 0.788553
v 0.056112 0.348873 0.816204
v -0.056110 0.348874 0.816204
v 0.140006 0.461103 0.733666
v 0.108495 0.380779 0.798029
v -0.140004 0.461100 0.733658
v -0.108492 0.380782 0.798030
v 0.000000 -0.506671 -0.691062
v -0.081685 -0.473162 -0.729982
v -0.031021 -0.531982 -0.651604
v -0.119825 -0.497716 -0.693837
v 0.081685 -0.473161 -0.729983
v 0.031031 -0.531991 -0.651608
v 0.119825 -0.497740 -0.693847
v 0.050294 -0.402382 -0.787621
v -0.050293 -0.402386 -0.787631
v 0.054694 -0.348726 -0.815876
v -0.054692 -0.348728 -0.815879
v 0.140787 -0.459501 -0.731570
v 0.106590 -0.379164 -0.792597
v -0.140791 -0.459506 -0.731564
v -0.106588 -0.379155 -0.792585
v -0.000084 0.514031 -0.693226
v -0.081253 0.470419 -0.728304
v -0.031080 0.551622 -0.659934
v -0.117782 0.498749 -0.692504
v 0.081172 0.470261 -0.728282
v 0.031049 0.551629 -0.659963
v 0.118229 0.499135 -0.692601
v 0.049970 0.398538 -0.785499
v -0.049972 0.398524 -0.785507
v 0.054186 0.345133 -0.814109
v -0.054185 0.345137 -0.814155
v 0.140538 0.456731 -0.730092
v 0.105723 0.375675 -0.790405
v -0.140638 0.456898 -0.730089
v -0.105716 0.375680 -0.790408
v 0.737918 0.081554 -0.492187
v 0.785049 0.049720 -0.408080
v 0.734571 0.138399 -0.474103
v 0.785907 0.103030 -0.381734
v 0.737418 -0.080150 -0.491537
v 0.784658 -0.048249 -0.407659
v 0.734528 -0.138837 -0.473772
v 0.785479 -0.102873 -0.381296
v 0.711018 0.001307 -0.544339
v 0.706150 -0.120437 -0.526817
v 0.676528 -0.031150 -0.583146
v 0.706560 0.120409 -0.527112
v 0.676930 0.033166 -0.583552
v 0.806631 0.053123 -0.348602
v 0.806173 -0.052204 -0.348316
v 0.749402 0.081680 0.494631
v 0.805898 0.051110 0.411135
v 0.748181 0.140216 0.476076
v 0.808278 0.106829 0.385545
v 0.748264 -0.082848 0.494471
v 0.804631 -0.051071 0.410955
v 0.746865 -0.142540 0.476416
v 0.806993 -0.108029 0.385609
v 0.718795 -0.000414 0.549537
v 0.714229 -0.123166 0.530277
v 0.683178 -0.033361 0.590062
v 0.715616 0.120820 0.530283
v 0.683801 0.031929 0.590527
v 0.830829 0.055574 0.353660
v 0.829895 -0.055553 0.353566
v -0.737919 0.081556 -0.492184
v -0.785059 0.049731 -0.408065
v -0.734573 0.138409 -0.474103
v -0.785917 0.103067 -0.381703
v -0.737417 -0.080157 -0.491533
v -0.784656 -0.048249 -0.407663
v -0.734529 -0.138843 -0.473769
v -0.785479 -0.102873 -0.381303
v -0.711013 0.001305 -0.544339
v -0.706151 -0.120439 -0.526814
v -0.676525 -0.031151 -0.583144
v -0.706566 0.120409 -0.527109
v -0.676924 0.033167 -0.583549
v -0.806453 0.053105 -0.348556
v -0.806175 -0.052195 -0.348307
v -0.749401 0.081673 0.494634
v -0.805890 0.051096 0.411121
v -0.748177 0.140207 0.476082
v -0.808260 0.106816 0.385532
v -0.748260 -0.082847 0.494466
v -0.804631 -0.051070 0.410954
v -0.746866 -0.142540 0.476410
v -0.806994 -0.108030 0.385607
v -0.718796 -0.000414 0.549541
v -0.714229 -0.123167 0.530274
v -0.683176 -0.033362 0.590065
v -0.715610 0.120816 0.530287
v -0.683798 0.031928 0.590531
v -0.830820 0.055549 0.353670
v -0.829903 -0.055560 0.353551
v -0.054927 0.789168 0.032669
v -0.053202 0.796311 -0.033652
v -0.109443 0.772617 0.041852
v -0.111170 0.776637 -0.038439
v 0.054932 0.789158 0.032664
v 0.053183 0.796300 -0.033632
v 0.109447 0.772622 0.041854
v 0.111150 0.776614 -0.038449
v -0.000001 0.787343 0.061575
v -0.090220 0.768639 0.083073
v -0.023126 0.765681 0.124400
v 0.000009 0.808376 -0.066891
v -0.089029 0.780640 -0.082205
v -0.022121 0.792701 -0.127232
v 0.090221 0.768624 0.083075
v 0.023127 0.765689 0.124382
v 0.088966 0.780730 -0.082178
v 0.022133 0.792769 -0.127222
v -0.244944 0.669749 0.306128
v -0.344321 0.627299 0.352227
v -0.269146 0.678817 0.251098
v -0.369761 0.636254 0.296664
v -0.161189 0.625697 0.465643
v -0.257892 0.587576 0.512263
v -0.129887 0.607956 0.516266
v -0.225461 0.569899 0.561992
v -0.156257 0.668014 0.360627
v -0.206955 0.695315 0.252202
v -0.120936 0.693355 0.305190
v -0.350826 0.587437 0.453561
v -0.406127 0.609557 0.342862
v -0.411803 0.569040 0.442464
v -0.097173 0.633338 0.466591
v -0.093637 0.675849 0.360208
v -0.287555 0.554809 0.556895
v -0.382081 0.555867 0.497952
v -0.239098 0.695208 -0.329610
v -0.338202 0.640077 -0.358573
v -0.266167 0.693226 -0.261046
v -0.367569 0.648570 -0.299059
v -0.173223 0.701424 -0.506816
v -0.253770 0.608874 -0.524634
v -0.136154 0.656668 -0.542586
v -0.223590 0.586360 -0.571627
v -0.189995 0.816583 -0.433106
v -0.204165 0.716222 -0.272396
v -0.127714 0.747243 -0.349294
v -0.344938 0.596467 -0.458781
v -0.404352 0.619379 -0.344484
v -0.410763 0.573831 -0.446210
v -0.111699 0.701747 -0.501477
v -0.109818 0.758658 -0.406164
v -0.284949 0.562265 -0.561048
v -0.378473 0.556559 -0.499311
v -0.616216 0.498717 -0.255221
v -0.681410 0.473339 -0.160551
v -0.589608 0.538881 -0.218806
v -0.653333 0.513983 -0.125993
v -0.685419 0.358040 -0.361045
v -0.747527 0.323834 -0.262315
v -0.703988 0.305841 -0.394152
v -0.763250 0.269278 -0.294329
v -0.619829 0.446327 -0.356956
v -0.568324 0.530749 -0.282271
v -0.572951 0.481560 -0.384852
v -0.747732 0.385300 -0.163159
v -0.695986 0.479336 -0.095276
v -0.760192 0.389516 -0.097041
v -0.663009 0.347530 -0.426033
v -0.597419 0.436935 -0.421783
v -0.784363 0.276371 -0.228279
v -0.785216 0.338042 -0.130531
v -0.633470 0.511416 0.262848
v -0.693627 0.480339 0.169771
v -0.600452 0.545309 0.226011
v -0.661642 0.517864 0.134972
v -0.707032 0.369946 0.365740
v -0.767546 0.332949 0.269586
v -0.723844 0.315236 0.397577
v -0.786009 0.278674 0.301269
v -0.637062 0.459995 0.360275
v -0.580822 0.540876 0.287883
v -0.585955 0.495247 0.386606
v -0.758403 0.390031 0.170948
v -0.703455 0.483636 0.104241
v -0.769585 0.395298 0.104987
v -0.678265 0.355828 0.428356
v -0.608893 0.446683 0.422089
v -0.802490 0.283418 0.235814
v -0.794437 0.342439 0.137546
v 0.244943 0.669746 0.306127
v 0.344318 0.627296 0.352224
v 0.269152 0.678810 0.251094
v 0.369763 0.636259 0.296674
v 0.161181 0.625678 0.465623
v 0.257900 0.587581 0.512264
v 0.129888 0.607962 0.516271
v 0.225461 0.569904 0.561990
v 0.156254 0.668023 0.360630
v 0.206956 0.695303 0.252201
v 0.120940 0.693384 0.305201
v 0.097176 0.633338 0.466592
v 0.093661 0.675886 0.360243
v 0.350862 0.587492 0.453606
v 0.406130 0.609564 0.342867
v 0.411791 0.569011 0.442452
v 0.287559 0.554810 0.556895
v 0.382078 0.555865 0.497946
v 0.238791 0.695117 -0.329485
v 0.338233 0.640111 -0.358591
v 0.265639 0.693503 -0.261140
v 0.368180 0.648600 -0.298983
v 0.173222 0.701493 -0.506806
v 0.253805 0.608833 -0.524275
v 0.136248 0.656730 -0.542704
v 0.224254 0.587122 -0.572085
v 0.190068 0.816590 -0.433090
v 0.204640 0.715926 -0.272625
v 0.127767 0.747219 -0.349385
v 0.111805 0.701706 -0.501371
v 0.109864 0.758334 -0.406098
v 0.345046 0.596619 -0.459086
v 0.404499 0.619508 -0.344730
v 0.410638 0.573719 -0.446003
v 0.284491 0.561958 -0.561025
v 0.378483 0.556544 -0.499176
v 0.616205 0.498723 -0.255240
v 0.681379 0.473339 -0.160522
v 0.589602 0.538888 -0.218819
v 0.653338 0.513975 -0.125998
v 0.685407 0.358028 -0.361040
v 0.747455 0.323803 -0.262303
v 0.703985 0.305847 -0.394158
v 0.763226 0.269292 -0.294308
v 0.619817 0.446319 -0.356957
v 0.568336 0.530751 -0.282262
v 0.572940 0.481565 -0.384865
v 0.747754 0.385319 -0.163172
v 0.695991 0.479333 -0.095285
v 0.760239 0.389554 -0.097043
v 0.663007 0.347547 -0.426042
v 0.597422 0.436944 -0.421777
v 0.784389 0.276383 -0.228307
v 0.785245 0.338058 -0.130535
v 0.633476 0.511437 0.262845
v 0.693609 0.480320 0.169770
v 0.600454 0.545323 0.226007
v 0.661603 0.517829 0.134963
v 0.707044 0.369956 0.365750
v 0.767540 0.332944 0.269586
v 0.723838 0.315244 0.397576
v 0.785999 0.278672 0.301268
v 0.637067 0.460000 0.360283
v 0.580826 0.540866 0.287881
v 0.585956 0.495244 0.386600
v 0.758409 0.390042 0.170946
v 0.703443 0.483622 0.104246
v 0.769570 0.395272 0.104991
v 0.678300 0.355858 0.428363
v 0.608898 0.446694 0.422091
v 0.802490 0.283416 0.235814
v 0.794458 0.342444 0.137554
v -0.053194 -0.808921 0.062595
v -0.063195 -0.793103 -0.017497
v -0.110749 -0.789126 0.060693
v -0.120733 -0.783557 -0.032567
v 0.053213 -0.808909 0.062574
v 0.063181 -0.793115 -0.017508
v 0.110697 -0.789099 0.060678
v 0.120625 -0.783622 -0.032570
v -0.000021 -0.819737 0.101063
v -0.085901 -0.795600 0.105996
v -0.017605 -0.812450 0.147931
v -0.000015 -0.781618 -0.058036
v -0.102909 -0.778391 -0.080185
v -0.026466 -0.759737 -0.125673
v 0.085802 -0.795598 0.106019
v 0.017601 -0.812258 0.148045
v 0.103012 -0.778398 -0.080153
v 0.026462 -0.759719 -0.125688
v -0.251435 -0.716359 0.338216
v -0.351888 -0.668401 0.377129
v -0.273968 -0.712768 0.272589
v -0.376715 -0.666617 0.313228
v -0.203424 -0.805732 0.557225
v -0.291654 -0.705528 0.589189
v -0.166084 -0.792189 0.625297
v -0.272065 -0.708837 0.664495
v -0.166758 -0.747737 0.414667
v -0.210393 -0.735690 0.279276
v -0.124972 -0.759189 0.347161
v -0.361693 -0.640744 0.486890
v -0.414045 -0.640379 0.360324
v -0.419092 -0.602738 0.462952
v -0.118994 -0.768955 0.546337
v -0.101229 -0.761711 0.413040
v -0.311867 -0.638248 0.616017
v -0.388822 -0.595296 0.522521
v -0.246967 -0.684066 -0.309586
v -0.338430 -0.620730 -0.346293
v -0.278686 -0.716469 -0.263009
v -0.365068 -0.634832 -0.289856
v -0.158258 -0.617568 -0.466183
v -0.253407 -0.575136 -0.510326
v -0.127685 -0.598235 -0.514725
v -0.222553 -0.558019 -0.559444
v -0.154989 -0.665810 -0.360668
v -0.215637 -0.737025 -0.267890
v -0.122750 -0.695502 -0.307159
v -0.344405 -0.572877 -0.451359
v -0.397651 -0.596987 -0.335003
v -0.405133 -0.554011 -0.440377
v -0.094904 -0.626226 -0.466407
v -0.092700 -0.672613 -0.361913
v -0.284696 -0.544179 -0.555829
v -0.375777 -0.541271 -0.495370
v -0.617116 -0.498085 -0.253316
v -0.682288 -0.473484 -0.158958
v -0.589070 -0.534835 -0.216592
v -0.653674 -0.512155 -0.124939
v -0.686035 -0.359791 -0.359542
v -0.748105 -0.325821 -0.260648
v -0.704624 -0.308298 -0.393189
v -0.763822 -0.271657 -0.293104
v -0.620711 -0.446935 -0.355053
v -0.567436 -0.526478 -0.279668
v -0.573369 -0.480953 -0.382744
v -0.748245 -0.387208 -0.161391
v -0.696584 -0.479033 -0.094249
v -0.760417 -0.391160 -0.095714
v -0.663695 -0.349692 -0.425102
v -0.598369 -0.437701 -0.420122
v -0.784960 -0.278898 -0.227130
v -0.785045 -0.340054 -0.129164
v -0.635240 -0.516495 0.265906
v -0.693038 -0.480846 0.169894
v -0.605754 -0.555282 0.231400
v -0.662965 -0.520545 0.135925
v -0.705506 -0.370818 0.365783
v -0.766290 -0.334588 0.269962
v -0.722330 -0.316844 0.397641
v -0.784671 -0.280799 0.301798
v -0.636409 -0.461443 0.361695
v -0.588400 -0.554473 0.295470
v -0.585695 -0.498595 0.389609
v -0.757189 -0.390883 0.170647
v -0.703887 -0.484200 0.104139
v -0.768452 -0.396035 0.104280
v -0.677070 -0.356784 0.427934
v -0.608321 -0.448127 0.423011
v -0.801291 -0.285371 0.236462
v -0.793278 -0.344054 0.137249
v 0.251592 -0.716504 0.338537
v 0.351973 -0.668599 0.377334
v 0.273973 -0.712556 0.272648
v 0.376759 -0.666485 0.313345
v 0.205702 -0.805125 0.557498
v 0.291705 -0.705594 0.588664
v 0.167457 -0.792247 0.625214
v 0.271333 -0.709876 0.664356
v 0.167099 -0.747316 0.414811
v 0.210236 -0.735493 0.278878
v 0.125085 -0.759027 0.347000
v 0.119941 -0.769981 0.546570
v 0.101505 -0.762094 0.413261
v 0.361715 -0.640891 0.487051
v 0.413878 -0.640446 0.360471
v 0.418485 -0.602832 0.463197
v 0.311783 -0.638441 0.616085
v 0.389190 -0.595527 0.523039
v 0.246947 -0.684106 -0.309471
v 0.338381 -0.620606 -0.346140
v 0.278985 -0.717475 -0.263369
v 0.364988 -0.634360 -0.289784
v 0.158266 -0.617578 -0.466226
v 0.253378 -0.575113 -0.510301
v 0.127682 -0.598252 -0.514724
v 0.222541 -0.558025 -0.559436
v 0.154899 -0.665667 -0.360680
v 0.215487 -0.736839 -0.267759
v 0.122816 -0.695456 -0.307069
v 0.094903 -0.626186 -0.466396
v 0.092741 -0.672605 -0.361828
v 0.344433 -0.572871 -0.451390
v 0.397722 -0.597015 -0.335341
v 0.405140 -0.553990 -0.440397
v 0.284687 -0.544191 -0.555823
v 0.375769 -0.541265 -0.495361
v 0.617117 -0.498096 -0.253322
v 0.682300 -0.473489 -0.158959
v 0.589080 -0.534844 -0.216584
v 0.653676 -0.512158 -0.124935
v 0.686036 -0.359790 -0.359542
v 0.748100 -0.325821 -0.260646
v 0.704619 -0.308295 -0.393187
v 0.763828 -0.271658 -0.293103
v 0.620696 -0.446918 -0.355044
v 0.567455 -0.526475 -0.279676
v 0.573323 -0.480918 -0.382707
v 0.748241 -0.387214 -0.161387
v 0.696578 -0.479024 -0.094251
v 0.760371 -0.391119 -0.095706
v 0.663695 -0.349694 -0.425098
v 0.598369 -0.437686 -0.420125
v 0.784954 -0.278895 -0.227132
v 0.785052 -0.340058 -0.129171
v 0.635205 -0.516518 0.265915
v 0.693046 -0.480860 0.169903
v 0.605753 -0.555318 0.231384
v 0.662953 -0.520552 0.135933
v 0.705552 -0.370852 0.365808
v 0.766295 -0.334591 0.269967
v 0.722325 -0.316851 0.397651
v 0.784673 -0.280796 0.301805
v 0.636352 -0.461399 0.361662
v 0.588397 -0.554548 0.295440
v 0.585755 -0.498572 0.389547
v 0.757197 -0.390885 0.170649
v 0.703876 -0.484194 0.104130
v 0.768449 -0.396026 0.104286
v 0.677046 -0.356758 0.427914
v 0.608270 -0.448051 0.422977
v 0.801286 -0.285364 0.236465
v 0.793276 -0.344054 0.137247
v 0.060783 -0.101847 0.883692
v -0.060762 -0.101850 0.883694
v 0.060909 -0.165911 0.874778
v -0.060920 -0.165904 0.874778
v 0.061226 0.097986 0.884277
v -0.061224 0.097985 0.884278
v 0.061418 0.163784 0.876810
v -0.061417 0.163784 0.876811
v 0.121244 -0.002229 0.882479
v 0.121381 -0.135307 0.875030
v 0.180996 -0.036239 0.871552
v -0.121243 -0.002231 0.882479
v -0.121369 -0.135303 0.875034
v -0.180984 -0.036245 0.871554
v 0.122305 0.132088 0.876183
v 0.181362 0.032162 0.872160
v -0.122303 0.132087 0.876185
v -0.181360 0.032160 0.872162
v 0.374975 -0.362938 0.705984
v 0.344701 -0.268183 0.775732
v 0.315121 -0.394030 0.716355
v 0.283633 -0.296005 0.782940
v 0.539356 -0.269798 0.653318
v 0.503711 -0.175644 0.717933
v 0.588803 -0.236712 0.628766
v 0.552371 -0.141048 0.690432
v 0.470672 -0.361477 0.642606
v 0.356827 -0.427316 0.676018
v 0.452829 -0.422632 0.612073
v 0.579585 -0.297366 0.603489
v 0.509430 -0.389048 0.592652
v 0.405573 -0.175976 0.779003
v 0.293138 -0.235259 0.808842
v 0.353082 -0.140778 0.808492
v 0.507230 -0.107344 0.728667
v 0.408013 -0.107680 0.788676
v -0.374979 -0.362884 0.705983
v -0.344602 -0.268265 0.775772
v -0.314559 -0.394145 0.716302
v -0.283596 -0.296263 0.782821
v -0.539352 -0.269814 0.653325
v -0.503707 -0.175629 0.717942
v -0.588825 -0.236692 0.628753
v -0.552358 -0.141038 0.690440
v -0.470741 -0.361548 0.643002
v -0.356905 -0.427502 0.676312
v -0.452705 -0.422280 0.611734
v -0.579578 -0.297389 0.603522
v -0.509344 -0.388967 0.592288
v -0.405623 -0.175945 0.779047
v -0.293033 -0.235261 0.808905
v -0.353145 -0.140780 0.808505
v -0.507221 -0.107340 0.728668
v -0.408001 -0.107685 0.788671
v 0.379238 0.366193 0.712935
v 0.344657 0.270796 0.777472
v 0.320383 0.393259 0.722205
v 0.285955 0.299500 0.787335
v 0.539335 0.270283 0.654813
v 0.504322 0.174877 0.718444
v 0.589332 0.235992 0.629661
v 0.552966 0.139576 0.690374
v 0.472597 0.362666 0.646543
v 0.361309 0.423887 0.679178
v 0.454377 0.419103 0.612825
v 0.579657 0.297700 0.605399
v 0.510654 0.388880 0.595145
v 0.406334 0.174573 0.779489
v 0.293725 0.236364 0.810097
v 0.353964 0.138567 0.808693
v 0.507973 0.105862 0.728843
v 0.408819 0.105473 0.788797
v -0.379246 0.366205 0.712943
v -0.344658 0.270795 0.777470
v -0.320391 0.393264 0.722206
v -0.285958 0.299502 0.787336
v -0.539331 0.270283 0.654817
v -0.504292 0.174832 0.718365
v -0.589329 0.235991 0.629667
v -0.552967 0.139578 0.690376
v -0.472564 0.362649 0.646513
v -0.361313 0.423885 0.679175
v -0.454343 0.419067 0.612795
v -0.579653 0.297700 0.605400
v -0.510655 0.388891 0.595163
v -0.406336 0.174573 0.779494
v -0.293724 0.236363 0.810095
v -0.353965 0.138565 0.808693
v -0.507965 0.105861 0.728834
v -0.408819 0.105471 0.788795
v 0.061076 -0.097688 -0.883878
v -0.061075 -0.097687 -0.883878
v 0.060656 -0.163514 -0.876356
v -0.060653 -0.163514 -0.876357
v 0.060824 0.101367 -0.883136
v -0.060826 0.101368 -0.883135
v 0.060098 0.164837 -0.874401
v -0.060097 0.164844 -0.874400
v 0.122296 0.002791 -0.881430
v 0.121937 -0.132146 -0.874338
v 0.182802 -0.031536 -0.869817
v -0.122298 0.002792 -0.881427
v -0.121936 -0.132144 -0.874340
v -0.182802 -0.031534 -0.869817
v 0.120905 0.134450 -0.872961
v 0.182481 0.036651 -0.870214
v -0.120900 0.134454 -0.872961
v -0.182480 0.036652 -0.870210
v 0.374657 -0.363226 -0.706539
v 0.343029 -0.271022 -0.775740
v 0.317169 -0.391107 -0.717867
v 0.286305 -0.301796 -0.789133
v 0.536859 -0.269631 -0.652896
v 0.503452 -0.174222 -0.717342
v 0.583853 -0.234258 -0.624954
v 0.551248 -0.139332 -0.689121
v 0.471654 -0.363416 -0.647054
v 0.357470 -0.418941 -0.673941
v 0.452456 -0.418202 -0.613921
v 0.572563 -0.294413 -0.599740
v 0.505476 -0.384974 -0.593108
v 0.404419 -0.172691 -0.776367
v 0.293860 -0.237442 -0.810620
v 0.353497 -0.137474 -0.808155
v 0.506795 -0.104590 -0.727375
v 0.407316 -0.103359 -0.786980
v -0.374660 -0.363225 -0.706535
v -0.343030 -0.271020 -0.775736
v -0.317172 -0.391106 -0.717863
v -0.286308 -0.301796 -0.789129
v -0.536861 -0.269629 -0.652894
v -0.503451 -0.174224 -0.717348
v -0.583855 -0.234257 -0.624954
v -0.551247 -0.139336 -0.689136
v -0.471666 -0.363420 -0.647062
v -0.357473 -0.418939 -0.673938
v -0.452457 -0.418207 -0.613919
v -0.572562 -0.294412 -0.599740
v -0.505487 -0.384984 -0.593111
v -0.404418 -0.172692 -0.776370
v -0.293859 -0.237441 -0.810619
v -0.353497 -0.137475 -0.808157
v -0.506794 -0.104596 -0.727387
v -0.407316 -0.103361 -0.786986
v 0.373084 0.361768 -0.705026
v 0.340399 0.270192 -0.773874
v 0.316149 0.389558 -0.716493
v 0.283637 0.300332 -0.787097
v 0.535994 0.267529 -0.651650
v 0.502821 0.174181 -0.716390
v 0.583198 0.231894 -0.623859
v 0.551452 0.139917 -0.688931
v 0.469981 0.362042 -0.645864
v 0.357197 0.417506 -0.672576
v 0.451696 0.416802 -0.613477
v 0.571525 0.291952 -0.599028
v 0.504173 0.383615 -0.592912
v 0.402792 0.173920 -0.775398
v 0.290870 0.236938 -0.808931
v 0.351641 0.140032 -0.807069
v 0.506798 0.106849 -0.727641
v 0.406457 0.106641 -0.786699
v -0.373059 0.361753 -0.704991
v -0.340400 0.270196 -0.773891
v -0.316184 0.389629 -0.716565
v -0.283619 0.300326 -0.787072
v -0.535983 0.267510 -0.651638
v -0.502825 0.174179 -0.716388
v -0.583194 0.231875 -0.623846
v -0.551453 0.139916 -0.688931
v -0.469978 0.362049 -0.645858
v -0.357171 0.417482 -0.672523
v -0.451685 0.416819 -0.613475
v -0.571543 0.291964 -0.599032
v -0.504184 0.383617 -0.592919
v -0.402791 0.173920 -0.775397
v -0.290862 0.236949 -0.808922
v -0.351641 0.140034 -0.807072
v -0.506800 0.106847 -0.727642
v -0.406457 0.106640 -0.786700
v 0.880276 0.058679 -0.093361
v 0.879252 -0.058792 -0.093439
v 0.869712 0.057977 -0.156293
v 0.868971 -0.058146 -0.156461
v 0.890528 0.060060 0.097720
v 0.889877 -0.059193 0.098446
v 0.879920 0.059528 0.163299
v 0.879266 -0.058904 0.163939
v 0.881390 0.117869 0.001528
v 0.866588 0.116084 -0.125683
v 0.865095 0.175112 -0.030781
v 0.876891 0.118647 0.131512
v 0.867592 0.176334 0.034447
v 0.880599 -0.118585 0.002057
v 0.865187 -0.117279 -0.125979
v 0.864051 -0.176840 -0.030283
v 0.876206 -0.118981 0.132646
v 0.866744 -0.177858 0.035187
v -0.880267 0.058682 -0.093360
v -0.879272 -0.058800 -0.093443
v -0.869694 0.057973 -0.156302
v -0.868910 -0.058139 -0.156449
v -0.890525 0.060066 0.097719
v -0.889886 -0.059186 0.098448
v -0.879923 0.059525 0.163302
v -0.879269 -0.058902 0.163934
v -0.881388 0.117884 0.001533
v -0.866583 0.116076 -0.125680
v -0.865097 0.175112 -0.030781
v -0.876889 0.118652 0.131505
v -0.867592 0.176334 0.034456
v -0.880598 -0.118590 0.002055
v -0.865118 -0.117264 -0.125976
v -0.864053 -0.176843 -0.030288
v -0.876204 -0.118975 0.132648
v -0.866744 -0.177859 0.035188
v -0.213981 0.731598 0.096601
v -0.253479 0.710131 0.146967
v -0.215255 0.736276 -0.092012
v -0.254179 0.715290 -0.145802
v -0.190476 0.728449 0.145055
v -0.191158 0.737042 -0.147650
v -0.453296 0.622229 0.227583
v -0.511070 0.600148 0.210561
v -0.490123 0.595649 0.269620
v -0.456928 0.631092 -0.224400
v -0.508281 0.601504 -0.204271
v -0.487590 0.598135 -0.265611
v -0.628916 0.550691 -0.028113
v -0.629483 0.550628 0.035978
v -0.668985 0.518717 0.004331
v 0.213980 0.731597 0.096599
v 0.253469 0.710089 0.146954
v 0.215255 0.736300 -0.092043
v 0.253983 0.715292 -0.145881
v 0.190501 0.728451 0.145055
v 0.191447 0.736878 -0.147625
v 0.453294 0.622231 0.227581
v 0.511072 0.600151 0.210558
v 0.490122 0.595642 0.269614
v 0.456914 0.631166 -0.224428
v 0.508322 0.601500 -0.204206
v 0.487560 0.598138 -0.265721
v 0.628957 0.550711 -0.028121
v 0.629469 0.550630 0.035975
v 0.668985 0.518725 0.004327
v -0.217281 -0.747296 0.107708
v -0.256973 -0.730004 0.158998
v -0.231510 -0.784707 -0.097673
v -0.277168 -0.782123 -0.157556
v -0.191858 -0.752779 0.161663
v -0.207158 -0.802818 -0.158280
v -0.464038 -0.643794 0.238050
v -0.521575 -0.617908 0.219492
v -0.502105 -0.617983 0.282387
v -0.446178 -0.614746 -0.217748
v -0.502868 -0.590710 -0.200080
v -0.479651 -0.582548 -0.259470
v -0.629227 -0.549910 -0.027429
v -0.631524 -0.552603 0.036600
v -0.669814 -0.518944 0.004642
v 0.217272 -0.747341 0.107804
v 0.257018 -0.730055 0.158998
v 0.231364 -0.784774 -0.097614
v 0.277209 -0.781991 -0.157539
v 0.191806 -0.753016 0.161704
v 0.207010 -0.803118 -0.158237
v 0.463934 -0.643801 0.237956
v 0.521594 -0.617941 0.219539
v 0.502094 -0.617864 0.282372
v 0.446271 -0.615071 -0.217790
v 0.502819 -0.590629 -0.200126
v 0.479768 -0.582719 -0.259516
v 0.629234 -0.549914 -0.027434
v 0.631535 -0.552628 0.036605
v 0.669784 -0.518929 0.004642
v -0.039685 -0.694572 0.640145
v 0.039573 -0.694851 0.639929
v -0.231264 -0.572834 0.695151
v -0.241374 -0.494331 0.704406
v 0.000032 -0.701871 0.586087
v -0.286729 -0.534855 0.674450
v 0.230708 -0.572561 0.695256
v 0.241407 -0.494484 0.704666
v 0.286386 -0.535044 0.674459
v 0.120794 -0.258392 0.846899
v 0.174956 -0.289694 0.821824
v -0.120817 -0.258419 0.846897
v -0.174781 -0.289795 0.821912
v 0.179733 -0.230835 0.845156
v -0.179711 -0.230848 0.845154
v -0.032404 0.591758 0.564617
v 0.032396 0.591759 0.564617
v -0.218848 0.514791 0.653249
v -0.241117 0.469922 0.692154
v -0.000003 0.614610 0.516295
v -0.280233 0.497421 0.649165
v 0.218845 0.514803 0.653268
v 0.241119 0.469930 0.692162
v 0.280226 0.497411 0.649157
v 0.120019 0.261545 0.848042
v 0.175220 0.294662 0.824858
v -0.120016 0.261545 0.848043
v -0.175220 0.294660 0.824858
v 0.179977 0.232026 0.846063
v -0.179974 0.232025 0.846064
v -0.031946 -0.580697 -0.562366
v 0.031946 -0.580727 -0.562392
v -0.217479 -0.506021 -0.650065
v -0.241749 -0.467630 -0.691060
v 0.000001 -0.607892 -0.516329
v -0.278782 -0.490091 -0.646537
v 0.217476 -0.506031 -0.650073
v 0.241747 -0.467628 -0.691061
v 0.278779 -0.490093 -0.646535
v 0.117880 -0.261205 -0.844702
v 0.174168 -0.295204 -0.822135
v -0.117878 -0.261204 -0.844700
v -0.174167 -0.295203 -0.822130
v 0.179048 -0.232342 -0.843100
v -0.179046 -0.232342 -0.843098
v -0.035021 0.638715 -0.590264
v 0.034872 0.638008 -0.589928
v -0.216520 0.511460 -0.650531
v -0.241426 0.466187 -0.689065
v -0.000002 0.659198 -0.541303
v -0.277441 0.490492 -0.644169
v 0.216231 0.511382 -0.650480
v 0.241425 0.466068 -0.689058
v 0.277313 0.490388 -0.644034
v 0.116467 0.259227 -0.843008
v 0.172013 0.293052 -0.819737
v -0.116468 0.259234 -0.843006
v -0.172019 0.293056 -0.819748
v 0.176785 0.231253 -0.840983
v -0.176781 0.231263 -0.840989
v 0.693466 0.238907 -0.486363
v 0.661972 0.218900 -0.541355
v 0.804924 0.163924 -0.289447
v 0.829906 0.111491 -0.254491
v 0.652231 0.277515 -0.516915
v 0.826814 0.168565 -0.224009
v 0.693872 -0.241731 -0.486301
v 0.662701 -0.221884 -0.541960
v 0.804838 -0.165609 -0.288909
v 0.829039 -0.112212 -0.254541
v 0.652848 -0.280620 -0.517041
v 0.826475 -0.170571 -0.223948
v 0.597822 -0.033443 -0.661686
v 0.598231 0.035826 -0.662225
v 0.555592 0.001683 -0.700373
v 0.705108 0.242673 0.488156
v 0.671686 0.222846 0.546455
v 0.826507 0.170084 0.296113
v 0.850398 0.115712 0.261815
v 0.662336 0.283031 0.521392
v 0.843733 0.173512 0.231632
v 0.703688 -0.245264 0.488473
v 0.670613 -0.225965 0.547188
v 0.825644 -0.171875 0.296936
v 0.849337 -0.116355 0.262753
v 0.661401 -0.284676 0.520857
v 0.842799 -0.174939 0.232839
v 0.600775 -0.035697 0.665582
v 0.601401 0.034275 0.666332
v 0.556760 -0.000626 0.702371
v -0.693470 0.238886 -0.486353
v -0.661973 0.218891 -0.541355
v -0.804963 0.163936 -0.289443
v -0.829928 0.111482 -0.254449
v -0.652226 0.277507 -0.516912
v -0.826781 0.168532 -0.224009
v -0.693872 -0.241729 -0.486302
v -0.662703 -0.221882 -0.541960
v -0.804833 -0.165601 -0.288912
v -0.829039 -0.112206 -0.254537
v -0.652848 -0.280620 -0.517042
v -0.826477 -0.170577 -0.223955
v -0.597820 -0.033446 -0.661689
v -0.598230 0.035824 -0.662225
v -0.555589 0.001678 -0.700372
v -0.705128 0.242683 0.488172
v -0.671700 0.222849 0.546470
v -0.826503 0.170073 0.296121
v -0.850393 0.115708 0.261805
v -0.662336 0.283027 0.521396
v -0.843732 0.173503 0.231629
v -0.703695 -0.245264 0.488480
v -0.670616 -0.225961 0.547194
v -0.825642 -0.171879 0.296928
v -0.849335 -0.116358 0.262754
v -0.661403 -0.284669 0.520862
v -0.842800 -0.174942 0.232834
v -0.600777 -0.035700 0.665581
v -0.601398 0.034275 0.666333
v -0.556761 -0.000629 0.702369
v -0.028428 0.723153 0.245163
v 0.028432 0.723151 0.245156
v -0.000003 0.703014 0.303392
v -0.029285 0.758266 -0.265837
v 0.029507 0.758664 -0.266009
v -0.000002 0.741331 -0.329292
v -0.501746 0.511924 0.468493
v -0.469612 0.495358 0.525132
v -0.527423 0.467676 0.506918
v -0.493195 0.498300 -0.466553
v -0.462564 0.482908 -0.522989
v -0.517079 0.453022 -0.503631
v -0.798348 0.341801 0.003403
v -0.823000 0.287380 -0.030570
v -0.825881 0.289105 0.036335
v 0.501751 0.511908 0.468488
v 0.469629 0.495380 0.525140
v 0.527437 0.467680 0.506922
v 0.493233 0.498268 -0.466557
v 0.462572 0.482879 -0.523000
v 0.517084 0.453024 -0.503656
v 0.798433 0.341847 0.003396
v 0.823003 0.287383 -0.030576
v 0.825886 0.289102 0.036334
v -0.026053 -0.794236 0.278555
v 0.025932 -0.794304 0.278316
v -0.000070 -0.785530 0.346537
v -0.030227 -0.717259 -0.246520
v 0.030216 -0.717229 -0.246535
v -0.000020 -0.696453 -0.304438
v -0.504940 -0.524633 0.475708
v -0.472112 -0.508382 0.531271
v -0.528554 -0.472509 0.508880
v -0.493318 -0.497159 -0.465855
v -0.462789 -0.483214 -0.522879
v -0.517887 -0.454423 -0.502904
v -0.797775 -0.343670 0.003593
v -0.822454 -0.289658 -0.030060
v -0.825227 -0.291308 0.036575
v 0.504994 -0.524501 0.475697
v 0.472064 -0.508229 0.530957
v 0.528609 -0.472317 0.508707
v 0.493327 -0.497193 -0.465856
v 0.462774 -0.483196 -0.522862
v 0.517919 -0.454458 -0.502929
v 0.797813 -0.343694 0.003593
v 0.822467 -0.289666 -0.030059
v 0.825236 -0.291311 0.036573
v 0.298536 -0.036441 0.838348
v 0.298931 0.033373 0.838514
v 0.355095 -0.001339 0.817294
v -0.298518 -0.036443 0.838349
v -0.298927 0.033375 0.838516
v -0.355088 -0.001337 0.817298
v 0.299751 -0.032133 -0.838765
v 0.299541 0.037726 -0.839524
v 0.354501 0.002606 -0.816060
v -0.299752 -0.032134 -0.838765
v -0.299538 0.037725 -0.839522
v -0.354499 0.002605 -0.816058
f 1 647 644
f 1 644 643
f 1 643 645
f 1 645 646
f 1 646 647
f 2 649 652
f 6 672 670
f 12 702 699
f 11 696 695
f 8 679 681
f 4 662 659
f 4 659 658
f 4 658 660
f 4 660 661
f 4 661 662
f 5 666 665
f 3 654 657
f 7 673 677
f 9 685 686
f 10 692 688
f 12 701 698
f 6 669 668
f 2 650 648
f 8 682 678
f 11 697 693
f 6 671 669
f 12 700 701
f 11 694 697
f 8 680 682
f 2 651 650
f 10 690 689
f 5 663 664
f 3 655 653
f 7 676 674
f 9 687 684
f 10 691 690
f 5 667 663
f 3 656 655
f 7 675 676
f 9 683 687
f 6 668 672
f 2 648 649
f 8 678 679
f 11 693 696
f 12 698 702
f 10 688 691
f 5 665 667
f 3 657 656
f 7 677 675
f 9 686 683
f 5 664 666
f 3 653 654
f 7 674 673
f 9 684 685
f 10 689 692
f 6 670 671
f 12 699 700
f 11 695 694
f 8 681 680
f 2 652 651
f 35 837 838
f 18 735 736
f 19 742 741
f 40 868 867
f 42 880 879
f 34 832 831
f 33 827 828
f 25 778 780
f 36 844 846
f 20 749 747
f 32 819 820
f 23 765 767
f 24 773 771
f 37 850 849
f 41 876 875
f 34 833 834
f 33 826 825
f 25 779 777
f 36 845 843
f 20 748 750
f 17 729 727
f 14 711 709
f 13 706 703
f 15 718 715
f 16 724 721
f 18 737 733
f 35 839 835
f 42 882 878
f 40 870 866
f 19 744 740
f 30 807 805
f 27 789 787
f 22 762 758
f 28 797 793
f 29 802 799
f 32 821 817
f 23 766 763
f 24 774 770
f 37 852 848
f 41 874 872
f 35 838 836
f 18 736 734
f 19 741 739
f 40 867 865
f 42 879 877
f 34 831 829
f 33 828 824
f 25 780 776
f 36 846 842
f 20 747 745
f 32 820 818
f 23 767 764
f 24 771 769
f 37 849 847
f 41 875 871
f 34 834 830
f 33 825 823
f 25 777 775
f 36 843 841
f 20 750 746
f 14 714 710
f 13 707 704
f 15 719 716
f 16 725 722
f 17 732 728
f 21 755 752
f 31 814 811
f 26 784 781
f 38 857 853
f 39 862 860
f 27 792 788
f 22 759 757
f 28 796 794
f 29 803 800
f 30 810 806
f 31 815 812
f 26 785 782
f 38 856 854
f 39 863 859
f 21 754 751
f 14 712 714
f 13 705 707
f 15 717 719
f 16 723 725
f 17 730 732
f 21 753 755
f 31 816 814
f 26 786 784
f 38 858 857
f 39 861 862
f 27 791 792
f 22 761 759
f 28 795 796
f 29 801 803
f 30 808 810
f 31 813 815
f 26 783 785
f 38 855 856
f 39 864 863
f 21 756 754
f 14 709 712
f 13 703 705
f 15 715 717
f 16 721 723
f 17 727 730
f 21 751 753
f 31 812 816
f 26 782 786
f 38 854 858
f 39 859 861
f 27 787 791
f 22 758 761
f 28 793 795
f 29 799 801
f 30 805 808
f 31 811 813
f 26 781 783
f 38 853 855
f 39 860 864
f 21 752 756
f 17 728 731
f 14 710 713
f 13 704 708
f 15 716 720
f 16 722 726
f 18 734 738
f 35 836 840
f 42 877 881
f 40 865 869
f 19 739 743
f 30 806 809
f 27 788 790
f 22 757 760
f 28 794 798
f 29 800 804
f 32 818 822
f 23 764 768
f 24 769 772
f 37 847 851
f 41 871 873
f 35 835 837
f 18 733 735
f 19 740 742
f 40 866 868
f 42 878 880
f 34 830 832
f 33 823 827
f 25 775 778
f 36 841 844
f 20 746 749
f 32 817 819
f 23 763 765
f 24 770 773
f 37 848 850
f 41 872 876
f 34 829 833
f 33 824 826
f 25 776 779
f 36 842 845
f 20 745 748
f 17 731 729
f 14 713 711
f 13 708 706
f 15 720 718
f 16 726 724
f 18 738 737
f 35 840 839
f 42 881 882
f 40 869 870
f 19 743 744
f 30 809 807
f 27 790 789
f 22 760 762
f 28 798 797
f 29 804 802
f 32 822 821
f 23 768 766
f 24 772 774
f 37 851 852
f 41 873 874
f 107 1269 1270
f 103 1245 1246
f 104 1252 1251
f 110 1288 1287
f 113 1306 1305
f 118 1336 1335
f 154 1551 1552
f 141 1473 1474
f 162 1599 1600
f 121 1354 1353
f 142 1479 1480
f 129 1401 1402
f 130 1408 1407
f 144 1492 1491
f 146 1504 1503
f 151 1533 1534
f 131 1414 1413
f 136 1444 1443
f 161 1594 1593
f 126 1383 1384
f 116 1323 1324
f 108 1275 1276
f 106 1263 1264
f 112 1299 1300
f 115 1317 1318
f 119 1341 1342
f 156 1564 1563
f 139 1462 1461
f 160 1588 1587
f 120 1347 1348
f 149 1521 1522
f 132 1420 1419
f 128 1395 1396
f 145 1497 1498
f 148 1515 1516
f 155 1557 1558
f 133 1425 1426
f 134 1431 1432
f 157 1570 1569
f 124 1372 1371
f 109 1282 1281
f 105 1258 1257
f 111 1294 1293
f 114 1312 1311
f 117 1330 1329
f 125 1378 1377
f 152 1540 1539
f 137 1449 1450
f 158 1575 1576
f 123 1365 1366
f 143 1486 1485
f 127 1390 1389
f 135 1437 1438
f 147 1510 1509
f 150 1528 1527
f 153 1546 1545
f 140 1468 1467
f 138 1455 1456
f 159 1581 1582
f 122 1359 1360
f 107 1272 1271
f 103 1248 1247
f 104 1253 1254
f 110 1289 1290
f 113 1307 1308
f 118 1337 1338
f 154 1554 1553
f 141 1476 1475
f 162 1602 1601
f 121 1355 1356
f 142 1482 1481
f 129 1404 1403
f 130 1409 1410
f 144 1493 1494
f 146 1505 1506
f 151 1536 1535
f 131 1415 1416
f 136 1445 1446
f 161 1595 1596
f 126 1386 1385
f 47 909 907
f 44 891 889
f 43 886 883
f 45 898 895
f 46 904 901
f 49 922 919
f 72 1060 1057
f 102 1240 1237
f 96 1204 1201
f 79 1102 1099
f 62 999 997
f 59 981 979
f 58 976 973
f 60 988 985
f 61 994 991
f 66 1024 1021
f 54 952 949
f 73 1066 1063
f 85 1138 1135
f 92 1179 1177
f 101 1233 1231
f 69 1041 1039
f 50 927 925
f 82 1119 1117
f 97 1209 1207
f 71 1053 1051
f 100 1228 1225
f 94 1192 1189
f 80 1108 1105
f 51 933 931
f 90 1167 1165
f 63 1005 1003
f 55 957 955
f 76 1083 1081
f 87 1150 1147
f 91 1174 1171
f 67 1029 1027
f 56 963 961
f 75 1077 1075
f 83 1126 1123
f 68 1036 1033
f 48 915 913
f 78 1095 1093
f 93 1185 1183
f 98 1216 1213
f 88 1155 1153
f 65 1018 1015
f 57 970 967
f 77 1090 1087
f 86 1143 1141
f 64 1012 1009
f 53 945 943
f 74 1071 1069
f 84 1131 1129
f 89 1162 1159
f 70 1047 1045
f 99 1221 1219
f 95 1197 1195
f 81 1114 1111
f 52 940 937
f 109 1284 1280
f 105 1260 1256
f 111 1296 1292
f 114 1314 1310
f 117 1332 1328
f 125 1380 1376
f 152 1542 1538
f 137 1451 1447
f 158 1577 1573
f 123 1367 1363
f 143 1488 1484
f 127 1392 1388
f 135 1439 1435
f 147 1512 1508
f 150 1530 1526
f 153 1548 1544
f 140 1470 1466
f 138 1457 1453
f 159 1583 1579
f 122 1361 1357
f 107 1270 1268
f 103 1246 1244
f 104 1251 1249
f 110 1287 1285
f 113 1305 1303
f 118 1335 1333
f 154 1552 1550
f 141 1474 1472
f 162 1600 1598
f 121 1353 1351
f 142 1480 1478
f 129 1402 1400
f 130 1407 1405
f 144 1491 1489
f 146 1503 1501
f 151 1534 1532
f 131 1413 1411
f 136 1443 1441
f 161 1593 1591
f 126 1384 1382
f 116 1324 1322
f 108 1276 1274
f 106 1264 1262
f 112 1300 1298
f 115 1318 1316
f 119 1342 1340
f 156 1563 1561
f 139 1461 1459
f 160 1587 1585
f 120 1348 1346
f 149 1522 1520
f 132 1419 1417
f 128 1396 1394
f 145 1498 1496
f 148 1516 1514
f 155 1558 1556
f 133 1426 1424
f 134 1432 1430
f 157 1569 1567
f 124 1371 1369
f 109 1281 1279
f 105 1257 1255
f 111 1293 1291
f 114 1311 1309
f 117 1329 1327
f 125 1377 1375
f 152 1539 1537
f 137 1450 1448
f 158 1576 1574
f 123 1366 1364
f 143 1485 1483
f 127 1389 1387
f 135 1438 1436
f 147 1509 1507
f 150 1527 1525
f 153 1545 1543
f 140 1467 1465
f 138 1456 1454
f 159 1582 1580
f 122 1360 1358
f 107 1271 1267
f 103 1247 1243
f 104 1254 1250
f 110 1290 1286
f 113 1308 1304
f 118 1338 1334
f 154 1553 1549
f 141 1475 1471
f 162 1601 1597
f 121 1356 1352
f 142 1481 1477
f 129 1403 1399
f 130 1410 1406
f 144 1494 1490
f 146 1506 1502
f 151 1535 1531
f 131 1416 1412
f 136 1446 1442
f 161 1596 1592
f 126 1385 1381
f 44 894 890
f 43 887 884
f 45 899 896
f 46 905 902
f 47 912 908
f 52 941 938
f 70 1050 1046
f 99 1224 1220
f 95 1200 1196
f 81 1115 1112
f 59 984 980
f 58 977 974
f 60 989 986
f 61 995 992
f 62 1002 998
f 65 1019 1016
f 57 971 968
f 77 1091 1088
f 86 1146 1142
f 88 1158 1154
f 98 1217 1214
f 68 1037 1034
f 48 918 914
f 78 1098 1094
f 93 1188 1184
f 69 1044 1040
f 101 1236 1232
f 97 1212 1208
f 82 1122 1118
f 50 930 926
f 89 1163 1160
f 64 1013 1010
f 53 948 944
f 74 1074 1070
f 84 1134 1130
f 90 1170 1166
f 63 1008 1004
f 55 960 956
f 76 1086 1082
f 87 1151 1148
f 72 1061 1058
f 49 923 920
f 79 1103 1100
f 96 1205 1202
f 102 1241 1238
f 91 1175 1172
f 67 1032 1028
f 56 966 962
f 75 1080 1076
f 83 1127 1124
f 66 1025 1022
f 54 953 950
f 73 1067 1064
f 85 1139 1136
f 92 1182 1178
f 71 1056 1052
f 100 1229 1226
f 94 1193 1190
f 80 1109 1106
f 51 936 932
f 116 1325 1321
f 108 1277 1273
f 106 1265 1261
f 112 1301 1297
f 115 1319 1315
f 119 1343 1339
f 156 1566 1562
f 139 1464 1460
f 160 1590 1586
f 120 1349 1345
f 149 1523 1519
f 132 1422 1418
f 128 1397 1393
f 145 1499 1495
f 148 1517 1513
f 155 1559 1555
f 133 1427 1423
f 134 1433 1429
f 157 1572 1568
f 124 1374 1370
f 44 892 894
f 43 885 887
f 45 897 899
f 46 903 905
f 47 910 912
f 52 939 941
f 70 1048 1050
f 99 1222 1224
f 95 1198 1200
f 81 1113 1115
f 59 982 984
f 58 975 977
f 60 987 989
f 61 993 995
f 62 1000 1002
f 65 1017 1019
f 57 969 971
f 77 1089 1091
f 86 1144 1146
f 88 1156 1158
f 98 1215 1217
f 68 1035 1037
f 48 916 918
f 78 1096 1098
f 93 1186 1188
f 69 1042 1044
f 101 1234 1236
f 97 1210 1212
f 82 1120 1122
f 50 928 930
f 89 1161 1163
f 64 1011 1013
f 53 946 948
f 74 1072 1074
f 84 1132 1134
f 90 1168 1170
f 63 1006 1008
f 55 958 960
f 76 1084 1086
f 87 1149 1151
f 72 1059 1061
f 49 921 923
f 79 1101 1103
f 96 1203 1205
f 102 1239 1241
f 91 1173 1175
f 67 1030 1032
f 56 964 966
f 75 1078 1080
f 83 1125 1127
f 66 1023 1025
f 54 951 953
f 73 1065 1067
f 85 1137 1139
f 92 1180 1182
f 71 1054 1056
f 100 1227 1229
f 94 1191 1193
f 80 1107 1109
f 51 934 936
f 116 1326 1325
f 108 1278 1277
f 106 1266 1265
f 112 1302 1301
f 115 1320 1319
f 119 1344 1343
f 156 1565 1566
f 139 1463 1464
f 160 1589 1590
f 120 1350 1349
f 149 1524 1523
f 132 1421 1422
f 128 1398 1397
f 145 1500 1499
f 148 1518 1517
f 155 1560 1559
f 133 1428 1427
f 134 1434 1433
f 157 1571 1572
f 124 1373 1374
f 44 889 892
f 43 883 885
f 45 895 897
f 46 901 903
f 47 907 910
f 52 937 939
f 70 1045 1048
f 99 1219 1222
f 95 1195 1198
f 81 1111 1113
f 59 979 982
f 58 973 975
f 60 985 987
f 61 991 993
f 62 997 1000
f 65 1015 1017
f 57 967 969
f 77 1087 1089
f 86 1141 1144
f 88 1153 1156
f 98 1213 1215
f 68 1033 1035
f 48 913 916
f 78 1093 1096
f 93 1183 1186
f 69 1039 1042
f 101 1231 1234
f 97 1207 1210
f 82 1117 1120
f 50 925 928
f 89 1159 1161
f 64 1009 1011
f 53 943 946
f 74 1069 1072
f 84 1129 1132
f 90 1165 1168
f 63 1003 1006
f 55 955 958
f 76 1081 1084
f 87 1147 1149
f 72 1057 1059
f 49 919 921
f 79 1099 1101
f 96 1201 1203
f 102 1237 1239
f 91 1171 1173
f 67 1027 1030
f 56 961 964
f 75 1075 1078
f 83 1123 1125
f 66 1021 1023
f 54 949 951
f 73 1063 1065
f 85 1135 1137
f 92 1177 1180
f 71 1051 1054
f 100 1225 1227
f 94 1189 1191
f 80 1105 1107
f 51 931 934
f 116 1322 1326
f 108 1274 1278
f 106 1262 1266
f 112 1298 1302
f 115 1316 1320
f 119 1340 1344
f 156 1561 1565
f 139 1459 1463
f 160 1585 1589
f 120 1346 1350
f 149 1520 1524
f 132 1417 1421
f 128 1394 1398
f 145 1496 1500
f 148 1514 1518
f 155 1556 1560
f 133 1424 1428
f 134 1430 1434
f 157 1567 1571
f 124 1369 1373
f 47 908 911
f 44 890 893
f 43 884 888
f 45 896 900
f 46 902 906
f 49 920 924
f 72 1058 1062
f 102 1238 1242
f 96 1202 1206
f 79 1100 1104
f 62 998 1001
f 59 980 983
f 58 974 978
f 60 986 990
f 61 992 996
f 66 1022 1026
f 54 950 954
f 73 1064 1068
f 85 1136 1140
f 92 1178 1181
f 101 1232 1235
f 69 1040 1043
f 50 926 929
f 82 1118 1121
f 97 1208 1211
f 71 1052 1055
f 100 1226 1230
f 94 1190 1194
f 80 1106 1110
f 51 932 935
f 90 1166 1169
f 63 1004 1007
f 55 956 959
f 76 1082 1085
f 87 1148 1152
f 91 1172 1176
f 67 1028 1031
f 56 962 965
f 75 1076 1079
f 83 1124 1128
f 68 1034 1038
f 48 914 917
f 78 1094 1097
f 93 1184 1187
f 98 1214 1218
f 88 1154 1157
f 65 1016 1020
f 57 968 972
f 77 1088 1092
f 86 1142 1145
f 64 1010 1014
f 53 944 947
f 74 1070 1073
f 84 1130 1133
f 89 1160 1164
f 70 1046 1049
f 99 1220 1223
f 95 1196 1199
f 81 1112 1116
f 52 938 942
f 109 1279 1283
f 105 1255 1259
f 111 1291 1295
f 114 1309 1313
f 117 1327 1331
f 125 1375 1379
f 152 1537 1541
f 137 1448 1452
f 158 1574 1578
f 123 1364 1368
f 143 1483 1487
f 127 1387 1391
f 135 1436 1440
f 147 1507 1511
f 150 1525 1529
f 153 1543 1547
f 140 1465 1469
f 138 1454 1458
f 159 1580 1584
f 122 1358 1362
f 107 1267 1269
f 103 1243 1245
f 104 1250 1252
f 110 1286 1288
f 113 1304 1306
f 118 1334 1336
f 154 1549 1551
f 141 1471 1473
f 162 1597 1599
f 121 1352 1354
f 142 1477 1479
f 129 1399 1401
f 130 1406 1408
f 144 1490 1492
f 146 1502 1504
f 151 1531 1533
f 131 1412 1414
f 136 1442 1444
f 161 1592 1594
f 126 1381 1383
f 116 1321 1323
f 108 1273 1275
f 106 1261 1263
f 112 1297 1299
f 115 1315 1317
f 119 1339 1341
f 156 1562 1564
f 139 1460 1462
f 160 1586 1588
f 120 1345 1347
f 149 1519 1521
f 132 1418 1420
f 128 1393 1395
f 145 1495 1497
f 148 1513 1515
f 155 1555 1557
f 133 1423 1425
f 134 1429 1431
f 157 1568 1570
f 124 1370 1372
f 109 1280 1282
f 105 1256 1258
f 111 1292 1294
f 114 1310 1312
f 117 1328 1330
f 125 1376 1378
f 152 1538 1540
f 137 1447 1449
f 158 1573 1575
f 123 1363 1365
f 143 1484 1486
f 127 1388 1390
f 135 1435 1437
f 147 1508 1510
f 150 1526 1528
f 153 1544 1546
f 140 1466 1468
f 138 1453 1455
f 159 1579 1581
f 122 1357 1359
f 107 1268 1272
f 103 1244 1248
f 104 1249 1253
f 110 1285 1289
f 113 1303 1307
f 118 1333 1337
f 154 1550 1554
f 141 1472 1476
f 162 1598 1602
f 121 1351 1355
f 142 1478 1482
f 129 1400 1404
f 130 1405 1409
f 144 1489 1493
f 146 1501 1505
f 151 1532 1536
f 131 1411 1415
f 136 1441 1445
f 161 1591 1595
f 126 1382 1386
f 47 911 909
f 44 893 891
f 43 888 886
f 45 900 898
f 46 906 904
f 49 924 922
f 72 1062 1060
f 102 1242 1240
f 96 1206 1204
f 79 1104 1102
f 62 1001 999
f 59 983 981
f 58 978 976
f 60 990 988
f 61 996 994
f 66 1026 1024
f 54 954 952
f 73 1068 1066
f 85 1140 1138
f 92 1181 1179
f 101 1235 1233
f 69 1043 1041
f 50 929 927
f 82 1121 1119
f 97 1211 1209
f 71 1055 1053
f 100 1230 1228
f 94 1194 1192
f 80 1110 1108
f 51 935 933
f 90 1169 1167
f 63 1007 1005
f 55 959 957
f 76 1085 1083
f 87 1152 1150
f 91 1176 1174
f 67 1031 1029
f 56 965 963
f 75 1079 1077
f 83 1128 1126
f 68 1038 1036
f 48 917 915
f 78 1097 1095
f 93 1187 1185
f 98 1218 1216
f 88 1157 1155
f 65 1020 1018
f 57 972 970
f 77 1092 1090
f 86 1145 1143
f 64 1014 1012
f 53 947 945
f 74 1073 1071
f 84 1133 1131
f 89 1164 1162
f 70 1049 1047
f 99 1223 1221
f 95 1199 1197
f 81 1116 1114
f 52 942 940
f 109 1283 1284
f 105 1259 1260
f 111 1295 1296
f 114 1313 1314
f 117 1331 1332
f 125 1379 1380
f 152 1541 1542
f 137 1452 1451
f 158 1578 1577
f 123 1368 1367
f 143 1487 1488
f 127 1391 1392
f 135 1440 1439
f 147 1511 1512
f 150 1529 1530
f 153 1547 1548
f 140 1469 1470
f 138 1458 1457
f 159 1584 1583
f 122 1362 1361
f 407 1609 1616
f 403 1605 1608
f 404 1611 1606
f 410 1614 1612
f 413 1617 1615
f 422 1631 1624
f 486 1688 1692
f 573 1775 1782
f 561 1763 1765
f 512 1719 1714
f 452 1654 1661
f 448 1650 1653
f 449 1656 1651
f 455 1659 1657
f 458 1662 1660
f 470 1672 1675
f 437 1646 1639
f 494 1706 1696
f 531 1735 1733
f 539 1741 1751
f 568 1770 1779
f 478 1680 1683
f 419 1621 1626
f 509 1711 1721
f 554 1756 1766
f 482 1684 1689
f 576 1780 1778
f 558 1767 1760
f 516 1722 1718
f 425 1627 1629
f 542 1744 1747
f 463 1668 1665
f 434 1636 1641
f 497 1699 1704
f 528 1730 1737
f 546 1748 1750
f 464 1666 1676
f 440 1642 1644
f 500 1705 1702
f 524 1736 1726
f 479 1691 1681
f 418 1623 1620
f 508 1713 1710
f 553 1764 1755
f 569 1781 1771
f 538 1749 1740
f 471 1677 1673
f 443 1645 1647
f 501 1703 1707
f 523 1725 1734
f 467 1674 1669
f 433 1638 1635
f 493 1695 1698
f 527 1732 1729
f 543 1752 1745
f 485 1690 1687
f 572 1777 1774
f 557 1759 1762
f 515 1717 1720
f 428 1630 1632
f 591 2191 2189
f 587 1885 1883
f 588 1901 1903
f 594 2279 2281
f 597 2315 2317
f 600 2171 2173
f 634 2160 2158
f 619 2016 2012
f 639 2214 2210
f 602 1919 1924
f 624 2137 2135
f 608 1978 1973
f 610 1991 1996
f 627 2225 2227
f 630 2302 2304
f 635 2178 2176
f 615 2153 2155
f 617 2009 2014
f 637 2207 2212
f 604 1926 1922
f 416 1857 1864
f 408 1803 1810
f 406 1786 1795
f 412 1822 1831
f 415 1840 1849
f 424 1876 1887
f 492 2182 2193
f 582 2312 2321
f 565 2276 2285
f 514 1898 1907
f 461 2091 2098
f 453 2037 2044
f 451 1952 1961
f 457 2056 2067
f 460 2074 2083
f 475 2128 2139
f 439 1966 1975
f 496 1988 1997
f 533 2222 2231
f 551 2293 2298
f 579 2185 2190
f 483 1879 1884
f 426 1893 1900
f 521 2271 2278
f 566 2307 2314
f 489 2163 2170
f 578 2150 2159
f 560 2006 2015
f 518 2204 2213
f 429 1911 1918
f 547 2131 2136
f 465 1969 1977
f 441 1983 1990
f 504 2217 2224
f 537 2290 2301
f 550 2168 2177
f 476 2145 2152
f 444 2001 2008
f 502 2199 2206
f 526 1916 1925
f 481 1808 1817
f 420 1789 1797
f 510 1825 1833
f 555 1843 1851
f 571 1862 1871
f 540 1933 1941
f 473 2110 2119
f 447 2020 2029
f 507 2236 2247
f 534 2257 2262
f 469 2042 2051
f 435 1947 1954
f 498 2059 2064
f 529 2077 2085
f 545 2096 2105
f 487 2113 2121
f 574 2023 2031
f 562 2239 2244
f 520 2254 2265
f 432 1930 1939
f 589 1818 1814
f 583 1798 1793
f 586 1834 1829
f 593 1852 1847
f 596 1872 1868
f 599 1942 1937
f 633 2120 2124
f 620 2030 2034
f 640 2248 2250
f 603 2263 2261
f 622 2052 2050
f 607 1955 1960
f 612 2065 2063
f 626 2086 2081
f 629 2106 2102
f 631 2122 2117
f 614 2032 2027
f 618 2245 2243
f 641 2266 2268
f 605 1940 1944
f 409 1813 1804
f 405 1792 1785
f 411 1828 1821
f 414 1846 1839
f 417 1867 1858
f 431 1936 1929
f 488 2123 2114
f 575 2033 2024
f 563 2249 2240
f 519 2260 2253
f 454 2049 2038
f 450 1959 1951
f 456 2062 2055
f 459 2080 2073
f 462 2101 2092
f 472 2116 2109
f 446 2026 2019
f 506 2242 2235
f 535 2267 2258
f 541 1943 1934
f 570 1869 1861
f 480 1815 1807
f 421 1799 1790
f 511 1835 1826
f 556 1853 1844
f 484 1889 1880
f 580 2195 2186
f 567 2319 2308
f 522 2283 2272
f 427 1905 1894
f 544 2103 2095
f 468 2046 2041
f 436 1957 1948
f 499 2069 2060
f 530 2087 2078
f 548 2141 2132
f 466 1979 1970
f 442 1993 1984
f 505 2229 2218
f 536 2296 2289
f 491 2188 2181
f 423 1882 1875
f 513 1902 1897
f 564 2280 2275
f 581 2316 2311
f 549 2172 2167
f 477 2157 2146
f 445 2011 2002
f 503 2209 2200
f 525 1923 1915
f 474 2134 2127
f 438 1972 1965
f 495 1995 1987
f 532 2226 2221
f 552 2303 2294
f 490 2175 2164
f 577 2154 2149
f 559 2013 2005
f 517 2211 2203
f 430 1921 1912
f 590 1865 1870
f 584 1811 1816
f 585 1796 1800
f 592 1832 1836
f 595 1850 1854
f 598 1888 1890
f 636 2194 2196
f 621 2322 2320
f 642 2286 2284
f 601 1908 1906
f 623 2099 2104
f 611 2045 2047
f 609 1962 1958
f 625 2068 2070
f 628 2084 2088
f 632 2140 2142
f 613 1976 1980
f 616 1998 1994
f 638 2232 2230
f 606 2299 2297
f 407 2330 2329
f 403 2324 2323
f 404 2325 2326
f 410 2332 2333
f 413 2335 2336
f 422 2344 2345
f 486 2410 2409
f 573 2497 2496
f 561 2486 2485
f 512 2434 2435
f 452 2375 2374
f 448 2369 2368
f 449 2370 2371
f 455 2377 2378
f 458 2380 2381
f 470 2393 2392
f 437 2359 2360
f 494 2415 2416
f 531 2455 2456
f 539 2461 2460
f 568 2489 2488
f 478 2399 2398
f 419 2341 2340
f 509 2431 2430
f 554 2476 2475
f 482 2405 2404
f 576 2500 2501
f 558 2481 2482
f 516 2439 2440
f 425 2348 2347
f 542 2465 2464
f 463 2383 2384
f 434 2356 2355
f 497 2420 2419
f 528 2452 2451
f 546 2471 2470
f 464 2386 2385
f 440 2363 2362
f 500 2422 2423
f 524 2445 2446
f 479 2400 2401
f 418 2338 2339
f 508 2428 2429
f 553 2473 2474
f 569 2490 2491
f 538 2458 2459
f 471 2394 2395
f 443 2366 2365
f 501 2425 2424
f 523 2444 2443
f 467 2389 2390
f 433 2353 2354
f 493 2414 2413
f 527 2449 2450
f 543 2466 2467
f 485 2407 2408
f 572 2494 2495
f 557 2480 2479
f 515 2438 2437
f 428 2351 2350
f 591 2510 2511
f 587 2504 2505
f 588 2508 2507
f 594 2514 2513
f 597 2517 2516
f 600 2520 2519
f 634 2554 2556
f 619 2539 2540
f 639 2560 2561
f 602 2523 2521
f 624 2543 2544
f 608 2527 2529
f 610 2532 2530
f 627 2547 2546
f 630 2550 2549
f 635 2552 2553
f 615 2535 2534
f 617 2538 2536
f 637 2558 2557
f 604 2524 2525
f 167 1607 647
f 164 1603 644
f 163 1604 643
f 165 1610 645
f 166 1613 646
f 169 1622 649
f 192 1686 672
f 222 1773 702
f 216 1761 696
f 199 1712 679
f 182 1652 662
f 179 1648 659
f 178 1649 658
f 180 1655 660
f 181 1658 661
f 186 1670 666
f 174 1637 654
f 193 1694 673
f 205 1731 685
f 212 1739 692
f 221 1768 701
f 189 1678 669
f 170 1619 650
f 202 1709 682
f 217 1754 697
f 191 1682 671
f 220 1776 700
f 214 1758 694
f 200 1716 680
f 171 1625 651
f 210 1742 690
f 183 1663 663
f 175 1634 655
f 196 1697 676
f 207 1728 687
f 211 1746 691
f 187 1664 667
f 176 1640 656
f 195 1700 675
f 203 1724 683
f 188 1679 668
f 168 1618 648
f 198 1708 678
f 213 1753 693
f 218 1769 698
f 208 1738 688
f 185 1671 665
f 177 1643 657
f 197 1701 677
f 206 1723 686
f 184 1667 664
f 173 1633 653
f 194 1693 674
f 204 1727 684
f 209 1743 689
f 190 1685 670
f 219 1772 699
f 215 1757 695
f 201 1715 681
f 172 1628 652
f 357 2187 837
f 255 1881 735
f 262 1899 742
f 388 2277 868
f 400 2313 880
f 352 2169 832
f 347 2156 827
f 298 2010 778
f 364 2208 844
f 269 1917 749
f 339 2133 819
f 285 1971 765
f 293 1989 773
f 370 2223 850
f 396 2300 876
f 353 2174 833
f 346 2151 826
f 299 2007 779
f 365 2205 845
f 268 1920 748
f 249 1855 729
f 231 1801 711
f 226 1784 706
f 238 1820 718
f 244 1838 724
f 257 1874 737
f 359 2180 839
f 402 2310 882
f 390 2274 870
f 264 1896 744
f 327 2089 807
f 309 2035 789
f 282 1950 762
f 317 2054 797
f 322 2072 802
f 341 2126 821
f 286 1964 766
f 294 1986 774
f 372 2220 852
f 394 2291 874
f 358 2183 838
f 256 1877 736
f 261 1891 741
f 387 2269 867
f 399 2305 879
f 351 2161 831
f 348 2148 828
f 300 2004 780
f 366 2202 846
f 267 1909 747
f 340 2129 820
f 287 1967 767
f 291 1981 771
f 369 2215 849
f 395 2288 875
f 354 2166 834
f 345 2143 825
f 297 1999 777
f 363 2197 843
f 270 1914 750
f 234 1806 714
f 227 1787 707
f 239 1823 719
f 245 1841 725
f 252 1860 732
f 275 1931 755
f 334 2108 814
f 304 2018 784
f 377 2234 857
f 382 2255 862
f 312 2040 792
f 279 1945 759
f 316 2057 796
f 323 2075 803
f 330 2094 810
f 335 2111 815
f 305 2021 785
f 376 2237 856
f 383 2252 863
f 274 1928 754
f 232 1812 712
f 225 1791 705
f 237 1827 717
f 243 1845 723
f 250 1866 730
f 273 1935 753
f 336 2118 816
f 306 2028 786
f 378 2246 858
f 381 2259 861
f 311 2048 791
f 281 1953 761
f 315 2061 795
f 321 2079 801
f 328 2100 808
f 333 2115 813
f 303 2025 783
f 375 2241 855
f 384 2264 864
f 276 1938 756
f 229 1802 709
f 223 1783 703
f 235 1819 715
f 241 1837 721
f 247 1856 727
f 271 1927 751
f 332 2112 812
f 302 2022 782
f 374 2238 854
f 379 2251 859
f 307 2036 787
f 278 1949 758
f 313 2053 793
f 319 2071 799
f 325 2090 805
f 331 2107 811
f 301 2017 781
f 373 2233 853
f 380 2256 860
f 272 1932 752
f 248 1859 728
f 230 1805 710
f 224 1788 704
f 236 1824 716
f 242 1842 722
f 254 1878 734
f 356 2184 836
f 397 2306 877
f 385 2270 865
f 259 1892 739
f 326 2093 806
f 308 2039 788
f 277 1946 757
f 314 2058 794
f 320 2076 800
f 338 2130 818
f 284 1968 764
f 289 1982 769
f 367 2216 847
f 391 2287 871
f 355 2179 835
f 253 1873 733
f 260 1895 740
f 386 2273 866
f 398 2309 878
f 350 2165 830
f 343 2144 823
f 295 2000 775
f 361 2198 841
f 266 1913 746
f 337 2125 817
f 283 1963 763
f 290 1985 770
f 368 2219 848
f 392 2292 872
f 349 2162 829
f 344 2147 824
f 296 2003 776
f 362 2201 842
f 265 1910 745
f 251 1863 731
f 233 1809 713
f 228 1794 708
f 240 1830 720
f 246 1848 726
f 258 1886 738
f 360 2192 840
f 401 2318 881
f 389 2282 869
f 263 1904 743
f 329 2097 809
f 310 2043 790
f 280 1956 760
f 318 2066 798
f 324 2082 804
f 342 2138 822
f 288 1974 768
f 292 1992 772
f 371 2228 851
f 393 2295 873
f 409 2331 1269
f 405 2327 1245
f 411 2328 1252
f 414 2334 1288
f 417 2337 1306
f 431 2346 1336
f 488 2412 1551
f 575 2499 1473
f 563 2487 1599
f 519 2436 1354
f 454 2376 1479
f 450 2372 1401
f 456 2373 1408
f 459 2379 1492
f 462 2382 1504
f 472 2396 1533
f 446 2361 1414
f 506 2418 1444
f 535 2457 1594
f 541 2463 1383
f 570 2492 1323
f 480 2402 1275
f 421 2343 1263
f 511 2433 1299
f 556 2478 1317
f 484 2406 1341
f 580 2502 1564
f 567 2484 1462
f 522 2442 1588
f 427 2349 1347
f 544 2468 1521
f 468 2387 1420
f 436 2358 1395
f 499 2421 1497
f 530 2454 1515
f 548 2472 1557
f 466 2388 1425
f 442 2364 1431
f 505 2426 1570
f 536 2448 1372
f 491 2403 1282
f 423 2342 1258
f 513 2432 1294
f 564 2477 1312
f 581 2493 1330
f 549 2462 1378
f 477 2397 1540
f 445 2367 1449
f 503 2427 1575
f 525 2447 1365
f 474 2391 1486
f 438 2357 1390
f 495 2417 1437
f 532 2453 1510
f 552 2469 1528
f 490 2411 1546
f 577 2498 1468
f 559 2483 1455
f 517 2441 1581
f 430 2352 1359
f 590 2509 1272
f 584 2503 1248
f 585 2506 1253
f 592 2512 1289
f 595 2515 1307
f 598 2518 1337
f 636 2555 1554
f 621 2541 1476
f 642 2562 1602
f 601 2522 1355
f 623 2542 1482
f 611 2528 1404
f 609 2531 1409
f 625 2545 1493
f 628 2548 1505
f 632 2551 1536
f 613 2533 1415
f 616 2537 1445
f 638 2559 1595
f 606 2526 1386
f 407 1616 909
f 403 1608 891
f 404 1606 886
f 410 1612 898
f 413 1615 904
f 422 1624 922
f 486 1692 1060
f 573 1782 1240
f 561 1765 1204
f 512 1714 1102
f 452 1661 999
f 448 1653 981
f 449 1651 976
f 455 1657 988
f 458 1660 994
f 470 1675 1024
f 437 1639 952
f 494 1696 1066
f 531 1733 1138
f 539 1751 1179
f 568 1779 1233
f 478 1683 1041
f 419 1626 927
f 509 1721 1119
f 554 1766 1209
f 482 1689 1053
f 576 1778 1228
f 558 1760 1192
f 516 1718 1108
f 425 1629 933
f 542 1747 1167
f 463 1665 1005
f 434 1641 957
f 497 1704 1083
f 528 1737 1150
f 546 1750 1174
f 464 1676 1029
f 440 1644 963
f 500 1702 1077
f 524 1726 1126
f 479 1681 1036
f 418 1620 915
f 508 1710 1095
f 553 1755 1185
f 569 1771 1216
f 538 1740 1155
f 471 1673 1018
f 443 1647 970
f 501 1707 1090
f 523 1734 1143
f 467 1669 1012
f 433 1635 945
f 493 1698 1071
f 527 1729 1131
f 543 1745 1162
f 485 1687 1047
f 572 1774 1221
f 557 1762 1197
f 515 1720 1114
f 428 1632 940
f 591 2189 1284
f 587 1883 1260
f 588 1903 1296
f 594 2281 1314
f 597 2317 1332
f 600 2173 1380
f 634 2158 1542
f 619 2012 1451
f 639 2210 1577
f 602 1924 1367
f 624 2135 1488
f 608 1973 1392
f 610 1996 1439
f 627 2227 1512
f 630 2304 1530
f 635 2176 1548
f 615 2155 1470
f 617 2014 1457
f 637 2212 1583
f 604 1922 1361
f 416 1864 1270
f 408 1810 1246
f 406 1795 1251
f 412 1831 1287
f 415 1849 1305
f 424 1887 1335
f 492 2193 1552
f 582 2321 1474
f 565 2285 1600
f 514 1907 1353
f 461 2098 1480
f 453 2044 1402
f 451 1961 1407
f 457 2067 1491
f 460 2083 1503
f 475 2139 1534
f 439 1975 1413
f 496 1997 1443
f 533 2231 1593
f 551 2298 1384
f 579 2190 1324
f 483 1884 1276
f 426 1900 1264
f 521 2278 1300
f 566 2314 1318
f 489 2170 1342
f 578 2159 1563
f 560 2015 1461
f 518 2213 1587
f 429 1918 1348
f 547 2136 1522
f 465 1977 1419
f 441 1990 1396
f 504 2224 1498
f 537 2301 1516
f 550 2177 1558
f 476 2152 1426
f 444 2008 1432
f 502 2206 1569
f 526 1925 1371
f 481 1817 1281
f 420 1797 1257
f 510 1833 1293
f 555 1851 1311
f 571 1871 1329
f 540 1941 1377
f 473 2119 1539
f 447 2029 1450
f 507 2247 1576
f 534 2262 1366
f 469 2051 1485
f 435 1954 1389
f 498 2064 1438
f 529 2085 1509
f 545 2105 1527
f 487 2121 1545
f 574 2031 1467
f 562 2244 1456
f 520 2265 1582
f 432 1939 1360
f 589 1814 1271
f 583 1793 1247
f 586 1829 1254
f 593 1847 1290
f 596 1868 1308
f 599 1937 1338
f 633 2124 1553
f 620 2034 1475
f 640 2250 1601
f 603 2261 1356
f 622 2050 1481
f 607 1960 1403
f 612 2063 1410
f 626 2081 1494
f 629 2102 1506
f 631 2117 1535
f 614 2027 1416
f 618 2243 1446
f 641 2268 1596
f 605 1944 1385
f 409 1804 894
f 405 1785 887
f 411 1821 899
f 414 1839 905
f 417 1858 912
f 431 1929 941
f 488 2114 1050
f 575 2024 1224
f 563 2240 1200
f 519 2253 1115
f 454 2038 984
f 450 1951 977
f 456 2055 989
f 459 2073 995
f 462 2092 1002
f 472 2109 1019
f 446 2019 971
f 506 2235 1091
f 535 2258 1146
f 541 1934 1158
f 570 1861 1217
f 480 1807 1037
f 421 1790 918
f 511 1826 1098
f 556 1844 1188
f 484 1880 1044
f 580 2186 1236
f 567 2308 1212
f 522 2272 1122
f 427 1894 930
f 544 2095 1163
f 468 2041 1013
f 436 1948 948
f 499 2060 1074
f 530 2078 1134
f 548 2132 1170
f 466 1970 1008
f 442 1984 960
f 505 2218 1086
f 536 2289 1151
f 491 2181 1061
f 423 1875 923
f 513 1897 1103
f 564 2275 1205
f 581 2311 1241
f 549 2167 1175
f 477 2146 1032
f 445 2002 966
f 503 2200 1080
f 525 1915 1127
f 474 2127 1025
f 438 1965 953
f 495 1987 1067
f 532 2221 1139
f 552 2294 1182
f 490 2164 1056
f 577 2149 1229
f 559 2005 1193
f 517 2203 1109
f 430 1912 936
f 590 1870 1325
f 584 1816 1277
f 585 1800 1265
f 592 1836 1301
f 595 1854 1319
f 598 1890 1343
f 636 2196 1566
f 621 2320 1464
f 642 2284 1590
f 601 1906 1349
f 623 2104 1523
f 611 2047 1422
f 609 1958 1397
f 625 2070 1499
f 628 2088 1517
f 632 2142 1559
f 613 1980 1427
f 616 1994 1433
f 638 2230 1572
f 606 2297 1374
f 407 2329 892
f 403 2323 885
f 404 2326 897
f 410 2333 903
f 413 2336 910
f 422 2345 939
f 486 2409 1048
f 573 2496 1222
f 561 2485 1198
f 512 2435 1113
f 452 2374 982
f 448 2368 975
f 449 2371 987
f 455 2378 993
f 458 2381 1000
f 470 2392 1017
f 437 2360 969
f 494 2416 1089
f 531 2456 1144
f 539 2460 1156
f 568 2488 1215
f 478 2398 1035
f 419 2340 916
f 509 2430 1096
f 554 2475 1186
f 482 2404 1042
f 576 2501 1234
f 558 2482 1210
f 516 2440 1120
f 425 2347 928
f 542 2464 1161
f 463 2384 1011
f 434 2355 946
f 497 2419 1072
f 528 2451 1132
f 546 2470 1168
f 464 2385 1006
f 440 2362 958
f 500 2423 1084
f 524 2446 1149
f 479 2401 1059
f 418 2339 921
f 508 2429 1101
f 553 2474 1203
f 569 2491 1239
f 538 2459 1173
f 471 2395 1030
f 443 2365 964
f 501 2424 1078
f 523 2443 1125
f 467 2390 1023
f 433 2354 951
f 493 2413 1065
f 527 2450 1137
f 543 2467 1180
f 485 2408 1054
f 572 2495 1227
f 557 2479 1191
f 515 2437 1107
f 428 2350 934
f 591 2511 1326
f 587 2505 1278
f 588 2507 1266
f 594 2513 1302
f 597 2516 1320
f 600 2519 1344
f 634 2556 1565
f 619 2540 1463
f 639 2561 1589
f 602 2521 1350
f 624 2544 1524
f 608 2529 1421
f 610 2530 1398
f 627 2546 1500
f 630 2549 1518
f 635 2553 1560
f 615 2534 1428
f 617 2536 1434
f 637 2557 1571
f 604 2525 1373
f 164 1609 889
f 163 1605 883
f 165 1611 895
f 166 1614 901
f 167 1617 907
f 172 1631 937
f 190 1688 1045
f 219 1775 1219
f 215 1763 1195
f 201 1719 1111
f 179 1654 979
f 178 1650 973
f 180 1656 985
f 181 1659 991
f 182 1662 997
f 185 1672 1015
f 177 1646 967
f 197 1706 1087
f 206 1735 1141
f 208 1741 1153
f 218 1770 1213
f 188 1680 1033
f 168 1621 913
f 198 1711 1093
f 213 1756 1183
f 189 1684 1039
f 221 1780 1231
f 217 1767 1207
f 202 1722 1117
f 170 1627 925
f 209 1744 1159
f 184 1668 1009
f 173 1636 943
f 194 1699 1069
f 204 1730 1129
f 210 1748 1165
f 183 1666 1003
f 175 1642 955
f 196 1705 1081
f 207 1736 1147
f 192 1691 1057
f 169 1623 919
f 199 1713 1099
f 216 1764 1201
f 222 1781 1237
f 211 1749 1171
f 187 1677 1027
f 176 1645 961
f 195 1703 1075
f 203 1725 1123
f 186 1674 1021
f 174 1638 949
f 193 1695 1063
f 205 1732 1135
f 212 1752 1177
f 191 1690 1051
f 220 1777 1225
f 214 1759 1189
f 200 1717 1105
f 171 1630 931
f 358 2191 1322
f 256 1885 1274
f 261 1901 1262
f 387 2279 1298
f 399 2315 1316
f 351 2171 1340
f 348 2160 1561
f 300 2016 1459
f 366 2214 1585
f 267 1919 1346
f 340 2137 1520
f 287 1978 1417
f 291 1991 1394
f 369 2225 1496
f 395 2302 1514
f 354 2178 1556
f 345 2153 1424
f 297 2009 1430
f 363 2207 1567
f 270 1926 1369
f 247 1857 908
f 229 1803 890
f 223 1786 884
f 235 1822 896
f 241 1840 902
f 253 1876 920
f 355 2182 1058
f 398 2312 1238
f 386 2276 1202
f 260 1898 1100
f 325 2091 998
f 307 2037 980
f 278 1952 974
f 313 2056 986
f 319 2074 992
f 337 2128 1022
f 283 1966 950
f 290 1988 1064
f 368 2222 1136
f 392 2293 1178
f 356 2185 1232
f 254 1879 1040
f 259 1893 926
f 385 2271 1118
f 397 2307 1208
f 349 2163 1052
f 344 2150 1226
f 296 2006 1190
f 362 2204 1106
f 265 1911 932
f 338 2131 1166
f 284 1969 1004
f 289 1983 956
f 367 2217 1082
f 391 2290 1148
f 350 2168 1172
f 343 2145 1028
f 295 2001 962
f 361 2199 1076
f 266 1916 1124
f 230 1808 1034
f 224 1789 914
f 236 1825 1094
f 242 1843 1184
f 248 1862 1214
f 272 1933 1154
f 331 2110 1016
f 301 2020 968
f 373 2236 1088
f 380 2257 1142
f 308 2042 1010
f 277 1947 944
f 314 2059 1070
f 320 2077 1130
f 326 2096 1160
f 332 2113 1046
f 302 2023 1220
f 374 2239 1196
f 379 2254 1112
f 271 1930 938
f 234 1818 1279
f 227 1798 1255
f 239 1834 1291
f 245 1852 1309
f 252 1872 1327
f 275 1942 1375
f 334 2120 1537
f 304 2030 1448
f 377 2248 1574
f 382 2263 1364
f 312 2052 1483
f 279 1955 1387
f 316 2065 1436
f 323 2086 1507
f 330 2106 1525
f 335 2122 1543
f 305 2032 1465
f 376 2245 1454
f 383 2266 1580
f 274 1940 1358
f 232 1813 1267
f 225 1792 1243
f 237 1828 1250
f 243 1846 1286
f 250 1867 1304
f 273 1936 1334
f 336 2123 1549
f 306 2033 1471
f 378 2249 1597
f 381 2260 1352
f 311 2049 1477
f 281 1959 1399
f 315 2062 1406
f 321 2080 1490
f 328 2101 1502
f 333 2116 1531
f 303 2026 1412
f 375 2242 1442
f 384 2267 1592
f 276 1943 1381
f 251 1869 1321
f 233 1815 1273
f 228 1799 1261
f 240 1835 1297
f 246 1853 1315
f 258 1889 1339
f 360 2195 1562
f 401 2319 1460
f 389 2283 1586
f 263 1905 1345
f 329 2103 1519
f 310 2046 1418
f 280 1957 1393
f 318 2069 1495
f 324 2087 1513
f 342 2141 1555
f 288 1979 1423
f 292 1993 1429
f 371 2229 1568
f 393 2296 1370
f 357 2188 1280
f 255 1882 1256
f 262 1902 1292
f 388 2280 1310
f 400 2316 1328
f 352 2172 1376
f 347 2157 1538
f 298 2011 1447
f 364 2209 1573
f 269 1923 1363
f 339 2134 1484
f 285 1972 1388
f 293 1995 1435
f 370 2226 1508
f 396 2303 1526
f 353 2175 1544
f 346 2154 1466
f 299 2013 1453
f 365 2211 1579
f 268 1921 1357
f 249 1865 1268
f 231 1811 1244
f 226 1796 1249
f 238 1832 1285
f 244 1850 1303
f 257 1888 1333
f 359 2194 1550
f 402 2322 1472
f 390 2286 1598
f 264 1908 1351
f 327 2099 1478
f 309 2045 1400
f 282 1962 1405
f 317 2068 1489
f 322 2084 1501
f 341 2140 1532
f 286 1976 1411
f 294 1998 1441
f 372 2232 1591
f 394 2299 1382
f 416 2330 911
f 408 2324 893
f 406 2325 888
f 412 2332 900
f 415 2335 906
f 424 2344 924
f 492 2410 1062
f 582 2497 1242
f 565 2486 1206
f 514 2434 1104
f 461 2375 1001
f 453 2369 983
f 451 2370 978
f 457 2377 990
f 460 2380 996
f 475 2393 1026
f 439 2359 954
f 496 2415 1068
f 533 2455 1140
f 551 2461 1181
f 579 2489 1235
f 483 2399 1043
f 426 2341 929
f 521 2431 1121
f 566 2476 1211
f 489 2405 1055
f 578 2500 1230
f 560 2481 1194
f 518 2439 1110
f 429 2348 935
f 547 2465 1169
f 465 2383 1007
f 441 2356 959
f 504 2420 1085
f 537 2452 1152
f 550 2471 1176
f 476 2386 1031
f 444 2363 965
f 502 2422 1079
f 526 2445 1128
f 481 2400 1038
f 420 2338 917
f 510 2428 1097
f 555 2473 1187
f 571 2490 1218
f 540 2458 1157
f 473 2394 1020
f 447 2366 972
f 507 2425 1092
f 534 2444 1145
f 469 2389 1014
f 435 2353 947
f 498 2414 1073
f 529 2449 1133
f 545 2466 1164
f 487 2407 1049
f 574 2494 1223
f 562 2480 1199
f 520 2438 1116
f 432 2351 942
f 589 2510 1283
f 583 2504 1259
f 586 2508 1295
f 593 2514 1313
f 596 2517 1331
f 599 2520 1379
f 633 2554 1541
f 620 2539 1452
f 640 2560 1578
f 603 2523 1368
f 622 2543 1487
f 607 2527 1391
f 612 2532 1440
f 626 2547 1511
f 629 2550 1529
f 631 2552 1547
f 614 2535 1469
f 618 2538 1458
f 641 2558 1584
f 605 2524 1362
f 164 1607 1609
f 163 1603 1605
f 165 1604 1611
f 166 1610 1614
f 167 1613 1617
f 172 1622 1631
f 190 1686 1688
f 219 1773 1775
f 215 1761 1763
f 201 1712 1719
f 179 1652 1654
f 178 1648 1650
f 180 1649 1656
f 181 1655 1659
f 182 1658 1662
f 185 1670 1672
f 177 1637 1646
f 197 1694 1706
f 206 1731 1735
f 208 1739 1741
f 218 1768 1770
f 188 1678 1680
f 168 1619 1621
f 198 1709 1711
f 213 1754 1756
f 189 1682 1684
f 221 1776 1780
f 217 1758 1767
f 202 1716 1722
f 170 1625 1627
f 209 1742 1744
f 184 1663 1668
f 173 1634 1636
f 194 1697 1699
f 204 1728 1730
f 210 1746 1748
f 183 1664 1666
f 175 1640 1642
f 196 1700 1705
f 207 1724 1736
f 192 1679 1691
f 169 1618 1623
f 199 1708 1713
f 216 1753 1764
f 222 1769 1781
f 211 1738 1749
f 187 1671 1677
f 176 1643 1645
f 195 1701 1703
f 203 1723 1725
f 186 1667 1674
f 174 1633 1638
f 193 1693 1695
f 205 1727 1732
f 212 1743 1752
f 191 1685 1690
f 220 1772 1777
f 214 1757 1759
f 200 1715 1717
f 171 1628 1630
f 358 2187 2191
f 256 1881 1885
f 261 1899 1901
f 387 2277 2279
f 399 2313 2315
f 351 2169 2171
f 348 2156 2160
f 300 2010 2016
f 366 2208 2214
f 267 1917 1919
f 340 2133 2137
f 287 1971 1978
f 291 1989 1991
f 369 2223 2225
f 395 2300 2302
f 354 2174 2178
f 345 2151 2153
f 297 2007 2009
f 363 2205 2207
f 270 1920 1926
f 247 1855 1857
f 229 1801 1803
f 223 1784 1786
f 235 1820 1822
f 241 1838 1840
f 253 1874 1876
f 355 2180 2182
f 398 2310 2312
f 386 2274 2276
f 260 1896 1898
f 325 2089 2091
f 307 2035 2037
f 278 1950 1952
f 313 2054 2056
f 319 2072 2074
f 337 2126 2128
f 283 1964 1966
f 290 1986 1988
f 368 2220 2222
f 392 2291 2293
f 356 2183 2185
f 254 1877 1879
f 259 1891 1893
f 385 2269 2271
f 397 2305 2307
f 349 2161 2163
f 344 2148 2150
f 296 2004 2006
f 362 2202 2204
f 265 1909 1911
f 338 2129 2131
f 284 1967 1969
f 289 1981 1983
f 367 2215 2217
f 391 2288 2290
f 350 2166 2168
f 343 2143 2145
f 295 1999 2001
f 361 2197 2199
f 266 1914 1916
f 230 1806 1808
f 224 1787 1789
f 236 1823 1825
f 242 1841 1843
f 248 1860 1862
f 272 1931 1933
f 331 2108 2110
f 301 2018 2020
f 373 2234 2236
f 380 2255 2257
f 308 2040 2042
f 277 1945 1947
f 314 2057 2059
f 320 2075 2077
f 326 2094 2096
f 332 2111 2113
f 302 2021 2023
f 374 2237 2239
f 379 2252 2254
f 271 1928 1930
f 234 1812 1818
f 227 1791 1798
f 239 1827 1834
f 245 1845 1852
f 252 1866 1872
f 275 1935 1942
f 334 2118 2120
f 304 2028 2030
f 377 2246 2248
f 382 2259 2263
f 312 2048 2052
f 279 1953 1955
f 316 2061 2065
f 323 2079 2086
f 330 2100 2106
f 335 2115 2122
f 305 2025 2032
f 376 2241 2245
f 383 2264 2266
f 274 1938 1940
f 232 1802 1813
f 225 1783 1792
f 237 1819 1828
f 243 1837 1846
f 250 1856 1867
f 273 1927 1936
f 336 2112 2123
f 306 2022 2033
f 378 2238 2249
f 381 2251 2260
f 311 2036 2049
f 281 1949 1959
f 315 2053 2062
f 321 2071 2080
f 328 2090 2101
f 333 2107 2116
f 303 2017 2026
f 375 2233 2242
f 384 2256 2267
f 276 1932 1943
f 251 1859 1869
f 233 1805 1815
f 228 1788 1799
f 240 1824 1835
f 246 1842 1853
f 258 1878 1889
f 360 2184 2195
f 401 2306 2319
f 389 2270 2283
f 263 1892 1905
f 329 2093 2103
f 310 2039 2046
f 280 1946 1957
f 318 2058 2069
f 324 2076 2087
f 342 2130 2141
f 288 1968 1979
f 292 1982 1993
f 371 2216 2229
f 393 2287 2296
f 357 2179 2188
f 255 1873 1882
f 262 1895 1902
f 388 2273 2280
f 400 2309 2316
f 352 2165 2172
f 347 2144 2157
f 298 2000 2011
f 364 2198 2209
f 269 1913 1923
f 339 2125 2134
f 285 1963 1972
f 293 1985 1995
f 370 2219 2226
f 396 2292 2303
f 353 2162 2175
f 346 2147 2154
f 299 2003 2013
f 365 2201 2211
f 268 1910 1921
f 249 1863 1865
f 231 1809 1811
f 226 1794 1796
f 238 1830 1832
f 244 1848 1850
f 257 1886 1888
f 359 2192 2194
f 402 2318 2322
f 390 2282 2286
f 264 1904 1908
f 327 2097 2099
f 309 2043 2045
f 282 1956 1962
f 317 2066 2068
f 322 2082 2084
f 341 2138 2140
f 286 1974 1976
f 294 1992 1998
f 372 2228 2232
f 394 2295 2299
f 416 2331 2330
f 408 2327 2324
f 406 2328 2325
f 412 2334 2332
f 415 2337 2335
f 424 2346 2344
f 492 2412 2410
f 582 2499 2497
f 565 2487 2486
f 514 2436 2434
f 461 2376 2375
f 453 2372 2369
f 451 2373 2370
f 457 2379 2377
f 460 2382 2380
f 475 2396 2393
f 439 2361 2359
f 496 2418 2415
f 533 2457 2455
f 551 2463 2461
f 579 2492 2489
f 483 2402 2399
f 426 2343 2341
f 521 2433 2431
f 566 2478 2476
f 489 2406 2405
f 578 2502 2500
f 560 2484 2481
f 518 2442 2439
f 429 2349 2348
f 547 2468 2465
f 465 2387 2383
f 441 2358 2356
f 504 2421 2420
f 537 2454 2452
f 550 2472 2471
f 476 2388 2386
f 444 2364 2363
f 502 2426 2422
f 526 2448 2445
f 481 2403 2400
f 420 2342 2338
f 510 2432 2428
f 555 2477 2473
f 571 2493 2490
f 540 2462 2458
f 473 2397 2394
f 447 2367 2366
f 507 2427 2425
f 534 2447 2444
f 469 2391 2389
f 435 2357 2353
f 498 2417 2414
f 529 2453 2449
f 545 2469 2466
f 487 2411 2407
f 574 2498 2494
f 562 2483 2480
f 520 2441 2438
f 432 2352 2351
f 589 2509 2510
f 583 2503 2504
f 586 2506 2508
f 593 2512 2514
f 596 2515 2517
f 599 2518 2520
f 633 2555 2554
f 620 2541 2539
f 640 2562 2560
f 603 2522 2523
f 622 2542 2543
f 607 2528 2527
f 612 2531 2532
f 626 2545 2547
f 629 2548 2550
f 631 2551 2552
f 614 2533 2535
f 618 2537 2538
f 641 2559 2558
f 605 2526 2524
f 164 644 1607
f 163 643 1603
f 165 645 1604
f 166 646 1610
f 167 647 1613
f 172 652 1622
f 190 670 1686
f 219 699 1773
f 215 695 1761
f 201 681 1712
f 179 659 1652
f 178 658 1648
f 180 660 1649
f 181 661 1655
f 182 662 1658
f 185 665 1670
f 177 657 1637
f 197 677 1694
f 206 686 1731
f 208 688 1739
f 218 698 1768
f 188 668 1678
f 168 648 1619
f 198 678 1709
f 213 693 1754
f 189 669 1682
f 221 701 1776
f 217 697 1758
f 202 682 1716
f 170 650 1625
f 209 689 1742
f 184 664 1663
f 173 653 1634
f 194 674 1697
f 204 684 1728
f 210 690 1746
f 183 663 1664
f 175 655 1640
f 196 676 1700
f 207 687 1724
f 192 672 1679
f 169 649 1618
f 199 679 1708
f 216 696 1753
f 222 702 1769
f 211 691 1738
f 187 667 1671
f 176 656 1643
f 195 675 1701
f 203 683 1723
f 186 666 1667
f 174 654 1633
f 193 673 1693
f 205 685 1727
f 212 692 1743
f 191 671 1685
f 220 700 1772
f 214 694 1757
f 200 680 1715
f 171 651 1628
f 358 838 2187
f 256 736 1881
f 261 741 1899
f 387 867 2277
f 399 879 2313
f 351 831 2169
f 348 828 2156
f 300 780 2010
f 366 846 2208
f 267 747 1917
f 340 820 2133
f 287 767 1971
f 291 771 1989
f 369 849 2223
f 395 875 2300
f 354 834 2174
f 345 825 2151
f 297 777 2007
f 363 843 2205
f 270 750 1920
f 247 727 1855
f 229 709 1801
f 223 703 1784
f 235 715 1820
f 241 721 1838
f 253 733 1874
f 355 835 2180
f 398 878 2310
f 386 866 2274
f 260 740 1896
f 325 805 2089
f 307 787 2035
f 278 758 1950
f 313 793 2054
f 319 799 2072
f 337 817 2126
f 283 763 1964
f 290 770 1986
f 368 848 2220
f 392 872 2291
f 356 836 2183
f 254 734 1877
f 259 739 1891
f 385 865 2269
f 397 877 2305
f 349 829 2161
f 344 824 2148
f 296 776 2004
f 362 842 2202
f 265 745 1909
f 338 818 2129
f 284 764 1967
f 289 769 1981
f 367 847 2215
f 391 871 2288
f 350 830 2166
f 343 823 2143
f 295 775 1999
f 361 841 2197
f 266 746 1914
f 230 710 1806
f 224 704 1787
f 236 716 1823
f 242 722 1841
f 248 728 1860
f 272 752 1931
f 331 811 2108
f 301 781 2018
f 373 853 2234
f 380 860 2255
f 308 788 2040
f 277 757 1945
f 314 794 2057
f 320 800 2075
f 326 806 2094
f 332 812 2111
f 302 782 2021
f 374 854 2237
f 379 859 2252
f 271 751 1928
f 234 714 1812
f 227 707 1791
f 239 719 1827
f 245 725 1845
f 252 732 1866
f 275 755 1935
f 334 814 2118
f 304 784 2028
f 377 857 2246
f 382 862 2259
f 312 792 2048
f 279 759 1953
f 316 796 2061
f 323 803 2079
f 330 810 2100
f 335 815 2115
f 305 785 2025
f 376 856 2241
f 383 863 2264
f 274 754 1938
f 232 712 1802
f 225 705 1783
f 237 717 1819
f 243 723 1837
f 250 730 1856
f 273 753 1927
f 336 816 2112
f 306 786 2022
f 378 858 2238
f 381 861 2251
f 311 791 2036
f 281 761 1949
f 315 795 2053
f 321 801 2071
f 328 808 2090
f 333 813 2107
f 303 783 2017
f 375 855 2233
f 384 864 2256
f 276 756 1932
f 251 731 1859
f 233 713 1805
f 228 708 1788
f 240 720 1824
f 246 726 1842
f 258 738 1878
f 360 840 2184
f 401 881 2306
f 389 869 2270
f 263 743 1892
f 329 809 2093
f 310 790 2039
f 280 760 1946
f 318 798 2058
f 324 804 2076
f 342 822 2130
f 288 768 1968
f 292 772 1982
f 371 851 2216
f 393 873 2287
f 357 837 2179
f 255 735 1873
f 262 742 1895
f 388 868 2273
f 400 880 2309
f 352 832 2165
f 347 827 2144
f 298 778 2000
f 364 844 2198
f 269 749 1913
f 339 819 2125
f 285 765 1963
f 293 773 1985
f 370 850 2219
f 396 876 2292
f 353 833 2162
f 346 826 2147
f 299 779 2003
f 365 845 2201
f 268 748 1910
f 249 729 1863
f 231 711 1809
f 226 706 1794
f 238 718 1830
f 244 724 1848
f 257 737 1886
f 359 839 2192
f 402 882 2318
f 390 870 2282
f 264 744 1904
f 327 807 2097
f 309 789 2043
f 282 762 1956
f 317 797 2066
f 322 802 2082
f 341 821 2138
f 286 766 1974
f 294 774 1992
f 372 852 2228
f 394 874 2295
f 416 1270 2331
f 408 1246 2327
f 406 1251 2328
f 412 1287 2334
f 415 1305 2337
f 424 1335 2346
f 492 1552 2412
f 582 1474 2499
f 565 1600 2487
f 514 1353 2436
f 461 1480 2376
f 453 1402 2372
f 451 1407 2373
f 457 1491 2379
f 460 1503 2382
f 475 1534 2396
f 439 1413 2361
f 496 1443 2418
f 533 1593 2457
f 551 1384 2463
f 579 1324 2492
f 483 1276 2402
f 426 1264 2343
f 521 1300 2433
f 566 1318 2478
f 489 1342 2406
f 578 1563 2502
f 560 1461 2484
f 518 1587 2442
f 429 1348 2349
f 547 1522 2468
f 465 1419 2387
f 441 1396 2358
f 504 1498 2421
f 537 1516 2454
f 550 1558 2472
f 476 1426 2388
f 444 1432 2364
f 502 1569 2426
f 526 1371 2448
f 481 1281 2403
f 420 1257 2342
f 510 1293 2432
f 555 1311 2477
f 571 1329 2493
f 540 1377 2462
f 473 1539 2397
f 447 1450 2367
f 507 1576 2427
f 534 1366 2447
f 469 1485 2391
f 435 1389 2357
f 498 1438 2417
f 529 1509 2453
f 545 1527 2469
f 487 1545 2411
f 574 1467 2498
f 562 1456 2483
f 520 1582 2441
f 432 1360 2352
f 589 1271 2509
f 583 1247 2503
f 586 1254 2506
f 593 1290 2512
f 596 1308 2515
f 599 1338 2518
f 633 1553 2555
f 620 1475 2541
f 640 1601 2562
f 603 1356 2522
f 622 1481 2542
f 607 1403 2528
f 612 1410 2531
f 626 1494 2545
f 629 1506 2548
f 631 1535 2551
f 614 1416 2533
f 618 1446 2537
f 641 1596 2559
f 605 1385 2526
f 167 907 1616
f 164 889 1608
f 163 883 1606
f 165 895 1612
f 166 901 1615
f 169 919 1624
f 192 1057 1692
f 222 1237 1782
f 216 1201 1765
f 199 1099 1714
f 182 997 1661
f 179 979 1653
f 178 973 1651
f 180 985 1657
f 181 991 1660
f 186 1021 1675
f 174 949 1639
f 193 1063 1696
f 205 1135 1733
f 212 1177 1751
f 221 1231 1779
f 189 1039 1683
f 170 925 1626
f 202 1117 1721
f 217 1207 1766
f 191 1051 1689
f 220 1225 1778
f 214 1189 1760
f 200 1105 1718
f 171 931 1629
f 210 1165 1747
f 183 1003 1665
f 175 955 1641
f 196 1081 1704
f 207 1147 1737
f 211 1171 1750
f 187 1027 1676
f 176 961 1644
f 195 1075 1702
f 203 1123 1726
f 188 1033 1681
f 168 913 1620
f 198 1093 1710
f 213 1183 1755
f 218 1213 1771
f 208 1153 1740
f 185 1015 1673
f 177 967 1647
f 197 1087 1707
f 206 1141 1734
f 184 1009 1669
f 173 943 1635
f 194 1069 1698
f 204 1129 1729
f 209 1159 1745
f 190 1045 1687
f 219 1219 1774
f 215 1195 1762
f 201 1111 1720
f 172 937 1632
f 357 1280 2189
f 255 1256 1883
f 262 1292 1903
f 388 1310 2281
f 400 1328 2317
f 352 1376 2173
f 347 1538 2158
f 298 1447 2012
f 364 1573 2210
f 269 1363 1924
f 339 1484 2135
f 285 1388 1973
f 293 1435 1996
f 370 1508 2227
f 396 1526 2304
f 353 1544 2176
f 346 1466 2155
f 299 1453 2014
f 365 1579 2212
f 268 1357 1922
f 249 1268 1864
f 231 1244 1810
f 226 1249 1795
f 238 1285 1831
f 244 1303 1849
f 257 1333 1887
f 359 1550 2193
f 402 1472 2321
f 390 1598 2285
f 264 1351 1907
f 327 1478 2098
f 309 1400 2044
f 282 1405 1961
f 317 1489 2067
f 322 1501 2083
f 341 1532 2139
f 286 1411 1975
f 294 1441 1997
f 372 1591 2231
f 394 1382 2298
f 358 1322 2190
f 256 1274 1884
f 261 1262 1900
f 387 1298 2278
f 399 1316 2314
f 351 1340 2170
f 348 1561 2159
f 300 1459 2015
f 366 1585 2213
f 267 1346 1918
f 340 1520 2136
f 287 1417 1977
f 291 1394 1990
f 369 1496 2224
f 395 1514 2301
f 354 1556 2177
f 345 1424 2152
f 297 1430 2008
f 363 1567 2206
f 270 1369 1925
f 234 1279 1817
f 227 1255 1797
f 239 1291 1833
f 245 1309 1851
f 252 1327 1871
f 275 1375 1941
f 334 1537 2119
f 304 1448 2029
f 377 1574 2247
f 382 1364 2262
f 312 1483 2051
f 279 1387 1954
f 316 1436 2064
f 323 1507 2085
f 330 1525 2105
f 335 1543 2121
f 305 1465 2031
f 376 1454 2244
f 383 1580 2265
f 274 1358 1939
f 232 1267 1814
f 225 1243 1793
f 237 1250 1829
f 243 1286 1847
f 250 1304 1868
f 273 1334 1937
f 336 1549 2124
f 306 1471 2034
f 378 1597 2250
f 381 1352 2261
f 311 1477 2050
f 281 1399 1960
f 315 1406 2063
f 321 1490 2081
f 328 1502 2102
f 333 1531 2117
f 303 1412 2027
f 375 1442 2243
f 384 1592 2268
f 276 1381 1944
f 229 890 1804
f 223 884 1785
f 235 896 1821
f 241 902 1839
f 247 908 1858
f 271 938 1929
f 332 1046 2114
f 302 1220 2024
f 374 1196 2240
f 379 1112 2253
f 307 980 2038
f 278 974 1951
f 313 986 2055
f 319 992 2073
f 325 998 2092
f 331 1016 2109
f 301 968 2019
f 373 1088 2235
f 380 1142 2258
f 272 1154 1934
f 248 1214 1861
f 230 1034 1807
f 224 914 1790
f 236 1094 1826
f 242 1184 1844
f 254 1040 1880
f 356 1232 2186
f 397 1208 2308
f 385 1118 2272
f 259 926 1894
f 326 1160 2095
f 308 1010 2041
f 277 944 1948
f 314 1070 2060
f 320 1130 2078
f 338 1166 2132
f 284 1004 1970
f 289 956 1984
f 367 1082 2218
f 391 1148 2289
f 355 1058 2181
f 253 920 1875
f 260 1100 1897
f 386 1202 2275
f 398 1238 2311
f 350 1172 2167
f 343 1028 2146
f 295 962 2002
f 361 1076 2200
f 266 1124 1915
f 337 1022 2127
f 283 950 1965
f 290 1064 1987
f 368 1136 2221
f 392 1178 2294
f 349 1052 2164
f 344 1226 2149
f 296 1190 2005
f 362 1106 2203
f 265 932 1912
f 251 1321 1870
f 233 1273 1816
f 228 1261 1800
f 240 1297 1836
f 246 1315 1854
f 258 1339 1890
f 360 1562 2196
f 401 1460 2320
f 389 1586 2284
f 263 1345 1906
f 329 1519 2104
f 310 1418 2047
f 280 1393 1958
f 318 1495 2070
f 324 1513 2088
f 342 1555 2142
f 288 1423 1980
f 292 1429 1994
f 371 1568 2230
f 393 1370 2297
f 409 894 2329
f 405 887 2323
f 411 899 2326
f 414 905 2333
f 417 912 2336
f 431 941 2345
f 488 1050 2409
f 575 1224 2496
f 563 1200 2485
f 519 1115 2435
f 454 984 2374
f 450 977 2368
f 456 989 2371
f 459 995 2378
f 462 1002 2381
f 472 1019 2392
f 446 971 2360
f 506 1091 2416
f 535 1146 2456
f 541 1158 2460
f 570 1217 2488
f 480 1037 2398
f 421 918 2340
f 511 1098 2430
f 556 1188 2475
f 484 1044 2404
f 580 1236 2501
f 567 1212 2482
f 522 1122 2440
f 427 930 2347
f 544 1163 2464
f 468 1013 2384
f 436 948 2355
f 499 1074 2419
f 530 1134 2451
f 548 1170 2470
f 466 1008 2385
f 442 960 2362
f 505 1086 2423
f 536 1151 2446
f 491 1061 2401
f 423 923 2339
f 513 1103 2429
f 564 1205 2474
f 581 1241 2491
f 549 1175 2459
f 477 1032 2395
f 445 966 2365
f 503 1080 2424
f 525 1127 2443
f 474 1025 2390
f 438 953 2354
f 495 1067 2413
f 532 1139 2450
f 552 1182 2467
f 490 1056 2408
f 577 1229 2495
f 559 1193 2479
f 517 1109 2437
f 430 936 2350
f 590 1325 2511
f 584 1277 2505
f 585 1265 2507
f 592 1301 2513
f 595 1319 2516
f 598 1343 2519
f 636 1566 2556
f 621 1464 2540
f 642 1590 2561
f 601 1349 2521
f 623 1523 2544
f 611 1422 2529
f 609 1397 2530
f 625 1499 2546
f 628 1517 2549
f 632 1559 2553
f 613 1427 2534
f 616 1433 2536
f 638 1572 2557
f 606 1374 2525
f 407 892 1609
f 403 885 1605
f 404 897 1611
f 410 903 1614
f 413 910 1617
f 422 939 1631
f 486 1048 1688
f 573 1222 1775
f 561 1198 1763
f 512 1113 1719
f 452 982 1654
f 448 975 1650
f 449 987 1656
f 455 993 1659
f 458 1000 1662
f 470 1017 1672
f 437 969 1646
f 494 1089 1706
f 531 1144 1735
f 539 1156 1741
f 568 1215 1770
f 478 1035 1680
f 419 916 1621
f 509 1096 1711
f 554 1186 1756
f 482 1042 1684
f 576 1234 1780
f 558 1210 1767
f 516 1120 1722
f 425 928 1627
f 542 1161 1744
f 463 1011 1668
f 434 946 1636
f 497 1072 1699
f 528 1132 1730
f 546 1168 1748
f 464 1006 1666
f 440 958 1642
f 500 1084 1705
f 524 1149 1736
f 479 1059 1691
f 418 921 1623
f 508 1101 1713
f 553 1203 1764
f 569 1239 1781
f 538 1173 1749
f 471 1030 1677
f 443 964 1645
f 501 1078 1703
f 523 1125 1725
f 467 1023 1674
f 433 951 1638
f 493 1065 1695
f 527 1137 1732
f 543 1180 1752
f 485 1054 1690
f 572 1227 1777
f 557 1191 1759
f 515 1107 1717
f 428 934 1630
f 591 1326 2191
f 587 1278 1885
f 588 1266 1901
f 594 1302 2279
f 597 1320 2315
f 600 1344 2171
f 634 1565 2160
f 619 1463 2016
f 639 1589 2214
f 602 1350 1919
f 624 1524 2137
f 608 1421 1978
f 610 1398 1991
f 627 1500 2225
f 630 1518 2302
f 635 1560 2178
f 615 1428 2153
f 617 1434 2009
f 637 1571 2207
f 604 1373 1926
f 416 911 1857
f 408 893 1803
f 406 888 1786
f 412 900 1822
f 415 906 1840
f 424 924 1876
f 492 1062 2182
f 582 1242 2312
f 565 1206 2276
f 514 1104 1898
f 461 1001 2091
f 453 983 2037
f 451 978 1952
f 457 990 2056
f 460 996 2074
f 475 1026 2128
f 439 954 1966
f 496 1068 1988
f 533 1140 2222
f 551 1181 2293
f 579 1235 2185
f 483 1043 1879
f 426 929 1893
f 521 1121 2271
f 566 1211 2307
f 489 1055 2163
f 578 1230 2150
f 560 1194 2006
f 518 1110 2204
f 429 935 1911
f 547 1169 2131
f 465 1007 1969
f 441 959 1983
f 504 1085 2217
f 537 1152 2290
f 550 1176 2168
f 476 1031 2145
f 444 965 2001
f 502 1079 2199
f 526 1128 1916
f 481 1038 1808
f 420 917 1789
f 510 1097 1825
f 555 1187 1843
f 571 1218 1862
f 540 1157 1933
f 473 1020 2110
f 447 972 2020
f 507 1092 2236
f 534 1145 2257
f 469 1014 2042
f 435 947 1947
f 498 1073 2059
f 529 1133 2077
f 545 1164 2096
f 487 1049 2113
f 574 1223 2023
f 562 1199 2239
f 520 1116 2254
f 432 942 1930
f 589 1283 1818
f 583 1259 1798
f 586 1295 1834
f 593 1313 1852
f 596 1331 1872
f 599 1379 1942
f 633 1541 2120
f 620 1452 2030
f 640 1578 2248
f 603 1368 2263
f 622 1487 2052
f 607 1391 1955
f 612 1440 2065
f 626 1511 2086
f 629 1529 2106
f 631 1547 2122
f 614 1469 2032
f 618 1458 2245
f 641 1584 2266
f 605 1362 1940
f 409 1269 1813
f 405 1245 1792
f 411 1252 1828
f 414 1288 1846
f 417 1306 1867
f 431 1336 1936
f 488 1551 2123
f 575 1473 2033
f 563 1599 2249
f 519 1354 2260
f 454 1479 2049
f 450 1401 1959
f 456 1408 2062
f 459 1492 2080
f 462 1504 2101
f 472 1533 2116
f 446 1414 2026
f 506 1444 2242
f 535 1594 2267
f 541 1383 1943
f 570 1323 1869
f 480 1275 1815
f 421 1263 1799
f 511 1299 1835
f 556 1317 1853
f 484 1341 1889
f 580 1564 2195
f 567 1462 2319
f 522 1588 2283
f 427 1347 1905
f 544 1521 2103
f 468 1420 2046
f 436 1395 1957
f 499 1497 2069
f 530 1515 2087
f 548 1557 2141
f 466 1425 1979
f 442 1431 1993
f 505 1570 2229
f 536 1372 2296
f 491 1282 2188
f 423 1258 1882
f 513 1294 1902
f 564 1312 2280
f 581 1330 2316
f 549 1378 2172
f 477 1540 2157
f 445 1449 2011
f 503 1575 2209
f 525 1365 1923
f 474 1486 2134
f 438 1390 1972
f 495 1437 1995
f 532 1510 2226
f 552 1528 2303
f 490 1546 2175
f 577 1468 2154
f 559 1455 2013
f 517 1581 2211
f 430 1359 1921
f 590 1272 1865
f 584 1248 1811
f 585 1253 1796
f 592 1289 1832
f 595 1307 1850
f 598 1337 1888
f 636 1554 2194
f 621 1476 2322
f 642 1602 2286
f 601 1355 1908
f 623 1482 2099
f 611 1404 2045
f 609 1409 1962
f 625 1493 2068
f 628 1505 2084
f 632 1536 2140
f 613 1415 1976
f 616 1445 1998
f 638 1595 2232
f 606 1386 2299
f 407 909 2330
f 403 891 2324
f 404 886 2325
f 410 898 2332
f 413 904 2335
f 422 922 2344
f 486 1060 2410
f 573 1240 2497
f 561 1204 2486
f 512 1102 2434
f 452 999 2375
f 448 981 2369
f 449 976 2370
f 455 988 2377
f 458 994 2380
f 470 1024 2393
f 437 952 2359
f 494 1066 2415
f 531 1138 2455
f 539 1179 2461
f 568 1233 2489
f 478 1041 2399
f 419 927 2341
f 509 1119 2431
f 554 1209 2476
f 482 1053 2405
f 576 1228 2500
f 558 1192 2481
f 516 1108 2439
f 425 933 2348
f 542 1167 2465
f 463 1005 2383
f 434 957 2356
f 497 1083 2420
f 528 1150 2452
f 546 1174 2471
f 464 1029 2386
f 440 963 2363
f 500 1077 2422
f 524 1126 2445
f 479 1036 2400
f 418 915 2338
f 508 1095 2428
f 553 1185 2473
f 569 1216 2490
f 538 1155 2458
f 471 1018 2394
f 443 970 2366
f 501 1090 2425
f 523 1143 2444
f 467 1012 2389
f 433 945 2353
f 493 1071 2414
f 527 1131 2449
f 543 1162 2466
f 485 1047 2407
f 572 1221 2494
f 557 1197 2480
f 515 1114 2438
f 428 940 2351
f 591 1284 2510
f 587 1260 2504
f 588 1296 2508
f 594 1314 2514
f 597 1332 2517
f 600 1380 2520
f 634 1542 2554
f 619 1451 2539
f 639 1577 2560
f 602 1367 2523
f 624 1488 2543
f 608 1392 2527
f 610 1439 2532
f 627 1512 2547
f 630 1530 2550
f 635 1548 2552
f 615 1470 2535
f 617 1457 2538
f 637 1583 2558
f 604 1361 2524
f 167 1616 1607
f 164 1608 1603
f 163 1606 1604
f 165 1612 1610
f 166 1615 1613
f 169 1624 1622
f 192 1692 1686
f 222 1782 1773
f 216 1765 1761
f 199 1714 1712
f 182 1661 1652
f 179 1653 1648
f 178 1651 1649
f 180 1657 1655
f 181 1660 1658
f 186 1675 1670
f 174 1639 1637
f 193 1696 1694
f 205 1733 1731
f 212 1751 1739
f 221 1779 1768
f 189 1683 1678
f 170 1626 1619
f 202 1721 1709
f 217 1766 1754
f 191 1689 1682
f 220 1778 1776
f 214 1760 1758
f 200 1718 1716
f 171 1629 1625
f 210 1747 1742
f 183 1665 1663
f 175 1641 1634
f 196 1704 1697
f 207 1737 1728
f 211 1750 1746
f 187 1676 1664
f 176 1644 1640
f 195 1702 1700
f 203 1726 1724
f 188 1681 1679
f 168 1620 1618
f 198 1710 1708
f 213 1755 1753
f 218 1771 1769
f 208 1740 1738
f 185 1673 1671
f 177 1647 1643
f 197 1707 1701
f 206 1734 1723
f 184 1669 1667
f 173 1635 1633
f 194 1698 1693
f 204 1729 1727
f 209 1745 1743
f 190 1687 1685
f 219 1774 1772
f 215 1762 1757
f 201 1720 1715
f 172 1632 1628
f 357 2189 2187
f 255 1883 1881
f 262 1903 1899
f 388 2281 2277
f 400 2317 2313
f 352 2173 2169
f 347 2158 2156
f 298 2012 2010
f 364 2210 2208
f 269 1924 1917
f 339 2135 2133
f 285 1973 1971
f 293 1996 1989
f 370 2227 2223
f 396 2304 2300
f 353 2176 2174
f 346 2155 2151
f 299 2014 2007
f 365 2212 2205
f 268 1922 1920
f 249 1864 1855
f 231 1810 1801
f 226 1795 1784
f 238 1831 1820
f 244 1849 1838
f 257 1887 1874
f 359 2193 2180
f 402 2321 2310
f 390 2285 2274
f 264 1907 1896
f 327 2098 2089
f 309 2044 2035
f 282 1961 1950
f 317 2067 2054
f 322 2083 2072
f 341 2139 2126
f 286 1975 1964
f 294 1997 1986
f 372 2231 2220
f 394 2298 2291
f 358 2190 2183
f 256 1884 1877
f 261 1900 1891
f 387 2278 2269
f 399 2314 2305
f 351 2170 2161
f 348 2159 2148
f 300 2015 2004
f 366 2213 2202
f 267 1918 1909
f 340 2136 2129
f 287 1977 1967
f 291 1990 1981
f 369 2224 2215
f 395 2301 2288
f 354 2177 2166
f 345 2152 2143
f 297 2008 1999
f 363 2206 2197
f 270 1925 1914
f 234 1817 1806
f 227 1797 1787
f 239 1833 1823
f 245 1851 1841
f 252 1871 1860
f 275 1941 1931
f 334 2119 2108
f 304 2029 2018
f 377 2247 2234
f 382 2262 2255
f 312 2051 2040
f 279 1954 1945
f 316 2064 2057
f 323 2085 2075
f 330 2105 2094
f 335 2121 2111
f 305 2031 2021
f 376 2244 2237
f 383 2265 2252
f 274 1939 1928
f 232 1814 1812
f 225 1793 1791
f 237 1829 1827
f 243 1847 1845
f 250 1868 1866
f 273 1937 1935
f 336 2124 2118
f 306 2034 2028
f 378 2250 2246
f 381 2261 2259
f 311 2050 2048
f 281 1960 1953
f 315 2063 2061
f 321 2081 2079
f 328 2102 2100
f 333 2117 2115
f 303 2027 2025
f 375 2243 2241
f 384 2268 2264
f 276 1944 1938
f 229 1804 1802
f 223 1785 1783
f 235 1821 1819
f 241 1839 1837
f 247 1858 1856
f 271 1929 1927
f 332 2114 2112
f 302 2024 2022
f 374 2240 2238
f 379 2253 2251
f 307 2038 2036
f 278 1951 1949
f 313 2055 2053
f 319 2073 2071
f 325 2092 2090
f 331 2109 2107
f 301 2019 2017
f 373 2235 2233
f 380 2258 2256
f 272 1934 1932
f 248 1861 1859
f 230 1807 1805
f 224 1790 1788
f 236 1826 1824
f 242 1844 1842
f 254 1880 1878
f 356 2186 2184
f 397 2308 2306
f 385 2272 2270
f 259 1894 1892
f 326 2095 2093
f 308 2041 2039
f 277 1948 1946
f 314 2060 2058
f 320 2078 2076
f 338 2132 2130
f 284 1970 1968
f 289 1984 1982
f 367 2218 2216
f 391 2289 2287
f 355 2181 2179
f 253 1875 1873
f 260 1897 1895
f 386 2275 2273
f 398 2311 2309
f 350 2167 2165
f 343 2146 2144
f 295 2002 2000
f 361 2200 2198
f 266 1915 1913
f 337 2127 2125
f 283 1965 1963
f 290 1987 1985
f 368 2221 2219
f 392 2294 2292
f 349 2164 2162
f 344 2149 2147
f 296 2005 2003
f 362 2203 2201
f 265 1912 1910
f 251 1870 1863
f 233 1816 1809
f 228 1800 1794
f 240 1836 1830
f 246 1854 1848
f 258 1890 1886
f 360 2196 2192
f 401 2320 2318
f 389 2284 2282
f 263 1906 1904
f 329 2104 2097
f 310 2047 2043
f 280 1958 1956
f 318 2070 2066
f 324 2088 2082
f 342 2142 2138
f 288 1980 1974
f 292 1994 1992
f 371 2230 2228
f 393 2297 2295
f 409 2329 2331
f 405 2323 2327
f 411 2326 2328
f 414 2333 2334
f 417 2336 2337
f 431 2345 2346
f 488 2409 2412
f 575 2496 2499
f 563 2485 2487
f 519 2435 2436
f 454 2374 2376
f 450 2368 2372
f 456 2371 2373
f 459 2378 2379
f 462 2381 2382
f 472 2392 2396
f 446 2360 2361
f 506 2416 2418
f 535 2456 2457
f 541 2460 2463
f 570 2488 2492
f 480 2398 2402
f 421 2340 2343
f 511 2430 2433
f 556 2475 2478
f 484 2404 2406
f 580 2501 2502
f 567 2482 2484
f 522 2440 2442
f 427 2347 2349
f 544 2464 2468
f 468 2384 2387
f 436 2355 2358
f 499 2419 2421
f 530 2451 2454
f 548 2470 2472
f 466 2385 2388
f 442 2362 2364
f 505 2423 2426
f 536 2446 2448
f 491 2401 2403
f 423 2339 2342
f 513 2429 2432
f 564 2474 2477
f 581 2491 2493
f 549 2459 2462
f 477 2395 2397
f 445 2365 2367
f 503 2424 2427
f 525 2443 2447
f 474 2390 2391
f 438 2354 2357
f 495 2413 2417
f 532 2450 2453
f 552 2467 2469
f 490 2408 2411
f 577 2495 2498
f 559 2479 2483
f 517 2437 2441
f 430 2350 2352
f 590 2511 2509
f 584 2505 2503
f 585 2507 2506
f 592 2513 2512
f 595 2516 2515
f 598 2519 2518
f 636 2556 2555
f 621 2540 2541
f 642 2561 2562
f 601 2521 2522
f 623 2544 2542
f 611 2529 2528
f 609 2530 2531
f 625 2546 2545
f 628 2549 2548
f 632 2553 2551
f 613 2534 2533
f 616 2536 2537
f 638 2557 2559
f 606 2525 2526
f 1607 644 647
f 1603 643 644
f 1604 645 643
f 1610 646 645
f 1613 647 646
f 1622 652 649
f 1686 670 672
f 1773 699 702
f 1761 695 696
f 1712 681 679
f 1652 659 662
f 1648 658 659
f 1649 660 658
f 1655 661 660
f 1658 662 661
f 1670 665 666
f 1637 657 654
f 1694 677 673
f 1731 686 685
f 1739 688 692
f 1768 698 701
f 1678 668 669
f 1619 648 650
f 1709 678 682
f 1754 693 697
f 1682 669 671
f 1776 701 700
f 1758 697 694
f 1716 682 680
f 1625 650 651
f 1742 689 690
f 1663 664 663
f 1634 653 655
f 1697 674 676
f 1728 684 687
f 1746 690 691
f 1664 663 667
f 1640 655 656
f 1700 676 675
f 1724 687 683
f 1679 672 668
f 1618 649 648
f 1708 679 678
f 1753 696 693
f 1769 702 698
f 1738 691 688
f 1671 667 665
f 1643 656 657
f 1701 675 677
f 1723 683 686
f 1667 666 664
f 1633 654 653
f 1693 673 674
f 1727 685 684
f 1743 692 689
f 1685 671 670
f 1772 700 699
f 1757 694 695
f 1715 680 681
f 1628 651 652
f 2187 838 837
f 1881 736 735
f 1899 741 742
f 2277 867 868
f 2313 879 880
f 2169 831 832
f 2156 828 827
f 2010 780 778
f 2208 846 844
f 1917 747 749
f 2133 820 819
f 1971 767 765
f 1989 771 773
f 2223 849 850
f 2300 875 876
f 2174 834 833
f 2151 825 826
f 2007 777 779
f 2205 843 845
f 1920 750 748
f 1855 727 729
f 1801 709 711
f 1784 703 706
f 1820 715 718
f 1838 721 724
f 1874 733 737
f 2180 835 839
f 2310 878 882
f 2274 866 870
f 1896 740 744
f 2089 805 807
f 2035 787 789
f 1950 758 762
f 2054 793 797
f 2072 799 802
f 2126 817 821
f 1964 763 766
f 1986 770 774
f 2220 848 852
f 2291 872 874
f 2183 836 838
f 1877 734 736
f 1891 739 741
f 2269 865 867
f 2305 877 879
f 2161 829 831
f 2148 824 828
f 2004 776 780
f 2202 842 846
f 1909 745 747
f 2129 818 820
f 1967 764 767
f 1981 769 771
f 2215 847 849
f 2288 871 875
f 2166 830 834
f 2143 823 825
f 1999 775 777
f 2197 841 843
f 1914 746 750
f 1806 710 714
f 1787 704 707
f 1823 716 719
f 1841 722 725
f 1860 728 732
f 1931 752 755
f 2108 811 814
f 2018 781 784
f 2234 853 857
f 2255 860 862
f 2040 788 792
f 1945 757 759
f 2057 794 796
f 2075 800 803
f 2094 806 810
f 2111 812 815
f 2021 782 785
f 2237 854 856
f 2252 859 863
f 1928 751 754
f 1812 714 712
f 1791 707 705
f 1827 719 717
f 1845 725 723
f 1866 732 730
f 1935 755 753
f 2118 814 816
f 2028 784 786
f 2246 857 858
f 2259 862 861
f 2048 792 791
f 1953 759 761
f 2061 796 795
f 2079 803 801
f 2100 810 808
f 2115 815 813
f 2025 785 783
f 2241 856 855
f 2264 863 864
f 1938 754 756
f 1802 712 709
f 1783 705 703
f 1819 717 715
f 1837 723 721
f 1856 730 727
f 1927 753 751
f 2112 816 812
f 2022 786 782
f 2238 858 854
f 2251 861 859
f 2036 791 787
f 1949 761 758
f 2053 795 793
f 2071 801 799
f 2090 808 805
f 2107 813 811
f 2017 783 781
f 2233 855 853
f 2256 864 860
f 1932 756 752
f 1859 731 728
f 1805 713 710
f 1788 708 704
f 1824 720 716
f 1842 726 722
f 1878 738 734
f 2184 840 836
f 2306 881 877
f 2270 869 865
f 1892 743 739
f 2093 809 806
f 2039 790 788
f 1946 760 757
f 2058 798 794
f 2076 804 800
f 2130 822 818
f 1968 768 764
f 1982 772 769
f 2216 851 847
f 2287 873 871
f 2179 837 835
f 1873 735 733
f 1895 742 740
f 2273 868 866
f 2309 880 878
f 2165 832 830
f 2144 827 823
f 2000 778 775
f 2198 844 841
f 1913 749 746
f 2125 819 817
f 1963 765 763
f 1985 773 770
f 2219 850 848
f 2292 876 872
f 2162 833 829
f 2147 826 824
f 2003 779 776
f 2201 845 842
f 1910 748 745
f 1863 729 731
f 1809 711 713
f 1794 706 708
f 1830 718 720
f 1848 724 726
f 1886 737 738
f 2192 839 840
f 2318 882 881
f 2282 870 869
f 1904 744 743
f 2097 807 809
f 2043 789 790
f 1956 762 760
f 2066 797 798
f 2082 802 804
f 2138 821 822
f 1974 766 768
f 1992 774 772
f 2228 852 851
f 2295 874 873
f 2331 1270 1269
f 2327 1246 1245
f 2328 1251 1252
f 2334 1287 1288
f 2337 1305 1306
f 2346 1335 1336
f 2412 1552 1551
f 2499 1474 1473
f 2487 1600 1599
f 2436 1353 1354
f 2376 1480 1479
f 2372 1402 1401
f 2373 1407 1408
f 2379 1491 1492
f 2382 1503 1504
f 2396 1534 1533
f 2361 1413 1414
f 2418 1443 1444
f 2457 1593 1594
f 2463 1384 1383
f 2492 1324 1323
f 2402 1276 1275
f 2343 1264 1263
f 2433 1300 1299
f 2478 1318 1317
f 2406 1342 1341
f 2502 1563 1564
f 2484 1461 1462
f 2442 1587 1588
f 2349 1348 1347
f 2468 1522 1521
f 2387 1419 1420
f 2358 1396 1395
f 2421 1498 1497
f 2454 1516 1515
f 2472 1558 1557
f 2388 1426 1425
f 2364 1432 1431
f 2426 1569 1570
f 2448 1371 1372
f 2403 1281 1282
f 2342 1257 1258
f 2432 1293 1294
f 2477 1311 1312
f 2493 1329 1330
f 2462 1377 1378
f 2397 1539 1540
f 2367 1450 1449
f 2427 1576 1575
f 2447 1366 1365
f 2391 1485 1486
f 2357 1389 1390
f 2417 1438 1437
f 2453 1509 1510
f 2469 1527 1528
f 2411 1545 1546
f 2498 1467 1468
f 2483 1456 1455
f 2441 1582 1581
f 2352 1360 1359
f 2509 1271 1272
f 2503 1247 1248
f 2506 1254 1253
f 2512 1290 1289
f 2515 1308 1307
f 2518 1338 1337
f 2555 1553 1554
f 2541 1475 1476
f 2562 1601 1602
f 2522 1356 1355
f 2542 1481 1482
f 2528 1403 1404
f 2531 1410 1409
f 2545 1494 1493
f 2548 1506 1505
f 2551 1535 1536
f 2533 1416 1415
f 2537 1446 1445
f 2559 1596 1595
f 2526 1385 1386
f 1616 907 909
f 1608 889 891
f 1606 883 886
f 1612 895 898
f 1615 901 904
f 1624 919 922
f 1692 1057 1060
f 1782 1237 1240
f 1765 1201 1204
f 1714 1099 1102
f 1661 997 999
f 1653 979 981
f 1651 973 976
f 1657 985 988
f 1660 991 994
f 1675 1021 1024
f 1639 949 952
f 1696 1063 1066
f 1733 1135 1138
f 1751 1177 1179
f 1779 1231 1233
f 1683 1039 1041
f 1626 925 927
f 1721 1117 1119
f 1766 1207 1209
f 1689 1051 1053
f 1778 1225 1228
f 1760 1189 1192
f 1718 1105 1108
f 1629 931 933
f 1747 1165 1167
f 1665 1003 1005
f 1641 955 957
f 1704 1081 1083
f 1737 1147 1150
f 1750 1171 1174
f 1676 1027 1029
f 1644 961 963
f 1702 1075 1077
f 1726 1123 1126
f 1681 1033 1036
f 1620 913 915
f 1710 1093 1095
f 1755 1183 1185
f 1771 1213 1216
f 1740 1153 1155
f 1673 1015 1018
f 1647 967 970
f 1707 1087 1090
f 1734 1141 1143
f 1669 1009 1012
f 1635 943 945
f 1698 1069 1071
f 1729 1129 1131
f 1745 1159 1162
f 1687 1045 1047
f 1774 1219 1221
f 1762 1195 1197
f 1720 1111 1114
f 1632 937 940
f 2189 1280 1284
f 1883 1256 1260
f 1903 1292 1296
f 2281 1310 1314
f 2317 1328 1332
f 2173 1376 1380
f 2158 1538 1542
f 2012 1447 1451
f 2210 1573 1577
f 1924 1363 1367
f 2135 1484 1488
f 1973 1388 1392
f 1996 1435 1439
f 2227 1508 1512
f 2304 1526 1530
f 2176 1544 1548
f 2155 1466 1470
f 2014 1453 1457
f 2212 1579 1583
f 1922 1357 1361
f 1864 1268 1270
f 1810 1244 1246
f 1795 1249 1251
f 1831 1285 1287
f 1849 1303 1305
f 1887 1333 1335
f 2193 1550 1552
f 2321 1472 1474
f 2285 1598 1600
f 1907 1351 1353
f 2098 1478 1480
f 2044 1400 1402
f 1961 1405 1407
f 2067 1489 1491
f 2083 1501 1503
f 2139 1532 1534
f 1975 1411 1413
f 1997 1441 1443
f 2231 1591 1593
f 2298 1382 1384
f 2190 1322 1324
f 1884 1274 1276
f 1900 1262 1264
f 2278 1298 1300
f 2314 1316 1318
f 2170 1340 1342
f 2159 1561 1563
f 2015 1459 1461
f 2213 1585 1587
f 1918 1346 1348
f 2136 1520 1522
f 1977 1417 1419
f 1990 1394 1396
f 2224 1496 1498
f 2301 1514 1516
f 2177 1556 1558
f 2152 1424 1426
f 2008 1430 1432
f 2206 1567 1569
f 1925 1369 1371
f 1817 1279 1281
f 1797 1255 1257
f 1833 1291 1293
f 1851 1309 1311
f 1871 1327 1329
f 1941 1375 1377
f 2119 1537 1539
f 2029 1448 1450
f 2247 1574 1576
f 2262 1364 1366
f 2051 1483 1485
f 1954 1387 1389
f 2064 1436 1438
f 2085 1507 1509
f 2105 1525 1527
f 2121 1543 1545
f 2031 1465 1467
f 2244 1454 1456
f 2265 1580 1582
f 1939 1358 1360
f 1814 1267 1271
f 1793 1243 1247
f 1829 1250 1254
f 1847 1286 1290
f 1868 1304 1308
f 1937 1334 1338
f 2124 1549 1553
f 2034 1471 1475
f 2250 1597 1601
f 2261 1352 1356
f 2050 1477 1481
f 1960 1399 1403
f 2063 1406 1410
f 2081 1490 1494
f 2102 1502 1506
f 2117 1531 1535
f 2027 1412 1416
f 2243 1442 1446
f 2268 1592 1596
f 1944 1381 1385
f 1804 890 894
f 1785 884 887
f 1821 896 899
f 1839 902 905
f 1858 908 912
f 1929 938 941
f 2114 1046 1050
f 2024 1220 1224
f 2240 1196 1200
f 2253 1112 1115
f 2038 980 984
f 1951 974 977
f 2055 986 989
f 2073 992 995
f 2092 998 1002
f 2109 1016 1019
f 2019 968 971
f 2235 1088 1091
f 2258 1142 1146
f 1934 1154 1158
f 1861 1214 1217
f 1807 1034 1037
f 1790 914 918
f 1826 1094 1098
f 1844 1184 1188
f 1880 1040 1044
f 2186 1232 1236
f 2308 1208 1212
f 2272 1118 1122
f 1894 926 930
f 2095 1160 1163
f 2041 1010 1013
f 1948 944 948
f 2060 1070 1074
f 2078 1130 1134
f 2132 1166 1170
f 1970 1004 1008
f 1984 956 960
f 2218 1082 1086
f 2289 1148 1151
f 2181 1058 1061
f 1875 920 923
f 1897 1100 1103
f 2275 1202 1205
f 2311 1238 1241
f 2167 1172 1175
f 2146 1028 1032
f 2002 962 966
f 2200 1076 1080
f 1915 1124 1127
f 2127 1022 1025
f 1965 950 953
f 1987 1064 1067
f 2221 1136 1139
f 2294 1178 1182
f 2164 1052 1056
f 2149 1226 1229
f 2005 1190 1193
f 2203 1106 1109
f 1912 932 936
f 1870 1321 1325
f 1816 1273 1277
f 1800 1261 1265
f 1836 1297 1301
f 1854 1315 1319
f 1890 1339 1343
f 2196 1562 1566
f 2320 1460 1464
f 2284 1586 1590
f 1906 1345 1349
f 2104 1519 1523
f 2047 1418 1422
f 1958 1393 1397
f 2070 1495 1499
f 2088 1513 1517
f 2142 1555 1559
f 1980 1423 1427
f 1994 1429 1433
f 2230 1568 1572
f 2297 1370 1374
f 2329 894 892
f 2323 887 885
f 2326 899 897
f 2333 905 903
f 2336 912 910
f 2345 941 939
f 2409 1050 1048
f 2496 1224 1222
f 2485 1200 1198
f 2435 1115 1113
f 2374 984 982
f 2368 977 975
f 2371 989 987
f 2378 995 993
f 2381 1002 1000
f 2392 1019 1017
f 2360 971 969
f 2416 1091 1089
f 2456 1146 1144
f 2460 1158 1156
f 2488 1217 1215
f 2398 1037 1035
f 2340 918 916
f 2430 1098 1096
f 2475 1188 1186
f 2404 1044 1042
f 2501 1236 1234
f 2482 1212 1210
f 2440 1122 1120
f 2347 930 928
f 2464 1163 1161
f 2384 1013 1011
f 2355 948 946
f 2419 1074 1072
f 2451 1134 1132
f 2470 1170 1168
f 2385 1008 1006
f 2362 960 958
f 2423 1086 1084
f 2446 1151 1149
f 2401 1061 1059
f 2339 923 921
f 2429 1103 1101
f 2474 1205 1203
f 2491 1241 1239
f 2459 1175 1173
f 2395 1032 1030
f 2365 966 964
f 2424 1080 1078
f 2443 1127 1125
f 2390 1025 1023
f 2354 953 951
f 2413 1067 1065
f 2450 1139 1137
f 2467 1182 1180
f 2408 1056 1054
f 2495 1229 1227
f 2479 1193 1191
f 2437 1109 1107
f 2350 936 934
f 2511 1325 1326
f 2505 1277 1278
f 2507 1265 1266
f 2513 1301 1302
f 2516 1319 1320
f 2519 1343 1344
f 2556 1566 1565
f 2540 1464 1463
f 2561 1590 1589
f 2521 1349 1350
f 2544 1523 1524
f 2529 1422 1421
f 2530 1397 1398
f 2546 1499 1500
f 2549 1517 1518
f 2553 1559 1560
f 2534 1427 1428
f 2536 1433 1434
f 2557 1572 1571
f 2525 1374 1373
f 1609 892 889
f 1605 885 883
f 1611 897 895
f 1614 903 901
f 1617 910 907
f 1631 939 937
f 1688 1048 1045
f 1775 1222 1219
f 1763 1198 1195
f 1719 1113 1111
f 1654 982 979
f 1650 975 973
f 1656 987 985
f 1659 993 991
f 1662 1000 997
f 1672 1017 1015
f 1646 969 967
f 1706 1089 1087
f 1735 1144 1141
f 1741 1156 1153
f 1770 1215 1213
f 1680 1035 1033
f 1621 916 913
f 1711 1096 1093
f 1756 1186 1183
f 1684 1042 1039
f 1780 1234 1231
f 1767 1210 1207
f 1722 1120 1117
f 1627 928 925
f 1744 1161 1159
f 1668 1011 1009
f 1636 946 943
f 1699 1072 1069
f 1730 1132 1129
f 1748 1168 1165
f 1666 1006 1003
f 1642 958 955
f 1705 1084 1081
f 1736 1149 1147
f 1691 1059 1057
f 1623 921 919
f 1713 1101 1099
f 1764 1203 1201
f 1781 1239 1237
f 1749 1173 1171
f 1677 1030 1027
f 1645 964 961
f 1703 1078 1075
f 1725 1125 1123
f 1674 1023 1021
f 1638 951 949
f 1695 1065 1063
f 1732 1137 1135
f 1752 1180 1177
f 1690 1054 1051
f 1777 1227 1225
f 1759 1191 1189
f 1717 1107 1105
f 1630 934 931
f 2191 1326 1322
f 1885 1278 1274
f 1901 1266 1262
f 2279 1302 1298
f 2315 1320 1316
f 2171 1344 1340
f 2160 1565 1561
f 2016 1463 1459
f 2214 1589 1585
f 1919 1350 1346
f 2137 1524 1520
f 1978 1421 1417
f 1991 1398 1394
f 2225 1500 1496
f 2302 1518 1514
f 2178 1560 1556
f 2153 1428 1424
f 2009 1434 1430
f 2207 1571 1567
f 1926 1373 1369
f 1857 911 908
f 1803 893 890
f 1786 888 884
f 1822 900 896
f 1840 906 902
f 1876 924 920
f 2182 1062 1058
f 2312 1242 1238
f 2276 1206 1202
f 1898 1104 1100
f 2091 1001 998
f 2037 983 980
f 1952 978 974
f 2056 990 986
f 2074 996 992
f 2128 1026 1022
f 1966 954 950
f 1988 1068 1064
f 2222 1140 1136
f 2293 1181 1178
f 2185 1235 1232
f 1879 1043 1040
f 1893 929 926
f 2271 1121 1118
f 2307 1211 1208
f 2163 1055 1052
f 2150 1230 1226
f 2006 1194 1190
f 2204 1110 1106
f 1911 935 932
f 2131 1169 1166
f 1969 1007 1004
f 1983 959 956
f 2217 1085 1082
f 2290 1152 1148
f 2168 1176 1172
f 2145 1031 1028
f 2001 965 962
f 2199 1079 1076
f 1916 1128 1124
f 1808 1038 1034
f 1789 917 914
f 1825 1097 1094
f 1843 1187 1184
f 1862 1218 1214
f 1933 1157 1154
f 2110 1020 1016
f 2020 972 968
f 2236 1092 1088
f 2257 1145 1142
f 2042 1014 1010
f 1947 947 944
f 2059 1073 1070
f 2077 1133 1130
f 2096 1164 1160
f 2113 1049 1046
f 2023 1223 1220
f 2239 1199 1196
f 2254 1116 1112
f 1930 942 938
f 1818 1283 1279
f 1798 1259 1255
f 1834 1295 1291
f 1852 1313 1309
f 1872 1331 1327
f 1942 1379 1375
f 2120 1541 1537
f 2030 1452 1448
f 2248 1578 1574
f 2263 1368 1364
f 2052 1487 1483
f 1955 1391 1387
f 2065 1440 1436
f 2086 1511 1507
f 2106 1529 1525
f 2122 1547 1543
f 2032 1469 1465
f 2245 1458 1454
f 2266 1584 1580
f 1940 1362 1358
f 1813 1269 1267
f 1792 1245 1243
f 1828 1252 1250
f 1846 1288 1286
f 1867 1306 1304
f 1936 1336 1334
f 2123 1551 1549
f 2033 1473 1471
f 2249 1599 1597
f 2260 1354 1352
f 2049 1479 1477
f 1959 1401 1399
f 2062 1408 1406
f 2080 1492 1490
f 2101 1504 1502
f 2116 1533 1531
f 2026 1414 1412
f 2242 1444 1442
f 2267 1594 1592
f 1943 1383 1381
f 1869 1323 1321
f 1815 1275 1273
f 1799 1263 1261
f 1835 1299 1297
f 1853 1317 1315
f 1889 1341 1339
f 2195 1564 1562
f 2319 1462 1460
f 2283 1588 1586
f 1905 1347 1345
f 2103 1521 1519
f 2046 1420 1418
f 1957 1395 1393
f 2069 1497 1495
f 2087 1515 1513
f 2141 1557 1555
f 1979 1425 1423
f 1993 1431 1429
f 2229 1570 1568
f 2296 1372 1370
f 2188 1282 1280
f 1882 1258 1256
f 1902 1294 1292
f 2280 1312 1310
f 2316 1330 1328
f 2172 1378 1376
f 2157 1540 1538
f 2011 1449 1447
f 2209 1575 1573
f 1923 1365 1363
f 2134 1486 1484
f 1972 1390 1388
f 1995 1437 1435
f 2226 1510 1508
f 2303 1528 1526
f 2175 1546 1544
f 2154 1468 1466
f 2013 1455 1453
f 2211 1581 1579
f 1921 1359 1357
f 1865 1272 1268
f 1811 1248 1244
f 1796 1253 1249
f 1832 1289 1285
f 1850 1307 1303
f 1888 1337 1333
f 2194 1554 1550
f 2322 1476 1472
f 2286 1602 1598
f 1908 1355 1351
f 2099 1482 1478
f 2045 1404 1400
f 1962 1409 1405
f 2068 1493 1489
f 2084 1505 1501
f 2140 1536 1532
f 1976 1415 1411
f 1998 1445 1441
f 2232 1595 1591
f 2299 1386 1382
f 2330 909 911
f 2324 891 893
f 2325 886 888
f 2332 898 900
f 2335 904 906
f 2344 922 924
f 2410 1060 1062
f 2497 1240 1242
f 2486 1204 1206
f 2434 1102 1104
f 2375 999 1001
f 2369 981 983
f 2370 976 978
f 2377 988 990
f 2380 994 996
f 2393 1024 1026
f 2359 952 954
f 2415 1066 1068
f 2455 1138 1140
f 2461 1179 1181
f 2489 1233 1235
f 2399 1041 1043
f 2341 927 929
f 2431 1119 1121
f 2476 1209 1211
f 2405 1053 1055
f 2500 1228 1230
f 2481 1192 1194
f 2439 1108 1110
f 2348 933 935
f 2465 1167 1169
f 2383 1005 1007
f 2356 957 959
f 2420 1083 1085
f 2452 1150 1152
f 2471 1174 1176
f 2386 1029 1031
f 2363 963 965
f 2422 1077 1079
f 2445 1126 1128
f 2400 1036 1038
f 2338 915 917
f 2428 1095 1097
f 2473 1185 1187
f 2490 1216 1218
f 2458 1155 1157
f 2394 1018 1020
f 2366 970 972
f 2425 1090 1092
f 2444 1143 1145
f 2389 1012 1014
f 2353 945 947
f 2414 1071 1073
f 2449 1131 1133
f 2466 1162 1164
f 2407 1047 1049
f 2494 1221 1223
f 2480 1197 1199
f 2438 1114 1116
f 2351 940 942
f 2510 1284 1283
f 2504 1260 1259
f 2508 1296 1295
f 2514 1314 1313
f 2517 1332 1331
f 2520 1380 1379
f 2554 1542 1541
f 2539 1451 1452
f 2560 1577 1578
f 2523 1367 1368
f 2543 1488 1487
f 2527 1392 1391
f 2532 1439 1440
f 2547 1512 1511
f 2550 1530 1529
f 2552 1548 1547
f 2535 1470 1469
f 2538 1457 1458
f 2558 1583 1584
f 2524 1361 1362
f 1607 1616 1609
f 1603 1608 1605
f 1604 1606 1611
f 1610 1612 1614
f 1613 1615 1617
f 1622 1624 1631
f 1686 1692 1688
f 1773 1782 1775
f 1761 1765 1763
f 1712 1714 1719
f 1652 1661 1654
f 1648 1653 1650
f 1649 1651 1656
f 1655 1657 1659
f 1658 1660 1662
f 1670 1675 1672
f 1637 1639 1646
f 1694 1696 1706
f 1731 1733 1735
f 1739 1751 1741
f 1768 1779 1770
f 1678 1683 1680
f 1619 1626 1621
f 1709 1721 1711
f 1754 1766 1756
f 1682 1689 1684
f 1776 1778 1780
f 1758 1760 1767
f 1716 1718 1722
f 1625 1629 1627
f 1742 1747 1744
f 1663 1665 1668
f 1634 1641 1636
f 1697 1704 1699
f 1728 1737 1730
f 1746 1750 1748
f 1664 1676 1666
f 1640 1644 1642
f 1700 1702 1705
f 1724 1726 1736
f 1679 1681 1691
f 1618 1620 1623
f 1708 1710 1713
f 1753 1755 1764
f 1769 1771 1781
f 1738 1740 1749
f 1671 1673 1677
f 1643 1647 1645
f 1701 1707 1703
f 1723 1734 1725
f 1667 1669 1674
f 1633 1635 1638
f 1693 1698 1695
f 1727 1729 1732
f 1743 1745 1752
f 1685 1687 1690
f 1772 1774 1777
f 1757 1762 1759
f 1715 1720 1717
f 1628 1632 1630
f 2187 2189 2191
f 1881 1883 1885
f 1899 1903 1901
f 2277 2281 2279
f 2313 2317 2315
f 2169 2173 2171
f 2156 2158 2160
f 2010 2012 2016
f 2208 2210 2214
f 1917 1924 1919
f 2133 2135 2137
f 1971 1973 1978
f 1989 1996 1991
f 2223 2227 2225
f 2300 2304 2302
f 2174 2176 2178
f 2151 2155 2153
f 2007 2014 2009
f 2205 2212 2207
f 1920 1922 1926
f 1855 1864 1857
f 1801 1810 1803
f 1784 1795 1786
f 1820 1831 1822
f 1838 1849 1840
f 1874 1887 1876
f 2180 2193 2182
f 2310 2321 2312
f 2274 2285 2276
f 1896 1907 1898
f 2089 2098 2091
f 2035 2044 2037
f 1950 1961 1952
f 2054 2067 2056
f 2072 2083 2074
f 2126 2139 2128
f 1964 1975 1966
f 1986 1997 1988
f 2220 2231 2222
f 2291 2298 2293
f 2183 2190 2185
f 1877 1884 1879
f 1891 1900 1893
f 2269 2278 2271
f 2305 2314 2307
f 2161 2170 2163
f 2148 2159 2150
f 2004 2015 2006
f 2202 2213 2204
f 1909 1918 1911
f 2129 2136 2131
f 1967 1977 1969
f 1981 1990 1983
f 2215 2224 2217
f 2288 2301 2290
f 2166 2177 2168
f 2143 2152 2145
f 1999 2008 2001
f 2197 2206 2199
f 1914 1925 1916
f 1806 1817 1808
f 1787 1797 1789
f 1823 1833 1825
f 1841 1851 1843
f 1860 1871 1862
f 1931 1941 1933
f 2108 2119 2110
f 2018 2029 2020
f 2234 2247 2236
f 2255 2262 2257
f 2040 2051 2042
f 1945 1954 1947
f 2057 2064 2059
f 2075 2085 2077
f 2094 2105 2096
f 2111 2121 2113
f 2021 2031 2023
f 2237 2244 2239
f 2252 2265 2254
f 1928 1939 1930
f 1812 1814 1818
f 1791 1793 1798
f 1827 1829 1834
f 1845 1847 1852
f 1866 1868 1872
f 1935 1937 1942
f 2118 2124 2120
f 2028 2034 2030
f 2246 2250 2248
f 2259 2261 2263
f 2048 2050 2052
f 1953 1960 1955
f 2061 2063 2065
f 2079 2081 2086
f 2100 2102 2106
f 2115 2117 2122
f 2025 2027 2032
f 2241 2243 2245
f 2264 2268 2266
f 1938 1944 1940
f 1802 1804 1813
f 1783 1785 1792
f 1819 1821 1828
f 1837 1839 1846
f 1856 1858 1867
f 1927 1929 1936
f 2112 2114 2123
f 2022 2024 2033
f 2238 2240 2249
f 2251 2253 2260
f 2036 2038 2049
f 1949 1951 1959
f 2053 2055 2062
f 2071 2073 2080
f 2090 2092 2101
f 2107 2109 2116
f 2017 2019 2026
f 2233 2235 2242
f 2256 2258 2267
f 1932 1934 1943
f 1859 1861 1869
f 1805 1807 1815
f 1788 1790 1799
f 1824 1826 1835
f 1842 1844 1853
f 1878 1880 1889
f 2184 2186 2195
f 2306 2308 2319
f 2270 2272 2283
f 1892 1894 1905
f 2093 2095 2103
f 2039 2041 2046
f 1946 1948 1957
f 2058 2060 2069
f 2076 2078 2087
f 2130 2132 2141
f 1968 1970 1979
f 1982 1984 1993
f 2216 2218 2229
f 2287 2289 2296
f 2179 2181 2188
f 1873 1875 1882
f 1895 1897 1902
f 2273 2275 2280
f 2309 2311 2316
f 2165 2167 2172
f 2144 2146 2157
f 2000 2002 2011
f 2198 2200 2209
f 1913 1915 1923
f 2125 2127 2134
f 1963 1965 1972
f 1985 1987 1995
f 2219 2221 2226
f 2292 2294 2303
f 2162 2164 2175
f 2147 2149 2154
f 2003 2005 2013
f 2201 2203 2211
f 1910 1912 1921
f 1863 1870 1865
f 1809 1816 1811
f 1794 1800 1796
f 1830 1836 1832
f 1848 1854 1850
f 1886 1890 1888
f 2192 2196 2194
f 2318 2320 2322
f 2282 2284 2286
f 1904 1906 1908
f 2097 2104 2099
f 2043 2047 2045
f 1956 1958 1962
f 2066 2070 2068
f 2082 2088 2084
f 2138 2142 2140
f 1974 1980 1976
f 1992 1994 1998
f 2228 2230 2232
f 2295 2297 2299
f 2331 2329 2330
f 2327 2323 2324
f 2328 2326 2325
f 2334 2333 2332
f 2337 2336 2335
f 2346 2345 2344
f 2412 2409 2410
f 2499 2496 2497
f 2487 2485 2486
f 2436 2435 2434
f 2376 2374 2375
f 2372 2368 2369
f 2373 2371 2370
f 2379 2378 2377
f 2382 2381 2380
f 2396 2392 2393
f 2361 2360 2359
f 2418 2416 2415
f 2457 2456 2455
f 2463 2460 2461
f 2492 2488 2489
f 2402 2398 2399
f 2343 2340 2341
f 2433 2430 2431
f 2478 2475 2476
f 2406 2404 2405
f 2502 2501 2500
f 2484 2482 2481
f 2442 2440 2439
f 2349 2347 2348
f 2468 2464 2465
f 2387 2384 2383
f 2358 2355 2356
f 2421 2419 2420
f 2454 2451 2452
f 2472 2470 2471
f 2388 2385 2386
f 2364 2362 2363
f 2426 2423 2422
f 2448 2446 2445
f 2403 2401 2400
f 2342 2339 2338
f 2432 2429 2428
f 2477 2474 2473
f 2493 2491 2490
f 2462 2459 2458
f 2397 2395 2394
f 2367 2365 2366
f 2427 2424 2425
f 2447 2443 2444
f 2391 2390 2389
f 2357 2354 2353
f 2417 2413 2414
f 2453 2450 2449
f 2469 2467 2466
f 2411 2408 2407
f 2498 2495 2494
f 2483 2479 2480
f 2441 2437 2438
f 2352 2350 2351
f 2509 2511 2510
f 2503 2505 2504
f 2506 2507 2508
f 2512 2513 2514
f 2515 2516 2517
f 2518 2519 2520
f 2555 2556 2554
f 2541 2540 2539
f 2562 2561 2560
f 2522 2521 2523
f 2542 2544 2543
f 2528 2529 2527
f 2531 2530 2532
f 2545 2546 2547
f 2548 2549 2550
f 2551 2553 2552
f 2533 2534 2535
f 2537 2536 2538
f 2559 2557 2558
f 2526 2525 2524