v -0.293963 0.379349 -0.043517
v 0.293905 0.379348 -0.044171
v -0.339487 -0.542216 0.004534
v 0.339901 -0.542329 0.004520
v 0.000079 -0.446124 0.706014
v -0.000147 0.228917 0.581402
v 0.000015 -0.226168 -0.565240
v 0.000181 0.421797 -0.707014
v 0.548684 0.002305 -0.351228
v 0.571176 0.004572 0.346678
v -0.548740 0.002338 -0.351337
v -0.571004 0.004675 0.346657
v 0.000124 0.457972 -0.077090
v -0.184457 0.291573 0.282830
v -0.215083 0.658181 -0.445807
v -0.458791 0.246819 -0.196791
v -0.501278 0.217263 0.200403
v 0.184716 0.291699 0.282876
v 0.215240 0.657201 -0.448440
v 0.458959 0.246784 -0.197029
v 0.501273 0.217332 0.200409
v -0.000224 -0.609139 0.011581
v -0.242885 -0.668881 0.455533
v -0.197799 -0.487074 -0.310094
v -0.459119 -0.222499 -0.173740
v -0.475153 -0.261127 0.208625
v 0.242316 -0.669241 0.454964
v 0.197609 -0.486662 -0.309993
v 0.458885 -0.222761 -0.173742
v 0.474874 -0.260897 0.209229
v 0.000119 -0.003577 0.690253
v 0.329259 -0.214945 0.567229
v -0.329134 -0.215316 0.567015
v 0.316218 0.164839 0.512797
v -0.316184 0.164779 0.512638
v -0.000133 0.025418 -0.699102
v 0.305593 -0.149473 -0.507874
v -0.305650 -0.149361 -0.507872
v 0.347087 0.214694 -0.610649
v -0.347460 0.215066 -0.611074
v 0.647242 0.000653 0.016775
v -0.647251 0.000638 0.016770
v -0.164026 0.433777 -0.066880
v -0.254703 0.340236 0.101574
v -0.256060 0.487371 -0.217660
v -0.377194 0.347281 -0.114375
v -0.399718 0.295733 0.075635
v 0.164321 0.433801 -0.067239
v 0.254184 0.340325 0.101393
v 0.256298 0.488485 -0.218877
v 0.377283 0.347696 -0.114651
v 0.399929 0.295296 0.075956
v -0.209301 -0.650771 -0.000281
v -0.284769 -0.532555 0.188105
v -0.354586 -0.675674 -0.186338
v -0.389857 -0.402759 -0.070964
v -0.402962 -0.410484 0.113917
v 0.208414 -0.650830 -0.000917
v 0.285027 -0.532319 0.188057
v 0.354319 -0.676103 -0.186266
v 0.389835 -0.402642 -0.070982
v 0.402785 -0.410505 0.114615
v -0.135748 -0.649048 0.681527
v 0.134892 -0.649106 0.680475
v -0.000069 -0.230376 0.763397
v 0.187049 -0.366002 0.697889
v -0.187354 -0.365702 0.697767
v -0.092693 0.245052 0.473115
v 0.092416 0.245298 0.472076
v -0.000038 0.178835 0.603016
v 0.149163 0.223435 0.567763
v -0.149130 0.223461 0.567701
v -0.081922 -0.299737 -0.428621
v 0.081909 -0.299710 -0.428703
v -0.000066 -0.174672 -0.593134
v 0.140503 -0.211737 -0.554621
v -0.140477 -0.211723 -0.554623
v -0.125240 0.573883 -0.634466
v 0.125150 0.573746 -0.634479
v -0.000072 0.240567 -0.790340
v 0.188354 0.351472 -0.719751
v -0.188597 0.351728 -0.720201
v 0.538434 0.099578 -0.292742
v 0.532940 -0.093200 -0.285791
v 0.453194 -0.060454 -0.435766
v 0.469864 0.079703 -0.461583
v 0.597003 -0.000027 -0.188994
v 0.549293 0.102348 0.288046
v 0.544285 -0.105824 0.285810
v 0.466019 -0.073601 0.438003
v 0.467455 0.071718 0.432528
v 0.631008 0.002530 0.205671
v -0.538434 0.099332 -0.292741
v -0.532959 -0.093112 -0.285776
v -0.453214 -0.060633 -0.435980
v -0.469533 0.079688 -0.461459
v -0.596965 0.000035 -0.188974
v -0.550011 0.102157 0.288322
v -0.544012 -0.106028 0.285883
v -0.466441 -0.073241 0.438167
v -0.467822 0.071868 0.432468
v -0.630971 0.002596 0.205600
v -0.086983 0.370857 0.099743
v -0.090284 0.579092 -0.257544
v 0.086907 0.370748 0.099965
v 0.090437 0.579082 -0.257453
v -0.361923 0.263781 0.260660
v -0.000166 0.302568 0.284339
v -0.279049 0.234652 0.452020
v -0.373192 0.468547 -0.327155
v -0.000079 0.701088 -0.456519
v -0.294851 0.440740 -0.540052
v -0.512360 0.230932 0.014455
v -0.404744 0.250091 -0.407689
v -0.583274 0.111603 -0.083447
v -0.433003 0.199418 0.379710
v -0.591681 0.113620 0.112296
v 0.363455 0.263237 0.261504
v 0.279070 0.234665 0.451985
v 0.373411 0.468716 -0.327562
v 0.295510 0.440842 -0.541362
v 0.512410 0.230680 0.014724
v 0.404730 0.250431 -0.408034
v 0.583346 0.111551 -0.083411
v 0.433037 0.199480 0.379812
v 0.591441 0.113502 0.112276
v -0.096562 -0.584368 0.230061
v -0.107155 -0.677220 -0.187880
v 0.096620 -0.584946 0.230592
v 0.106324 -0.675220 -0.187725
v -0.372294 -0.439317 0.330625
v 0.000175 -0.649933 0.470498
v -0.328700 -0.478412 0.568116
v -0.337902 -0.357302 -0.249215
v 0.000038 -0.480717 -0.305908
v -0.247421 -0.259889 -0.412916
v -0.489508 -0.245053 0.021465
v -0.406898 -0.183518 -0.368092
v -0.577939 -0.105707 -0.083097
v -0.418605 -0.260980 0.397514
v -0.587159 -0.112307 0.110127
v 0.371331 -0.439257 0.330726
v 0.328866 -0.479322 0.568366
v 0.337744 -0.357297 -0.249463
v 0.247552 -0.259811 -0.412946
v 0.489317 -0.245325 0.021520
v 0.406925 -0.183479 -0.368119
v 0.577954 -0.105709 -0.082970
v 0.418864 -0.260929 0.397305
v 0.587186 -0.112049 0.110060
v 0.193222 -0.111063 0.696641
v -0.193065 -0.111061 0.696473
v 0.168821 0.088146 0.601702
v -0.168680 0.088494 0.601923
v 0.338206 -0.003508 0.550821
v -0.337645 -0.003490 0.550407
v 0.168284 -0.071639 -0.601715
v -0.168390 -0.071712 -0.601665
v 0.226077 0.120038 -0.780183
v -0.226152 0.120311 -0.780496
v 0.341446 0.019493 -0.575261
v -0.341034 0.019421 -0.575461
v -0.237921 0.406406 -0.055819
v -0.279005 0.362110 0.020372
v -0.274229 0.419798 -0.118335
v -0.333231 0.369429 -0.075680
v -0.340040 0.340228 0.009350
v 0.238106 0.406751 -0.055518
v 0.278770 0.361786 0.020605
v 0.274556 0.420076 -0.119249
v 0.332909 0.369523 -0.076138
v 0.340660 0.339961 0.009613
v -0.292874 -0.603925 -0.004023
v -0.317127 -0.533079 0.077174
v -0.342313 -0.600390 -0.070960
v -0.368643 -0.491076 -0.030904
v -0.371162 -0.481310 0.056295
v 0.292371 -0.604473 -0.003702
v 0.317176 -0.533082 0.076683
v 0.341734 -0.601024 -0.070305
v 0.368868 -0.491634 -0.030826
v 0.371277 -0.481162 0.055986
v -0.057358 -0.524055 0.690737
v 0.056771 -0.523954 0.690921
v -0.000023 -0.350533 0.724650
v 0.085888 -0.415679 0.708890
v -0.086180 -0.415334 0.708783
v -0.041748 0.233057 0.550449
v 0.041797 0.233077 0.550462
v -0.000001 0.225407 0.592394
v 0.066279 0.228234 0.579643
v -0.066261 0.228221 0.579673
v -0.037265 -0.249028 -0.511870
v 0.037280 -0.249026 -0.511879
v 0.000017 -0.216916 -0.582393
v 0.062199 -0.222141 -0.568624
v -0.062218 -0.222176 -0.568623
v -0.053153 0.487609 -0.674954
v 0.053011 0.487739 -0.675036
v 0.000100 0.340984 -0.746732
v 0.084664 0.393775 -0.716447
v -0.084890 0.394007 -0.716488
v 0.555859 0.042071 -0.332028
v 0.547341 -0.039476 -0.325271
v 0.512923 -0.023892 -0.392838
v 0.519333 0.031537 -0.400060
v 0.573882 0.000737 -0.285127
v 0.571483 0.043926 0.326238
v 0.571877 -0.036427 0.323158
v 0.533708 -0.021647 0.388622
v 0.533007 0.031332 0.389293
v 0.601345 0.003547 0.286254
v -0.556023 0.042066 -0.332061
v -0.547294 -0.039356 -0.325266
v -0.512905 -0.023794 -0.392877
v -0.519461 0.031486 -0.400258
v -0.573906 0.000763 -0.285143
v -0.571431 0.044069 0.326097
v -0.571873 -0.036693 0.322974
v -0.533643 -0.021765 0.388671
v -0.532911 0.031488 0.389174
v -0.601219 0.003627 0.286282
v -0.082890 0.452176 -0.074591
v 0.082890 0.451725 -0.074937
v -0.042540 0.412459 0.010631
v -0.042059 0.512191 -0.165292
v 0.042155 0.412821 0.010521
v 0.041921 0.512058 -0.165506
v -0.223038 0.316561 0.189699
v -0.140951 0.266068 0.378838
v -0.134584 0.329997 0.190789
v -0.276755 0.279392 0.276631
v -0.092417 0.299403 0.284493
v -0.236158 0.258784 0.373639
v -0.246938 0.587953 -0.330927
v -0.182670 0.638759 -0.542162
v -0.157630 0.672371 -0.357318
v -0.400437 0.632823 -0.407698
v -0.153794 0.811709 -0.458513
v -0.284043 0.566202 -0.500560
v -0.419057 0.307427 -0.153661
v -0.499343 0.173684 -0.244294
v -0.385312 0.336688 -0.259593
v -0.491525 0.238281 -0.087843
v -0.428975 0.253355 -0.303004
v -0.525632 0.175042 -0.138131
v -0.455716 0.255895 0.141369
v -0.527923 0.163944 0.247512
v -0.437653 0.244812 0.234831
v -0.512350 0.223227 0.107681
v -0.473110 0.208814 0.292007
v -0.550502 0.171467 0.158150
v 0.222851 0.317127 0.189509
v 0.141133 0.266029 0.378635
v 0.134281 0.329761 0.191338
v 0.092352 0.299437 0.284609
v 0.276628 0.279398 0.276801
v 0.236598 0.258767 0.373807
v 0.247421 0.590154 -0.333596
v 0.182800 0.638284 -0.542439
v 0.158679 0.672726 -0.357390
v 0.153723 0.811557 -0.458335
v 0.402758 0.631692 -0.409481
v 0.284103 0.565168 -0.500739
v 0.419007 0.307400 -0.154195
v 0.499298 0.173639 -0.244349
v 0.385257 0.336807 -0.259805
v 0.491709 0.238357 -0.087703
v 0.429004 0.253394 -0.302874
v 0.525407 0.175286 -0.138174
v 0.455830 0.255623 0.141576
v 0.527784 0.163704 0.247346
v 0.437796 0.244705 0.234942
v 0.512399 0.223206 0.107767
v 0.473222 0.208814 0.292086
v 0.550506 0.171616 0.158176
v -0.105510 -0.628962 0.005114
v 0.104931 -0.628852 0.005226
v -0.048702 -0.594437 0.112502
v -0.066170 -0.616151 -0.081105
v 0.048628 -0.594410 0.112439
v 0.065625 -0.615447 -0.081293
v -0.251482 -0.551069 0.329275
v -0.207503 -0.797794 0.612816
v -0.147473 -0.583375 0.367123
v -0.312591 -0.537179 0.401778
v -0.118257 -0.702916 0.469194
v -0.312891 -0.619439 0.536878
v -0.292137 -0.628523 -0.292257
v -0.132328 -0.377164 -0.352903
v -0.163236 -0.629919 -0.278093
v -0.283496 -0.437501 -0.290530
v -0.099314 -0.488878 -0.309104
v -0.215097 -0.347625 -0.339364
v -0.416595 -0.305386 -0.116579
v -0.503603 -0.152015 -0.235194
v -0.393937 -0.285041 -0.210776
v -0.477183 -0.234417 -0.074149
v -0.437864 -0.203992 -0.273851
v -0.521673 -0.162391 -0.130431
v -0.436903 -0.336805 0.165318
v -0.512432 -0.182907 0.247882
v -0.421613 -0.346861 0.265768
v -0.487887 -0.253998 0.114898
v -0.451209 -0.264418 0.303834
v -0.534577 -0.181113 0.157284
v 0.251385 -0.551268 0.329407
v 0.205984 -0.799154 0.610334
v 0.147893 -0.583144 0.367435
v 0.117846 -0.702347 0.468435
v 0.312503 -0.537476 0.402360
v 0.312569 -0.621049 0.536906
v 0.291985 -0.628387 -0.292132
v 0.132339 -0.377165 -0.352899
v 0.162949 -0.629123 -0.277279
v 0.098803 -0.488491 -0.308515
v 0.283475 -0.437256 -0.290624
v 0.215071 -0.347597 -0.339439
v 0.416765 -0.305256 -0.116407
v 0.503784 -0.151634 -0.235105
v 0.394406 -0.285555 -0.211057
v 0.477082 -0.234713 -0.074474
v 0.438547 -0.203739 -0.274231
v 0.521534 -0.162618 -0.130488
v 0.437712 -0.336453 0.165225
v 0.512403 -0.182644 0.247986
v 0.421654 -0.346642 0.266060
v 0.487594 -0.254283 0.114920
v 0.451636 -0.263969 0.303627
v 0.533638 -0.181250 0.157651
v 0.000114 -0.105652 0.775782
v 0.000103 0.087692 0.630720
v 0.094590 -0.058010 0.704495
v -0.094525 -0.057936 0.704003
v 0.087472 0.040736 0.645190
v -0.087533 0.040644 0.646054
v 0.267104 -0.294660 0.645787
v 0.395199 -0.139955 0.496849
v 0.325735 -0.339753 0.568355
v 0.379301 -0.246665 0.487005
v 0.265013 -0.168533 0.634332
v 0.336006 -0.102805 0.563164
v -0.267429 -0.294783 0.645251
v -0.394942 -0.139712 0.496855
v -0.325748 -0.339696 0.568624
v -0.379368 -0.246058 0.486906
v -0.265540 -0.168727 0.635216
v -0.336042 -0.102649 0.563033
v 0.234415 0.205577 0.546018
v 0.394544 0.117941 0.474356
v 0.301510 0.215593 0.493937
v 0.378846 0.184918 0.454058
v 0.244869 0.132111 0.559112
v 0.327344 0.083568 0.529583
v -0.234311 0.205509 0.545965
v -0.394602 0.117885 0.474603
v -0.301456 0.215564 0.493972
v -0.378889 0.184755 0.454043
v -0.244910 0.132213 0.559211
v -0.327538 0.083961 0.529148
v 0.000024 -0.074617 -0.620747
v -0.000041 0.129322 -0.777535
v 0.090926 -0.024013 -0.652722
v -0.090963 -0.024156 -0.652710
v 0.106853 0.071357 -0.747279
v -0.107000 0.071293 -0.747758
v 0.224130 -0.187638 -0.534896
v 0.381846 -0.102324 -0.474371
v 0.283186 -0.200836 -0.479010
v 0.362742 -0.166911 -0.448018
v 0.239983 -0.116291 -0.557748
v 0.321733 -0.068080 -0.536254
v -0.224132 -0.187629 -0.534890
v -0.381712 -0.101887 -0.474266
v -0.283107 -0.200870 -0.478970
v -0.362757 -0.166885 -0.447920
v -0.240037 -0.115955 -0.557798
v -0.321568 -0.068085 -0.536110
v 0.279144 0.289285 -0.686085
v 0.413832 0.142971 -0.534235
v 0.316067 0.321870 -0.577560
v 0.383674 0.238259 -0.511618
v 0.306494 0.179071 -0.720725
v 0.358518 0.112606 -0.612815
v -0.278148 0.289363 -0.685235
v -0.414751 0.143017 -0.534748
v -0.315933 0.322001 -0.578228
v -0.383407 0.238192 -0.511674
v -0.306360 0.178733 -0.720910
v -0.358188 0.112560 -0.612556
v 0.624706 0.000060 -0.084764
v 0.640779 0.001426 0.113179
v 0.629593 0.053166 -0.031804
v 0.630742 0.055030 0.065817
v 0.622052 -0.052180 -0.033795
v 0.627788 -0.052619 0.063792
v -0.624820 0.000129 -0.084736
v -0.640808 0.001433 0.113221
v -0.629628 0.053160 -0.031752
v -0.630766 0.055129 0.065777
v -0.622039 -0.052149 -0.033781
v -0.627741 -0.052551 0.063769
v -0.206439 0.384234 0.019288
v -0.204791 0.463147 -0.145134
v -0.126234 0.402337 0.014504
v -0.124995 0.494968 -0.160158
v -0.331005 0.319414 0.093285
v -0.172670 0.357940 0.102288
v -0.309907 0.299777 0.182621
v -0.316268 0.416639 -0.173214
v -0.174188 0.541955 -0.248118
v -0.324156 0.500346 -0.281227
v -0.393934 0.316891 -0.016560
v -0.353272 0.393092 -0.220498
v -0.445330 0.284683 -0.048734
v -0.387191 0.279193 0.166157
v -0.457778 0.268196 0.048296
v 0.206787 0.384654 0.019193
v 0.204715 0.463207 -0.145602
v 0.126162 0.402413 0.014687
v 0.124711 0.494473 -0.160257
v 0.329866 0.319081 0.093310
v 0.172642 0.358304 0.102329
v 0.307748 0.299717 0.182305
v 0.316524 0.417797 -0.174277
v 0.174862 0.542892 -0.249071
v 0.324619 0.501652 -0.282761
v 0.393627 0.317080 -0.016920
v 0.353275 0.393693 -0.221670
v 0.445410 0.284819 -0.048976
v 0.386651 0.279047 0.166364
v 0.458101 0.268007 0.048376
v -0.238766 -0.560161 0.078443
v -0.298528 -0.747744 -0.083586
v -0.143298 -0.576868 0.091607
v -0.161027 -0.768078 -0.074308
v -0.366761 -0.486948 0.155367
v -0.193512 -0.563446 0.214704
v -0.336878 -0.497703 0.273033
v -0.365010 -0.512827 -0.126124
v -0.229357 -0.784828 -0.222611
v -0.358395 -0.509354 -0.232876
v -0.401466 -0.405072 0.019906
v -0.372756 -0.393050 -0.165472
v -0.434052 -0.317294 -0.022334
v -0.392141 -0.421187 0.218294
v -0.442968 -0.327527 0.069361
v 0.238301 -0.559758 0.078340
v 0.297411 -0.748998 -0.083655
v 0.143046 -0.576570 0.091361
v 0.159247 -0.767303 -0.076154
v 0.367001 -0.486853 0.155201
v 0.193161 -0.563168 0.214473
v 0.336348 -0.497423 0.273037
v 0.364873 -0.512546 -0.126067
v 0.228255 -0.784896 -0.222831
v 0.358250 -0.509269 -0.233195
v 0.401865 -0.405605 0.019925
v 0.373137 -0.392833 -0.165477
v 0.433956 -0.317189 -0.022643
v 0.392206 -0.421334 0.218185
v 0.442213 -0.328018 0.069156
v 0.000027 -0.602112 0.653855
v -0.177245 -0.508033 0.696055
v -0.061067 -0.676156 0.585584
v -0.284069 -0.625243 0.676604
v 0.176979 -0.508567 0.696184
v 0.060540 -0.675465 0.584647
v 0.284122 -0.626370 0.676550
v 0.095375 -0.294769 0.728233
v -0.095280 -0.294738 0.728070
v 0.099705 -0.170712 0.744105
v -0.099536 -0.171344 0.744185
v 0.282355 -0.441508 0.665899
v 0.190899 -0.234141 0.704039
v -0.282669 -0.441357 0.665639
v -0.190796 -0.234296 0.703448
v -0.000042 0.246393 0.472109
v -0.128728 0.231354 0.543314
v -0.046437 0.270356 0.379282
v -0.187462 0.240704 0.469755
v 0.128695 0.231332 0.543310
v 0.046650 0.269878 0.379351
v 0.187526 0.240711 0.469775
v 0.076412 0.220487 0.589058
v -0.076355 0.220556 0.588825
v 0.082416 0.133581 0.606228
v -0.082485 0.133436 0.606803
v 0.216657 0.227019 0.522848
v 0.161004 0.176480 0.580204
v -0.216609 0.227085 0.522825
v -0.161081 0.176661 0.580244
v 0.000065 -0.304626 -0.430163
v -0.116092 -0.240755 -0.511158
v -0.044791 -0.387448 -0.361289
v -0.164453 -0.285247 -0.422326
v 0.116124 -0.240778 -0.511057
v 0.044692 -0.387431 -0.361123
v 0.164481 -0.285366 -0.422399
v 0.074264 -0.205849 -0.581804
v -0.074179 -0.205803 -0.581697
v 0.081797 -0.125664 -0.600296
v -0.081839 -0.125121 -0.600704
v 0.199619 -0.225946 -0.500637
v 0.155550 -0.166657 -0.571011
v -0.199586 -0.225956 -0.500649
v -0.155522 -0.166632 -0.571227
v 0.000077 0.584624 -0.635996
v -0.161720 0.462042 -0.673393
v -0.067570 0.665220 -0.559822
v -0.224704 0.521846 -0.599766
v 0.161476 0.461651 -0.673221
v 0.067516 0.664968 -0.560145
v 0.224776 0.521507 -0.600257
v 0.105142 0.295850 -0.772478
v -0.105374 0.295858 -0.772332
v 0.120032 0.185730 -0.821177
v -0.120163 0.186249 -0.821021
v 0.249789 0.402222 -0.639965
v 0.222973 0.245220 -0.788811
v -0.249817 0.402418 -0.639840
v -0.222778 0.245427 -0.788759
v 0.514055 0.091427 -0.385141
v 0.578184 0.047514 -0.240282
v 0.476613 0.167779 -0.347751
v 0.559650 0.107064 -0.189141
v 0.495844 -0.080941 -0.365081
v 0.572440 -0.046896 -0.238130
v 0.477123 -0.138815 -0.330430
v 0.555231 -0.100958 -0.186694
v 0.472151 0.006585 -0.459001
v 0.435248 -0.125266 -0.409208
v 0.399412 -0.025922 -0.502368
v 0.457437 0.156839 -0.448130
v 0.418293 0.053453 -0.530452
v 0.602919 0.051117 -0.136433
v 0.596010 -0.050634 -0.136746
v 0.513697 0.090340 0.364914
v 0.601880 0.050501 0.248278
v 0.494505 0.154409 0.333279
v 0.577466 0.110068 0.203537
v 0.511267 -0.093013 0.365921
v 0.601452 -0.045403 0.244418
v 0.480682 -0.178002 0.335826
v 0.574566 -0.110376 0.200017
v 0.482500 0.006296 0.447962
v 0.442292 -0.164811 0.420233
v 0.413513 -0.039941 0.503729
v 0.448501 0.138039 0.407865
v 0.412015 0.043129 0.494895
v 0.623278 0.054034 0.160785
v 0.620950 -0.050434 0.157329
v -0.514019 0.091393 -0.385199
v -0.578177 0.047436 -0.240393
v -0.476570 0.167910 -0.347781
v -0.559508 0.107067 -0.189246
v -0.496671 -0.081105 -0.365829
v -0.572433 -0.046872 -0.238127
v -0.477133 -0.138739 -0.330436
v -0.555178 -0.100959 -0.186744
v -0.472264 0.006587 -0.459097
v -0.435176 -0.125267 -0.409191
v -0.399562 -0.026152 -0.502400
v -0.457563 0.157226 -0.448244
v -0.418506 0.053401 -0.530676
v -0.602959 0.051123 -0.136475
v -0.596003 -0.050596 -0.136719
v -0.514036 0.090277 0.365168
v -0.601917 0.050530 0.248141
v -0.494292 0.154018 0.333073
v -0.577527 0.110015 0.203627
v -0.511339 -0.093232 0.365914
v -0.601394 -0.045419 0.244509
v -0.480423 -0.178101 0.335965
v -0.574492 -0.110371 0.199946
v -0.482313 0.006169 0.447897
v -0.442611 -0.164423 0.419933
v -0.413516 -0.040056 0.504000
v -0.448495 0.137946 0.408019
v -0.411996 0.043114 0.494957
v -0.623281 0.054112 0.160754
v -0.620953 -0.050436 0.157430
v 0.000192 0.376905 0.097159
v -0.044903 0.337468 0.190322
v 0.000071 0.587245 -0.258277
v -0.058135 0.673564 -0.356016
v 0.044901 0.337296 0.190307
v 0.058192 0.673375 -0.356041
v -0.329332 0.247424 0.360832
v -0.405662 0.233863 0.329875
v -0.360153 0.223789 0.419823
v -0.358308 0.482913 -0.443372
v -0.352515 0.352490 -0.364556
v -0.335161 0.343248 -0.473332
v -0.551753 0.176247 -0.031796
v -0.557199 0.174010 0.064858
v -0.597713 0.114048 0.017619
v 0.329372 0.247438 0.360716
v 0.405787 0.233926 0.329839
v 0.360261 0.223845 0.419772
v 0.358056 0.482309 -0.443996
v 0.352388 0.352184 -0.364823
v 0.334969 0.342455 -0.473265
v 0.551914 0.176089 -0.031740
v 0.557168 0.174023 0.065002
v 0.597704 0.114044 0.017644
v 0.000130 -0.593379 0.234417
v -0.048400 -0.604681 0.361075
v -0.000230 -0.573061 -0.162534
v -0.054835 -0.565579 -0.247896
v 0.048861 -0.604418 0.361042
v 0.054032 -0.565672 -0.247669
v -0.348823 -0.464935 0.447364
v -0.396333 -0.355846 0.369522
v -0.365499 -0.358037 0.472413
v -0.290447 -0.302686 -0.324383
v -0.364187 -0.255470 -0.302797
v -0.328281 -0.225619 -0.394930
v -0.542615 -0.168107 -0.028735
v -0.543683 -0.176580 0.065749
v -0.594797 -0.109129 0.016576
v 0.348603 -0.465376 0.447718
v 0.396488 -0.356200 0.369309
v 0.365482 -0.358209 0.472246
v 0.290227 -0.302398 -0.324161
v 0.364203 -0.255882 -0.302710
v 0.328452 -0.225493 -0.395053
v 0.542800 -0.167815 -0.028724
v 0.544182 -0.176477 0.065773
v 0.594848 -0.109200 0.016669
v 0.177217 -0.008805 0.641404
v 0.262277 -0.058052 0.613393
v -0.177244 -0.008884 0.641127
v -0.262515 -0.058134 0.613480
v 0.253644 0.040287 0.582870
v -0.253657 0.039937 0.582726
v 0.189808 0.022910 -0.675848
v 0.257806 -0.024527 -0.600623
v -0.190133 0.022790 -0.675866
v -0.258169 -0.023982 -0.600120
v 0.284484 0.070282 -0.667114
v -0.284109 0.069892 -0.666896
v -0.269761 0.392256 -0.049302
v -0.287849 0.371872 -0.015317
v -0.284970 0.396290 -0.075919
v -0.311673 0.375646 -0.057828
v -0.313976 0.361851 -0.020126
v 0.269710 0.392304 -0.049055
v 0.287804 0.371518 -0.015138
v 0.284806 0.396419 -0.076462
v 0.311927 0.375579 -0.057687
v 0.313982 0.361662 -0.020335
v -0.320530 -0.570589 0.000468
v -0.330164 -0.538068 0.035136
v -0.338713 -0.565108 -0.028056
v -0.354521 -0.522869 -0.011416
v -0.352429 -0.513377 0.027629
v 0.320324 -0.570760 0.000200
v 0.329729 -0.538296 0.035063
v 0.338170 -0.565367 -0.028058
v 0.353995 -0.522793 -0.011431
v 0.352336 -0.513169 0.027794
v -0.024562 -0.480085 0.699485
v 0.024103 -0.479906 0.699507
v -0.000115 -0.403797 0.713282
v 0.038102 -0.433072 0.708001
v -0.038328 -0.432909 0.707645
v -0.018279 0.230062 0.573053
v 0.018348 0.230042 0.573058
v 0.000003 0.227409 0.588616
v 0.029321 0.228433 0.582777
v -0.029273 0.228416 0.582787
v -0.016816 -0.231054 -0.550605
v 0.016815 -0.231046 -0.550628
v 0.000016 -0.221698 -0.576746
v 0.027471 -0.223623 -0.571710
v -0.027467 -0.223638 -0.571667
v -0.022888 0.450435 -0.692815
v 0.023344 0.450374 -0.692764
v 0.000353 0.385817 -0.724021
v 0.037545 0.409508 -0.711417
v -0.037128 0.410013 -0.711718
v 0.554567 0.019805 -0.344461
v 0.550471 -0.015810 -0.341114
v 0.534567 -0.008715 -0.370551
v 0.537543 0.014419 -0.373342
v 0.562797 0.001656 -0.324689
v 0.574682 0.021074 0.339380
v 0.575133 -0.012303 0.337612
v 0.557709 -0.005615 0.366003
v 0.557218 0.015690 0.366888
v 0.586116 0.004027 0.321058
v -0.554647 0.019933 -0.344563
v -0.550558 -0.015774 -0.341258
v -0.534695 -0.008677 -0.370758
v -0.537632 0.014498 -0.373443
v -0.562833 0.001674 -0.324733
v -0.574610 0.021204 0.339278
v -0.574980 -0.012288 0.337652
v -0.557554 -0.005591 0.366069
v -0.557129 0.015814 0.366742
v -0.585941 0.004128 0.321106
v -0.041946 0.456444 -0.076752
v 0.041750 0.456268 -0.076483
v -0.020902 0.434506 -0.033735
v -0.021033 0.484002 -0.121045
v 0.020933 0.434579 -0.033354
v 0.020706 0.483620 -0.121348
v -0.204522 0.304270 0.235901
v -0.164037 0.278901 0.330584
v -0.159319 0.310364 0.236522
v -0.230715 0.286182 0.280463
v -0.138295 0.296192 0.283759
v -0.210520 0.274431 0.328252
v -0.233741 0.635254 -0.391418
v -0.203798 0.665568 -0.495640
v -0.198368 0.698985 -0.404016
v -0.288639 0.630755 -0.425122
v -0.218316 0.793745 -0.469677
v -0.258616 0.619189 -0.474263
v -0.439114 0.279627 -0.174611
v -0.478809 0.210843 -0.220373
v -0.422595 0.288643 -0.228067
v -0.474556 0.242569 -0.143375
v -0.443395 0.250788 -0.249876
v -0.493250 0.209430 -0.166958
v -0.480523 0.237003 0.172164
v -0.516573 0.193185 0.225404
v -0.471107 0.232668 0.218674
v -0.509169 0.220565 0.154313
v -0.488889 0.213154 0.246284
v -0.527822 0.197166 0.180198
v 0.204528 0.304372 0.235898
v 0.163504 0.278420 0.330263
v 0.159723 0.310306 0.237167
v 0.138579 0.296131 0.283697
v 0.230818 0.285720 0.280672
v 0.210607 0.274341 0.328359
v 0.233959 0.635792 -0.394888
v 0.203559 0.664642 -0.496793
v 0.198407 0.698879 -0.405632
v 0.218264 0.793588 -0.469808
v 0.290035 0.628816 -0.427972
v 0.259234 0.618183 -0.476143
v 0.439256 0.279468 -0.174830
v 0.478827 0.211074 -0.220227
v 0.422630 0.288458 -0.228131
v 0.475235 0.242311 -0.142805
v 0.443730 0.250859 -0.250003
v 0.493557 0.209359 -0.166625
v 0.480564 0.237064 0.172273
v 0.516560 0.193298 0.225387
v 0.471189 0.232734 0.218711
v 0.509112 0.220670 0.154376
v 0.488911 0.213201 0.246271
v 0.527780 0.197185 0.180231
v -0.053874 -0.614819 0.010042
v 0.053386 -0.614014 0.009289
v -0.025728 -0.603315 0.060661
v -0.030055 -0.611116 -0.034980
v 0.025334 -0.602986 0.060636
v 0.029670 -0.610718 -0.035291
v -0.240493 -0.581234 0.406645
v -0.252410 -0.781642 0.519014
v -0.193018 -0.632553 0.411671
v -0.280445 -0.592831 0.440295
v -0.192245 -0.751588 0.456376
v -0.298497 -0.673883 0.499331
v -0.239737 -0.555698 -0.299187
v -0.162342 -0.427996 -0.327999
v -0.185195 -0.562424 -0.297974
v -0.243797 -0.468223 -0.303074
v -0.148936 -0.491661 -0.311210
v -0.206363 -0.413949 -0.320703
v -0.437194 -0.262345 -0.144199
v -0.482111 -0.185884 -0.204323
v -0.426538 -0.253304 -0.192982
v -0.468419 -0.229460 -0.123612
v -0.448849 -0.213970 -0.223809
v -0.490639 -0.192059 -0.152567
v -0.455130 -0.299258 0.188026
v -0.493994 -0.222087 0.228590
v -0.447443 -0.302965 0.236408
v -0.482677 -0.257858 0.161706
v -0.464918 -0.263348 0.256449
v -0.503803 -0.220309 0.182601
v 0.240445 -0.581398 0.407015
v 0.250126 -0.782036 0.517431
v 0.193303 -0.632220 0.411814
v 0.191779 -0.750107 0.455835
v 0.279997 -0.593157 0.440264
v 0.297800 -0.675501 0.498702
v 0.239598 -0.555381 -0.299669
v 0.162668 -0.427953 -0.328032
v 0.184761 -0.562508 -0.298038
v 0.148587 -0.491387 -0.310524
v 0.243321 -0.468430 -0.303233
v 0.206362 -0.414034 -0.320704
v 0.437034 -0.262104 -0.144377
v 0.481560 -0.185944 -0.204299
v 0.426998 -0.253976 -0.193231
v 0.468276 -0.229227 -0.123661
v 0.449654 -0.213930 -0.224056
v 0.490753 -0.192575 -0.152893
v 0.455345 -0.299089 0.187713
v 0.493732 -0.222024 0.228666
v 0.447246 -0.302965 0.236472
v 0.482140 -0.257686 0.161667
v 0.464409 -0.263048 0.256316
v 0.503774 -0.220274 0.182462
v 0.000103 -0.049303 0.734130
v -0.000191 0.041453 0.655636
v 0.046655 -0.029350 0.702640
v -0.046718 -0.028818 0.703365
v 0.044776 0.017808 0.668379
v -0.044646 0.018235 0.668565
v 0.298499 -0.255030 0.605932
v 0.361023 -0.176908 0.530509
v 0.326738 -0.275651 0.568071
v 0.355829 -0.232938 0.528638
v 0.298931 -0.193352 0.602355
v 0.332041 -0.157749 0.565474
v -0.298412 -0.255132 0.605881
v -0.361066 -0.176825 0.530152
v -0.326885 -0.275901 0.567771
v -0.355806 -0.232874 0.528216
v -0.298501 -0.194013 0.601746
v -0.332527 -0.157969 0.565332
v 0.275303 0.184872 0.529803
v 0.355913 0.142073 0.494288
v 0.310009 0.197821 0.505842
v 0.349375 0.177929 0.486469
v 0.280871 0.148762 0.536578
v 0.321581 0.125058 0.520195
v -0.275270 0.184554 0.529477
v -0.356141 0.142032 0.494363
v -0.309894 0.197578 0.505778
v -0.349287 0.177739 0.486406
v -0.281081 0.149871 0.536442
v -0.321728 0.125528 0.520294
v -0.000140 -0.023685 -0.656438
v -0.000137 0.075865 -0.742163
v 0.047476 0.000282 -0.677336
v -0.047327 0.000651 -0.676764
v 0.051362 0.049402 -0.721344
v -0.051338 0.049592 -0.721333
v 0.265479 -0.170473 -0.522232
v 0.343918 -0.125068 -0.491685
v 0.295080 -0.177153 -0.494603
v 0.334931 -0.158106 -0.479199
v 0.274679 -0.138636 -0.533428
v 0.313657 -0.110898 -0.520590
v -0.265547 -0.170437 -0.522212
v -0.344143 -0.125128 -0.491874
v -0.295107 -0.177055 -0.494592
v -0.334840 -0.157964 -0.479109
v -0.274776 -0.138679 -0.533439
v -0.313778 -0.111078 -0.520537
v 0.313610 0.252339 -0.650024
v 0.382630 0.178354 -0.573068
v 0.332168 0.267199 -0.596437
v 0.369297 0.228399 -0.562495
v 0.325311 0.198333 -0.662105
v 0.355894 0.163071 -0.616614
v -0.314012 0.252250 -0.650357
v -0.382285 0.178393 -0.573010
v -0.332392 0.267833 -0.596608
v -0.368824 0.228755 -0.562337
v -0.325484 0.198365 -0.662287
v -0.355893 0.163047 -0.616857
v 0.639056 0.000292 -0.033059
v 0.644605 0.001039 0.065184
v 0.643020 0.026307 -0.007117
v 0.643812 0.027071 0.041563
v 0.639209 -0.025445 -0.008345
v 0.641590 -0.025333 0.040387
v -0.639140 0.000287 -0.033063
v -0.644634 0.001021 0.065199
v -0.643126 0.026284 -0.007096
v -0.643779 0.027093 0.041553
v -0.639237 -0.025422 -0.008353
v -0.641603 -0.025320 0.040399
v -0.201865 0.421130 -0.061652
v -0.123925 0.444194 -0.071499
v -0.184594 0.408002 -0.023132
v -0.183649 0.448799 -0.106483
v -0.145568 0.418378 -0.027261
v -0.144230 0.462401 -0.112897
v -0.267729 0.351452 0.060038
v -0.239818 0.328614 0.144800
v -0.229535 0.361747 0.060585
v -0.293946 0.330042 0.098510
v -0.214088 0.349583 0.102511
v -0.281559 0.319425 0.141787
v -0.263780 0.449680 -0.166273
v -0.251358 0.534039 -0.272516
v -0.228677 0.476056 -0.182648
v -0.288183 0.453471 -0.197391
v -0.217562 0.517635 -0.234784
v -0.287248 0.495803 -0.251332
v -0.355319 0.360464 -0.094524
v -0.398329 0.330276 -0.133740
v -0.345738 0.381840 -0.145027
v -0.386750 0.330843 -0.064276
v -0.365308 0.367865 -0.166588
v -0.410664 0.314644 -0.081763
v -0.368750 0.317737 0.041832
v -0.429032 0.275246 0.109060
v -0.365267 0.307982 0.085475
v -0.398171 0.305543 0.029839
v -0.394417 0.287354 0.120362
v -0.428842 0.282958 0.062722
v 0.202804 0.421349 -0.062007
v 0.123506 0.444074 -0.071733
v 0.185003 0.408245 -0.023492
v 0.183770 0.448864 -0.106800
v 0.144833 0.418448 -0.026919
v 0.143843 0.462116 -0.112838
v 0.267938 0.351408 0.059910
v 0.238955 0.328470 0.144996
v 0.229789 0.361694 0.060877
v 0.292736 0.330111 0.098632
v 0.214386 0.349648 0.103091
v 0.280312 0.319323 0.141945
v 0.263859 0.449914 -0.167515
v 0.251795 0.535193 -0.274476
v 0.228666 0.476669 -0.183326
v 0.288189 0.454053 -0.198751
v 0.217846 0.518381 -0.235806
v 0.287624 0.496836 -0.252974
v 0.354801 0.360642 -0.095486
v 0.397976 0.330187 -0.134077
v 0.345701 0.382236 -0.145974
v 0.386550 0.331170 -0.064875
v 0.366028 0.368281 -0.167203
v 0.410282 0.315240 -0.082277
v 0.369383 0.317150 0.042039
v 0.429043 0.274810 0.109382
v 0.365461 0.307519 0.085618
v 0.398003 0.305371 0.029873
v 0.395294 0.286733 0.120908
v 0.429300 0.282694 0.062834
v -0.256512 -0.635730 -0.002739
v -0.156915 -0.644063 0.001253
v -0.221044 -0.593064 0.030003
v -0.256641 -0.722701 -0.028706
v -0.172942 -0.599436 0.034954
v -0.191946 -0.708169 -0.036627
v -0.301802 -0.530531 0.128493
v -0.268398 -0.538804 0.255427
v -0.260563 -0.546951 0.137017
v -0.326818 -0.511161 0.172708
v -0.240539 -0.549647 0.202459
v -0.311690 -0.516293 0.233790
v -0.347701 -0.640491 -0.122776
v -0.333293 -0.671994 -0.251666
v -0.331732 -0.735300 -0.142664
v -0.358774 -0.584735 -0.155320
v -0.309906 -0.747648 -0.211089
v -0.362138 -0.595600 -0.216607
v -0.380349 -0.449921 -0.051273
v -0.398817 -0.351917 -0.090955
v -0.375438 -0.453809 -0.097945
v -0.396394 -0.404149 -0.025240
v -0.381420 -0.399671 -0.117857
v -0.409365 -0.357732 -0.045900
v -0.387076 -0.446321 0.085959
v -0.419422 -0.373662 0.140640
v -0.384810 -0.449868 0.135585
v -0.403932 -0.407235 0.065841
v -0.398895 -0.415203 0.164594
v -0.422166 -0.369764 0.092259
v 0.255856 -0.636255 -0.002850
v 0.156058 -0.644270 0.001120
v 0.221000 -0.593190 0.029851
v 0.255472 -0.724886 -0.028860
v 0.172585 -0.599477 0.034953
v 0.191082 -0.709814 -0.037474
v 0.301596 -0.530426 0.128613
v 0.267464 -0.538667 0.255594
v 0.260295 -0.546822 0.136851
v 0.326822 -0.511134 0.172554
v 0.240553 -0.549651 0.202673
v 0.311381 -0.516510 0.233380
v 0.347770 -0.641306 -0.122884
v 0.333135 -0.672055 -0.251909
v 0.331329 -0.736326 -0.142346
v 0.358697 -0.584818 -0.155531
v 0.309359 -0.748230 -0.211168
v 0.362121 -0.595747 -0.216731
v 0.380425 -0.450204 -0.051231
v 0.398816 -0.351478 -0.090714
v 0.375479 -0.453717 -0.098248
v 0.397070 -0.404095 -0.025734
v 0.381471 -0.399718 -0.117639
v 0.408955 -0.357368 -0.045562
v 0.386811 -0.446250 0.085947
v 0.419600 -0.373720 0.140971
v 0.384904 -0.449529 0.135763
v 0.404076 -0.407383 0.066191
v 0.399126 -0.414897 0.164687
v 0.421868 -0.369594 0.092121
v -0.094909 -0.577213 0.683213
v -0.175138 -0.752229 0.678883
v -0.065767 -0.616667 0.660450
v -0.162650 -0.583289 0.694031
v -0.096985 -0.682403 0.642871
v -0.216536 -0.671463 0.702071
v 0.094716 -0.577612 0.683366
v 0.174019 -0.753056 0.678382
v 0.065085 -0.616840 0.660010
v 0.162406 -0.583972 0.694736
v 0.096000 -0.681782 0.641375
v 0.216226 -0.673018 0.701813
v 0.000119 -0.292029 0.739091
v 0.000081 -0.166543 0.825101
v 0.047925 -0.261963 0.743954
v -0.048216 -0.262070 0.743902
v 0.049210 -0.200429 0.763602
v -0.049147 -0.200312 0.763492
v 0.136494 -0.393432 0.705943
v 0.233263 -0.332818 0.680666
v 0.183677 -0.435454 0.696050
v 0.140987 -0.329099 0.713488
v 0.234850 -0.404280 0.683786
v 0.189849 -0.299116 0.702774
v -0.136684 -0.393206 0.705573
v -0.233309 -0.332695 0.680366
v -0.184078 -0.435289 0.695901
v -0.141360 -0.329098 0.712768
v -0.235121 -0.404356 0.683794
v -0.190113 -0.299164 0.702694
v -0.067089 0.237401 0.516504
v -0.117421 0.254540 0.426686
v -0.045996 0.246428 0.471961
v -0.112870 0.236325 0.515560
v -0.070144 0.256575 0.426271
v -0.139833 0.243057 0.472808
v 0.067279 0.237433 0.516760
v 0.117386 0.254841 0.426570
v 0.045922 0.246643 0.471881
v 0.113019 0.236342 0.515700
v 0.069932 0.256454 0.426376
v 0.140053 0.242969 0.473060
v 0.000036 0.219280 0.597252
v 0.000093 0.133855 0.613923
v 0.038875 0.202315 0.597715
v -0.038899 0.202452 0.597722
v 0.040421 0.156327 0.606018
v -0.040423 0.156317 0.606209
v 0.106706 0.226567 0.574014
v 0.191993 0.216848 0.558240
v 0.140237 0.227865 0.558046
v 0.113560 0.221153 0.581023
v 0.183362 0.224755 0.548332
v 0.156660 0.214882 0.575089
v -0.106686 0.226585 0.573950
v -0.191908 0.216868 0.558256
v -0.140199 0.227908 0.558037
v -0.113548 0.221190 0.580924
v -0.183291 0.224793 0.548296
v -0.156581 0.214905 0.574969
v -0.059102 -0.271800 -0.470676
v -0.105937 -0.334752 -0.388333
v -0.041000 -0.303510 -0.429806
v -0.099390 -0.267274 -0.469650
v -0.063905 -0.340503 -0.391694
v -0.123056 -0.293547 -0.426083
v 0.059174 -0.271823 -0.470601
v 0.105944 -0.334510 -0.388430
v 0.040983 -0.303531 -0.429938
v 0.099410 -0.267329 -0.469528
v 0.063757 -0.340690 -0.391729
v 0.123034 -0.293675 -0.426161
v 0.000025 -0.209186 -0.587337
v 0.000045 -0.126694 -0.603209
v 0.038941 -0.203061 -0.587863
v -0.038837 -0.203253 -0.587751
v 0.040264 -0.152090 -0.596612
v -0.040166 -0.151795 -0.596869
v 0.100298 -0.218411 -0.562469
v 0.182095 -0.201377 -0.545476
v 0.130296 -0.223642 -0.542488
v 0.107991 -0.207886 -0.570335
v 0.171365 -0.217560 -0.532264
v 0.148867 -0.195489 -0.563297
v -0.100302 -0.218438 -0.562513
v -0.182062 -0.201345 -0.545491
v -0.130325 -0.223727 -0.542441
v -0.107927 -0.207876 -0.570346
v -0.171326 -0.217630 -0.532257
v -0.148813 -0.195406 -0.563310
v -0.087335 0.529243 -0.655504
v -0.159877 0.612526 -0.600976
v -0.062936 0.581812 -0.635373
v -0.145857 0.517922 -0.654399
v -0.099094 0.624765 -0.605141
v -0.185786 0.559453 -0.630798
v 0.087282 0.529245 -0.655419
v 0.159912 0.612235 -0.601009
v 0.062973 0.581706 -0.635365
v 0.145768 0.518020 -0.654721
v 0.099056 0.624792 -0.605141
v 0.185806 0.559196 -0.630765
v -0.000064 0.292598 -0.771012
v 0.000044 0.185162 -0.795026
v 0.054772 0.267804 -0.784380
v -0.055154 0.268046 -0.784317
v 0.058590 0.213829 -0.801252
v -0.058407 0.214018 -0.800876
v 0.135900 0.374308 -0.719891
v 0.239635 0.324585 -0.713104
v 0.174823 0.405727 -0.693700
v 0.149655 0.323621 -0.750078
v 0.224347 0.379982 -0.686127
v 0.205937 0.299557 -0.754650
v -0.136347 0.375379 -0.720595
v -0.239315 0.324585 -0.712807
v -0.175070 0.406369 -0.694265
v -0.149211 0.323581 -0.749575
v -0.224076 0.380004 -0.685570
v -0.205961 0.299762 -0.754752
v 0.551026 0.068239 -0.314637
v 0.519681 0.135746 -0.268453
v 0.529180 0.094269 -0.341655
v 0.561140 0.072193 -0.266261
v 0.509699 0.131163 -0.319723
v 0.548591 0.103669 -0.241717
v 0.541141 -0.065741 -0.306361
v 0.521281 -0.121268 -0.262560
v 0.515904 -0.087917 -0.327487
v 0.554581 -0.070057 -0.262133
v 0.507007 -0.116092 -0.308631
v 0.544613 -0.097398 -0.237644
v 0.485599 -0.041460 -0.415088
v 0.418445 -0.080680 -0.455894
v 0.476160 -0.072481 -0.401949
v 0.463018 -0.027234 -0.448339
v 0.444495 -0.093743 -0.422944
v 0.427080 -0.044716 -0.468742
v 0.495934 0.053511 -0.429484
v 0.442635 0.109637 -0.496611
v 0.492736 0.087416 -0.424138
v 0.473746 0.041812 -0.463154
v 0.466356 0.117921 -0.457135
v 0.445475 0.068007 -0.497150
v 0.584989 0.000167 -0.238922
v 0.610235 -0.000017 -0.137117
v 0.590104 0.023777 -0.214636
v 0.586822 -0.023672 -0.213963
v 0.602518 0.024724 -0.163085
v 0.599057 -0.024691 -0.163077
v 0.560947 0.072184 0.307660
v 0.538502 0.133045 0.268021
v 0.532890 0.096920 0.327958
v 0.576116 0.076437 0.267697
v 0.522066 0.128072 0.309748
v 0.565108 0.106712 0.246887
v 0.558663 -0.070088 0.304789
v 0.528267 -0.144021 0.267161
v 0.528379 -0.100741 0.326754
v 0.574164 -0.074315 0.264335
v 0.512586 -0.140668 0.309700
v 0.560125 -0.108883 0.243553
v 0.501768 -0.045065 0.412353
v 0.430155 -0.105143 0.466303
v 0.490072 -0.084970 0.403053
v 0.476853 -0.031330 0.444955
v 0.454537 -0.118252 0.429848
v 0.440986 -0.057903 0.472009
v 0.501954 0.050651 0.411056
v 0.431694 0.094131 0.453463
v 0.491745 0.081991 0.399373
v 0.478192 0.039235 0.443148
v 0.457743 0.105061 0.420773
v 0.442678 0.059655 0.465261
v 0.618123 0.003156 0.247578
v 0.636750 0.001872 0.160302
v 0.622038 0.025818 0.227947
v 0.621329 -0.020395 0.225380
v 0.631708 0.026727 0.184181
v 0.630315 -0.022499 0.181766
v -0.551042 0.068181 -0.314666
v -0.519447 0.135810 -0.268670
v -0.529220 0.094131 -0.341729
v -0.561148 0.072080 -0.266371
v -0.509634 0.131251 -0.319877
v -0.548525 0.103539 -0.241731
v -0.541037 -0.065616 -0.306260
v -0.521257 -0.121261 -0.262527
v -0.515484 -0.087879 -0.327184
v -0.554566 -0.069933 -0.262102
v -0.507017 -0.116099 -0.308680
v -0.544589 -0.097346 -0.237600
v -0.485560 -0.041476 -0.415106
v -0.418551 -0.080913 -0.455792
v -0.475873 -0.072307 -0.401615
v -0.463051 -0.027283 -0.448389
v -0.444478 -0.093811 -0.422977
v -0.427577 -0.044973 -0.468748
v -0.495941 0.053442 -0.429496
v -0.442707 0.109578 -0.496764
v -0.492383 0.087522 -0.424149
v -0.473929 0.041867 -0.463333
v -0.466027 0.118110 -0.457104
v -0.445473 0.068214 -0.497187
v -0.585044 0.000216 -0.238912
v -0.610301 0.000044 -0.137093
v -0.590095 0.023819 -0.214642
v -0.586844 -0.023627 -0.213971
v -0.602603 0.024768 -0.163103
v -0.599098 -0.024658 -0.163084
v -0.561483 0.072282 0.308007
v -0.538801 0.133062 0.268375
v -0.533318 0.097127 0.328334
v -0.576125 0.076574 0.267767
v -0.522475 0.128073 0.310125
v -0.564650 0.106384 0.246725
v -0.558929 -0.069695 0.304756
v -0.528928 -0.143926 0.266921
v -0.528240 -0.100845 0.327109
v -0.573892 -0.074443 0.264107
v -0.512446 -0.140832 0.309915
v -0.559537 -0.109389 0.243554
v -0.501163 -0.045323 0.412321
v -0.430395 -0.105700 0.466066
v -0.490383 -0.084713 0.403027
v -0.476477 -0.031277 0.444792
v -0.455307 -0.118094 0.429652
v -0.440899 -0.058140 0.472173
v -0.502056 0.050685 0.411269
v -0.432105 0.094288 0.453904
v -0.491522 0.082020 0.399290
v -0.478184 0.039205 0.443173
v -0.457857 0.105238 0.420944
v -0.442721 0.059643 0.465416
v -0.618044 0.003176 0.247585
v -0.636740 0.001918 0.160303
v -0.622013 0.025921 0.227907
v -0.621243 -0.020409 0.225417
v -0.631681 0.026784 0.184124
v -0.630274 -0.022461 0.181832
v -0.064561 0.391590 0.055190
v -0.110240 0.350215 0.145462
v -0.106926 0.386848 0.056883
v -0.130140 0.365011 0.101347
v -0.043509 0.375118 0.098051
v -0.066100 0.354534 0.144530
v -0.064505 0.543465 -0.210288
v -0.121588 0.621700 -0.306212
v -0.106267 0.532888 -0.208539
v -0.130991 0.562698 -0.255329
v -0.046195 0.585880 -0.257835
v -0.075957 0.629536 -0.306360
v 0.064341 0.391831 0.054952
v 0.110486 0.350113 0.145503
v 0.107085 0.386733 0.056775
v 0.130136 0.365378 0.101441
v 0.043623 0.375319 0.097965
v 0.066192 0.354628 0.144553
v 0.064202 0.543593 -0.210174
v 0.121679 0.621486 -0.306247
v 0.106172 0.532886 -0.208575
v 0.131687 0.563305 -0.255514
v 0.046177 0.585611 -0.257818
v 0.076079 0.629895 -0.306449
v -0.322211 0.271802 0.270967
v -0.400881 0.254756 0.248839
v -0.336955 0.281034 0.222351
v -0.375775 0.271511 0.212799
v -0.347032 0.255678 0.310459
v -0.386595 0.248179 0.297658
v -0.045806 0.301560 0.284463
v 0.046413 0.302071 0.284124
v -0.023304 0.286056 0.331554
v 0.023205 0.285848 0.331648
v -0.022746 0.319704 0.237169
v 0.022843 0.320243 0.237022
v -0.261507 0.244493 0.418153
v -0.290960 0.225911 0.475223
v -0.234062 0.237976 0.462390
v -0.248525 0.230185 0.489904
v -0.306481 0.240298 0.408597
v -0.320289 0.230214 0.436424
v -0.457824 0.583374 -0.354808
v -0.347449 0.396325 -0.292227
v -0.363919 0.498267 -0.305928
v -0.343706 0.427014 -0.275338
v -0.384640 0.492313 -0.386714
v -0.345771 0.414642 -0.346707
v -0.074204 0.715174 -0.453913
v 0.074184 0.715283 -0.453760
v -0.035833 0.692716 -0.510081
v 0.036142 0.692427 -0.510086
v -0.033215 0.696029 -0.405222
v 0.033352 0.695945 -0.405298
v -0.291807 0.504542 -0.521259
v -0.302400 0.379441 -0.558677
v -0.262240 0.482546 -0.570260
v -0.272037 0.421638 -0.590240
v -0.322362 0.460412 -0.490835
v -0.318481 0.394518 -0.507359
v -0.506327 0.235104 -0.034002
v -0.513742 0.226876 0.061297
v -0.481056 0.257060 -0.015519
v -0.486431 0.251244 0.032677
v -0.535284 0.206336 -0.006424
v -0.537456 0.203453 0.040924
v -0.415817 0.253251 -0.355469
v -0.394425 0.245520 -0.460047
v -0.441143 0.208152 -0.377249
v -0.430787 0.203508 -0.428588
v -0.378126 0.299230 -0.386499
v -0.368332 0.295099 -0.440001
v -0.555234 0.142515 -0.110456
v -0.608668 0.081635 -0.057181
v -0.571288 0.109713 -0.136273
v -0.596534 0.080040 -0.109621
v -0.567383 0.144082 -0.057964
v -0.595152 0.113030 -0.031441
v -0.455134 0.205123 0.337426
v -0.406897 0.191752 0.418144
v -0.465340 0.179437 0.357173
v -0.440959 0.170569 0.395183
v -0.421546 0.218975 0.358033
v -0.397837 0.213900 0.400802
v -0.571617 0.143016 0.135517
v -0.611580 0.084273 0.089193
v -0.586797 0.112346 0.158807
v -0.607847 0.083553 0.136422
v -0.574736 0.143729 0.088643
v -0.594985 0.114142 0.065255
v 0.320921 0.271914 0.270476
v 0.401478 0.254602 0.248997
v 0.335570 0.281068 0.222141
v 0.376741 0.271013 0.213447
v 0.347760 0.255417 0.310852
v 0.386817 0.248144 0.297705
v 0.261509 0.244448 0.418002
v 0.291003 0.225903 0.475249
v 0.234101 0.237981 0.462312
v 0.248544 0.230147 0.489900
v 0.306515 0.240293 0.408482
v 0.320335 0.230191 0.436351
v 0.457820 0.583162 -0.354677
v 0.347290 0.396800 -0.292730
v 0.364779 0.498489 -0.306758
v 0.343809 0.427525 -0.276334
v 0.384571 0.491751 -0.386986
v 0.345642 0.414523 -0.346866
v 0.292135 0.504071 -0.522590
v 0.303238 0.379736 -0.559433
v 0.262559 0.482428 -0.571121
v 0.272485 0.421730 -0.590640
v 0.321857 0.460135 -0.491603
v 0.319274 0.394183 -0.508210
v 0.506451 0.234915 -0.033769
v 0.513820 0.226686 0.061429
v 0.481235 0.256953 -0.015279
v 0.486618 0.250968 0.032905
v 0.535325 0.206210 -0.006272
v 0.537516 0.203545 0.040959
v 0.416056 0.253030 -0.355559
v 0.394667 0.245370 -0.459851
v 0.441224 0.207851 -0.377288
v 0.430756 0.203412 -0.428378
v 0.378225 0.299305 -0.386637
v 0.368346 0.295045 -0.439972
v 0.555043 0.142741 -0.110412
v 0.608613 0.081646 -0.057144
v 0.571375 0.109555 -0.136141
v 0.596469 0.080048 -0.109621
v 0.567446 0.144113 -0.057754
v 0.595099 0.113000 -0.031410
v 0.455247 0.205005 0.337489
v 0.406914 0.191884 0.418237
v 0.465448 0.179412 0.357192
v 0.440962 0.170656 0.395153
v 0.421520 0.219123 0.357983
v 0.397870 0.213989 0.400818
v 0.571413 0.142915 0.135370
v 0.611483 0.084226 0.089189
v 0.586747 0.112390 0.158729
v 0.607883 0.083567 0.136322
v 0.574576 0.143581 0.088561
v 0.594946 0.114069 0.065196
v -0.071938 -0.587391 0.168522
v -0.121234 -0.583175 0.295851
v -0.120182 -0.579493 0.161412
v -0.144700 -0.575198 0.223598
v -0.048118 -0.590997 0.233370
v -0.072270 -0.592099 0.297114
v -0.087630 -0.651212 -0.132108
v -0.133626 -0.671633 -0.241107
v -0.120040 -0.753883 -0.147186
v -0.153938 -0.768204 -0.217602
v -0.065259 -0.602700 -0.169867
v -0.083525 -0.614485 -0.219170
v 0.072476 -0.587777 0.169015
v 0.121824 -0.583248 0.295901
v 0.120043 -0.579461 0.161727
v 0.145246 -0.575311 0.224283
v 0.048293 -0.591197 0.233466
v 0.072851 -0.592222 0.297521
v 0.087226 -0.649659 -0.132233
v 0.132827 -0.670221 -0.240718
v 0.119338 -0.750365 -0.147162
v 0.150895 -0.765913 -0.217527
v 0.064732 -0.602003 -0.169915
v 0.082945 -0.612973 -0.218654
v -0.344137 -0.487202 0.365551
v -0.396358 -0.392467 0.297376
v -0.361561 -0.474608 0.307345
v -0.383718 -0.429490 0.274225
v -0.359384 -0.451520 0.388036
v -0.384225 -0.399757 0.351658
v -0.057505 -0.665637 0.471379
v 0.057691 -0.664669 0.471000
v -0.031184 -0.651818 0.524694
v 0.031125 -0.651004 0.524396
v -0.026950 -0.634244 0.415767
v 0.026835 -0.633877 0.415593
v -0.324521 -0.551146 0.558426
v -0.327827 -0.407289 0.569990
v -0.319125 -0.553740 0.628160
v -0.313978 -0.469039 0.625860
v -0.339219 -0.476186 0.507349
v -0.344029 -0.414118 0.516760
v -0.314192 -0.399020 -0.271816
v -0.362057 -0.317233 -0.227867
v -0.342844 -0.428420 -0.238206
v -0.358838 -0.379573 -0.209908
v -0.312648 -0.329052 -0.284353
v -0.344777 -0.297930 -0.270983
v -0.049994 -0.482937 -0.306176
v 0.049372 -0.482603 -0.306485
v -0.023399 -0.434874 -0.332765
v 0.023497 -0.434838 -0.333282
v -0.026193 -0.523890 -0.276758
v 0.025770 -0.523752 -0.277001
v -0.229349 -0.298005 -0.374051
v -0.267590 -0.224530 -0.454065
v -0.206055 -0.274870 -0.417952
v -0.224268 -0.241749 -0.457131
v -0.269366 -0.280640 -0.368072
v -0.288430 -0.242944 -0.405905
v -0.484635 -0.239529 -0.025732
v -0.490482 -0.250020 0.068044
v -0.461379 -0.280780 -0.000561
v -0.465911 -0.285960 0.045997
v -0.515263 -0.205566 -0.003358
v -0.517169 -0.210605 0.043628
v -0.423818 -0.193616 -0.321761
v -0.387010 -0.174981 -0.411296
v -0.443648 -0.161490 -0.350448
v -0.423127 -0.154388 -0.391680
v -0.385397 -0.217284 -0.336029
v -0.368153 -0.204912 -0.382997
v -0.552114 -0.133419 -0.107227
v -0.600644 -0.078889 -0.058670
v -0.566429 -0.103727 -0.134956
v -0.588704 -0.077610 -0.110067
v -0.563509 -0.135286 -0.055693
v -0.589460 -0.107134 -0.032228
v -0.435935 -0.263787 0.350354
v -0.400295 -0.255555 0.442717
v -0.448883 -0.218026 0.365063
v -0.430363 -0.212487 0.409159
v -0.407658 -0.309341 0.384423
v -0.390892 -0.307234 0.433045
v -0.561558 -0.145449 0.133522
v -0.608926 -0.081537 0.086968
v -0.583402 -0.111446 0.155567
v -0.605399 -0.080857 0.133320
v -0.566558 -0.144158 0.087670
v -0.591565 -0.111334 0.063758
v 0.343927 -0.487399 0.365844
v 0.396655 -0.392083 0.297351
v 0.360953 -0.474150 0.307128
v 0.383320 -0.429384 0.273805
v 0.359173 -0.451758 0.388594
v 0.384765 -0.400216 0.351608
v 0.324805 -0.552027 0.558856
v 0.327617 -0.407763 0.569878
v 0.319254 -0.554316 0.627952
v 0.313786 -0.469227 0.625784
v 0.339485 -0.476676 0.508303
v 0.344248 -0.414584 0.517527
v 0.313956 -0.398975 -0.272004
v 0.361945 -0.316887 -0.227788
v 0.342954 -0.428533 -0.238538
v 0.358981 -0.379440 -0.209998
v 0.312806 -0.328703 -0.284671
v 0.344620 -0.297770 -0.270709
v 0.229424 -0.297836 -0.374078
v 0.267682 -0.224316 -0.454202
v 0.206048 -0.274785 -0.417931
v 0.224234 -0.241754 -0.457021
v 0.269199 -0.280356 -0.367804
v 0.288338 -0.243624 -0.405545
v 0.484446 -0.240295 -0.026007
v 0.489839 -0.249954 0.067836
v 0.461202 -0.280721 -0.000605
v 0.464820 -0.285814 0.045656
v 0.515624 -0.205639 -0.003500
v 0.517527 -0.210213 0.043752
v 0.423767 -0.193445 -0.321649
v 0.386995 -0.174985 -0.411274
v 0.443686 -0.161397 -0.350488
v 0.423005 -0.154286 -0.391583
v 0.385339 -0.217815 -0.335824
v 0.368268 -0.204902 -0.383221
v 0.552101 -0.133056 -0.107138
v 0.600650 -0.078900 -0.058637
v 0.566427 -0.103696 -0.134823
v 0.588737 -0.077622 -0.110023
v 0.563421 -0.135149 -0.055594
v 0.589468 -0.107175 -0.032137
v 0.436014 -0.263820 0.350604
v 0.399579 -0.255539 0.442700
v 0.448801 -0.217931 0.365465
v 0.430337 -0.212419 0.409276
v 0.407674 -0.309580 0.384295
v 0.390479 -0.307751 0.433102
v 0.562031 -0.145267 0.133376
v 0.608863 -0.081500 0.086948
v 0.583450 -0.111257 0.155505
v 0.605403 -0.080745 0.133273
v 0.566864 -0.143951 0.087687
v 0.591538 -0.111240 0.063695
v 0.144187 -0.084967 0.702577
v 0.230176 -0.140923 0.666862
v 0.152277 -0.140058 0.731951
v 0.193489 -0.170998 0.706008
v 0.183804 -0.059086 0.667017
v 0.227323 -0.084863 0.652507
v -0.144630 -0.084699 0.703915
v -0.229376 -0.141792 0.665130
v -0.152405 -0.140519 0.732695
v -0.193322 -0.171290 0.705162
v -0.183650 -0.059220 0.666771
v -0.227069 -0.084903 0.651351
v 0.128768 0.064654 0.622808
v 0.207337 0.112098 0.581054
v 0.125448 0.110898 0.605616
v 0.164869 0.133863 0.588905
v 0.172667 0.039866 0.619502
v 0.211165 0.063842 0.594136
v -0.128391 0.063711 0.623649
v -0.207614 0.111512 0.581137
v -0.125402 0.110508 0.606381
v -0.164990 0.134164 0.589076
v -0.172483 0.039926 0.620098
v -0.211257 0.064000 0.594219
v 0.340855 -0.050034 0.560367
v 0.333372 0.041291 0.539911
v 0.380447 -0.020833 0.531518
v 0.375973 0.021508 0.522699
v 0.299553 -0.030555 0.580098
v 0.295865 0.017548 0.568155
v -0.341185 -0.049843 0.560431
v -0.332948 0.041005 0.539894
v -0.380540 -0.020726 0.531630
v -0.375519 0.021258 0.522527
v -0.299649 -0.030384 0.580342
v -0.295650 0.017280 0.567906
v 0.130399 -0.047656 -0.626170
v 0.204749 -0.094234 -0.580458
v 0.124592 -0.097762 -0.603070
v 0.161682 -0.119616 -0.584650
v 0.177249 -0.022692 -0.631881
v 0.213239 -0.046866 -0.602255
v -0.130854 -0.047811 -0.625914
v -0.204709 -0.094332 -0.580250
v -0.124411 -0.097506 -0.603017
v -0.161706 -0.119696 -0.584573
v -0.177491 -0.022551 -0.632058
v -0.213255 -0.046956 -0.602272
v 0.167870 0.086771 -0.779783
v 0.274720 0.151209 -0.763628
v 0.176181 0.151723 -0.810932
v 0.230891 0.183990 -0.799975
v 0.206820 0.067648 -0.727868
v 0.262094 0.092477 -0.729192
v -0.168009 0.087698 -0.779557
v -0.274699 0.151218 -0.763663
v -0.176285 0.152293 -0.811179
v -0.230770 0.184208 -0.799964
v -0.206936 0.068860 -0.727686
v -0.262372 0.092804 -0.729770
v 0.331361 -0.025308 -0.554694
v 0.351111 0.064770 -0.595999
v 0.370423 -0.004179 -0.537491
v 0.380191 0.037973 -0.554555
v 0.300562 -0.001793 -0.590901
v 0.311432 0.044763 -0.617572
v -0.330989 -0.024910 -0.554447
v -0.351317 0.064576 -0.596288
v -0.370487 -0.004452 -0.537311
v -0.380087 0.038272 -0.554582
v -0.300076 -0.001679 -0.591039
v -0.311824 0.044635 -0.617723
v -0.257172 0.383750 -0.016446
v -0.254771 0.415075 -0.088719
v -0.222521 0.396199 -0.019678
v -0.220909 0.432733 -0.099054
v -0.310388 0.350817 0.017178
v -0.243948 0.373179 0.020797
v -0.304679 0.340707 0.057039
v -0.304210 0.394972 -0.099562
v -0.240881 0.442510 -0.133533
v -0.295267 0.420887 -0.146185
v -0.338497 0.353094 -0.032353
v -0.325042 0.390305 -0.122691
v -0.363257 0.342886 -0.047061
v -0.337316 0.329445 0.050875
v -0.367948 0.329123 -0.001861
v 0.257687 0.384030 -0.016368
v 0.254764 0.415229 -0.089146
v 0.223052 0.396641 -0.019302
v 0.220787 0.433266 -0.099118
v 0.310840 0.350608 0.017347
v 0.244745 0.373761 0.020606
v 0.302779 0.340290 0.056753
v 0.304017 0.395252 -0.100100
v 0.241637 0.442820 -0.134115
v 0.295224 0.420899 -0.147071
v 0.339421 0.352884 -0.032002
v 0.324711 0.390860 -0.123067
v 0.362514 0.343344 -0.047658
v 0.337280 0.328975 0.051058
v 0.367893 0.329378 -0.002146
v -0.302205 -0.560713 0.033223
v -0.320122 -0.613998 -0.037538
v -0.264933 -0.577507 0.027134
v -0.293139 -0.666746 -0.039527
v -0.347444 -0.509635 0.069290
v -0.280845 -0.550838 0.079359
v -0.339089 -0.509328 0.117458
v -0.355072 -0.541181 -0.053116
v -0.333134 -0.676459 -0.081894
v -0.356175 -0.564069 -0.100735
v -0.370095 -0.484035 0.012591
v -0.366954 -0.502392 -0.076928
v -0.384090 -0.446913 -0.006235
v -0.370750 -0.482983 0.103427
v -0.386955 -0.445817 0.039027
v 0.301820 -0.560480 0.032538
v 0.319992 -0.614346 -0.037654
v 0.264967 -0.577458 0.026886
v 0.292555 -0.668123 -0.039572
v 0.347264 -0.509782 0.069418
v 0.280912 -0.550617 0.079128
v 0.338750 -0.509311 0.117592
v 0.354444 -0.541508 -0.052949
v 0.333207 -0.677565 -0.081970
v 0.355893 -0.564061 -0.100815
v 0.370516 -0.483778 0.012625
v 0.366803 -0.502226 -0.076508
v 0.384461 -0.446771 -0.006014
v 0.371310 -0.483018 0.103110
v 0.386926 -0.445525 0.039214
v -0.000245 -0.524251 0.689023
v -0.075369 -0.471749 0.700466
v -0.031120 -0.568985 0.675563
v -0.116464 -0.520428 0.694934
v 0.074951 -0.472108 0.700960
v 0.031018 -0.568673 0.675585
v 0.116232 -0.520723 0.694893
v 0.043685 -0.380466 0.717314
v -0.044114 -0.380452 0.716935
v 0.046630 -0.322754 0.729186
v -0.046557 -0.322991 0.729021
v 0.129167 -0.457706 0.701105
v 0.091665 -0.356109 0.717292
v -0.129592 -0.457543 0.700963
v -0.092252 -0.356324 0.717006
v 0.000037 0.233334 0.551380
v -0.056552 0.230108 0.570170
v -0.022190 0.238483 0.515457
v -0.084630 0.232536 0.547896
v 0.056544 0.230080 0.570174
v 0.022234 0.238462 0.515522
v 0.084641 0.232485 0.547921
v 0.034199 0.226553 0.587603
v -0.034122 0.226548 0.587545
v 0.036956 0.222325 0.592514
v -0.036897 0.222371 0.592464
v 0.097574 0.229372 0.565271
v 0.072443 0.225557 0.585374
v -0.097561 0.229409 0.565278
v -0.072425 0.225558 0.585205
v -0.000008 -0.250916 -0.511358
v -0.052081 -0.229936 -0.550310
v -0.019580 -0.274156 -0.470890
v -0.075878 -0.245856 -0.511996
v 0.052106 -0.229911 -0.550443
v 0.019617 -0.274120 -0.470896
v 0.075881 -0.245857 -0.512023
v 0.032495 -0.219448 -0.578276
v -0.032472 -0.219454 -0.578270
v 0.035870 -0.213535 -0.583563
v -0.035821 -0.213521 -0.583540
v 0.090550 -0.226564 -0.550913
v 0.068965 -0.215565 -0.575782
v -0.090549 -0.226623 -0.550813
v -0.068928 -0.215563 -0.575798
v 0.000293 0.491218 -0.674745
v -0.071464 0.441131 -0.694648
v -0.029115 0.535628 -0.655852
v -0.107182 0.477650 -0.674925
v 0.071617 0.441056 -0.694681
v 0.029323 0.535213 -0.655694
v 0.107289 0.477506 -0.675291
v 0.044764 0.366041 -0.733481
v -0.044387 0.365718 -0.733146
v 0.050022 0.318044 -0.758935
v -0.049878 0.318298 -0.758514
v 0.122701 0.425834 -0.695777
v 0.095026 0.345453 -0.741955
v -0.122934 0.426375 -0.696019
v -0.094834 0.345291 -0.741483
v 0.538848 0.038556 -0.367914
v 0.567692 0.021712 -0.308108
v 0.537544 0.064895 -0.357472
v 0.567091 0.045106 -0.288531
v 0.529885 -0.033319 -0.359673
v 0.564654 -0.019489 -0.306007
v 0.523001 -0.059982 -0.344390
v 0.561429 -0.043759 -0.285032
v 0.518288 0.003703 -0.400013
v 0.504437 -0.052116 -0.380233
v 0.494762 -0.010862 -0.425977
v 0.517406 0.061019 -0.394518
v 0.498592 0.020390 -0.431097
v 0.578442 0.022951 -0.263525
v 0.575564 -0.022074 -0.262318
v 0.554580 0.038495 0.359758
v 0.589920 0.023654 0.306049
v 0.545019 0.066488 0.345606
v 0.586194 0.048109 0.288308
v 0.556035 -0.029186 0.357683
v 0.589939 -0.016206 0.303942
v 0.545478 -0.061452 0.343590
v 0.585741 -0.042300 0.284873
v 0.535625 0.005561 0.392242
v 0.527269 -0.053208 0.379404
v 0.509230 -0.009844 0.418642
v 0.524967 0.059599 0.379330
v 0.509212 0.020850 0.418501
v 0.606040 0.025126 0.268416
v 0.605635 -0.018764 0.266034
v -0.539005 0.038585 -0.368005
v -0.567780 0.021721 -0.308096
v -0.537644 0.064823 -0.357529
v -0.567112 0.045052 -0.288560
v -0.529790 -0.033267 -0.359735
v -0.564686 -0.019487 -0.306075
v -0.522914 -0.059942 -0.344399
v -0.561475 -0.043694 -0.285017
v -0.518374 0.003660 -0.400118
v -0.504251 -0.052085 -0.380100
v -0.494853 -0.010857 -0.426041
v -0.517312 0.060930 -0.394533
v -0.498691 0.020298 -0.431216
v -0.578489 0.022915 -0.263544
v -0.575575 -0.022027 -0.262305
v -0.554479 0.038631 0.359698
v -0.589816 0.023761 0.305998
v -0.545077 0.066615 0.345576
v -0.586245 0.047979 0.288288
v -0.556110 -0.029626 0.357721
v -0.589838 -0.016252 0.304019
v -0.545456 -0.061526 0.343462
v -0.585806 -0.042360 0.284714
v -0.535473 0.005567 0.392236
v -0.526957 -0.053304 0.379505
v -0.509126 -0.009895 0.418706
v -0.525020 0.059818 0.379575
v -0.509010 0.020799 0.418426
v -0.605897 0.025248 0.268305
v -0.605481 -0.018823 0.266113
v -0.063028 0.431623 -0.032250
v -0.062540 0.480193 -0.119876
v -0.104325 0.426380 -0.029707
v -0.103370 0.472777 -0.117337
v 0.062610 0.432130 -0.032295
v 0.062138 0.480041 -0.119728
v 0.104061 0.426513 -0.030137
v 0.103381 0.472452 -0.117056
v 0.000264 0.413916 0.010044
v -0.084463 0.408735 0.012460
v -0.021555 0.394388 0.053635
v -0.000194 0.514188 -0.166108
v -0.083447 0.505687 -0.163693
v -0.021254 0.547935 -0.211177
v 0.084274 0.408783 0.012274
v 0.021360 0.394279 0.054123
v 0.083208 0.505249 -0.163369
v 0.021635 0.548360 -0.211586
v -0.178833 0.323879 0.190743
v -0.249588 0.297539 0.233355
v -0.197414 0.336788 0.146417
v -0.266561 0.308779 0.186900
v -0.116678 0.282053 0.331569
v -0.188202 0.263407 0.376482
v -0.093813 0.268559 0.379305
v -0.164651 0.252749 0.424753
v -0.113718 0.314654 0.237196
v -0.154153 0.344181 0.146227
v -0.089776 0.334483 0.190760
v -0.257846 0.268951 0.325201
v -0.294243 0.289810 0.229043
v -0.304568 0.262699 0.319759
v -0.070063 0.284913 0.331874
v -0.068622 0.318001 0.237474
v -0.212471 0.249312 0.421451
v -0.285678 0.252989 0.370671
v -0.195086 0.624307 -0.350479
v -0.300693 0.617612 -0.370457
v -0.207235 0.566814 -0.290491
v -0.294433 0.550008 -0.307312
v -0.166633 0.712794 -0.505288
v -0.231049 0.602420 -0.523099
v -0.130535 0.660056 -0.553214
v -0.206070 0.580438 -0.574568
v -0.171661 0.810612 -0.407526
v -0.161661 0.596794 -0.303157
v -0.114029 0.690024 -0.356621
v -0.333284 0.594812 -0.455574
v -0.356952 0.563890 -0.337800
v -0.431133 0.585850 -0.446469
v -0.107544 0.704913 -0.505060
v -0.100294 0.732966 -0.406252
v -0.250582 0.543660 -0.549352
v -0.337105 0.532621 -0.476357
v -0.403116 0.321870 -0.207294
v -0.455554 0.271408 -0.120912
v -0.384539 0.348424 -0.186802
v -0.433863 0.295578 -0.100245
v -0.465621 0.211120 -0.272898
v -0.512208 0.174658 -0.191335
v -0.487413 0.171618 -0.296470
v -0.530678 0.139119 -0.216311
v -0.406341 0.295997 -0.280588
v -0.368551 0.370234 -0.239979
v -0.367363 0.348012 -0.311291
v -0.508347 0.208104 -0.113054
v -0.471420 0.263810 -0.065879
v -0.523163 0.206832 -0.058929
v -0.452580 0.210886 -0.325494
v -0.390767 0.299924 -0.333372
v -0.542932 0.140978 -0.163460
v -0.538851 0.175548 -0.084933
v -0.449103 0.250312 0.188055
v -0.485978 0.241455 0.125854
v -0.423452 0.268094 0.155048
v -0.458940 0.261778 0.095021
v -0.501734 0.188346 0.270068
v -0.541759 0.168852 0.203560
v -0.511790 0.158720 0.290767
v -0.552891 0.137447 0.225228
v -0.457691 0.228059 0.265415
v -0.413168 0.261270 0.201253
v -0.422644 0.239130 0.282018
v -0.533323 0.198842 0.133863
v -0.487190 0.245961 0.079088
v -0.536083 0.200689 0.087416
v -0.484777 0.184209 0.314482
v -0.440882 0.223401 0.311999
v -0.564622 0.141039 0.181050
v -0.554479 0.172370 0.111543
v 0.178792 0.323745 0.191079
v 0.249556 0.297316 0.233301
v 0.196951 0.337013 0.146224
v 0.265907 0.308722 0.186894
v 0.116424 0.282007 0.331450
v 0.188455 0.263285 0.376571
v 0.093808 0.268698 0.379217
v 0.164702 0.252736 0.424504
v 0.114309 0.314934 0.237570
v 0.154750 0.344385 0.145981
v 0.089712 0.333919 0.191036
v 0.069876 0.284016 0.331758
v 0.068319 0.318405 0.237149
v 0.258072 0.268718 0.325380
v 0.293212 0.289802 0.228932
v 0.305138 0.262348 0.320554
v 0.212533 0.249422 0.421610
v 0.285730 0.253002 0.370675
v 0.196200 0.624854 -0.352335
v 0.301115 0.624125 -0.376213
v 0.207777 0.567654 -0.292034
v 0.294884 0.552469 -0.310118
v 0.166162 0.712306 -0.504885
v 0.230559 0.601669 -0.523443
v 0.130485 0.659787 -0.553960
v 0.205700 0.579618 -0.574722
v 0.172078 0.810724 -0.407541
v 0.162367 0.597189 -0.303901
v 0.114205 0.689975 -0.356728
v 0.107429 0.704843 -0.505068
v 0.100814 0.732523 -0.406256
v 0.334378 0.593833 -0.456734
v 0.357425 0.565575 -0.340262
v 0.431315 0.584227 -0.446432
v 0.249931 0.542510 -0.549366
v 0.337239 0.531882 -0.477234
v 0.403111 0.321879 -0.207273
v 0.455179 0.271303 -0.120952
v 0.384645 0.348458 -0.187509
v 0.433262 0.295639 -0.101156
v 0.465201 0.211444 -0.273205
v 0.511948 0.174890 -0.191487
v 0.487874 0.170926 -0.296470
v 0.530715 0.139068 -0.216340
v 0.406138 0.296152 -0.280763
v 0.368218 0.370519 -0.240449
v 0.367163 0.348094 -0.311632
v 0.508334 0.207953 -0.112915
v 0.471623 0.264131 -0.065783
v 0.523228 0.206823 -0.058567
v 0.452599 0.210637 -0.325569
v 0.390928 0.299803 -0.333493
v 0.542734 0.141252 -0.163399
v 0.539235 0.175544 -0.084569
v 0.449293 0.250171 0.188204
v 0.486031 0.241397 0.125959
v 0.423965 0.267778 0.155453
v 0.458941 0.261414 0.095299
v 0.501766 0.188525 0.270122
v 0.541682 0.168834 0.203537
v 0.511668 0.158896 0.290599
v 0.554107 0.138195 0.225739
v 0.457783 0.228156 0.265332
v 0.413899 0.261172 0.201644
v 0.422727 0.239160 0.282005
v 0.533340 0.198892 0.133983
v 0.487213 0.245697 0.079308
v 0.536136 0.200794 0.087369
v 0.484791 0.184354 0.314518
v 0.440943 0.223497 0.311903
v 0.564297 0.141067 0.181126
v 0.554571 0.172423 0.111711
v -0.075743 -0.604604 0.055919
v -0.086096 -0.634855 -0.038342
v -0.124114 -0.601477 0.044314
v -0.135083 -0.677975 -0.037999
v 0.075277 -0.603406 0.055069
v 0.085773 -0.634124 -0.038778
v 0.124067 -0.600970 0.044135
v 0.134487 -0.677432 -0.038622
v 0.000187 -0.596338 0.115394
v -0.096340 -0.586197 0.103153
v -0.024024 -0.591489 0.172654
v -0.000209 -0.594693 -0.077816
v -0.109899 -0.683334 -0.085198
v -0.037591 -0.588174 -0.121117
v 0.096314 -0.586074 0.102894
v 0.024349 -0.591918 0.172958
v 0.108830 -0.682334 -0.085780
v 0.037034 -0.587904 -0.121198
v -0.199965 -0.564884 0.359326
v -0.284111 -0.547135 0.372715
v -0.220794 -0.556501 0.274896
v -0.296238 -0.527137 0.300479
v -0.151575 -0.798764 0.523652
v -0.296259 -0.737014 0.584460
v -0.113400 -0.773364 0.615238
v -0.261291 -0.732985 0.661229
v -0.137779 -0.650765 0.415266
v -0.171187 -0.570778 0.289589
v -0.096576 -0.594714 0.366824
v -0.310035 -0.576078 0.467635
v -0.323037 -0.511648 0.337453
v -0.334289 -0.508470 0.427356
v -0.088828 -0.711425 0.531676
v -0.080949 -0.641930 0.416628
v -0.317166 -0.645008 0.618238
v -0.328531 -0.532700 0.490913
v -0.230974 -0.660374 -0.301627
v -0.287663 -0.524419 -0.287793
v -0.271458 -0.731851 -0.272004
v -0.338402 -0.576788 -0.270152
v -0.116885 -0.433904 -0.331691
v -0.174454 -0.364645 -0.345512
v -0.089131 -0.384611 -0.359517
v -0.147509 -0.325049 -0.383407
v -0.130495 -0.550694 -0.289380
v -0.192643 -0.736563 -0.274552
v -0.107295 -0.594983 -0.259417
v -0.246746 -0.391781 -0.312583
v -0.326483 -0.479903 -0.270107
v -0.281678 -0.361949 -0.299259
v -0.070272 -0.435474 -0.333450
v -0.078011 -0.534566 -0.281580
v -0.188817 -0.313047 -0.378846
v -0.253058 -0.325553 -0.331926
v -0.406796 -0.297667 -0.164404
v -0.446202 -0.268668 -0.095499
v -0.389324 -0.345275 -0.138104
v -0.425027 -0.311217 -0.068655
v -0.473800 -0.177575 -0.257189
v -0.511847 -0.158057 -0.182292
v -0.494299 -0.144780 -0.286365
v -0.530988 -0.126369 -0.211497
v -0.414872 -0.242229 -0.241597
v -0.378080 -0.334435 -0.184511
v -0.380070 -0.271298 -0.256981
v -0.500069 -0.197056 -0.101789
v -0.454318 -0.274498 -0.047310
v -0.508741 -0.201530 -0.051998
v -0.462618 -0.168269 -0.307288
v -0.400867 -0.230336 -0.288912
v -0.541129 -0.130543 -0.159376
v -0.531613 -0.166033 -0.079388
v -0.430304 -0.341608 0.215028
v -0.461655 -0.295133 0.140228
v -0.413929 -0.379222 0.191391
v -0.441607 -0.332145 0.116400
v -0.481299 -0.222313 0.274782
v -0.524689 -0.182559 0.203005
v -0.497279 -0.181242 0.292502
v -0.544329 -0.145189 0.222920
v -0.436773 -0.306455 0.285908
v -0.406420 -0.385015 0.243899
v -0.409783 -0.351671 0.317510
v -0.510925 -0.217581 0.136479
v -0.465133 -0.290842 0.092816
v -0.515234 -0.214359 0.090159
v -0.465874 -0.220885 0.320278
v -0.423102 -0.308635 0.335274
v -0.556509 -0.145118 0.178541
v -0.539889 -0.179058 0.111654
v 0.200245 -0.564929 0.359471
v 0.283862 -0.546977 0.373031
v 0.220778 -0.556523 0.275177
v 0.295939 -0.527099 0.300382
v 0.150311 -0.797635 0.522416
v 0.294836 -0.739887 0.583260
v 0.111149 -0.771663 0.613102
v 0.260947 -0.735316 0.660112
v 0.137823 -0.650338 0.414882
v 0.171320 -0.571117 0.289480
v 0.097000 -0.594498 0.366888
v 0.088126 -0.710526 0.530797
v 0.080994 -0.641905 0.416323
v 0.310634 -0.577450 0.467917
v 0.322346 -0.511718 0.337132
v 0.333745 -0.508937 0.427682
v 0.317228 -0.646932 0.617819
v 0.328267 -0.533669 0.491723
v 0.230709 -0.660466 -0.301801
v 0.287619 -0.524617 -0.288556
v 0.271119 -0.731898 -0.272286
v 0.338159 -0.576617 -0.270152
v 0.116830 -0.434337 -0.332088
v 0.174354 -0.364493 -0.345777
v 0.088998 -0.384452 -0.359411
v 0.147543 -0.324994 -0.383665
v 0.130082 -0.550005 -0.288926
v 0.191851 -0.736465 -0.274589
v 0.106663 -0.593870 -0.259302
v 0.070229 -0.435517 -0.333125
v 0.077517 -0.533773 -0.281423
v 0.246926 -0.391784 -0.312399
v 0.326299 -0.479596 -0.269959
v 0.281846 -0.361835 -0.299498
v 0.188883 -0.313038 -0.378978
v 0.253198 -0.325519 -0.332133
v 0.406924 -0.297239 -0.164416
v 0.446247 -0.268780 -0.095441
v 0.389334 -0.344801 -0.138029
v 0.425094 -0.310885 -0.068409
v 0.473682 -0.177058 -0.257042
v 0.512119 -0.157967 -0.182414
v 0.494336 -0.144760 -0.286324
v 0.531018 -0.126190 -0.211383
v 0.415050 -0.242874 -0.241514
v 0.378021 -0.333947 -0.184444
v 0.379669 -0.270514 -0.256867
v 0.500228 -0.196899 -0.102031
v 0.454192 -0.274279 -0.047097
v 0.509004 -0.201487 -0.052121
v 0.462509 -0.168201 -0.307168
v 0.401072 -0.230553 -0.288622
v 0.541156 -0.130200 -0.159338
v 0.531790 -0.166185 -0.079419
v 0.430482 -0.341608 0.215337
v 0.461922 -0.295146 0.139605
v 0.414258 -0.379021 0.191270
v 0.441868 -0.332263 0.116581
v 0.481294 -0.222432 0.274704
v 0.525467 -0.182500 0.202942
v 0.496804 -0.181448 0.292376
v 0.543599 -0.145382 0.223071
v 0.437019 -0.306443 0.285998
v 0.406471 -0.385168 0.243822
v 0.410242 -0.352037 0.317369
v 0.510628 -0.217597 0.136317
v 0.465088 -0.290649 0.092291
v 0.515036 -0.214565 0.090265
v 0.465969 -0.221332 0.320457
v 0.423247 -0.308769 0.335086
v 0.557118 -0.144936 0.178198
v 0.538934 -0.179566 0.111769
v 0.048583 -0.081597 0.737155
v -0.048805 -0.081029 0.738233
v 0.049395 -0.139481 0.763447
v -0.049446 -0.139388 0.763837
v 0.043068 0.064257 0.640224
v -0.043015 0.064641 0.640163
v 0.041871 0.110720 0.619525
v -0.041704 0.110661 0.619495
v 0.090575 -0.007166 0.673376
v 0.098829 -0.112019 0.732761
v 0.137235 -0.033591 0.672629
v -0.090542 -0.007222 0.673625
v -0.098486 -0.112139 0.732044
v -0.137264 -0.033301 0.673111
v 0.084672 0.087656 0.622527
v 0.132140 0.016007 0.645816
v -0.084906 0.087719 0.622194
v -0.132610 0.016472 0.646437
v 0.299707 -0.320298 0.610792
v 0.265186 -0.229749 0.639477
v 0.275016 -0.365171 0.657183
v 0.229857 -0.265597 0.675195
v 0.387194 -0.192002 0.492250
v 0.367130 -0.122906 0.531451
v 0.419915 -0.153905 0.459531
v 0.403470 -0.089225 0.500563
v 0.351023 -0.291618 0.525774
v 0.304562 -0.390621 0.616841
v 0.347149 -0.352258 0.522442
v 0.409961 -0.203930 0.451882
v 0.371787 -0.302186 0.480622
v 0.299986 -0.135795 0.597533
v 0.229349 -0.201567 0.671482
v 0.264598 -0.111334 0.626380
v 0.373958 -0.070546 0.532265
v 0.301066 -0.081098 0.590993
v -0.299606 -0.320310 0.610267
v -0.265311 -0.229855 0.639889
v -0.275457 -0.364944 0.656922
v -0.230326 -0.265576 0.675164
v -0.386991 -0.192254 0.492047
v -0.367215 -0.122512 0.532022
v -0.420276 -0.153795 0.459392
v -0.403467 -0.089272 0.500719
v -0.350689 -0.291810 0.525810
v -0.304325 -0.390739 0.616347
v -0.347245 -0.352306 0.522069
v -0.410483 -0.204009 0.452040
v -0.371962 -0.301827 0.480158
v -0.300088 -0.135754 0.598003
v -0.229411 -0.201926 0.671168
v -0.264425 -0.111416 0.625751
v -0.374093 -0.070630 0.531927
v -0.301338 -0.081059 0.590442
v 0.268642 0.210762 0.522374
v 0.240034 0.173055 0.551770
v 0.226277 0.219233 0.536323
v 0.199475 0.199071 0.565914
v 0.386395 0.153040 0.464218
v 0.362454 0.102344 0.502757
v 0.422164 0.128429 0.442034
v 0.403312 0.080836 0.484761
v 0.341508 0.204030 0.475820
v 0.259569 0.222488 0.509177
v 0.331937 0.219427 0.459014
v 0.414159 0.161543 0.430398
v 0.370776 0.208647 0.440123
v 0.286030 0.107056 0.545066
v 0.204152 0.158764 0.571579
v 0.249483 0.087468 0.569424
v 0.369539 0.062469 0.512534
v 0.291124 0.063233 0.555697
v -0.268587 0.210752 0.522446
v -0.240015 0.172809 0.551551
v -0.226207 0.219238 0.536354
v -0.199363 0.198978 0.565704
v -0.386409 0.152923 0.464311
v -0.362700 0.102748 0.503047
v -0.422506 0.128498 0.442245
v -0.403413 0.080837 0.484960
v -0.341355 0.203998 0.475841
v -0.259537 0.222483 0.509146
v -0.331873 0.219357 0.459034
v -0.414176 0.161473 0.430614
v -0.370641 0.208630 0.440114
v -0.286246 0.107756 0.544999
v -0.204203 0.158389 0.571591
v -0.249333 0.087028 0.569492
v -0.369183 0.062287 0.512528
v -0.291017 0.062959 0.555789
v 0.044246 -0.048336 -0.636047
v -0.044387 -0.048475 -0.635741
v 0.042076 -0.100728 -0.610599
v -0.042057 -0.100812 -0.610244
v 0.055694 0.100580 -0.765078
v -0.055835 0.100842 -0.765259
v 0.058741 0.156306 -0.796754
v -0.058719 0.156336 -0.795392
v 0.097859 0.023835 -0.696484
v 0.085516 -0.074253 -0.619854
v 0.139693 0.000194 -0.665457
v -0.098168 0.023951 -0.696651
v -0.085809 -0.073849 -0.620161
v -0.139716 -0.000013 -0.665782
v 0.117037 0.122418 -0.803210
v 0.151534 0.045219 -0.715498
v -0.117018 0.123395 -0.802162
v -0.151894 0.045088 -0.715815
v 0.254608 -0.193962 -0.509197
v 0.233222 -0.159341 -0.544939
v 0.213192 -0.207495 -0.521855
v 0.190816 -0.178284 -0.554673
v 0.373367 -0.136939 -0.461971
v 0.352187 -0.086457 -0.505135
v 0.409898 -0.115320 -0.443036
v 0.390229 -0.064545 -0.487993
v 0.323440 -0.184965 -0.464198
v 0.242086 -0.214443 -0.492180
v 0.309002 -0.209819 -0.443239
v 0.400308 -0.146771 -0.429567
v 0.348936 -0.193650 -0.428865
v 0.281431 -0.092281 -0.548287
v 0.197764 -0.139499 -0.565447
v 0.247840 -0.070470 -0.575353
v 0.360940 -0.045867 -0.520635
v 0.290612 -0.047205 -0.567569
v -0.254545 -0.193883 -0.509199
v -0.233182 -0.159414 -0.544976
v -0.213146 -0.207543 -0.521844
v -0.190820 -0.178312 -0.554706
v -0.373294 -0.137024 -0.462034
v -0.352236 -0.086543 -0.505339
v -0.409988 -0.115493 -0.443144
v -0.390329 -0.064680 -0.488051
v -0.323423 -0.184952 -0.464174
v -0.242024 -0.214532 -0.492067
v -0.308992 -0.210119 -0.443134
v -0.400203 -0.146799 -0.429474
v -0.348894 -0.193756 -0.428898
v -0.281500 -0.091944 -0.548546
v -0.197602 -0.139367 -0.565460
v -0.248111 -0.070121 -0.575901
v -0.361132 -0.046071 -0.520478
v -0.289892 -0.047168 -0.567785
v 0.298223 0.306528 -0.630479
v 0.296847 0.235888 -0.710998
v 0.262833 0.344722 -0.661468
v 0.257139 0.270349 -0.743487
v 0.409097 0.189729 -0.530431
v 0.386414 0.129253 -0.573889
v 0.440586 0.152209 -0.493687
v 0.416551 0.097452 -0.534077
v 0.348325 0.279567 -0.544366
v 0.283992 0.362671 -0.610223
v 0.329561 0.334290 -0.525773
v 0.420183 0.197237 -0.479285
v 0.359770 0.288920 -0.492692
v 0.329967 0.144533 -0.661554
v 0.272169 0.213201 -0.767176
v 0.298448 0.121334 -0.699423
v 0.389388 0.081777 -0.570445
v 0.323279 0.093225 -0.643418
v -0.298221 0.306931 -0.630595
v -0.296542 0.235590 -0.710809
v -0.263073 0.345009 -0.661878
v -0.257371 0.270650 -0.744500
v -0.409333 0.190119 -0.530444
v -0.386305 0.129314 -0.573856
v -0.440332 0.152388 -0.493884
v -0.416328 0.097502 -0.533994
v -0.348564 0.279774 -0.544679
v -0.283740 0.362981 -0.610400
v -0.329569 0.334469 -0.525796
v -0.420204 0.197646 -0.479181
v -0.359547 0.289033 -0.492577
v -0.329610 0.144626 -0.661440
v -0.272141 0.213128 -0.767566
v -0.298193 0.121649 -0.699383
v -0.389109 0.081684 -0.570316
v -0.322570 0.092717 -0.642758
v 0.630879 0.026051 -0.058126
v 0.626663 -0.025491 -0.059157
v 0.616477 0.025410 -0.110467
v 0.612522 -0.025281 -0.111037
v 0.639745 0.027552 0.089773
v 0.637962 -0.025014 0.088414
v 0.635804 0.027458 0.137536
v 0.634325 -0.024159 0.135746
v 0.634757 0.054059 0.017711
v 0.616543 0.052242 -0.083530
v 0.617585 0.082842 -0.006567
v 0.626818 0.055017 0.113645
v 0.615442 0.084072 0.041587
v 0.630164 -0.052285 0.015719
v 0.609036 -0.051595 -0.084926
v 0.611874 -0.079805 -0.008465
v 0.624173 -0.052154 0.111060
v 0.613010 -0.080911 0.039790
v -0.630948 0.026063 -0.058135
v -0.626706 -0.025479 -0.059140
v -0.616570 0.025452 -0.110478
v -0.612572 -0.025250 -0.111032
v -0.639735 0.027554 0.089755
v -0.637984 -0.024980 0.088459
v -0.635821 0.027471 0.137478
v -0.634337 -0.024116 0.135781
v -0.634752 0.054103 0.017686
v -0.616597 0.052232 -0.083550
v -0.617641 0.082852 -0.006547
v -0.626835 0.055120 0.113556
v -0.615608 0.084042 0.041646
v -0.630140 -0.052222 0.015766
v -0.609086 -0.051567 -0.084904
v -0.611850 -0.079745 -0.008483
v -0.624189 -0.052129 0.111046
v -0.612929 -0.080832 0.039760
v -0.167036 0.394195 0.016718
v -0.189957 0.371565 0.060066
v -0.165751 0.481272 -0.154111
v -0.189909 0.499190 -0.195062
v -0.148869 0.379873 0.058565
v -0.148210 0.518274 -0.203958
v -0.321549 0.309483 0.137212
v -0.359380 0.298536 0.129873
v -0.349504 0.289694 0.175440
v -0.311641 0.451299 -0.228349
v -0.336559 0.408560 -0.198557
v -0.331885 0.443817 -0.255716
v -0.419714 0.302382 -0.032092
v -0.425927 0.291920 0.015790
v -0.453364 0.275895 0.000453
v 0.167427 0.394150 0.017220
v 0.189785 0.371295 0.060083
v 0.165656 0.480847 -0.154628
v 0.189920 0.499403 -0.195778
v 0.149371 0.379747 0.058515
v 0.147831 0.518242 -0.204232
v 0.319905 0.309426 0.136969
v 0.358198 0.298598 0.130045
v 0.348232 0.289906 0.175499
v 0.311946 0.451893 -0.229901
v 0.336836 0.409010 -0.199785
v 0.331671 0.444422 -0.256991
v 0.419870 0.302250 -0.032212
v 0.425795 0.291822 0.015674
v 0.453572 0.275679 0.000679
v -0.191481 -0.568628 0.082587
v -0.215200 -0.559638 0.144304
v -0.233395 -0.784907 -0.080613
v -0.273321 -0.787908 -0.153906
v -0.167716 -0.569630 0.152528
v -0.189163 -0.799539 -0.149693
v -0.354002 -0.490772 0.212225
v -0.378522 -0.455044 0.188670
v -0.369198 -0.462438 0.246059
v -0.362517 -0.517113 -0.178961
v -0.369903 -0.454136 -0.146831
v -0.360899 -0.447094 -0.195154
v -0.417121 -0.362116 -0.000694
v -0.421554 -0.365622 0.045422
v -0.440388 -0.323014 0.023372
v 0.191099 -0.568162 0.082373
v 0.215765 -0.559210 0.144478
v 0.231195 -0.785822 -0.081664
v 0.272122 -0.788394 -0.154027
v 0.167951 -0.570226 0.153086
v 0.185685 -0.799185 -0.150469
v 0.354206 -0.491056 0.212489
v 0.379544 -0.455380 0.188770
v 0.369678 -0.462352 0.246091
v 0.362455 -0.517150 -0.179151
v 0.369545 -0.453885 -0.146847
v 0.361208 -0.447076 -0.195374
v 0.417407 -0.362183 -0.000729
v 0.421405 -0.365720 0.045035
v 0.440158 -0.323441 0.022987
v -0.034859 -0.622997 0.624532
v 0.033651 -0.622509 0.624562
v -0.233039 -0.569729 0.698398
v -0.236612 -0.482387 0.690537
v 0.000079 -0.617215 0.573907
v -0.286728 -0.528042 0.673040
v 0.232862 -0.570727 0.698455
v 0.236451 -0.482602 0.690423
v 0.286741 -0.528453 0.673166
v 0.097932 -0.232775 0.738880
v 0.145845 -0.265731 0.723870
v -0.097611 -0.232925 0.738909
v -0.146028 -0.265708 0.724037
v 0.148354 -0.202387 0.728885
v -0.148954 -0.202390 0.729945
v -0.023250 0.257431 0.426167
v 0.023311 0.257094 0.426219
v -0.158941 0.235001 0.510737
v -0.172882 0.229671 0.534291
v 0.000161 0.270416 0.379922
v -0.204223 0.233054 0.501498
v 0.158954 0.234979 0.510744
v 0.172843 0.229634 0.534298
v 0.204196 0.233114 0.501520
v 0.079911 0.178056 0.596080
v 0.118651 0.196277 0.586092
v -0.080044 0.177721 0.596524
v -0.118624 0.196372 0.586041
v 0.122009 0.155078 0.593697
v -0.121915 0.154908 0.593978
v -0.021486 -0.342080 -0.391968
v 0.021215 -0.342037 -0.392033
v -0.140461 -0.262073 -0.466617
v -0.157482 -0.234394 -0.507262
v -0.000087 -0.388023 -0.361813
v -0.182062 -0.253758 -0.462168
v 0.140433 -0.262250 -0.466501
v 0.157465 -0.234442 -0.507079
v 0.182035 -0.253834 -0.462028
v 0.078524 -0.179304 -0.587033
v 0.114195 -0.191580 -0.577009
v -0.078389 -0.179132 -0.587149
v -0.114051 -0.191546 -0.577060
v 0.119350 -0.147088 -0.586925
v -0.119443 -0.147002 -0.587084
v -0.033715 0.632895 -0.611197
v 0.033810 0.632876 -0.611005
v -0.203811 0.501885 -0.651502
v -0.214631 0.440638 -0.667823
v -0.000003 0.675761 -0.574290
v -0.238613 0.462216 -0.620654
v 0.203834 0.501646 -0.651575
v 0.214683 0.440445 -0.668042
v 0.238410 0.462581 -0.620990
v 0.115774 0.244986 -0.808042
v 0.165067 0.273128 -0.788611
v -0.115617 0.245256 -0.807830
v -0.164902 0.273365 -0.788429
v 0.175822 0.216256 -0.814927
v -0.175753 0.216616 -0.814909
v 0.501003 0.125627 -0.369450
v 0.487466 0.122109 -0.415570
v 0.572262 0.075332 -0.215214
v 0.590160 0.049478 -0.189122
v 0.466101 0.163821 -0.397988
v 0.584263 0.077912 -0.162581
v 0.487346 -0.110070 -0.348911
v 0.466912 -0.102941 -0.387270
v 0.565510 -0.073305 -0.212886
v 0.583887 -0.049077 -0.188241
v 0.456535 -0.132335 -0.370552
v 0.576908 -0.075820 -0.161834
v 0.436938 -0.008336 -0.481772
v 0.446039 0.028095 -0.493331
v 0.409555 0.013307 -0.516984
v 0.503420 0.122269 0.349458
v 0.482237 0.114708 0.386406
v 0.590263 0.079727 0.225870
v 0.616051 0.052231 0.206009
v 0.472980 0.147149 0.372054
v 0.602293 0.081889 0.182432
v 0.495534 -0.135248 0.351683
v 0.476692 -0.127866 0.391748
v 0.589232 -0.076975 0.222066
v 0.614893 -0.047734 0.201970
v 0.462708 -0.172348 0.379092
v 0.600734 -0.078763 0.178503
v 0.451541 -0.012991 0.476988
v 0.451630 0.024690 0.474575
v 0.418616 0.004751 0.503412
v -0.501086 0.125492 -0.369691
v -0.487437 0.122232 -0.415745
v -0.572290 0.075302 -0.215358
v -0.590159 0.049466 -0.189183
v -0.466256 0.163876 -0.397923
v -0.584223 0.077923 -0.162684
v -0.487082 -0.110021 -0.348735
v -0.466776 -0.102916 -0.387174
v -0.565417 -0.073253 -0.212849
v -0.583932 -0.049046 -0.188269
v -0.456487 -0.132302 -0.370616
v -0.576884 -0.075774 -0.161844
v -0.436848 -0.008586 -0.481877
v -0.446207 0.028209 -0.493521
v -0.408979 0.013093 -0.516659
v -0.503801 0.122101 0.349592
v -0.481943 0.114332 0.386291
v -0.591008 0.079562 0.226180
v -0.615974 0.052294 0.206025
v -0.473131 0.146995 0.372263
v -0.602421 0.081842 0.182397
v -0.495481 -0.135272 0.351538
v -0.476422 -0.128005 0.391714
v -0.589358 -0.076875 0.222006
v -0.614795 -0.047804 0.202179
v -0.462243 -0.172592 0.379094
v -0.600690 -0.078855 0.178569
v -0.451402 -0.013072 0.477090
v -0.451486 0.024576 0.474530
v -0.418442 0.004707 0.503555
v -0.022147 0.356630 0.143849
v 0.021983 0.357019 0.143718
v -0.000312 0.338403 0.190278
v -0.025762 0.628236 -0.306456
v 0.025624 0.628372 -0.306734
v -0.000023 0.665893 -0.355771
v -0.368631 0.241671 0.346302
v -0.346180 0.235516 0.392746
v -0.384976 0.228728 0.376355
v -0.341696 0.417681 -0.402697
v -0.332820 0.408347 -0.456308
v -0.343297 0.350287 -0.419477
v -0.558484 0.176053 0.018106
v -0.576905 0.145137 -0.006573
v -0.577616 0.144808 0.041531
v 0.368730 0.241614 0.346206
v 0.346265 0.235525 0.392695
v 0.385089 0.228813 0.376285
v 0.341404 0.416980 -0.402635
v 0.332143 0.407924 -0.456546
v 0.343095 0.349597 -0.419741
v 0.558497 0.176122 0.018215
v 0.576872 0.145067 -0.006525
v 0.577646 0.144809 0.041638
v -0.023949 -0.597909 0.297155
v 0.024295 -0.597896 0.297064
v 0.000134 -0.611059 0.358458
v -0.030978 -0.574625 -0.206936
v 0.030459 -0.574424 -0.206975
v -0.000469 -0.554057 -0.243527
v -0.371843 -0.407324 0.406305
v -0.359050 -0.412997 0.461819
v -0.381821 -0.358618 0.421129
v -0.327236 -0.279689 -0.314808
v -0.308292 -0.261587 -0.359309
v -0.347067 -0.240546 -0.348688
v -0.547954 -0.171522 0.019499
v -0.572379 -0.137466 -0.005946
v -0.572342 -0.141094 0.041294
v 0.371822 -0.407604 0.406937
v 0.358451 -0.413321 0.462205
v 0.381504 -0.358848 0.421370
v 0.327538 -0.280544 -0.315033
v 0.308522 -0.261500 -0.359686
v 0.347109 -0.240483 -0.348859
v 0.548173 -0.171317 0.019460
v 0.572358 -0.137335 -0.005854
v 0.572413 -0.140854 0.041295
v 0.221150 -0.033601 0.630950
v 0.215530 0.015620 0.611244
v 0.258191 -0.008083 0.597817
v -0.220992 -0.033486 0.630584
v -0.215539 0.015659 0.611012
v -0.258028 -0.008200 0.597568
v 0.224762 -0.000045 -0.636264
v 0.239754 0.045767 -0.677986
v 0.269557 0.022612 -0.631779
v -0.224782 -0.000156 -0.636328
v -0.239513 0.046298 -0.678156
v -0.270062 0.022304 -0.631555
f 1 647 644
f 1 644 643
f 1 643 645
f 1 645 646
f 1 646 647
f 2 649 652
f 6 672 670
f 12 702 699
f 11 696 695
f 8 679 681
f 4 662 659
f 4 659 658
f 4 658 660
f 4 660 661
f 4 661 662
f 5 666 665
f 3 654 657
f 7 673 677
f 9 685 686
f 10 692 688
f 12 701 698
f 6 669 668
f 2 650 648
f 8 682 678
f 11 697 693
f 6 671 669
f 12 700 701
f 11 694 697
f 8 680 682
f 2 651 650
f 10 690 689
f 5 663 664
f 3 655 653
f 7 676 674
f 9 687 684
f 10 691 690
f 5 667 663
f 3 656 655
f 7 675 676
f 9 683 687
f 6 668 672
f 2 648 649
f 8 678 679
f 11 693 696
f 12 698 702
f 10 688 691
f 5 665 667
f 3 657 656
f 7 677 675
f 9 686 683
f 5 664 666
f 3 653 654
f 7 674 673
f 9 684 685
f 10 689 692
f 6 670 671
f 12 699 700
f 11 695 694
f 8 681 680
f 2 652 651
f 35 837 838
f 18 735 736
f 19 742 741
f 40 868 867
f 42 880 879
f 34 832 831
f 33 827 828
f 25 778 780
f 36 844 846
f 20 749 747
f 32 819 820
f 23 765 767
f 24 773 771
f 37 850 849
f 41 876 875
f 34 833 834
f 33 826 825
f 25 779 777
f 36 845 843
f 20 748 750
f 17 729 727
f 14 711 709
f 13 706 703
f 15 718 715
f 16 724 721
f 18 737 733
f 35 839 835
f 42 882 878
f 40 870 866
f 19 744 740
f 30 807 805
f 27 789 787
f 22 762 758
f 28 797 793
f 29 802 799
f 32 821 817
f 23 766 763
f 24 774 770
f 37 852 848
f 41 874 872
f 35 838 836
f 18 736 734
f 19 741 739
f 40 867 865
f 42 879 877
f 34 831 829
f 33 828 824
f 25 780 776
f 36 846 842
f 20 747 745
f 32 820 818
f 23 767 764
f 24 771 769
f 37 849 847
f 41 875 871
f 34 834 830
f 33 825 823
f 25 777 775
f 36 843 841
f 20 750 746
f 14 714 710
f 13 707 704
f 15 719 716
f 16 725 722
f 17 732 728
f 21 755 752
f 31 814 811
f 26 784 781
f 38 857 853
f 39 862 860
f 27 792 788
f 22 759 757
f 28 796 794
f 29 803 800
f 30 810 806
f 31 815 812
f 26 785 782
f 38 856 854
f 39 863 859
f 21 754 751
f 14 712 714
f 13 705 707
f 15 717 719
f 16 723 725
f 17 730 732
f 21 753 755
f 31 816 814
f 26 786 784
f 38 858 857
f 39 861 862
f 27 791 792
f 22 761 759
f 28 795 796
f 29 801 803
f 30 808 810
f 31 813 815
f 26 783 785
f 38 855 856
f 39 864 863
f 21 756 754
f 14 709 712
f 13 703 705
f 15 715 717
f 16 721 723
f 17 727 730
f 21 751 753
f 31 812 816
f 26 782 786
f 38 854 858
f 39 859 861
f 27 787 791
f 22 758 761
f 28 793 795
f 29 799 801
f 30 805 808
f 31 811 813
f 26 781 783
f 38 853 855
f 39 860 864
f 21 752 756
f 17 728 731
f 14 710 713
f 13 704 708
f 15 716 720
f 16 722 726
f 18 734 738
f 35 836 840
f 42 877 881
f 40 865 869
f 19 739 743
f 30 806 809
f 27 788 790
f 22 757 760
f 28 794 798
f 29 800 804
f 32 818 822
f 23 764 768
f 24 769 772
f 37 847 851
f 41 871 873
f 35 835 837
f 18 733 735
f 19 740 742
f 40 866 868
f 42 878 880
f 34 830 832
f 33 823 827
f 25 775 778
f 36 841 844
f 20 746 749
f 32 817 819
f 23 763 765
f 24 770 773
f 37 848 850
f 41 872 876
f 34 829 833
f 33 824 826
f 25 776 779
f 36 842 845
f 20 745 748
f 17 731 729
f 14 713 711
f 13 708 706
f 15 720 718
f 16 726 724
f 18 738 737
f 35 840 839
f 42 881 882
f 40 869 870
f 19 743 744
f 30 809 807
f 27 790 789
f 22 760 762
f 28 798 797
f 29 804 802
f 32 822 821
f 23 768 766
f 24 772 774
f 37 851 852
f 41 873 874
f 107 1269 1270
f 103 1245 1246
f 104 1252 1251
f 110 1288 1287
f 113 1306 1305
f 118 1336 1335
f 154 1551 1552
f 141 1473 1474
f 162 1599 1600
f 121 1354 1353
f 142 1479 1480
f 129 1401 1402
f 130 1408 1407
f 144 1492 1491
f 146 1504 1503
f 151 1533 1534
f 131 1414 1413
f 136 1444 1443
f 161 1594 1593
f 126 1383 1384
f 116 1323 1324
f 108 1275 1276
f 106 1263 1264
f 112 1299 1300
f 115 1317 1318
f 119 1341 1342
f 156 1564 1563
f 139 1462 1461
f 160 1588 1587
f 120 1347 1348
f 149 1521 1522
f 132 1420 1419
f 128 1395 1396
f 145 1497 1498
f 148 1515 1516
f 155 1557 1558
f 133 1425 1426
f 134 1431 1432
f 157 1570 1569
f 124 1372 1371
f 109 1282 1281
f 105 1258 1257
f 111 1294 1293
f 114 1312 1311
f 117 1330 1329
f 125 1378 1377
f 152 1540 1539
f 137 1449 1450
f 158 1575 1576
f 123 1365 1366
f 143 1486 1485
f 127 1390 1389
f 135 1437 1438
f 147 1510 1509
f 150 1528 1527
f 153 1546 1545
f 140 1468 1467
f 138 1455 1456
f 159 1581 1582
f 122 1359 1360
f 107 1272 1271
f 103 1248 1247
f 104 1253 1254
f 110 1289 1290
f 113 1307 1308
f 118 1337 1338
f 154 1554 1553
f 141 1476 1475
f 162 1602 1601
f 121 1355 1356
f 142 1482 1481
f 129 1404 1403
f 130 1409 1410
f 144 1493 1494
f 146 1505 1506
f 151 1536 1535
f 131 1415 1416
f 136 1445 1446
f 161 1595 1596
f 126 1386 1385
f 47 909 907
f 44 891 889
f 43 886 883
f 45 898 895
f 46 904 901
f 49 922 919
f 72 1060 1057
f 102 1240 1237
f 96 1204 1201
f 79 1102 1099
f 62 999 997
f 59 981 979
f 58 976 973
f 60 988 985
f 61 994 991
f 66 1024 1021
f 54 952 949
f 73 1066 1063
f 85 1138 1135
f 92 1179 1177
f 101 1233 1231
f 69 1041 1039
f 50 927 925
f 82 1119 1117
f 97 1209 1207
f 71 1053 1051
f 100 1228 1225
f 94 1192 1189
f 80 1108 1105
f 51 933 931
f 90 1167 1165
f 63 1005 1003
f 55 957 955
f 76 1083 1081
f 87 1150 1147
f 91 1174 1171
f 67 1029 1027
f 56 963 961
f 75 1077 1075
f 83 1126 1123
f 68 1036 1033
f 48 915 913
f 78 1095 1093
f 93 1185 1183
f 98 1216 1213
f 88 1155 1153
f 65 1018 1015
f 57 970 967
f 77 1090 1087
f 86 1143 1141
f 64 1012 1009
f 53 945 943
f 74 1071 1069
f 84 1131 1129
f 89 1162 1159
f 70 1047 1045
f 99 1221 1219
f 95 1197 1195
f 81 1114 1111
f 52 940 937
f 109 1284 1280
f 105 1260 1256
f 111 1296 1292
f 114 1314 1310
f 117 1332 1328
f 125 1380 1376
f 152 1542 1538
f 137 1451 1447
f 158 1577 1573
f 123 1367 1363
f 143 1488 1484
f 127 1392 1388
f 135 1439 1435
f 147 1512 1508
f 150 1530 1526
f 153 1548 1544
f 140 1470 1466
f 138 1457 1453
f 159 1583 1579
f 122 1361 1357
f 107 1270 1268
f 103 1246 1244
f 104 1251 1249
f 110 1287 1285
f 113 1305 1303
f 118 1335 1333
f 154 1552 1550
f 141 1474 1472
f 162 1600 1598
f 121 1353 1351
f 142 1480 1478
f 129 1402 1400
f 130 1407 1405
f 144 1491 1489
f 146 1503 1501
f 151 1534 1532
f 131 1413 1411
f 136 1443 1441
f 161 1593 1591
f 126 1384 1382
f 116 1324 1322
f 108 1276 1274
f 106 1264 1262
f 112 1300 1298
f 115 1318 1316
f 119 1342 1340
f 156 1563 1561
f 139 1461 1459
f 160 1587 1585
f 120 1348 1346
f 149 1522 1520
f 132 1419 1417
f 128 1396 1394
f 145 1498 1496
f 148 1516 1514
f 155 1558 1556
f 133 1426 1424
f 134 1432 1430
f 157 1569 1567
f 124 1371 1369
f 109 1281 1279
f 105 1257 1255
f 111 1293 1291
f 114 1311 1309
f 117 1329 1327
f 125 1377 1375
f 152 1539 1537
f 137 1450 1448
f 158 1576 1574
f 123 1366 1364
f 143 1485 1483
f 127 1389 1387
f 135 1438 1436
f 147 1509 1507
f 150 1527 1525
f 153 1545 1543
f 140 1467 1465
f 138 1456 1454
f 159 1582 1580
f 122 1360 1358
f 107 1271 1267
f 103 1247 1243
f 104 1254 1250
f 110 1290 1286
f 113 1308 1304
f 118 1338 1334
f 154 1553 1549
f 141 1475 1471
f 162 1601 1597
f 121 1356 1352
f 142 1481 1477
f 129 1403 1399
f 130 1410 1406
f 144 1494 1490
f 146 1506 1502
f 151 1535 1531
f 131 1416 1412
f 136 1446 1442
f 161 1596 1592
f 126 1385 1381
f 44 894 890
f 43 887 884
f 45 899 896
f 46 905 902
f 47 912 908
f 52 941 938
f 70 1050 1046
f 99 1224 1220
f 95 1200 1196
f 81 1115 1112
f 59 984 980
f 58 977 974
f 60 989 986
f 61 995 992
f 62 1002 998
f 65 1019 1016
f 57 971 968
f 77 1091 1088
f 86 1146 1142
f 88 1158 1154
f 98 1217 1214
f 68 1037 1034
f 48 918 914
f 78 1098 1094
f 93 1188 1184
f 69 1044 1040
f 101 1236 1232
f 97 1212 1208
f 82 1122 1118
f 50 930 926
f 89 1163 1160
f 64 1013 1010
f 53 948 944
f 74 1074 1070
f 84 1134 1130
f 90 1170 1166
f 63 1008 1004
f 55 960 956
f 76 1086 1082
f 87 1151 1148
f 72 1061 1058
f 49 923 920
f 79 1103 1100
f 96 1205 1202
f 102 1241 1238
f 91 1175 1172
f 67 1032 1028
f 56 966 962
f 75 1080 1076
f 83 1127 1124
f 66 1025 1022
f 54 953 950
f 73 1067 1064
f 85 1139 1136
f 92 1182 1178
f 71 1056 1052
f 100 1229 1226
f 94 1193 1190
f 80 1109 1106
f 51 936 932
f 116 1325 1321
f 108 1277 1273
f 106 1265 1261
f 112 1301 1297
f 115 1319 1315
f 119 1343 1339
f 156 1566 1562
f 139 1464 1460
f 160 1590 1586
f 120 1349 1345
f 149 1523 1519
f 132 1422 1418
f 128 1397 1393
f 145 1499 1495
f 148 1517 1513
f 155 1559 1555
f 133 1427 1423
f 134 1433 1429
f 157 1572 1568
f 124 1374 1370
f 44 892 894
f 43 885 887
f 45 897 899
f 46 903 905
f 47 910 912
f 52 939 941
f 70 1048 1050
f 99 1222 1224
f 95 1198 1200
f 81 1113 1115
f 59 982 984
f 58 975 977
f 60 987 989
f 61 993 995
f 62 1000 1002
f 65 1017 1019
f 57 969 971
f 77 1089 1091
f 86 1144 1146
f 88 1156 1158
f 98 1215 1217
f 68 1035 1037
f 48 916 918
f 78 1096 1098
f 93 1186 1188
f 69 1042 1044
f 101 1234 1236
f 97 1210 1212
f 82 1120 1122
f 50 928 930
f 89 1161 1163
f 64 1011 1013
f 53 946 948
f 74 1072 1074
f 84 1132 1134
f 90 1168 1170
f 63 1006 1008
f 55 958 960
f 76 1084 1086
f 87 1149 1151
f 72 1059 1061
f 49 921 923
f 79 1101 1103
f 96 1203 1205
f 102 1239 1241
f 91 1173 1175
f 67 1030 1032
f 56 964 966
f 75 1078 1080
f 83 1125 1127
f 66 1023 1025
f 54 951 953
f 73 1065 1067
f 85 1137 1139
f 92 1180 1182
f 71 1054 1056
f 100 1227 1229
f 94 1191 1193
f 80 1107 1109
f 51 934 936
f 116 1326 1325
f 108 1278 1277
f 106 1266 1265
f 112 1302 1301
f 115 1320 1319
f 119 1344 1343
f 156 1565 1566
f 139 1463 1464
f 160 1589 1590
f 120 1350 1349
f 149 1524 1523
f 132 1421 1422
f 128 1398 1397
f 145 1500 1499
f 148 1518 1517
f 155 1560 1559
f 133 1428 1427
f 134 1434 1433
f 157 1571 1572
f 124 1373 1374
f 44 889 892
f 43 883 885
f 45 895 897
f 46 901 903
f 47 907 910
f 52 937 939
f 70 1045 1048
f 99 1219 1222
f 95 1195 1198
f 81 1111 1113
f 59 979 982
f 58 973 975
f 60 985 987
f 61 991 993
f 62 997 1000
f 65 1015 1017
f 57 967 969
f 77 1087 1089
f 86 1141 1144
f 88 1153 1156
f 98 1213 1215
f 68 1033 1035
f 48 913 916
f 78 1093 1096
f 93 1183 1186
f 69 1039 1042
f 101 1231 1234
f 97 1207 1210
f 82 1117 1120
f 50 925 928
f 89 1159 1161
f 64 1009 1011
f 53 943 946
f 74 1069 1072
f 84 1129 1132
f 90 1165 1168
f 63 1003 1006
f 55 955 958
f 76 1081 1084
f 87 1147 1149
f 72 1057 1059
f 49 919 921
f 79 1099 1101
f 96 1201 1203
f 102 1237 1239
f 91 1171 1173
f 67 1027 1030
f 56 961 964
f 75 1075 1078
f 83 1123 1125
f 66 1021 1023
f 54 949 951
f 73 1063 1065
f 85 1135 1137
f 92 1177 1180
f 71 1051 1054
f 100 1225 1227
f 94 1189 1191
f 80 1105 1107
f 51 931 934
f 116 1322 1326
f 108 1274 1278
f 106 1262 1266
f 112 1298 1302
f 115 1316 1320
f 119 1340 1344
f 156 1561 1565
f 139 1459 1463
f 160 1585 1589
f 120 1346 1350
f 149 1520 1524
f 132 1417 1421
f 128 1394 1398
f 145 1496 1500
f 148 1514 1518
f 155 1556 1560
f 133 1424 1428
f 134 1430 1434
f 157 1567 1571
f 124 1369 1373
f 47 908 911
f 44 890 893
f 43 884 888
f 45 896 900
f 46 902 906
f 49 920 924
f 72 1058 1062
f 102 1238 1242
f 96 1202 1206
f 79 1100 1104
f 62 998 1001
f 59 980 983
f 58 974 978
f 60 986 990
f 61 992 996
f 66 1022 1026
f 54 950 954
f 73 1064 1068
f 85 1136 1140
f 92 1178 1181
f 101 1232 1235
f 69 1040 1043
f 50 926 929
f 82 1118 1121
f 97 1208 1211
f 71 1052 1055
f 100 1226 1230
f 94 1190 1194
f 80 1106 1110
f 51 932 935
f 90 1166 1169
f 63 1004 1007
f 55 956 959
f 76 1082 1085
f 87 1148 1152
f 91 1172 1176
f 67 1028 1031
f 56 962 965
f 75 1076 1079
f 83 1124 1128
f 68 1034 1038
f 48 914 917
f 78 1094 1097
f 93 1184 1187
f 98 1214 1218
f 88 1154 1157
f 65 1016 1020
f 57 968 972
f 77 1088 1092
f 86 1142 1145
f 64 1010 1014
f 53 944 947
f 74 1070 1073
f 84 1130 1133
f 89 1160 1164
f 70 1046 1049
f 99 1220 1223
f 95 1196 1199
f 81 1112 1116
f 52 938 942
f 109 1279 1283
f 105 1255 1259
f 111 1291 1295
f 114 1309 1313
f 117 1327 1331
f 125 1375 1379
f 152 1537 1541
f 137 1448 1452
f 158 1574 1578
f 123 1364 1368
f 143 1483 1487
f 127 1387 1391
f 135 1436 1440
f 147 1507 1511
f 150 1525 1529
f 153 1543 1547
f 140 1465 1469
f 138 1454 1458
f 159 1580 1584
f 122 1358 1362
f 107 1267 1269
f 103 1243 1245
f 104 1250 1252
f 110 1286 1288
f 113 1304 1306
f 118 1334 1336
f 154 1549 1551
f 141 1471 1473
f 162 1597 1599
f 121 1352 1354
f 142 1477 1479
f 129 1399 1401
f 130 1406 1408
f 144 1490 1492
f 146 1502 1504
f 151 1531 1533
f 131 1412 1414
f 136 1442 1444
f 161 1592 1594
f 126 1381 1383
f 116 1321 1323
f 108 1273 1275
f 106 1261 1263
f 112 1297 1299
f 115 1315 1317
f 119 1339 1341
f 156 1562 1564
f 139 1460 1462
f 160 1586 1588
f 120 1345 1347
f 149 1519 1521
f 132 1418 1420
f 128 1393 1395
f 145 1495 1497
f 148 1513 1515
f 155 1555 1557
f 133 1423 1425
f 134 1429 1431
f 157 1568 1570
f 124 1370 1372
f 109 1280 1282
f 105 1256 1258
f 111 1292 1294
f 114 1310 1312
f 117 1328 1330
f 125 1376 1378
f 152 1538 1540
f 137 1447 1449
f 158 1573 1575
f 123 1363 1365
f 143 1484 1486
f 127 1388 1390
f 135 1435 1437
f 147 1508 1510
f 150 1526 1528
f 153 1544 1546
f 140 1466 1468
f 138 1453 1455
f 159 1579 1581
f 122 1357 1359
f 107 1268 1272
f 103 1244 1248
f 104 1249 1253
f 110 1285 1289
f 113 1303 1307
f 118 1333 1337
f 154 1550 1554
f 141 1472 1476
f 162 1598 1602
f 121 1351 1355
f 142 1478 1482
f 129 1400 1404
f 130 1405 1409
f 144 1489 1493
f 146 1501 1505
f 151 1532 1536
f 131 1411 1415
f 136 1441 1445
f 161 1591 1595
f 126 1382 1386
f 47 911 909
f 44 893 891
f 43 888 886
f 45 900 898
f 46 906 904
f 49 924 922
f 72 1062 1060
f 102 1242 1240
f 96 1206 1204
f 79 1104 1102
f 62 1001 999
f 59 983 981
f 58 978 976
f 60 990 988
f 61 996 994
f 66 1026 1024
f 54 954 952
f 73 1068 1066
f 85 1140 1138
f 92 1181 1179
f 101 1235 1233
f 69 1043 1041
f 50 929 927
f 82 1121 1119
f 97 1211 1209
f 71 1055 1053
f 100 1230 1228
f 94 1194 1192
f 80 1110 1108
f 51 935 933
f 90 1169 1167
f 63 1007 1005
f 55 959 957
f 76 1085 1083
f 87 1152 1150
f 91 1176 1174
f 67 1031 1029
f 56 965 963
f 75 1079 1077
f 83 1128 1126
f 68 1038 1036
f 48 917 915
f 78 1097 1095
f 93 1187 1185
f 98 1218 1216
f 88 1157 1155
f 65 1020 1018
f 57 972 970
f 77 1092 1090
f 86 1145 1143
f 64 1014 1012
f 53 947 945
f 74 1073 1071
f 84 1133 1131
f 89 1164 1162
f 70 1049 1047
f 99 1223 1221
f 95 1199 1197
f 81 1116 1114
f 52 942 940
f 109 1283 1284
f 105 1259 1260
f 111 1295 1296
f 114 1313 1314
f 117 1331 1332
f 125 1379 1380
f 152 1541 1542
f 137 1452 1451
f 158 1578 1577
f 123 1368 1367
f 143 1487 1488
f 127 1391 1392
f 135 1440 1439
f 147 1511 1512
f 150 1529 1530
f 153 1547 1548
f 140 1469 1470
f 138 1458 1457
f 159 1584 1583
f 122 1362 1361
f 407 1609 1616
f 403 1605 1608
f 404 1611 1606
f 410 1614 1612
f 413 1617 1615
f 422 1631 1624
f 486 1688 1692
f 573 1775 1782
f 561 1763 1765
f 512 1719 1714
f 452 1654 1661
f 448 1650 1653
f 449 1656 1651
f 455 1659 1657
f 458 1662 1660
f 470 1672 1675
f 437 1646 1639
f 494 1706 1696
f 531 1735 1733
f 539 1741 1751
f 568 1770 1779
f 478 1680 1683
f 419 1621 1626
f 509 1711 1721
f 554 1756 1766
f 482 1684 1689
f 576 1780 1778
f 558 1767 1760
f 516 1722 1718
f 425 1627 1629
f 542 1744 1747
f 463 1668 1665
f 434 1636 1641
f 497 1699 1704
f 528 1730 1737
f 546 1748 1750
f 464 1666 1676
f 440 1642 1644
f 500 1705 1702
f 524 1736 1726
f 479 1691 1681
f 418 1623 1620
f 508 1713 1710
f 553 1764 1755
f 569 1781 1771
f 538 1749 1740
f 471 1677 1673
f 443 1645 1647
f 501 1703 1707
f 523 1725 1734
f 467 1674 1669
f 433 1638 1635
f 493 1695 1698
f 527 1732 1729
f 543 1752 1745
f 485 1690 1687
f 572 1777 1774
f 557 1759 1762
f 515 1717 1720
f 428 1630 1632
f 591 2191 2189
f 587 1885 1883
f 588 1901 1903
f 594 2279 2281
f 597 2315 2317
f 600 2171 2173
f 634 2160 2158
f 619 2016 2012
f 639 2214 2210
f 602 1919 1924
f 624 2137 2135
f 608 1978 1973
f 610 1991 1996
f 627 2225 2227
f 630 2302 2304
f 635 2178 2176
f 615 2153 2155
f 617 2009 2014
f 637 2207 2212
f 604 1926 1922
f 416 1857 1864
f 408 1803 1810
f 406 1786 1795
f 412 1822 1831
f 415 1840 1849
f 424 1876 1887
f 492 2182 2193
f 582 2312 2321
f 565 2276 2285
f 514 1898 1907
f 461 2091 2098
f 453 2037 2044
f 451 1952 1961
f 457 2056 2067
f 460 2074 2083
f 475 2128 2139
f 439 1966 1975
f 496 1988 1997
f 533 2222 2231
f 551 2293 2298
f 579 2185 2190
f 483 1879 1884
f 426 1893 1900
f 521 2271 2278
f 566 2307 2314
f 489 2163 2170
f 578 2150 2159
f 560 2006 2015
f 518 2204 2213
f 429 1911 1918
f 547 2131 2136
f 465 1969 1977
f 441 1983 1990
f 504 2217 2224
f 537 2290 2301
f 550 2168 2177
f 476 2145 2152
f 444 2001 2008
f 502 2199 2206
f 526 1916 1925
f 481 1808 1817
f 420 1789 1797
f 510 1825 1833
f 555 1843 1851
f 571 1862 1871
f 540 1933 1941
f 473 2110 2119
f 447 2020 2029
f 507 2236 2247
f 534 2257 2262
f 469 2042 2051
f 435 1947 1954
f 498 2059 2064
f 529 2077 2085
f 545 2096 2105
f 487 2113 2121
f 574 2023 2031
f 562 2239 2244
f 520 2254 2265
f 432 1930 1939
f 589 1818 1814
f 583 1798 1793
f 586 1834 1829
f 593 1852 1847
f 596 1872 1868
f 599 1942 1937
f 633 2120 2124
f 620 2030 2034
f 640 2248 2250
f 603 2263 2261
f 622 2052 2050
f 607 1955 1960
f 612 2065 2063
f 626 2086 2081
f 629 2106 2102
f 631 2122 2117
f 614 2032 2027
f 618 2245 2243
f 641 2266 2268
f 605 1940 1944
f 409 1813 1804
f 405 1792 1785
f 411 1828 1821
f 414 1846 1839
f 417 1867 1858
f 431 1936 1929
f 488 2123 2114
f 575 2033 2024
f 563 2249 2240
f 519 2260 2253
f 454 2049 2038
f 450 1959 1951
f 456 2062 2055
f 459 2080 2073
f 462 2101 2092
f 472 2116 2109
f 446 2026 2019
f 506 2242 2235
f 535 2267 2258
f 541 1943 1934
f 570 1869 1861
f 480 1815 1807
f 421 1799 1790
f 511 1835 1826
f 556 1853 1844
f 484 1889 1880
f 580 2195 2186
f 567 2319 2308
f 522 2283 2272
f 427 1905 1894
f 544 2103 2095
f 468 2046 2041
f 436 1957 1948
f 499 2069 2060
f 530 2087 2078
f 548 2141 2132
f 466 1979 1970
f 442 1993 1984
f 505 2229 2218
f 536 2296 2289
f 491 2188 2181
f 423 1882 1875
f 513 1902 1897
f 564 2280 2275
f 581 2316 2311
f 549 2172 2167
f 477 2157 2146
f 445 2011 2002
f 503 2209 2200
f 525 1923 1915
f 474 2134 2127
f 438 1972 1965
f 495 1995 1987
f 532 2226 2221
f 552 2303 2294
f 490 2175 2164
f 577 2154 2149
f 559 2013 2005
f 517 2211 2203
f 430 1921 1912
f 590 1865 1870
f 584 1811 1816
f 585 1796 1800
f 592 1832 1836
f 595 1850 1854
f 598 1888 1890
f 636 2194 2196
f 621 2322 2320
f 642 2286 2284
f 601 1908 1906
f 623 2099 2104
f 611 2045 2047
f 609 1962 1958
f 625 2068 2070
f 628 2084 2088
f 632 2140 2142
f 613 1976 1980
f 616 1998 1994
f 638 2232 2230
f 606 2299 2297
f 407 2330 2329
f 403 2324 2323
f 404 2325 2326
f 410 2332 2333
f 413 2335 2336
f 422 2344 2345
f 486 2410 2409
f 573 2497 2496
f 561 2486 2485
f 512 2434 2435
f 452 2375 2374
f 448 2369 2368
f 449 2370 2371
f 455 2377 2378
f 458 2380 2381
f 470 2393 2392
f 437 2359 2360
f 494 2415 2416
f 531 2455 2456
f 539 2461 2460
f 568 2489 2488
f 478 2399 2398
f 419 2341 2340
f 509 2431 2430
f 554 2476 2475
f 482 2405 2404
f 576 2500 2501
f 558 2481 2482
f 516 2439 2440
f 425 2348 2347
f 542 2465 2464
f 463 2383 2384
f 434 2356 2355
f 497 2420 2419
f 528 2452 2451
f 546 2471 2470
f 464 2386 2385
f 440 2363 2362
f 500 2422 2423
f 524 2445 2446
f 479 2400 2401
f 418 2338 2339
f 508 2428 2429
f 553 2473 2474
f 569 2490 2491
f 538 2458 2459
f 471 2394 2395
f 443 2366 2365
f 501 2425 2424
f 523 2444 2443
f 467 2389 2390
f 433 2353 2354
f 493 2414 2413
f 527 2449 2450
f 543 2466 2467
f 485 2407 2408
f 572 2494 2495
f 557 2480 2479
f 515 2438 2437
f 428 2351 2350
f 591 2510 2511
f 587 2504 2505
f 588 2508 2507
f 594 2514 2513
f 597 2517 2516
f 600 2520 2519
f 634 2554 2556
f 619 2539 2540
f 639 2560 2561
f 602 2523 2521
f 624 2543 2544
f 608 2527 2529
f 610 2532 2530
f 627 2547 2546
f 630 2550 2549
f 635 2552 2553
f 615 2535 2534
f 617 2538 2536
f 637 2558 2557
f 604 2524 2525
f 167 1607 647
f 164 1603 644
f 163 1604 643
f 165 1610 645
f 166 1613 646
f 169 1622 649
f 192 1686 672
f 222 1773 702
f 216 1761 696
f 199 1712 679
f 182 1652 662
f 179 1648 659
f 178 1649 658
f 180 1655 660
f 181 1658 661
f 186 1670 666
f 174 1637 654
f 193 1694 673
f 205 1731 685
f 212 1739 692
f 221 1768 701
f 189 1678 669
f 170 1619 650
f 202 1709 682
f 217 1754 697
f 191 1682 671
f 220 1776 700
f 214 1758 694
f 200 1716 680
f 171 1625 651
f 210 1742 690
f 183 1663 663
f 175 1634 655
f 196 1697 676
f 207 1728 687
f 211 1746 691
f 187 1664 667
f 176 1640 656
f 195 1700 675
f 203 1724 683
f 188 1679 668
f 168 1618 648
f 198 1708 678
f 213 1753 693
f 218 1769 698
f 208 1738 688
f 185 1671 665
f 177 1643 657
f 197 1701 677
f 206 1723 686
f 184 1667 664
f 173 1633 653
f 194 1693 674
f 204 1727 684
f 209 1743 689
f 190 1685 670
f 219 1772 699
f 215 1757 695
f 201 1715 681
f 172 1628 652
f 357 2187 837
f 255 1881 735
f 262 1899 742
f 388 2277 868
f 400 2313 880
f 352 2169 832
f 347 2156 827
f 298 2010 778
f 364 2208 844
f 269 1917 749
f 339 2133 819
f 285 1971 765
f 293 1989 773
f 370 2223 850
f 396 2300 876
f 353 2174 833
f 346 2151 826
f 299 2007 779
f 365 2205 845
f 268 1920 748
f 249 1855 729
f 231 1801 711
f 226 1784 706
f 238 1820 718
f 244 1838 724
f 257 1874 737
f 359 2180 839
f 402 2310 882
f 390 2274 870
f 264 1896 744
f 327 2089 807
f 309 2035 789
f 282 1950 762
f 317 2054 797
f 322 2072 802
f 341 2126 821
f 286 1964 766
f 294 1986 774
f 372 2220 852
f 394 2291 874
f 358 2183 838
f 256 1877 736
f 261 1891 741
f 387 2269 867
f 399 2305 879
f 351 2161 831
f 348 2148 828
f 300 2004 780
f 366 2202 846
f 267 1909 747
f 340 2129 820
f 287 1967 767
f 291 1981 771
f 369 2215 849
f 395 2288 875
f 354 2166 834
f 345 2143 825
f 297 1999 777
f 363 2197 843
f 270 1914 750
f 234 1806 714
f 227 1787 707
f 239 1823 719
f 245 1841 725
f 252 1860 732
f 275 1931 755
f 334 2108 814
f 304 2018 784
f 377 2234 857
f 382 2255 862
f 312 2040 792
f 279 1945 759
f 316 2057 796
f 323 2075 803
f 330 2094 810
f 335 2111 815
f 305 2021 785
f 376 2237 856
f 383 2252 863
f 274 1928 754
f 232 1812 712
f 225 1791 705
f 237 1827 717
f 243 1845 723
f 250 1866 730
f 273 1935 753
f 336 2118 816
f 306 2028 786
f 378 2246 858
f 381 2259 861
f 311 2048 791
f 281 1953 761
f 315 2061 795
f 321 2079 801
f 328 2100 808
f 333 2115 813
f 303 2025 783
f 375 2241 855
f 384 2264 864
f 276 1938 756
f 229 1802 709
f 223 1783 703
f 235 1819 715
f 241 1837 721
f 247 1856 727
f 271 1927 751
f 332 2112 812
f 302 2022 782
f 374 2238 854
f 379 2251 859
f 307 2036 787
f 278 1949 758
f 313 2053 793
f 319 2071 799
f 325 2090 805
f 331 2107 811
f 301 2017 781
f 373 2233 853
f 380 2256 860
f 272 1932 752
f 248 1859 728
f 230 1805 710
f 224 1788 704
f 236 1824 716
f 242 1842 722
f 254 1878 734
f 356 2184 836
f 397 2306 877
f 385 2270 865
f 259 1892 739
f 326 2093 806
f 308 2039 788
f 277 1946 757
f 314 2058 794
f 320 2076 800
f 338 2130 818
f 284 1968 764
f 289 1982 769
f 367 2216 847
f 391 2287 871
f 355 2179 835
f 253 1873 733
f 260 1895 740
f 386 2273 866
f 398 2309 878
f 350 2165 830
f 343 2144 823
f 295 2000 775
f 361 2198 841
f 266 1913 746
f 337 2125 817
f 283 1963 763
f 290 1985 770
f 368 2219 848
f 392 2292 872
f 349 2162 829
f 344 2147 824
f 296 2003 776
f 362 2201 842
f 265 1910 745
f 251 1863 731
f 233 1809 713
f 228 1794 708
f 240 1830 720
f 246 1848 726
f 258 1886 738
f 360 2192 840
f 401 2318 881
f 389 2282 869
f 263 1904 743
f 329 2097 809
f 310 2043 790
f 280 1956 760
f 318 2066 798
f 324 2082 804
f 342 2138 822
f 288 1974 768
f 292 1992 772
f 371 2228 851
f 393 2295 873
f 409 2331 1269
f 405 2327 1245
f 411 2328 1252
f 414 2334 1288
f 417 2337 1306
f 431 2346 1336
f 488 2412 1551
f 575 2499 1473
f 563 2487 1599
f 519 2436 1354
f 454 2376 1479
f 450 2372 1401
f 456 2373 1408
f 459 2379 1492
f 462 2382 1504
f 472 2396 1533
f 446 2361 1414
f 506 2418 1444
f 535 2457 1594
f 541 2463 1383
f 570 2492 1323
f 480 2402 1275
f 421 2343 1263
f 511 2433 1299
f 556 2478 1317
f 484 2406 1341
f 580 2502 1564
f 567 2484 1462
f 522 2442 1588
f 427 2349 1347
f 544 2468 1521
f 468 2387 1420
f 436 2358 1395
f 499 2421 1497
f 530 2454 1515
f 548 2472 1557
f 466 2388 1425
f 442 2364 1431
f 505 2426 1570
f 536 2448 1372
f 491 2403 1282
f 423 2342 1258
f 513 2432 1294
f 564 2477 1312
f 581 2493 1330
f 549 2462 1378
f 477 2397 1540
f 445 2367 1449
f 503 2427 1575
f 525 2447 1365
f 474 2391 1486
f 438 2357 1390
f 495 2417 1437
f 532 2453 1510
f 552 2469 1528
f 490 2411 1546
f 577 2498 1468
f 559 2483 1455
f 517 2441 1581
f 430 2352 1359
f 590 2509 1272
f 584 2503 1248
f 585 2506 1253
f 592 2512 1289
f 595 2515 1307
f 598 2518 1337
f 636 2555 1554
f 621 2541 1476
f 642 2562 1602
f 601 2522 1355
f 623 2542 1482
f 611 2528 1404
f 609 2531 1409
f 625 2545 1493
f 628 2548 1505
f 632 2551 1536
f 613 2533 1415
f 616 2537 1445
f 638 2559 1595
f 606 2526 1386
f 407 1616 909
f 403 1608 891
f 404 1606 886
f 410 1612 898
f 413 1615 904
f 422 1624 922
f 486 1692 1060
f 573 1782 1240
f 561 1765 1204
f 512 1714 1102
f 452 1661 999
f 448 1653 981
f 449 1651 976
f 455 1657 988
f 458 1660 994
f 470 1675 1024
f 437 1639 952
f 494 1696 1066
f 531 1733 1138
f 539 1751 1179
f 568 1779 1233
f 478 1683 1041
f 419 1626 927
f 509 1721 1119
f 554 1766 1209
f 482 1689 1053
f 576 1778 1228
f 558 1760 1192
f 516 1718 1108
f 425 1629 933
f 542 1747 1167
f 463 1665 1005
f 434 1641 957
f 497 1704 1083
f 528 1737 1150
f 546 1750 1174
f 464 1676 1029
f 440 1644 963
f 500 1702 1077
f 524 1726 1126
f 479 1681 1036
f 418 1620 915
f 508 1710 1095
f 553 1755 1185
f 569 1771 1216
f 538 1740 1155
f 471 1673 1018
f 443 1647 970
f 501 1707 1090
f 523 1734 1143
f 467 1669 1012
f 433 1635 945
f 493 1698 1071
f 527 1729 1131
f 543 1745 1162
f 485 1687 1047
f 572 1774 1221
f 557 1762 1197
f 515 1720 1114
f 428 1632 940
f 591 2189 1284
f 587 1883 1260
f 588 1903 1296
f 594 2281 1314
f 597 2317 1332
f 600 2173 1380
f 634 2158 1542
f 619 2012 1451
f 639 2210 1577
f 602 1924 1367
f 624 2135 1488
f 608 1973 1392
f 610 1996 1439
f 627 2227 1512
f 630 2304 1530
f 635 2176 1548
f 615 2155 1470
f 617 2014 1457
f 637 2212 1583
f 604 1922 1361
f 416 1864 1270
f 408 1810 1246
f 406 1795 1251
f 412 1831 1287
f 415 1849 1305
f 424 1887 1335
f 492 2193 1552
f 582 2321 1474
f 565 2285 1600
f 514 1907 1353
f 461 2098 1480
f 453 2044 1402
f 451 1961 1407
f 457 2067 1491
f 460 2083 1503
f 475 2139 1534
f 439 1975 1413
f 496 1997 1443
f 533 2231 1593
f 551 2298 1384
f 579 2190 1324
f 483 1884 1276
f 426 1900 1264
f 521 2278 1300
f 566 2314 1318
f 489 2170 1342
f 578 2159 1563
f 560 2015 1461
f 518 2213 1587
f 429 1918 1348
f 547 2136 1522
f 465 1977 1419
f 441 1990 1396
f 504 2224 1498
f 537 2301 1516
f 550 2177 1558
f 476 2152 1426
f 444 2008 1432
f 502 2206 1569
f 526 1925 1371
f 481 1817 1281
f 420 1797 1257
f 510 1833 1293
f 555 1851 1311
f 571 1871 1329
f 540 1941 1377
f 473 2119 1539
f 447 2029 1450
f 507 2247 1576
f 534 2262 1366
f 469 2051 1485
f 435 1954 1389
f 498 2064 1438
f 529 2085 1509
f 545 2105 1527
f 487 2121 1545
f 574 2031 1467
f 562 2244 1456
f 520 2265 1582
f 432 1939 1360
f 589 1814 1271
f 583 1793 1247
f 586 1829 1254
f 593 1847 1290
f 596 1868 1308
f 599 1937 1338
f 633 2124 1553
f 620 2034 1475
f 640 2250 1601
f 603 2261 1356
f 622 2050 1481
f 607 1960 1403
f 612 2063 1410
f 626 2081 1494
f 629 2102 1506
f 631 2117 1535
f 614 2027 1416
f 618 2243 1446
f 641 2268 1596
f 605 1944 1385
f 409 1804 894
f 405 1785 887
f 411 1821 899
f 414 1839 905
f 417 1858 912
f 431 1929 941
f 488 2114 1050
f 575 2024 1224
f 563 2240 1200
f 519 2253 1115
f 454 2038 984
f 450 1951 977
f 456 2055 989
f 459 2073 995
f 462 2092 1002
f 472 2109 1019
f 446 2019 971
f 506 2235 1091
f 535 2258 1146
f 541 1934 1158
f 570 1861 1217
f 480 1807 1037
f 421 1790 918
f 511 1826 1098
f 556 1844 1188
f 484 1880 1044
f 580 2186 1236
f 567 2308 1212
f 522 2272 1122
f 427 1894 930
f 544 2095 1163
f 468 2041 1013
f 436 1948 948
f 499 2060 1074
f 530 2078 1134
f 548 2132 1170
f 466 1970 1008
f 442 1984 960
f 505 2218 1086
f 536 2289 1151
f 491 2181 1061
f 423 1875 923
f 513 1897 1103
f 564 2275 1205
f 581 2311 1241
f 549 2167 1175
f 477 2146 1032
f 445 2002 966
f 503 2200 1080
f 525 1915 1127
f 474 2127 1025
f 438 1965 953
f 495 1987 1067
f 532 2221 1139
f 552 2294 1182
f 490 2164 1056
f 577 2149 1229
f 559 2005 1193
f 517 2203 1109
f 430 1912 936
f 590 1870 1325
f 584 1816 1277
f 585 1800 1265
f 592 1836 1301
f 595 1854 1319
f 598 1890 1343
f 636 2196 1566
f 621 2320 1464
f 642 2284 1590
f 601 1906 1349
f 623 2104 1523
f 611 2047 1422
f 609 1958 1397
f 625 2070 1499
f 628 2088 1517
f 632 2142 1559
f 613 1980 1427
f 616 1994 1433
f 638 2230 1572
f 606 2297 1374
f 407 2329 892
f 403 2323 885
f 404 2326 897
f 410 2333 903
f 413 2336 910
f 422 2345 939
f 486 2409 1048
f 573 2496 1222
f 561 2485 1198
f 512 2435 1113
f 452 2374 982
f 448 2368 975
f 449 2371 987
f 455 2378 993
f 458 2381 1000
f 470 2392 1017
f 437 2360 969
f 494 2416 1089
f 531 2456 1144
f 539 2460 1156
f 568 2488 1215
f 478 2398 1035
f 419 2340 916
f 509 2430 1096
f 554 2475 1186
f 482 2404 1042
f 576 2501 1234
f 558 2482 1210
f 516 2440 1120
f 425 2347 928
f 542 2464 1161
f 463 2384 1011
f 434 2355 946
f 497 2419 1072
f 528 2451 1132
f 546 2470 1168
f 464 2385 1006
f 440 2362 958
f 500 2423 1084
f 524 2446 1149
f 479 2401 1059
f 418 2339 921
f 508 2429 1101
f 553 2474 1203
f 569 2491 1239
f 538 2459 1173
f 471 2395 1030
f 443 2365 964
f 501 2424 1078
f 523 2443 1125
f 467 2390 1023
f 433 2354 951
f 493 2413 1065
f 527 2450 1137
f 543 2467 1180
f 485 2408 1054
f 572 2495 1227
f 557 2479 1191
f 515 2437 1107
f 428 2350 934
f 591 2511 1326
f 587 2505 1278
f 588 2507 1266
f 594 2513 1302
f 597 2516 1320
f 600 2519 1344
f 634 2556 1565
f 619 2540 1463
f 639 2561 1589
f 602 2521 1350
f 624 2544 1524
f 608 2529 1421
f 610 2530 1398
f 627 2546 1500
f 630 2549 1518
f 635 2553 1560
f 615 2534 1428
f 617 2536 1434
f 637 2557 1571
f 604 2525 1373
f 164 1609 889
f 163 1605 883
f 165 1611 895
f 166 1614 901
f 167 1617 907
f 172 1631 937
f 190 1688 1045
f 219 1775 1219
f 215 1763 1195
f 201 1719 1111
f 179 1654 979
f 178 1650 973
f 180 1656 985
f 181 1659 991
f 182 1662 997
f 185 1672 1015
f 177 1646 967
f 197 1706 1087
f 206 1735 1141
f 208 1741 1153
f 218 1770 1213
f 188 1680 1033
f 168 1621 913
f 198 1711 1093
f 213 1756 1183
f 189 1684 1039
f 221 1780 1231
f 217 1767 1207
f 202 1722 1117
f 170 1627 925
f 209 1744 1159
f 184 1668 1009
f 173 1636 943
f 194 1699 1069
f 204 1730 1129
f 210 1748 1165
f 183 1666 1003
f 175 1642 955
f 196 1705 1081
f 207 1736 1147
f 192 1691 1057
f 169 1623 919
f 199 1713 1099
f 216 1764 1201
f 222 1781 1237
f 211 1749 1171
f 187 1677 1027
f 176 1645 961
f 195 1703 1075
f 203 1725 1123
f 186 1674 1021
f 174 1638 949
f 193 1695 1063
f 205 1732 1135
f 212 1752 1177
f 191 1690 1051
f 220 1777 1225
f 214 1759 1189
f 200 1717 1105
f 171 1630 931
f 358 2191 1322
f 256 1885 1274
f 261 1901 1262
f 387 2279 1298
f 399 2315 1316
f 351 2171 1340
f 348 2160 1561
f 300 2016 1459
f 366 2214 1585
f 267 1919 1346
f 340 2137 1520
f 287 1978 1417
f 291 1991 1394
f 369 2225 1496
f 395 2302 1514
f 354 2178 1556
f 345 2153 1424
f 297 2009 1430
f 363 2207 1567
f 270 1926 1369
f 247 1857 908
f 229 1803 890
f 223 1786 884
f 235 1822 896
f 241 1840 902
f 253 1876 920
f 355 2182 1058
f 398 2312 1238
f 386 2276 1202
f 260 1898 1100
f 325 2091 998
f 307 2037 980
f 278 1952 974
f 313 2056 986
f 319 2074 992
f 337 2128 1022
f 283 1966 950
f 290 1988 1064
f 368 2222 1136
f 392 2293 1178
f 356 2185 1232
f 254 1879 1040
f 259 1893 926
f 385 2271 1118
f 397 2307 1208
f 349 2163 1052
f 344 2150 1226
f 296 2006 1190
f 362 2204 1106
f 265 1911 932
f 338 2131 1166
f 284 1969 1004
f 289 1983 956
f 367 2217 1082
f 391 2290 1148
f 350 2168 1172
f 343 2145 1028
f 295 2001 962
f 361 2199 1076
f 266 1916 1124
f 230 1808 1034
f 224 1789 914
f 236 1825 1094
f 242 1843 1184
f 248 1862 1214
f 272 1933 1154
f 331 2110 1016
f 301 2020 968
f 373 2236 1088
f 380 2257 1142
f 308 2042 1010
f 277 1947 944
f 314 2059 1070
f 320 2077 1130
f 326 2096 1160
f 332 2113 1046
f 302 2023 1220
f 374 2239 1196
f 379 2254 1112
f 271 1930 938
f 234 1818 1279
f 227 1798 1255
f 239 1834 1291
f 245 1852 1309
f 252 1872 1327
f 275 1942 1375
f 334 2120 1537
f 304 2030 1448
f 377 2248 1574
f 382 2263 1364
f 312 2052 1483
f 279 1955 1387
f 316 2065 1436
f 323 2086 1507
f 330 2106 1525
f 335 2122 1543
f 305 2032 1465
f 376 2245 1454
f 383 2266 1580
f 274 1940 1358
f 232 1813 1267
f 225 1792 1243
f 237 1828 1250
f 243 1846 1286
f 250 1867 1304
f 273 1936 1334
f 336 2123 1549
f 306 2033 1471
f 378 2249 1597
f 381 2260 1352
f 311 2049 1477
f 281 1959 1399
f 315 2062 1406
f 321 2080 1490
f 328 2101 1502
f 333 2116 1531
f 303 2026 1412
f 375 2242 1442
f 384 2267 1592
f 276 1943 1381
f 251 1869 1321
f 233 1815 1273
f 228 1799 1261
f 240 1835 1297
f 246 1853 1315
f 258 1889 1339
f 360 2195 1562
f 401 2319 1460
f 389 2283 1586
f 263 1905 1345
f 329 2103 1519
f 310 2046 1418
f 280 1957 1393
f 318 2069 1495
f 324 2087 1513
f 342 2141 1555
f 288 1979 1423
f 292 1993 1429
f 371 2229 1568
f 393 2296 1370
f 357 2188 1280
f 255 1882 1256
f 262 1902 1292
f 388 2280 1310
f 400 2316 1328
f 352 2172 1376
f 347 2157 1538
f 298 2011 1447
f 364 2209 1573
f 269 1923 1363
f 339 2134 1484
f 285 1972 1388
f 293 1995 1435
f 370 2226 1508
f 396 2303 1526
f 353 2175 1544
f 346 2154 1466
f 299 2013 1453
f 365 2211 1579
f 268 1921 1357
f 249 1865 1268
f 231 1811 1244
f 226 1796 1249
f 238 1832 1285
f 244 1850 1303
f 257 1888 1333
f 359 2194 1550
f 402 2322 1472
f 390 2286 1598
f 264 1908 1351
f 327 2099 1478
f 309 2045 1400
f 282 1962 1405
f 317 2068 1489
f 322 2084 1501
f 341 2140 1532
f 286 1976 1411
f 294 1998 1441
f 372 2232 1591
f 394 2299 1382
f 416 2330 911
f 408 2324 893
f 406 2325 888
f 412 2332 900
f 415 2335 906
f 424 2344 924
f 492 2410 1062
f 582 2497 1242
f 565 2486 1206
f 514 2434 1104
f 461 2375 1001
f 453 2369 983
f 451 2370 978
f 457 2377 990
f 460 2380 996
f 475 2393 1026
f 439 2359 954
f 496 2415 1068
f 533 2455 1140
f 551 2461 1181
f 579 2489 1235
f 483 2399 1043
f 426 2341 929
f 521 2431 1121
f 566 2476 1211
f 489 2405 1055
f 578 2500 1230
f 560 2481 1194
f 518 2439 1110
f 429 2348 935
f 547 2465 1169
f 465 2383 1007
f 441 2356 959
f 504 2420 1085
f 537 2452 1152
f 550 2471 1176
f 476 2386 1031
f 444 2363 965
f 502 2422 1079
f 526 2445 1128
f 481 2400 1038
f 420 2338 917
f 510 2428 1097
f 555 2473 1187
f 571 2490 1218
f 540 2458 1157
f 473 2394 1020
f 447 2366 972
f 507 2425 1092
f 534 2444 1145
f 469 2389 1014
f 435 2353 947
f 498 2414 1073
f 529 2449 1133
f 545 2466 1164
f 487 2407 1049
f 574 2494 1223
f 562 2480 1199
f 520 2438 1116
f 432 2351 942
f 589 2510 1283
f 583 2504 1259
f 586 2508 1295
f 593 2514 1313
f 596 2517 1331
f 599 2520 1379
f 633 2554 1541
f 620 2539 1452
f 640 2560 1578
f 603 2523 1368
f 622 2543 1487
f 607 2527 1391
f 612 2532 1440
f 626 2547 1511
f 629 2550 1529
f 631 2552 1547
f 614 2535 1469
f 618 2538 1458
f 641 2558 1584
f 605 2524 1362
f 164 1607 1609
f 163 1603 1605
f 165 1604 1611
f 166 1610 1614
f 167 1613 1617
f 172 1622 1631
f 190 1686 1688
f 219 1773 1775
f 215 1761 1763
f 201 1712 1719
f 179 1652 1654
f 178 1648 1650
f 180 1649 1656
f 181 1655 1659
f 182 1658 1662
f 185 1670 1672
f 177 1637 1646
f 197 1694 1706
f 206 1731 1735
f 208 1739 1741
f 218 1768 1770
f 188 1678 1680
f 168 1619 1621
f 198 1709 1711
f 213 1754 1756
f 189 1682 1684
f 221 1776 1780
f 217 1758 1767
f 202 1716 1722
f 170 1625 1627
f 209 1742 1744
f 184 1663 1668
f 173 1634 1636
f 194 1697 1699
f 204 1728 1730
f 210 1746 1748
f 183 1664 1666
f 175 1640 1642
f 196 1700 1705
f 207 1724 1736
f 192 1679 1691
f 169 1618 1623
f 199 1708 1713
f 216 1753 1764
f 222 1769 1781
f 211 1738 1749
f 187 1671 1677
f 176 1643 1645
f 195 1701 1703
f 203 1723 1725
f 186 1667 1674
f 174 1633 1638
f 193 1693 1695
f 205 1727 1732
f 212 1743 1752
f 191 1685 1690
f 220 1772 1777
f 214 1757 1759
f 200 1715 1717
f 171 1628 1630
f 358 2187 2191
f 256 1881 1885
f 261 1899 1901
f 387 2277 2279
f 399 2313 2315
f 351 2169 2171
f 348 2156 2160
f 300 2010 2016
f 366 2208 2214
f 267 1917 1919
f 340 2133 2137
f 287 1971 1978
f 291 1989 1991
f 369 2223 2225
f 395 2300 2302
f 354 2174 2178
f 345 2151 2153
f 297 2007 2009
f 363 2205 2207
f 270 1920 1926
f 247 1855 1857
f 229 1801 1803
f 223 1784 1786
f 235 1820 1822
f 241 1838 1840
f 253 1874 1876
f 355 2180 2182
f 398 2310 2312
f 386 2274 2276
f 260 1896 1898
f 325 2089 2091
f 307 2035 2037
f 278 1950 1952
f 313 2054 2056
f 319 2072 2074
f 337 2126 2128
f 283 1964 1966
f 290 1986 1988
f 368 2220 2222
f 392 2291 2293
f 356 2183 2185
f 254 1877 1879
f 259 1891 1893
f 385 2269 2271
f 397 2305 2307
f 349 2161 2163
f 344 2148 2150
f 296 2004 2006
f 362 2202 2204
f 265 1909 1911
f 338 2129 2131
f 284 1967 1969
f 289 1981 1983
f 367 2215 2217
f 391 2288 2290
f 350 2166 2168
f 343 2143 2145
f 295 1999 2001
f 361 2197 2199
f 266 1914 1916
f 230 1806 1808
f 224 1787 1789
f 236 1823 1825
f 242 1841 1843
f 248 1860 1862
f 272 1931 1933
f 331 2108 2110
f 301 2018 2020
f 373 2234 2236
f 380 2255 2257
f 308 2040 2042
f 277 1945 1947
f 314 2057 2059
f 320 2075 2077
f 326 2094 2096
f 332 2111 2113
f 302 2021 2023
f 374 2237 2239
f 379 2252 2254
f 271 1928 1930
f 234 1812 1818
f 227 1791 1798
f 239 1827 1834
f 245 1845 1852
f 252 1866 1872
f 275 1935 1942
f 334 2118 2120
f 304 2028 2030
f 377 2246 2248
f 382 2259 2263
f 312 2048 2052
f 279 1953 1955
f 316 2061 2065
f 323 2079 2086
f 330 2100 2106
f 335 2115 2122
f 305 2025 2032
f 376 2241 2245
f 383 2264 2266
f 274 1938 1940
f 232 1802 1813
f 225 1783 1792
f 237 1819 1828
f 243 1837 1846
f 250 1856 1867
f 273 1927 1936
f 336 2112 2123
f 306 2022 2033
f 378 2238 2249
f 381 2251 2260
f 311 2036 2049
f 281 1949 1959
f 315 2053 2062
f 321 2071 2080
f 328 2090 2101
f 333 2107 2116
f 303 2017 2026
f 375 2233 2242
f 384 2256 2267
f 276 1932 1943
f 251 1859 1869
f 233 1805 1815
f 228 1788 1799
f 240 1824 1835
f 246 1842 1853
f 258 1878 1889
f 360 2184 2195
f 401 2306 2319
f 389 2270 2283
f 263 1892 1905
f 329 2093 2103
f 310 2039 2046
f 280 1946 1957
f 318 2058 2069
f 324 2076 2087
f 342 2130 2141
f 288 1968 1979
f 292 1982 1993
f 371 2216 2229
f 393 2287 2296
f 357 2179 2188
f 255 1873 1882
f 262 1895 1902
f 388 2273 2280
f 400 2309 2316
f 352 2165 2172
f 347 2144 2157
f 298 2000 2011
f 364 2198 2209
f 269 1913 1923
f 339 2125 2134
f 285 1963 1972
f 293 1985 1995
f 370 2219 2226
f 396 2292 2303
f 353 2162 2175
f 346 2147 2154
f 299 2003 2013
f 365 2201 2211
f 268 1910 1921
f 249 1863 1865
f 231 1809 1811
f 226 1794 1796
f 238 1830 1832
f 244 1848 1850
f 257 1886 1888
f 359 2192 2194
f 402 2318 2322
f 390 2282 2286
f 264 1904 1908
f 327 2097 2099
f 309 2043 2045
f 282 1956 1962
f 317 2066 2068
f 322 2082 2084
f 341 2138 2140
f 286 1974 1976
f 294 1992 1998
f 372 2228 2232
f 394 2295 2299
f 416 2331 2330
f 408 2327 2324
f 406 2328 2325
f 412 2334 2332
f 415 2337 2335
f 424 2346 2344
f 492 2412 2410
f 582 2499 2497
f 565 2487 2486
f 514 2436 2434
f 461 2376 2375
f 453 2372 2369
f 451 2373 2370
f 457 2379 2377
f 460 2382 2380
f 475 2396 2393
f 439 2361 2359
f 496 2418 2415
f 533 2457 2455
f 551 2463 2461
f 579 2492 2489
f 483 2402 2399
f 426 2343 2341
f 521 2433 2431
f 566 2478 2476
f 489 2406 2405
f 578 2502 2500
f 560 2484 2481
f 518 2442 2439
f 429 2349 2348
f 547 2468 2465
f 465 2387 2383
f 441 2358 2356
f 504 2421 2420
f 537 2454 2452
f 550 2472 2471
f 476 2388 2386
f 444 2364 2363
f 502 2426 2422
f 526 2448 2445
f 481 2403 2400
f 420 2342 2338
f 510 2432 2428
f 555 2477 2473
f 571 2493 2490
f 540 2462 2458
f 473 2397 2394
f 447 2367 2366
f 507 2427 2425
f 534 2447 2444
f 469 2391 2389
f 435 2357 2353
f 498 2417 2414
f 529 2453 2449
f 545 2469 2466
f 487 2411 2407
f 574 2498 2494
f 562 2483 2480
f 520 2441 2438
f 432 2352 2351
f 589 2509 2510
f 583 2503 2504
f 586 2506 2508
f 593 2512 2514
f 596 2515 2517
f 599 2518 2520
f 633 2555 2554
f 620 2541 2539
f 640 2562 2560
f 603 2522 2523
f 622 2542 2543
f 607 2528 2527
f 612 2531 2532
f 626 2545 2547
f 629 2548 2550
f 631 2551 2552
f 614 2533 2535
f 618 2537 2538
f 641 2559 2558
f 605 2526 2524
f 164 644 1607
f 163 643 1603
f 165 645 1604
f 166 646 1610
f 167 647 1613
f 172 652 1622
f 190 670 1686
f 219 699 1773
f 215 695 1761
f 201 681 1712
f 179 659 1652
f 178 658 1648
f 180 660 1649
f 181 661 1655
f 182 662 1658
f 185 665 1670
f 177 657 1637
f 197 677 1694
f 206 686 1731
f 208 688 1739
f 218 698 1768
f 188 668 1678
f 168 648 1619
f 198 678 1709
f 213 693 1754
f 189 669 1682
f 221 701 1776
f 217 697 1758
f 202 682 1716
f 170 650 1625
f 209 689 1742
f 184 664 1663
f 173 653 1634
f 194 674 1697
f 204 684 1728
f 210 690 1746
f 183 663 1664
f 175 655 1640
f 196 676 1700
f 207 687 1724
f 192 672 1679
f 169 649 1618
f 199 679 1708
f 216 696 1753
f 222 702 1769
f 211 691 1738
f 187 667 1671
f 176 656 1643
f 195 675 1701
f 203 683 1723
f 186 666 1667
f 174 654 1633
f 193 673 1693
f 205 685 1727
f 212 692 1743
f 191 671 1685
f 220 700 1772
f 214 694 1757
f 200 680 1715
f 171 651 1628
f 358 838 2187
f 256 736 1881
f 261 741 1899
f 387 867 2277
f 399 879 2313
f 351 831 2169
f 348 828 2156
f 300 780 2010
f 366 846 2208
f 267 747 1917
f 340 820 2133
f 287 767 1971
f 291 771 1989
f 369 849 2223
f 395 875 2300
f 354 834 2174
f 345 825 2151
f 297 777 2007
f 363 843 2205
f 270 750 1920
f 247 727 1855
f 229 709 1801
f 223 703 1784
f 235 715 1820
f 241 721 1838
f 253 733 1874
f 355 835 2180
f 398 878 2310
f 386 866 2274
f 260 740 1896
f 325 805 2089
f 307 787 2035
f 278 758 1950
f 313 793 2054
f 319 799 2072
f 337 817 2126
f 283 763 1964
f 290 770 1986
f 368 848 2220
f 392 872 2291
f 356 836 2183
f 254 734 1877
f 259 739 1891
f 385 865 2269
f 397 877 2305
f 349 829 2161
f 344 824 2148
f 296 776 2004
f 362 842 2202
f 265 745 1909
f 338 818 2129
f 284 764 1967
f 289 769 1981
f 367 847 2215
f 391 871 2288
f 350 830 2166
f 343 823 2143
f 295 775 1999
f 361 841 2197
f 266 746 1914
f 230 710 1806
f 224 704 1787
f 236 716 1823
f 242 722 1841
f 248 728 1860
f 272 752 1931
f 331 811 2108
f 301 781 2018
f 373 853 2234
f 380 860 2255
f 308 788 2040
f 277 757 1945
f 314 794 2057
f 320 800 2075
f 326 806 2094
f 332 812 2111
f 302 782 2021
f 374 854 2237
f 379 859 2252
f 271 751 1928
f 234 714 1812
f 227 707 1791
f 239 719 1827
f 245 725 1845
f 252 732 1866
f 275 755 1935
f 334 814 2118
f 304 784 2028
f 377 857 2246
f 382 862 2259
f 312 792 2048
f 279 759 1953
f 316 796 2061
f 323 803 2079
f 330 810 2100
f 335 815 2115
f 305 785 2025
f 376 856 2241
f 383 863 2264
f 274 754 1938
f 232 712 1802
f 225 705 1783
f 237 717 1819
f 243 723 1837
f 250 730 1856
f 273 753 1927
f 336 816 2112
f 306 786 2022
f 378 858 2238
f 381 861 2251
f 311 791 2036
f 281 761 1949
f 315 795 2053
f 321 801 2071
f 328 808 2090
f 333 813 2107
f 303 783 2017
f 375 855 2233
f 384 864 2256
f 276 756 1932
f 251 731 1859
f 233 713 1805
f 228 708 1788
f 240 720 1824
f 246 726 1842
f 258 738 1878
f 360 840 2184
f 401 881 2306
f 389 869 2270
f 263 743 1892
f 329 809 2093
f 310 790 2039
f 280 760 1946
f 318 798 2058
f 324 804 2076
f 342 822 2130
f 288 768 1968
f 292 772 1982
f 371 851 2216
f 393 873 2287
f 357 837 2179
f 255 735 1873
f 262 742 1895
f 388 868 2273
f 400 880 2309
f 352 832 2165
f 347 827 2144
f 298 778 2000
f 364 844 2198
f 269 749 1913
f 339 819 2125
f 285 765 1963
f 293 773 1985
f 370 850 2219
f 396 876 2292
f 353 833 2162
f 346 826 2147
f 299 779 2003
f 365 845 2201
f 268 748 1910
f 249 729 1863
f 231 711 1809
f 226 706 1794
f 238 718 1830
f 244 724 1848
f 257 737 1886
f 359 839 2192
f 402 882 2318
f 390 870 2282
f 264 744 1904
f 327 807 2097
f 309 789 2043
f 282 762 1956
f 317 797 2066
f 322 802 2082
f 341 821 2138
f 286 766 1974
f 294 774 1992
f 372 852 2228
f 394 874 2295
f 416 1270 2331
f 408 1246 2327
f 406 1251 2328
f 412 1287 2334
f 415 1305 2337
f 424 1335 2346
f 492 1552 2412
f 582 1474 2499
f 565 1600 2487
f 514 1353 2436
f 461 1480 2376
f 453 1402 2372
f 451 1407 2373
f 457 1491 2379
f 460 1503 2382
f 475 1534 2396
f 439 1413 2361
f 496 1443 2418
f 533 1593 2457
f 551 1384 2463
f 579 1324 2492
f 483 1276 2402
f 426 1264 2343
f 521 1300 2433
f 566 1318 2478
f 489 1342 2406
f 578 1563 2502
f 560 1461 2484
f 518 1587 2442
f 429 1348 2349
f 547 1522 2468
f 465 1419 2387
f 441 1396 2358
f 504 1498 2421
f 537 1516 2454
f 550 1558 2472
f 476 1426 2388
f 444 1432 2364
f 502 1569 2426
f 526 1371 2448
f 481 1281 2403
f 420 1257 2342
f 510 1293 2432
f 555 1311 2477
f 571 1329 2493
f 540 1377 2462
f 473 1539 2397
f 447 1450 2367
f 507 1576 2427
f 534 1366 2447
f 469 1485 2391
f 435 1389 2357
f 498 1438 2417
f 529 1509 2453
f 545 1527 2469
f 487 1545 2411
f 574 1467 2498
f 562 1456 2483
f 520 1582 2441
f 432 1360 2352
f 589 1271 2509
f 583 1247 2503
f 586 1254 2506
f 593 1290 2512
f 596 1308 2515
f 599 1338 2518
f 633 1553 2555
f 620 1475 2541
f 640 1601 2562
f 603 1356 2522
f 622 1481 2542
f 607 1403 2528
f 612 1410 2531
f 626 1494 2545
f 629 1506 2548
f 631 1535 2551
f 614 1416 2533
f 618 1446 2537
f 641 1596 2559
f 605 1385 2526
f 167 907 1616
f 164 889 1608
f 163 883 1606
f 165 895 1612
f 166 901 1615
f 169 919 1624
f 192 1057 1692
f 222 1237 1782
f 216 1201 1765
f 199 1099 1714
f 182 997 1661
f 179 979 1653
f 178 973 1651
f 180 985 1657
f 181 991 1660
f 186 1021 1675
f 174 949 1639
f 193 1063 1696
f 205 1135 1733
f 212 1177 1751
f 221 1231 1779
f 189 1039 1683
f 170 925 1626
f 202 1117 1721
f 217 1207 1766
f 191 1051 1689
f 220 1225 1778
f 214 1189 1760
f 200 1105 1718
f 171 931 1629
f 210 1165 1747
f 183 1003 1665
f 175 955 1641
f 196 1081 1704
f 207 1147 1737
f 211 1171 1750
f 187 1027 1676
f 176 961 1644
f 195 1075 1702
f 203 1123 1726
f 188 1033 1681
f 168 913 1620
f 198 1093 1710
f 213 1183 1755
f 218 1213 1771
f 208 1153 1740
f 185 1015 1673
f 177 967 1647
f 197 1087 1707
f 206 1141 1734
f 184 1009 1669
f 173 943 1635
f 194 1069 1698
f 204 1129 1729
f 209 1159 1745
f 190 1045 1687
f 219 1219 1774
f 215 1195 1762
f 201 1111 1720
f 172 937 1632
f 357 1280 2189
f 255 1256 1883
f 262 1292 1903
f 388 1310 2281
f 400 1328 2317
f 352 1376 2173
f 347 1538 2158
f 298 1447 2012
f 364 1573 2210
f 269 1363 1924
f 339 1484 2135
f 285 1388 1973
f 293 1435 1996
f 370 1508 2227
f 396 1526 2304
f 353 1544 2176
f 346 1466 2155
f 299 1453 2014
f 365 1579 2212
f 268 1357 1922
f 249 1268 1864
f 231 1244 1810
f 226 1249 1795
f 238 1285 1831
f 244 1303 1849
f 257 1333 1887
f 359 1550 2193
f 402 1472 2321
f 390 1598 2285
f 264 1351 1907
f 327 1478 2098
f 309 1400 2044
f 282 1405 1961
f 317 1489 2067
f 322 1501 2083
f 341 1532 2139
f 286 1411 1975
f 294 1441 1997
f 372 1591 2231
f 394 1382 2298
f 358 1322 2190
f 256 1274 1884
f 261 1262 1900
f 387 1298 2278
f 399 1316 2314
f 351 1340 2170
f 348 1561 2159
f 300 1459 2015
f 366 1585 2213
f 267 1346 1918
f 340 1520 2136
f 287 1417 1977
f 291 1394 1990
f 369 1496 2224
f 395 1514 2301
f 354 1556 2177
f 345 1424 2152
f 297 1430 2008
f 363 1567 2206
f 270 1369 1925
f 234 1279 1817
f 227 1255 1797
f 239 1291 1833
f 245 1309 1851
f 252 1327 1871
f 275 1375 1941
f 334 1537 2119
f 304 1448 2029
f 377 1574 2247
f 382 1364 2262
f 312 1483 2051
f 279 1387 1954
f 316 1436 2064
f 323 1507 2085
f 330 1525 2105
f 335 1543 2121
f 305 1465 2031
f 376 1454 2244
f 383 1580 2265
f 274 1358 1939
f 232 1267 1814
f 225 1243 1793
f 237 1250 1829
f 243 1286 1847
f 250 1304 1868
f 273 1334 1937
f 336 1549 2124
f 306 1471 2034
f 378 1597 2250
f 381 1352 2261
f 311 1477 2050
f 281 1399 1960
f 315 1406 2063
f 321 1490 2081
f 328 1502 2102
f 333 1531 2117
f 303 1412 2027
f 375 1442 2243
f 384 1592 2268
f 276 1381 1944
f 229 890 1804
f 223 884 1785
f 235 896 1821
f 241 902 1839
f 247 908 1858
f 271 938 1929
f 332 1046 2114
f 302 1220 2024
f 374 1196 2240
f 379 1112 2253
f 307 980 2038
f 278 974 1951
f 313 986 2055
f 319 992 2073
f 325 998 2092
f 331 1016 2109
f 301 968 2019
f 373 1088 2235
f 380 1142 2258
f 272 1154 1934
f 248 1214 1861
f 230 1034 1807
f 224 914 1790
f 236 1094 1826
f 242 1184 1844
f 254 1040 1880
f 356 1232 2186
f 397 1208 2308
f 385 1118 2272
f 259 926 1894
f 326 1160 2095
f 308 1010 2041
f 277 944 1948
f 314 1070 2060
f 320 1130 2078
f 338 1166 2132
f 284 1004 1970
f 289 956 1984
f 367 1082 2218
f 391 1148 2289
f 355 1058 2181
f 253 920 1875
f 260 1100 1897
f 386 1202 2275
f 398 1238 2311
f 350 1172 2167
f 343 1028 2146
f 295 962 2002
f 361 1076 2200
f 266 1124 1915
f 337 1022 2127
f 283 950 1965
f 290 1064 1987
f 368 1136 2221
f 392 1178 2294
f 349 1052 2164
f 344 1226 2149
f 296 1190 2005
f 362 1106 2203
f 265 932 1912
f 251 1321 1870
f 233 1273 1816
f 228 1261 1800
f 240 1297 1836
f 246 1315 1854
f 258 1339 1890
f 360 1562 2196
f 401 1460 2320
f 389 1586 2284
f 263 1345 1906
f 329 1519 2104
f 310 1418 2047
f 280 1393 1958
f 318 1495 2070
f 324 1513 2088
f 342 1555 2142
f 288 1423 1980
f 292 1429 1994
f 371 1568 2230
f 393 1370 2297
f 409 894 2329
f 405 887 2323
f 411 899 2326
f 414 905 2333
f 417 912 2336
f 431 941 2345
f 488 1050 2409
f 575 1224 2496
f 563 1200 2485
f 519 1115 2435
f 454 984 2374
f 450 977 2368
f 456 989 2371
f 459 995 2378
f 462 1002 2381
f 472 1019 2392
f 446 971 2360
f 506 1091 2416
f 535 1146 2456
f 541 1158 2460
f 570 1217 2488
f 480 1037 2398
f 421 918 2340
f 511 1098 2430
f 556 1188 2475
f 484 1044 2404
f 580 1236 2501
f 567 1212 2482
f 522 1122 2440
f 427 930 2347
f 544 1163 2464
f 468 1013 2384
f 436 948 2355
f 499 1074 2419
f 530 1134 2451
f 548 1170 2470
f 466 1008 2385
f 442 960 2362
f 505 1086 2423
f 536 1151 2446
f 491 1061 2401
f 423 923 2339
f 513 1103 2429
f 564 1205 2474
f 581 1241 2491
f 549 1175 2459
f 477 1032 2395
f 445 966 2365
f 503 1080 2424
f 525 1127 2443
f 474 1025 2390
f 438 953 2354
f 495 1067 2413
f 532 1139 2450
f 552 1182 2467
f 490 1056 2408
f 577 1229 2495
f 559 1193 2479
f 517 1109 2437
f 430 936 2350
f 590 1325 2511
f 584 1277 2505
f 585 1265 2507
f 592 1301 2513
f 595 1319 2516
f 598 1343 2519
f 636 1566 2556
f 621 1464 2540
f 642 1590 2561
f 601 1349 2521
f 623 1523 2544
f 611 1422 2529
f 609 1397 2530
f 625 1499 2546
f 628 1517 2549
f 632 1559 2553
f 613 1427 2534
f 616 1433 2536
f 638 1572 2557
f 606 1374 2525
f 407 892 1609
f 403 885 1605
f 404 897 1611
f 410 903 1614
f 413 910 1617
f 422 939 1631
f 486 1048 1688
f 573 1222 1775
f 561 1198 1763
f 512 1113 1719
f 452 982 1654
f 448 975 1650
f 449 987 1656
f 455 993 1659
f 458 1000 1662
f 470 1017 1672
f 437 969 1646
f 494 1089 1706
f 531 1144 1735
f 539 1156 1741
f 568 1215 1770
f 478 1035 1680
f 419 916 1621
f 509 1096 1711
f 554 1186 1756
f 482 1042 1684
f 576 1234 1780
f 558 1210 1767
f 516 1120 1722
f 425 928 1627
f 542 1161 1744
f 463 1011 1668
f 434 946 1636
f 497 1072 1699
f 528 1132 1730
f 546 1168 1748
f 464 1006 1666
f 440 958 1642
f 500 1084 1705
f 524 1149 1736
f 479 1059 1691
f 418 921 1623
f 508 1101 1713
f 553 1203 1764
f 569 1239 1781
f 538 1173 1749
f 471 1030 1677
f 443 964 1645
f 501 1078 1703
f 523 1125 1725
f 467 1023 1674
f 433 951 1638
f 493 1065 1695
f 527 1137 1732
f 543 1180 1752
f 485 1054 1690
f 572 1227 1777
f 557 1191 1759
f 515 1107 1717
f 428 934 1630
f 591 1326 2191
f 587 1278 1885
f 588 1266 1901
f 594 1302 2279
f 597 1320 2315
f 600 1344 2171
f 634 1565 2160
f 619 1463 2016
f 639 1589 2214
f 602 1350 1919
f 624 1524 2137
f 608 1421 1978
f 610 1398 1991
f 627 1500 2225
f 630 1518 2302
f 635 1560 2178
f 615 1428 2153
f 617 1434 2009
f 637 1571 2207
f 604 1373 1926
f 416 911 1857
f 408 893 1803
f 406 888 1786
f 412 900 1822
f 415 906 1840
f 424 924 1876
f 492 1062 2182
f 582 1242 2312
f 565 1206 2276
f 514 1104 1898
f 461 1001 2091
f 453 983 2037
f 451 978 1952
f 457 990 2056
f 460 996 2074
f 475 1026 2128
f 439 954 1966
f 496 1068 1988
f 533 1140 2222
f 551 1181 2293
f 579 1235 2185
f 483 1043 1879
f 426 929 1893
f 521 1121 2271
f 566 1211 2307
f 489 1055 2163
f 578 1230 2150
f 560 1194 2006
f 518 1110 2204
f 429 935 1911
f 547 1169 2131
f 465 1007 1969
f 441 959 1983
f 504 1085 2217
f 537 1152 2290
f 550 1176 2168
f 476 1031 2145
f 444 965 2001
f 502 1079 2199
f 526 1128 1916
f 481 1038 1808
f 420 917 1789
f 510 1097 1825
f 555 1187 1843
f 571 1218 1862
f 540 1157 1933
f 473 1020 2110
f 447 972 2020
f 507 1092 2236
f 534 1145 2257
f 469 1014 2042
f 435 947 1947
f 498 1073 2059
f 529 1133 2077
f 545 1164 2096
f 487 1049 2113
f 574 1223 2023
f 562 1199 2239
f 520 1116 2254
f 432 942 1930
f 589 1283 1818
f 583 1259 1798
f 586 1295 1834
f 593 1313 1852
f 596 1331 1872
f 599 1379 1942
f 633 1541 2120
f 620 1452 2030
f 640 1578 2248
f 603 1368 2263
f 622 1487 2052
f 607 1391 1955
f 612 1440 2065
f 626 1511 2086
f 629 1529 2106
f 631 1547 2122
f 614 1469 2032
f 618 1458 2245
f 641 1584 2266
f 605 1362 1940
f 409 1269 1813
f 405 1245 1792
f 411 1252 1828
f 414 1288 1846
f 417 1306 1867
f 431 1336 1936
f 488 1551 2123
f 575 1473 2033
f 563 1599 2249
f 519 1354 2260
f 454 1479 2049
f 450 1401 1959
f 456 1408 2062
f 459 1492 2080
f 462 1504 2101
f 472 1533 2116
f 446 1414 2026
f 506 1444 2242
f 535 1594 2267
f 541 1383 1943
f 570 1323 1869
f 480 1275 1815
f 421 1263 1799
f 511 1299 1835
f 556 1317 1853
f 484 1341 1889
f 580 1564 2195
f 567 1462 2319
f 522 1588 2283
f 427 1347 1905
f 544 1521 2103
f 468 1420 2046
f 436 1395 1957
f 499 1497 2069
f 530 1515 2087
f 548 1557 2141
f 466 1425 1979
f 442 1431 1993
f 505 1570 2229
f 536 1372 2296
f 491 1282 2188
f 423 1258 1882
f 513 1294 1902
f 564 1312 2280
f 581 1330 2316
f 549 1378 2172
f 477 1540 2157
f 445 1449 2011
f 503 1575 2209
f 525 1365 1923
f 474 1486 2134
f 438 1390 1972
f 495 1437 1995
f 532 1510 2226
f 552 1528 2303
f 490 1546 2175
f 577 1468 2154
f 559 1455 2013
f 517 1581 2211
f 430 1359 1921
f 590 1272 1865
f 584 1248 1811
f 585 1253 1796
f 592 1289 1832
f 595 1307 1850
f 598 1337 1888
f 636 1554 2194
f 621 1476 2322
f 642 1602 2286
f 601 1355 1908
f 623 1482 2099
f 611 1404 2045
f 609 1409 1962
f 625 1493 2068
f 628 1505 2084
f 632 1536 2140
f 613 1415 1976
f 616 1445 1998
f 638 1595 2232
f 606 1386 2299
f 407 909 2330
f 403 891 2324
f 404 886 2325
f 410 898 2332
f 413 904 2335
f 422 922 2344
f 486 1060 2410
f 573 1240 2497
f 561 1204 2486
f 512 1102 2434
f 452 999 2375
f 448 981 2369
f 449 976 2370
f 455 988 2377
f 458 994 2380
f 470 1024 2393
f 437 952 2359
f 494 1066 2415
f 531 1138 2455
f 539 1179 2461
f 568 1233 2489
f 478 1041 2399
f 419 927 2341
f 509 1119 2431
f 554 1209 2476
f 482 1053 2405
f 576 1228 2500
f 558 1192 2481
f 516 1108 2439
f 425 933 2348
f 542 1167 2465
f 463 1005 2383
f 434 957 2356
f 497 1083 2420
f 528 1150 2452
f 546 1174 2471
f 464 1029 2386
f 440 963 2363
f 500 1077 2422
f 524 1126 2445
f 479 1036 2400
f 418 915 2338
f 508 1095 2428
f 553 1185 2473
f 569 1216 2490
f 538 1155 2458
f 471 1018 2394
f 443 970 2366
f 501 1090 2425
f 523 1143 2444
f 467 1012 2389
f 433 945 2353
f 493 1071 2414
f 527 1131 2449
f 543 1162 2466
f 485 1047 2407
f 572 1221 2494
f 557 1197 2480
f 515 1114 2438
f 428 940 2351
f 591 1284 2510
f 587 1260 2504
f 588 1296 2508
f 594 1314 2514
f 597 1332 2517
f 600 1380 2520
f 634 1542 2554
f 619 1451 2539
f 639 1577 2560
f 602 1367 2523
f 624 1488 2543
f 608 1392 2527
f 610 1439 2532
f 627 1512 2547
f 630 1530 2550
f 635 1548 2552
f 615 1470 2535
f 617 1457 2538
f 637 1583 2558
f 604 1361 2524
f 167 1616 1607
f 164 1608 1603
f 163 1606 1604
f 165 1612 1610
f 166 1615 1613
f 169 1624 1622
f 192 1692 1686
f 222 1782 1773
f 216 1765 1761
f 199 1714 1712
f 182 1661 1652
f 179 1653 1648
f 178 1651 1649
f 180 1657 1655
f 181 1660 1658
f 186 1675 1670
f 174 1639 1637
f 193 1696 1694
f 205 1733 1731
f 212 1751 1739
f 221 1779 1768
f 189 1683 1678
f 170 1626 1619
f 202 1721 1709
f 217 1766 1754
f 191 1689 1682
f 220 1778 1776
f 214 1760 1758
f 200 1718 1716
f 171 1629 1625
f 210 1747 1742
f 183 1665 1663
f 175 1641 1634
f 196 1704 1697
f 207 1737 1728
f 211 1750 1746
f 187 1676 1664
f 176 1644 1640
f 195 1702 1700
f 203 1726 1724
f 188 1681 1679
f 168 1620 1618
f 198 1710 1708
f 213 1755 1753
f 218 1771 1769
f 208 1740 1738
f 185 1673 1671
f 177 1647 1643
f 197 1707 1701
f 206 1734 1723
f 184 1669 1667
f 173 1635 1633
f 194 1698 1693
f 204 1729 1727
f 209 1745 1743
f 190 1687 1685
f 219 1774 1772
f 215 1762 1757
f 201 1720 1715
f 172 1632 1628
f 357 2189 2187
f 255 1883 1881
f 262 1903 1899
f 388 2281 2277
f 400 2317 2313
f 352 2173 2169
f 347 2158 2156
f 298 2012 2010
f 364 2210 2208
f 269 1924 1917
f 339 2135 2133
f 285 1973 1971
f 293 1996 1989
f 370 2227 2223
f 396 2304 2300
f 353 2176 2174
f 346 2155 2151
f 299 2014 2007
f 365 2212 2205
f 268 1922 1920
f 249 1864 1855
f 231 1810 1801
f 226 1795 1784
f 238 1831 1820
f 244 1849 1838
f 257 1887 1874
f 359 2193 2180
f 402 2321 2310
f 390 2285 2274
f 264 1907 1896
f 327 2098 2089
f 309 2044 2035
f 282 1961 1950
f 317 2067 2054
f 322 2083 2072
f 341 2139 2126
f 286 1975 1964
f 294 1997 1986
f 372 2231 2220
f 394 2298 2291
f 358 2190 2183
f 256 1884 1877
f 261 1900 1891
f 387 2278 2269
f 399 2314 2305
f 351 2170 2161
f 348 2159 2148
f 300 2015 2004
f 366 2213 2202
f 267 1918 1909
f 340 2136 2129
f 287 1977 1967
f 291 1990 1981
f 369 2224 2215
f 395 2301 2288
f 354 2177 2166
f 345 2152 2143
f 297 2008 1999
f 363 2206 2197
f 270 1925 1914
f 234 1817 1806
f 227 1797 1787
f 239 1833 1823
f 245 1851 1841
f 252 1871 1860
f 275 1941 1931
f 334 2119 2108
f 304 2029 2018
f 377 2247 2234
f 382 2262 2255
f 312 2051 2040
f 279 1954 1945
f 316 2064 2057
f 323 2085 2075
f 330 2105 2094
f 335 2121 2111
f 305 2031 2021
f 376 2244 2237
f 383 2265 2252
f 274 1939 1928
f 232 1814 1812
f 225 1793 1791
f 237 1829 1827
f 243 1847 1845
f 250 1868 1866
f 273 1937 1935
f 336 2124 2118
f 306 2034 2028
f 378 2250 2246
f 381 2261 2259
f 311 2050 2048
f 281 1960 1953
f 315 2063 2061
f 321 2081 2079
f 328 2102 2100
f 333 2117 2115
f 303 2027 2025
f 375 2243 2241
f 384 2268 2264
f 276 1944 1938
f 229 1804 1802
f 223 1785 1783
f 235 1821 1819
f 241 1839 1837
f 247 1858 1856
f 271 1929 1927
f 332 2114 2112
f 302 2024 2022
f 374 2240 2238
f 379 2253 2251
f 307 2038 2036
f 278 1951 1949
f 313 2055 2053
f 319 2073 2071
f 325 2092 2090
f 331 2109 2107
f 301 2019 2017
f 373 2235 2233
f 380 2258 2256
f 272 1934 1932
f 248 1861 1859
f 230 1807 1805
f 224 1790 1788
f 236 1826 1824
f 242 1844 1842
f 254 1880 1878
f 356 2186 2184
f 397 2308 2306
f 385 2272 2270
f 259 1894 1892
f 326 2095 2093
f 308 2041 2039
f 277 1948 1946
f 314 2060 2058
f 320 2078 2076
f 338 2132 2130
f 284 1970 1968
f 289 1984 1982
f 367 2218 2216
f 391 2289 2287
f 355 2181 2179
f 253 1875 1873
f 260 1897 1895
f 386 2275 2273
f 398 2311 2309
f 350 2167 2165
f 343 2146 2144
f 295 2002 2000
f 361 2200 2198
f 266 1915 1913
f 337 2127 2125
f 283 1965 1963
f 290 1987 1985
f 368 2221 2219
f 392 2294 2292
f 349 2164 2162
f 344 2149 2147
f 296 2005 2003
f 362 2203 2201
f 265 1912 1910
f 251 1870 1863
f 233 1816 1809
f 228 1800 1794
f 240 1836 1830
f 246 1854 1848
f 258 1890 1886
f 360 2196 2192
f 401 2320 2318
f 389 2284 2282
f 263 1906 1904
f 329 2104 2097
f 310 2047 2043
f 280 1958 1956
f 318 2070 2066
f 324 2088 2082
f 342 2142 2138
f 288 1980 1974
f 292 1994 1992
f 371 2230 2228
f 393 2297 2295
f 409 2329 2331
f 405 2323 2327
f 411 2326 2328
f 414 2333 2334
f 417 2336 2337
f 431 2345 2346
f 488 2409 2412
f 575 2496 2499
f 563 2485 2487
f 519 2435 2436
f 454 2374 2376
f 450 2368 2372
f 456 2371 2373
f 459 2378 2379
f 462 2381 2382
f 472 2392 2396
f 446 2360 2361
f 506 2416 2418
f 535 2456 2457
f 541 2460 2463
f 570 2488 2492
f 480 2398 2402
f 421 2340 2343
f 511 2430 2433
f 556 2475 2478
f 484 2404 2406
f 580 2501 2502
f 567 2482 2484
f 522 2440 2442
f 427 2347 2349
f 544 2464 2468
f 468 2384 2387
f 436 2355 2358
f 499 2419 2421
f 530 2451 2454
f 548 2470 2472
f 466 2385 2388
f 442 2362 2364
f 505 2423 2426
f 536 2446 2448
f 491 2401 2403
f 423 2339 2342
f 513 2429 2432
f 564 2474 2477
f 581 2491 2493
f 549 2459 2462
f 477 2395 2397
f 445 2365 2367
f 503 2424 2427
f 525 2443 2447
f 474 2390 2391
f 438 2354 2357
f 495 2413 2417
f 532 2450 2453
f 552 2467 2469
f 490 2408 2411
f 577 2495 2498
f 559 2479 2483
f 517 2437 2441
f 430 2350 2352
f 590 2511 2509
f 584 2505 2503
f 585 2507 2506
f 592 2513 2512
f 595 2516 2515
f 598 2519 2518
f 636 2556 2555
f 621 2540 2541
f 642 2561 2562
f 601 2521 2522
f 623 2544 2542
f 611 2529 2528
f 609 2530 2531
f 625 2546 2545
f 628 2549 2548
f 632 2553 2551
f 613 2534 2533
f 616 2536 2537
f 638 2557 2559
f 606 2525 2526
f 1607 644 647
f 1603 643 644
f 1604 645 643
f 1610 646 645
f 1613 647 646
f 1622 652 649
f 1686 670 672
f 1773 699 702
f 1761 695 696
f 1712 681 679
f 1652 659 662
f 1648 658 659
f 1649 660 658
f 1655 661 660
f 1658 662 661
f 1670 665 666
f 1637 657 654
f 1694 677 673
f 1731 686 685
f 1739 688 692
f 1768 698 701
f 1678 668 669
f 1619 648 650
f 1709 678 682
f 1754 693 697
f 1682 669 671
f 1776 701 700
f 1758 697 694
f 1716 682 680
f 1625 650 651
f 1742 689 690
f 1663 664 663
f 1634 653 655
f 1697 674 676
f 1728 684 687
f 1746 690 691
f 1664 663 667
f 1640 655 656
f 1700 676 675
f 1724 687 683
f 1679 672 668
f 1618 649 648
f 1708 679 678
f 1753 696 693
f 1769 702 698
f 1738 691 688
f 1671 667 665
f 1643 656 657
f 1701 675 677
f 1723 683 686
f 1667 666 664
f 1633 654 653
f 1693 673 674
f 1727 685 684
f 1743 692 689
f 1685 671 670
f 1772 700 699
f 1757 694 695
f 1715 680 681
f 1628 651 652
f 2187 838 837
f 1881 736 735
f 1899 741 742
f 2277 867 868
f 2313 879 880
f 2169 831 832
f 2156 828 827
f 2010 780 778
f 2208 846 844
f 1917 747 749
f 2133 820 819
f 1971 767 765
f 1989 771 773
f 2223 849 850
f 2300 875 876
f 2174 834 833
f 2151 825 826
f 2007 777 779
f 2205 843 845
f 1920 750 748
f 1855 727 729
f 1801 709 711
f 1784 703 706
f 1820 715 718
f 1838 721 724
f 1874 733 737
f 2180 835 839
f 2310 878 882
f 2274 866 870
f 1896 740 744
f 2089 805 807
f 2035 787 789
f 1950 758 762
f 2054 793 797
f 2072 799 802
f 2126 817 821
f 1964 763 766
f 1986 770 774
f 2220 848 852
f 2291 872 874
f 2183 836 838
f 1877 734 736
f 1891 739 741
f 2269 865 867
f 2305 877 879
f 2161 829 831
f 2148 824 828
f 2004 776 780
f 2202 842 846
f 1909 745 747
f 2129 818 820
f 1967 764 767
f 1981 769 771
f 2215 847 849
f 2288 871 875
f 2166 830 834
f 2143 823 825
f 1999 775 777
f 2197 841 843
f 1914 746 750
f 1806 710 714
f 1787 704 707
f 1823 716 719
f 1841 722 725
f 1860 728 732
f 1931 752 755
f 2108 811 814
f 2018 781 784
f 2234 853 857
f 2255 860 862
f 2040 788 792
f 1945 757 759
f 2057 794 796
f 2075 800 803
f 2094 806 810
f 2111 812 815
f 2021 782 785
f 2237 854 856
f 2252 859 863
f 1928 751 754
f 1812 714 712
f 1791 707 705
f 1827 719 717
f 1845 725 723
f 1866 732 730
f 1935 755 753
f 2118 814 816
f 2028 784 786
f 2246 857 858
f 2259 862 861
f 2048 792 791
f 1953 759 761
f 2061 796 795
f 2079 803 801
f 2100 810 808
f 2115 815 813
f 2025 785 783
f 2241 856 855
f 2264 863 864
f 1938 754 756
f 1802 712 709
f 1783 705 703
f 1819 717 715
f 1837 723 721
f 1856 730 727
f 1927 753 751
f 2112 816 812
f 2022 786 782
f 2238 858 854
f 2251 861 859
f 2036 791 787
f 1949 761 758
f 2053 795 793
f 2071 801 799
f 2090 808 805
f 2107 813 811
f 2017 783 781
f 2233 855 853
f 2256 864 860
f 1932 756 752
f 1859 731 728
f 1805 713 710
f 1788 708 704
f 1824 720 716
f 1842 726 722
f 1878 738 734
f 2184 840 836
f 2306 881 877
f 2270 869 865
f 1892 743 739
f 2093 809 806
f 2039 790 788
f 1946 760 757
f 2058 798 794
f 2076 804 800
f 2130 822 818
f 1968 768 764
f 1982 772 769
f 2216 851 847
f 2287 873 871
f 2179 837 835
f 1873 735 733
f 1895 742 740
f 2273 868 866
f 2309 880 878
f 2165 832 830
f 2144 827 823
f 2000 778 775
f 2198 844 841
f 1913 749 746
f 2125 819 817
f 1963 765 763
f 1985 773 770
f 2219 850 848
f 2292 876 872
f 2162 833 829
f 2147 826 824
f 2003 779 776
f 2201 845 842
f 1910 748 745
f 1863 729 731
f 1809 711 713
f 1794 706 708
f 1830 718 720
f 1848 724 726
f 1886 737 738
f 2192 839 840
f 2318 882 881
f 2282 870 869
f 1904 744 743
f 2097 807 809
f 2043 789 790
f 1956 762 760
f 2066 797 798
f 2082 802 804
f 2138 821 822
f 1974 766 768
f 1992 774 772
f 2228 852 851
f 2295 874 873
f 2331 1270 1269
f 2327 1246 1245
f 2328 1251 1252
f 2334 1287 1288
f 2337 1305 1306
f 2346 1335 1336
f 2412 1552 1551
f 2499 1474 1473
f 2487 1600 1599
f 2436 1353 1354
f 2376 1480 1479
f 2372 1402 1401
f 2373 1407 1408
f 2379 1491 1492
f 2382 1503 1504
f 2396 1534 1533
f 2361 1413 1414
f 2418 1443 1444
f 2457 1593 1594
f 2463 1384 1383
f 2492 1324 1323
f 2402 1276 1275
f 2343 1264 1263
f 2433 1300 1299
f 2478 1318 1317
f 2406 1342 1341
f 2502 1563 1564
f 2484 1461 1462
f 2442 1587 1588
f 2349 1348 1347
f 2468 1522 1521
f 2387 1419 1420
f 2358 1396 1395
f 2421 1498 1497
f 2454 1516 1515
f 2472 1558 1557
f 2388 1426 1425
f 2364 1432 1431
f 2426 1569 1570
f 2448 1371 1372
f 2403 1281 1282
f 2342 1257 1258
f 2432 1293 1294
f 2477 1311 1312
f 2493 1329 1330
f 2462 1377 1378
f 2397 1539 1540
f 2367 1450 1449
f 2427 1576 1575
f 2447 1366 1365
f 2391 1485 1486
f 2357 1389 1390
f 2417 1438 1437
f 2453 1509 1510
f 2469 1527 1528
f 2411 1545 1546
f 2498 1467 1468
f 2483 1456 1455
f 2441 1582 1581
f 2352 1360 1359
f 2509 1271 1272
f 2503 1247 1248
f 2506 1254 1253
f 2512 1290 1289
f 2515 1308 1307
f 2518 1338 1337
f 2555 1553 1554
f 2541 1475 1476
f 2562 1601 1602
f 2522 1356 1355
f 2542 1481 1482
f 2528 1403 1404
f 2531 1410 1409
f 2545 1494 1493
f 2548 1506 1505
f 2551 1535 1536
f 2533 1416 1415
f 2537 1446 1445
f 2559 1596 1595
f 2526 1385 1386
f 1616 907 909
f 1608 889 891
f 1606 883 886
f 1612 895 898
f 1615 901 904
f 1624 919 922
f 1692 1057 1060
f 1782 1237 1240
f 1765 1201 1204
f 1714 1099 1102
f 1661 997 999
f 1653 979 981
f 1651 973 976
f 1657 985 988
f 1660 991 994
f 1675 1021 1024
f 1639 949 952
f 1696 1063 1066
f 1733 1135 1138
f 1751 1177 1179
f 1779 1231 1233
f 1683 1039 1041
f 1626 925 927
f 1721 1117 1119
f 1766 1207 1209
f 1689 1051 1053
f 1778 1225 1228
f 1760 1189 1192
f 1718 1105 1108
f 1629 931 933
f 1747 1165 1167
f 1665 1003 1005
f 1641 955 957
f 1704 1081 1083
f 1737 1147 1150
f 1750 1171 1174
f 1676 1027 1029
f 1644 961 963
f 1702 1075 1077
f 1726 1123 1126
f 1681 1033 1036
f 1620 913 915
f 1710 1093 1095
f 1755 1183 1185
f 1771 1213 1216
f 1740 1153 1155
f 1673 1015 1018
f 1647 967 970
f 1707 1087 1090
f 1734 1141 1143
f 1669 1009 1012
f 1635 943 945
f 1698 1069 1071
f 1729 1129 1131
f 1745 1159 1162
f 1687 1045 1047
f 1774 1219 1221
f 1762 1195 1197
f 1720 1111 1114
f 1632 937 940
f 2189 1280 1284
f 1883 1256 1260
f 1903 1292 1296
f 2281 1310 1314
f 2317 1328 1332
f 2173 1376 1380
f 2158 1538 1542
f 2012 1447 1451
f 2210 1573 1577
f 1924 1363 1367
f 2135 1484 1488
f 1973 1388 1392
f 1996 1435 1439
f 2227 1508 1512
f 2304 1526 1530
f 2176 1544 1548
f 2155 1466 1470
f 2014 1453 1457
f 2212 1579 1583
f 1922 1357 1361
f 1864 1268 1270
f 1810 1244 1246
f 1795 1249 1251
f 1831 1285 1287
f 1849 1303 1305
f 1887 1333 1335
f 2193 1550 1552
f 2321 1472 1474
f 2285 1598 1600
f 1907 1351 1353
f 2098 1478 1480
f 2044 1400 1402
f 1961 1405 1407
f 2067 1489 1491
f 2083 1501 1503
f 2139 1532 1534
f 1975 1411 1413
f 1997 1441 1443
f 2231 1591 1593
f 2298 1382 1384
f 2190 1322 1324
f 1884 1274 1276
f 1900 1262 1264
f 2278 1298 1300
f 2314 1316 1318
f 2170 1340 1342
f 2159 1561 1563
f 2015 1459 1461
f 2213 1585 1587
f 1918 1346 1348
f 2136 1520 1522
f 1977 1417 1419
f 1990 1394 1396
f 2224 1496 1498
f 2301 1514 1516
f 2177 1556 1558
f 2152 1424 1426
f 2008 1430 1432
f 2206 1567 1569
f 1925 1369 1371
f 1817 1279 1281
f 1797 1255 1257
f 1833 1291 1293
f 1851 1309 1311
f 1871 1327 1329
f 1941 1375 1377
f 2119 1537 1539
f 2029 1448 1450
f 2247 1574 1576
f 2262 1364 1366
f 2051 1483 1485
f 1954 1387 1389
f 2064 1436 1438
f 2085 1507 1509
f 2105 1525 1527
f 2121 1543 1545
f 2031 1465 1467
f 2244 1454 1456
f 2265 1580 1582
f 1939 1358 1360
f 1814 1267 1271
f 1793 1243 1247
f 1829 1250 1254
f 1847 1286 1290
f 1868 1304 1308
f 1937 1334 1338
f 2124 1549 1553
f 2034 1471 1475
f 2250 1597 1601
f 2261 1352 1356
f 2050 1477 1481
f 1960 1399 1403
f 2063 1406 1410
f 2081 1490 1494
f 2102 1502 1506
f 2117 1531 1535
f 2027 1412 1416
f 2243 1442 1446
f 2268 1592 1596
f 1944 1381 1385
f 1804 890 894
f 1785 884 887
f 1821 896 899
f 1839 902 905
f 1858 908 912
f 1929 938 941
f 2114 1046 1050
f 2024 1220 1224
f 2240 1196 1200
f 2253 1112 1115
f 2038 980 984
f 1951 974 977
f 2055 986 989
f 2073 992 995
f 2092 998 1002
f 2109 1016 1019
f 2019 968 971
f 2235 1088 1091
f 2258 1142 1146
f 1934 1154 1158
f 1861 1214 1217
f 1807 1034 1037
f 1790 914 918
f 1826 1094 1098
f 1844 1184 1188
f 1880 1040 1044
f 2186 1232 1236
f 2308 1208 1212
f 2272 1118 1122
f 1894 926 930
f 2095 1160 1163
f 2041 1010 1013
f 1948 944 948
f 2060 1070 1074
f 2078 1130 1134
f 2132 1166 1170
f 1970 1004 1008
f 1984 956 960
f 2218 1082 1086
f 2289 1148 1151
f 2181 1058 1061
f 1875 920 923
f 1897 1100 1103
f 2275 1202 1205
f 2311 1238 1241
f 2167 1172 1175
f 2146 1028 1032
f 2002 962 966
f 2200 1076 1080
f 1915 1124 1127
f 2127 1022 1025
f 1965 950 953
f 1987 1064 1067
f 2221 1136 1139
f 2294 1178 1182
f 2164 1052 1056
f 2149 1226 1229
f 2005 1190 1193
f 2203 1106 1109
f 1912 932 936
f 1870 1321 1325
f 1816 1273 1277
f 1800 1261 1265
f 1836 1297 1301
f 1854 1315 1319
f 1890 1339 1343
f 2196 1562 1566
f 2320 1460 1464
f 2284 1586 1590
f 1906 1345 1349
f 2104 1519 1523
f 2047 1418 1422
f 1958 1393 1397
f 2070 1495 1499
f 2088 1513 1517
f 2142 1555 1559
f 1980 1423 1427
f 1994 1429 1433
f 2230 1568 1572
f 2297 1370 1374
f 2329 894 892
f 2323 887 885
f 2326 899 897
f 2333 905 903
f 2336 912 910
f 2345 941 939
f 2409 1050 1048
f 2496 1224 1222
f 2485 1200 1198
f 2435 1115 1113
f 2374 984 982
f 2368 977 975
f 2371 989 987
f 2378 995 993
f 2381 1002 1000
f 2392 1019 1017
f 2360 971 969
f 2416 1091 1089
f 2456 1146 1144
f 2460 1158 1156
f 2488 1217 1215
f 2398 1037 1035
f 2340 918 916
f 2430 1098 1096
f 2475 1188 1186
f 2404 1044 1042
f 2501 1236 1234
f 2482 1212 1210
f 2440 1122 1120
f 2347 930 928
f 2464 1163 1161
f 2384 1013 1011
f 2355 948 946
f 2419 1074 1072
f 2451 1134 1132
f 2470 1170 1168
f 2385 1008 1006
f 2362 960 958
f 2423 1086 1084
f 2446 1151 1149
f 2401 1061 1059
f 2339 923 921
f 2429 1103 1101
f 2474 1205 1203
f 2491 1241 1239
f 2459 1175 1173
f 2395 1032 1030
f 2365 966 964
f 2424 1080 1078
f 2443 1127 1125
f 2390 1025 1023
f 2354 953 951
f 2413 1067 1065
f 2450 1139 1137
f 2467 1182 1180
f 2408 1056 1054
f 2495 1229 1227
f 2479 1193 1191
f 2437 1109 1107
f 2350 936 934
f 2511 1325 1326
f 2505 1277 1278
f 2507 1265 1266
f 2513 1301 1302
f 2516 1319 1320
f 2519 1343 1344
f 2556 1566 1565
f 2540 1464 1463
f 2561 1590 1589
f 2521 1349 1350
f 2544 1523 1524
f 2529 1422 1421
f 2530 1397 1398
f 2546 1499 1500
f 2549 1517 1518
f 2553 1559 1560
f 2534 1427 1428
f 2536 1433 1434
f 2557 1572 1571
f 2525 1374 1373
f 1609 892 889
f 1605 885 883
f 1611 897 895
f 1614 903 901
f 1617 910 907
f 1631 939 937
f 1688 1048 1045
f 1775 1222 1219
f 1763 1198 1195
f 1719 1113 1111
f 1654 982 979
f 1650 975 973
f 1656 987 985
f 1659 993 991
f 1662 1000 997
f 1672 1017 1015
f 1646 969 967
f 1706 1089 1087
f 1735 1144 1141
f 1741 1156 1153
f 1770 1215 1213
f 1680 1035 1033
f 1621 916 913
f 1711 1096 1093
f 1756 1186 1183
f 1684 1042 1039
f 1780 1234 1231
f 1767 1210 1207
f 1722 1120 1117
f 1627 928 925
f 1744 1161 1159
f 1668 1011 1009
f 1636 946 943
f 1699 1072 1069
f 1730 1132 1129
f 1748 1168 1165
f 1666 1006 1003
f 1642 958 955
f 1705 1084 1081
f 1736 1149 1147
f 1691 1059 1057
f 1623 921 919
f 1713 1101 1099
f 1764 1203 1201
f 1781 1239 1237
f 1749 1173 1171
f 1677 1030 1027
f 1645 964 961
f 1703 1078 1075
f 1725 1125 1123
f 1674 1023 1021
f 1638 951 949
f 1695 1065 1063
f 1732 1137 1135
f 1752 1180 1177
f 1690 1054 1051
f 1777 1227 1225
f 1759 1191 1189
f 1717 1107 1105
f 1630 934 931
f 2191 1326 1322
f 1885 1278 1274
f 1901 1266 1262
f 2279 1302 1298
f 2315 1320 1316
f 2171 1344 1340
f 2160 1565 1561
f 2016 1463 1459
f 2214 1589 1585
f 1919 1350 1346
f 2137 1524 1520
f 1978 1421 1417
f 1991 1398 1394
f 2225 1500 1496
f 2302 1518 1514
f 2178 1560 1556
f 2153 1428 1424
f 2009 1434 1430
f 2207 1571 1567
f 1926 1373 1369
f 1857 911 908
f 1803 893 890
f 1786 888 884
f 1822 900 896
f 1840 906 902
f 1876 924 920
f 2182 1062 1058
f 2312 1242 1238
f 2276 1206 1202
f 1898 1104 1100
f 2091 1001 998
f 2037 983 980
f 1952 978 974
f 2056 990 986
f 2074 996 992
f 2128 1026 1022
f 1966 954 950
f 1988 1068 1064
f 2222 1140 1136
f 2293 1181 1178
f 2185 1235 1232
f 1879 1043 1040
f 1893 929 926
f 2271 1121 1118
f 2307 1211 1208
f 2163 1055 1052
f 2150 1230 1226
f 2006 1194 1190
f 2204 1110 1106
f 1911 935 932
f 2131 1169 1166
f 1969 1007 1004
f 1983 959 956
f 2217 1085 1082
f 2290 1152 1148
f 2168 1176 1172
f 2145 1031 1028
f 2001 965 962
f 2199 1079 1076
f 1916 1128 1124
f 1808 1038 1034
f 1789 917 914
f 1825 1097 1094
f 1843 1187 1184
f 1862 1218 1214
f 1933 1157 1154
f 2110 1020 1016
f 2020 972 968
f 2236 1092 1088
f 2257 1145 1142
f 2042 1014 1010
f 1947 947 944
f 2059 1073 1070
f 2077 1133 1130
f 2096 1164 1160
f 2113 1049 1046
f 2023 1223 1220
f 2239 1199 1196
f 2254 1116 1112
f 1930 942 938
f 1818 1283 1279
f 1798 1259 1255
f 1834 1295 1291
f 1852 1313 1309
f 1872 1331 1327
f 1942 1379 1375
f 2120 1541 1537
f 2030 1452 1448
f 2248 1578 1574
f 2263 1368 1364
f 2052 1487 1483
f 1955 1391 1387
f 2065 1440 1436
f 2086 1511 1507
f 2106 1529 1525
f 2122 1547 1543
f 2032 1469 1465
f 2245 1458 1454
f 2266 1584 1580
f 1940 1362 1358
f 1813 1269 1267
f 1792 1245 1243
f 1828 1252 1250
f 1846 1288 1286
f 1867 1306 1304
f 1936 1336 1334
f 2123 1551 1549
f 2033 1473 1471
f 2249 1599 1597
f 2260 1354 1352
f 2049 1479 1477
f 1959 1401 1399
f 2062 1408 1406
f 2080 1492 1490
f 2101 1504 1502
f 2116 1533 1531
f 2026 1414 1412
f 2242 1444 1442
f 2267 1594 1592
f 1943 1383 1381
f 1869 1323 1321
f 1815 1275 1273
f 1799 1263 1261
f 1835 1299 1297
f 1853 1317 1315
f 1889 1341 1339
f 2195 1564 1562
f 2319 1462 1460
f 2283 1588 1586
f 1905 1347 1345
f 2103 1521 1519
f 2046 1420 1418
f 1957 1395 1393
f 2069 1497 1495
f 2087 1515 1513
f 2141 1557 1555
f 1979 1425 1423
f 1993 1431 1429
f 2229 1570 1568
f 2296 1372 1370
f 2188 1282 1280
f 1882 1258 1256
f 1902 1294 1292
f 2280 1312 1310
f 2316 1330 1328
f 2172 1378 1376
f 2157 1540 1538
f 2011 1449 1447
f 2209 1575 1573
f 1923 1365 1363
f 2134 1486 1484
f 1972 1390 1388
f 1995 1437 1435
f 2226 1510 1508
f 2303 1528 1526
f 2175 1546 1544
f 2154 1468 1466
f 2013 1455 1453
f 2211 1581 1579
f 1921 1359 1357
f 1865 1272 1268
f 1811 1248 1244
f 1796 1253 1249
f 1832 1289 1285
f 1850 1307 1303
f 1888 1337 1333
f 2194 1554 1550
f 2322 1476 1472
f 2286 1602 1598
f 1908 1355 1351
f 2099 1482 1478
f 2045 1404 1400
f 1962 1409 1405
f 2068 1493 1489
f 2084 1505 1501
f 2140 1536 1532
f 1976 1415 1411
f 1998 1445 1441
f 2232 1595 1591
f 2299 1386 1382
f 2330 909 911
f 2324 891 893
f 2325 886 888
f 2332 898 900
f 2335 904 906
f 2344 922 924
f 2410 1060 1062
f 2497 1240 1242
f 2486 1204 1206
f 2434 1102 1104
f 2375 999 1001
f 2369 981 983
f 2370 976 978
f 2377 988 990
f 2380 994 996
f 2393 1024 1026
f 2359 952 954
f 2415 1066 1068
f 2455 1138 1140
f 2461 1179 1181
f 2489 1233 1235
f 2399 1041 1043
f 2341 927 929
f 2431 1119 1121
f 2476 1209 1211
f 2405 1053 1055
f 2500 1228 1230
f 2481 1192 1194
f 2439 1108 1110
f 2348 933 935
f 2465 1167 1169
f 2383 1005 1007
f 2356 957 959
f 2420 1083 1085
f 2452 1150 1152
f 2471 1174 1176
f 2386 1029 1031
f 2363 963 965
f 2422 1077 1079
f 2445 1126 1128
f 2400 1036 1038
f 2338 915 917
f 2428 1095 1097
f 2473 1185 1187
f 2490 1216 1218
f 2458 1155 1157
f 2394 1018 1020
f 2366 970 972
f 2425 1090 1092
f 2444 1143 1145
f 2389 1012 1014
f 2353 945 947
f 2414 1071 1073
f 2449 1131 1133
f 2466 1162 1164
f 2407 1047 1049
f 2494 1221 1223
f 2480 1197 1199
f 2438 1114 1116
f 2351 940 942
f 2510 1284 1283
f 2504 1260 1259
f 2508 1296 1295
f 2514 1314 1313
f 2517 1332 1331
f 2520 1380 1379
f 2554 1542 1541
f 2539 1451 1452
f 2560 1577 1578
f 2523 1367 1368
f 2543 1488 1487
f 2527 1392 1391
f 2532 1439 1440
f 2547 1512 1511
f 2550 1530 1529
f 2552 1548 1547
f 2535 1470 1469
f 2538 1457 1458
f 2558 1583 1584
f 2524 1361 1362
f 1607 1616 1609
f 1603 1608 1605
f 1604 1606 1611
f 1610 1612 1614
f 1613 1615 1617
f 1622 1624 1631
f 1686 1692 1688
f 1773 1782 1775
f 1761 1765 1763
f 1712 1714 1719
f 1652 1661 1654
f 1648 1653 1650
f 1649 1651 1656
f 1655 1657 1659
f 1658 1660 1662
f 1670 1675 1672
f 1637 1639 1646
f 1694 1696 1706
f 1731 1733 1735
f 1739 1751 1741
f 1768 1779 1770
f 1678 1683 1680
f 1619 1626 1621
f 1709 1721 1711
f 1754 1766 1756
f 1682 1689 1684
f 1776 1778 1780
f 1758 1760 1767
f 1716 1718 1722
f 1625 1629 1627
f 1742 1747 1744
f 1663 1665 1668
f 1634 1641 1636
f 1697 1704 1699
f 1728 1737 1730
f 1746 1750 1748
f 1664 1676 1666
f 1640 1644 1642
f 1700 1702 1705
f 1724 1726 1736
f 1679 1681 1691
f 1618 1620 1623
f 1708 1710 1713
f 1753 1755 1764
f 1769 1771 1781
f 1738 1740 1749
f 1671 1673 1677
f 1643 1647 1645
f 1701 1707 1703
f 1723 1734 1725
f 1667 1669 1674
f 1633 1635 1638
f 1693 1698 1695
f 1727 1729 1732
f 1743 1745 1752
f 1685 1687 1690
f 1772 1774 1777
f 1757 1762 1759
f 1715 1720 1717
f 1628 1632 1630
f 2187 2189 2191
f 1881 1883 1885
f 1899 1903 1901
f 2277 2281 2279
f 2313 2317 2315
f 2169 2173 2171
f 2156 2158 2160
f 2010 2012 2016
f 2208 2210 2214
f 1917 1924 1919
f 2133 2135 2137
f 1971 1973 1978
f 1989 1996 1991
f 2223 2227 2225
f 2300 2304 2302
f 2174 2176 2178
f 2151 2155 2153
f 2007 2014 2009
f 2205 2212 2207
f 1920 1922 1926
f 1855 1864 1857
f 1801 1810 1803
f 1784 1795 1786
f 1820 1831 1822
f 1838 1849 1840
f 1874 1887 1876
f 2180 2193 2182
f 2310 2321 2312
f 2274 2285 2276
f 1896 1907 1898
f 2089 2098 2091
f 2035 2044 2037
f 1950 1961 1952
f 2054 2067 2056
f 2072 2083 2074
f 2126 2139 2128
f 1964 1975 1966
f 1986 1997 1988
f 2220 2231 2222
f 2291 2298 2293
f 2183 2190 2185
f 1877 1884 1879
f 1891 1900 1893
f 2269 2278 2271
f 2305 2314 2307
f 2161 2170 2163
f 2148 2159 2150
f 2004 2015 2006
f 2202 2213 2204
f 1909 1918 1911
f 2129 2136 2131
f 1967 1977 1969
f 1981 1990 1983
f 2215 2224 2217
f 2288 2301 2290
f 2166 2177 2168
f 2143 2152 2145
f 1999 2008 2001
f 2197 2206 2199
f 1914 1925 1916
f 1806 1817 1808
f 1787 1797 1789
f 1823 1833 1825
f 1841 1851 1843
f 1860 1871 1862
f 1931 1941 1933
f 2108 2119 2110
f 2018 2029 2020
f 2234 2247 2236
f 2255 2262 2257
f 2040 2051 2042
f 1945 1954 1947
f 2057 2064 2059
f 2075 2085 2077
f 2094 2105 2096
f 2111 2121 2113
f 2021 2031 2023
f 2237 2244 2239
f 2252 2265 2254
f 1928 1939 1930
f 1812 1814 1818
f 1791 1793 1798
f 1827 1829 1834
f 1845 1847 1852
f 1866 1868 1872
f 1935 1937 1942
f 2118 2124 2120
f 2028 2034 2030
f 2246 2250 2248
f 2259 2261 2263
f 2048 2050 2052
f 1953 1960 1955
f 2061 2063 2065
f 2079 2081 2086
f 2100 2102 2106
f 2115 2117 2122
f 2025 2027 2032
f 2241 2243 2245
f 2264 2268 2266
f 1938 1944 1940
f 1802 1804 1813
f 1783 1785 1792
f 1819 1821 1828
f 1837 1839 1846
f 1856 1858 1867
f 1927 1929 1936
f 2112 2114 2123
f 2022 2024 2033
f 2238 2240 2249
f 2251 2253 2260
f 2036 2038 2049
f 1949 1951 1959
f 2053 2055 2062
f 2071 2073 2080
f 2090 2092 2101
f 2107 2109 2116
f 2017 2019 2026
f 2233 2235 2242
f 2256 2258 2267
f 1932 1934 1943
f 1859 1861 1869
f 1805 1807 1815
f 1788 1790 1799
f 1824 1826 1835
f 1842 1844 1853
f 1878 1880 1889
f 2184 2186 2195
f 2306 2308 2319
f 2270 2272 2283
f 1892 1894 1905
f 2093 2095 2103
f 2039 2041 2046
f 1946 1948 1957
f 2058 2060 2069
f 2076 2078 2087
f 2130 2132 2141
f 1968 1970 1979
f 1982 1984 1993
f 2216 2218 2229
f 2287 2289 2296
f 2179 2181 2188
f 1873 1875 1882
f 1895 1897 1902
f 2273 2275 2280
f 2309 2311 2316
f 2165 2167 2172
f 2144 2146 2157
f 2000 2002 2011
f 2198 2200 2209
f 1913 1915 1923
f 2125 2127 2134
f 1963 1965 1972
f 1985 1987 1995
f 2219 2221 2226
f 2292 2294 2303
f 2162 2164 2175
f 2147 2149 2154
f 2003 2005 2013
f 2201 2203 2211
f 1910 1912 1921
f 1863 1870 1865
f 1809 1816 1811
f 1794 1800 1796
f 1830 1836 1832
f 1848 1854 1850
f 1886 1890 1888
f 2192 2196 2194
f 2318 2320 2322
f 2282 2284 2286
f 1904 1906 1908
f 2097 2104 2099
f 2043 2047 2045
f 1956 1958 1962
f 2066 2070 2068
f 2082 2088 2084
f 2138 2142 2140
f 1974 1980 1976
f 1992 1994 1998
f 2228 2230 2232
f 2295 2297 2299
f 2331 2329 2330
f 2327 2323 2324
f 2328 2326 2325
f 2334 2333 2332
f 2337 2336 2335
f 2346 2345 2344
f 2412 2409 2410
f 2499 2496 2497
f 2487 2485 2486
f 2436 2435 2434
f 2376 2374 2375
f 2372 2368 2369
f 2373 2371 2370
f 2379 2378 2377
f 2382 2381 2380
f 2396 2392 2393
f 2361 2360 2359
f 2418 2416 2415
f 2457 2456 2455
f 2463 2460 2461
f 2492 2488 2489
f 2402 2398 2399
f 2343 2340 2341
f 2433 2430 2431
f 2478 2475 2476
f 2406 2404 2405
f 2502 2501 2500
f 2484 2482 2481
f 2442 2440 2439
f 2349 2347 2348
f 2468 2464 2465
f 2387 2384 2383
f 2358 2355 2356
f 2421 2419 2420
f 2454 2451 2452
f 2472 2470 2471
f 2388 2385 2386
f 2364 2362 2363
f 2426 2423 2422
f 2448 2446 2445
f 2403 2401 2400
f 2342 2339 2338
f 2432 2429 2428
f 2477 2474 2473
f 2493 2491 2490
f 2462 2459 2458
f 2397 2395 2394
f 2367 2365 2366
f 2427 2424 2425
f 2447 2443 2444
f 2391 2390 2389
f 2357 2354 2353
f 2417 2413 2414
f 2453 2450 2449
f 2469 2467 2466
f 2411 2408 2407
f 2498 2495 2494
f 2483 2479 2480
f 2441 2437 2438
f 2352 2350 2351
f 2509 2511 2510
f 2503 2505 2504
f 2506 2507 2508
f 2512 2513 2514
f 2515 2516 2517
f 2518 2519 2520
f 2555 2556 2554
f 2541 2540 2539
f 2562 2561 2560
f 2522 2521 2523
f 2542 2544 2543
f 2528 2529 2527
f 2531 2530 2532
f 2545 2546 2547
f 2548 2549 2550
f 2551 2553 2552
f 2533 2534 2535
f 2537 2536 2538
f 2559 2557 2558
f 2526 2525 2524