v -0.362562 0.508167 -0.006437
v 0.362371 0.508315 -0.006169
v -0.374649 -0.577490 0.007159
v 0.374796 -0.577605 0.007338
v -0.000041 -0.449127 0.705316
v -0.000002 0.346483 0.648236
v 0.000018 -0.339515 -0.646369
v 0.000206 0.423610 -0.706244
v 0.647330 0.001689 -0.409631
v 0.666955 -0.001045 0.411142
v -0.647321 0.001695 -0.409615
v -0.666962 -0.001049 0.411140
v 0.000037 0.591183 -0.030114
v -0.211955 0.442723 0.336089
v -0.217732 0.657106 -0.444597
v -0.563929 0.319809 -0.215885
v -0.590153 0.322388 0.227611
v 0.211980 0.442666 0.336087
v 0.217266 0.657118 -0.444898
v 0.563609 0.319333 -0.215499
v 0.590119 0.322365 0.227594
v -0.000001 -0.670471 0.014734
v -0.250337 -0.678249 0.458306
v -0.215608 -0.528479 -0.345958
v -0.572471 -0.311532 -0.214376
v -0.584018 -0.336385 0.229172
v 0.250504 -0.678325 0.458454
v 0.215609 -0.528808 -0.345952
v 0.572142 -0.311419 -0.214301
v 0.584046 -0.336439 0.229120
v 0.000005 -0.001520 0.755457
v 0.369269 -0.226714 0.606938
v -0.369581 -0.226491 0.606904
v 0.374466 0.219877 0.609192
v -0.374468 0.219895 0.609200
v -0.000012 0.007822 -0.757940
v 0.369501 -0.216614 -0.608136
v -0.369499 -0.216563 -0.608108
v 0.383786 0.227809 -0.638361
v -0.383357 0.227589 -0.637928
v 0.763079 -0.000143 0.010197
v -0.763155 -0.000167 0.010201
v -0.171939 0.559517 -0.021980
v -0.297382 0.488117 0.145594
v -0.298376 0.559611 -0.192940
v -0.476220 0.452560 -0.101392
v -0.479405 0.428891 0.101582
v 0.172012 0.559511 -0.021996
v 0.297334 0.488167 0.145581
v 0.298650 0.559828 -0.193412
v 0.475765 0.452520 -0.101155
v 0.479413 0.428852 0.101666
v -0.203558 -0.679082 0.003531
v -0.311956 -0.578858 0.192078
v -0.347007 -0.659328 -0.182135
v -0.467056 -0.456092 -0.086741
v -0.485903 -0.474492 0.119576
v 0.202978 -0.678868 0.003479
v 0.312408 -0.578874 0.191730
v 0.347882 -0.660185 -0.182234
v 0.466315 -0.456333 -0.087045
v 0.485730 -0.474051 0.119621
v -0.144585 -0.668121 0.700491
v 0.143866 -0.668203 0.699805
v -0.000287 -0.230122 0.765011
v 0.187971 -0.365919 0.694991
v -0.188271 -0.365437 0.695989
v -0.104795 0.391034 0.526102
v 0.104790 0.391025 0.526110
v -0.000013 0.222447 0.720899
v 0.176744 0.308737 0.655324
v -0.176754 0.308721 0.655356
v -0.101180 -0.406983 -0.517585
v 0.101323 -0.407103 -0.517476
v -0.000023 -0.221648 -0.715280
v 0.174720 -0.300217 -0.655152
v -0.174686 -0.300249 -0.655123
v -0.133048 0.576263 -0.633486
v 0.133234 0.576118 -0.633367
v -0.000008 0.244014 -0.800396
v 0.192767 0.353316 -0.717020
v -0.192367 0.353287 -0.717101
v 0.637368 0.149482 -0.334420
v 0.632538 -0.156494 -0.332601
v 0.536420 -0.098546 -0.515838
v 0.543806 0.098163 -0.521957
v 0.713851 0.000538 -0.220692
v 0.650730 0.157580 0.334845
v 0.650400 -0.158518 0.333952
v 0.550780 -0.098491 0.518130
v 0.548991 0.099618 0.518749
v 0.742412 -0.000152 0.232380
v -0.637347 0.149471 -0.334427
v -0.632551 -0.156523 -0.332615
v -0.536409 -0.098584 -0.515832
v -0.543748 0.098064 -0.521975
v -0.713820 0.000531 -0.220678
v -0.650754 0.157573 0.334846
v -0.650344 -0.158525 0.333936
v -0.550825 -0.098508 0.518074
v -0.549013 0.099619 0.518770
v -0.742394 -0.000139 0.232372
v -0.091297 0.525537 0.138145
v -0.083515 0.622444 -0.222661
v 0.091308 0.525343 0.138369
v 0.083766 0.622528 -0.222828
v -0.420595 0.399127 0.307460
v 0.000011 0.458903 0.337416
v -0.317990 0.360484 0.507385
v -0.430017 0.506763 -0.341503
v 0.000168 0.701091 -0.452280
v -0.319880 0.447794 -0.546850
v -0.610978 0.331509 0.011390
v -0.485538 0.290411 -0.437779
v -0.694935 0.171214 -0.102065
v -0.506291 0.291756 0.440066
v -0.704818 0.176198 0.120676
v 0.420586 0.399123 0.307435
v 0.317975 0.360493 0.507376
v 0.429939 0.506238 -0.342779
v 0.319553 0.447035 -0.547121
v 0.611056 0.331441 0.011419
v 0.486176 0.290152 -0.437833
v 0.694979 0.171203 -0.102105
v 0.506313 0.291777 0.440065
v 0.704820 0.176204 0.120668
v -0.085189 -0.634076 0.220635
v -0.111739 -0.704074 -0.185774
v 0.085255 -0.634149 0.220546
v 0.111568 -0.703957 -0.185011
v -0.429265 -0.489841 0.344037
v 0.000032 -0.682339 0.467646
v -0.342326 -0.486286 0.571863
v -0.401238 -0.420993 -0.296482
v -0.000366 -0.543782 -0.351434
v -0.308354 -0.356149 -0.502996
v -0.612626 -0.332175 0.014194
v -0.495475 -0.278208 -0.440803
v -0.692731 -0.176926 -0.101949
v -0.497736 -0.306334 0.436522
v -0.703680 -0.179941 0.120697
v 0.429297 -0.489950 0.343737
v 0.342470 -0.486851 0.572383
v 0.401390 -0.421033 -0.296897
v 0.308356 -0.355991 -0.502844
v 0.612554 -0.332208 0.014233
v 0.495565 -0.278031 -0.440734
v 0.692779 -0.176889 -0.101953
v 0.497422 -0.305756 0.436645
v 0.703654 -0.179918 0.120692
v 0.204872 -0.110511 0.728448
v -0.204684 -0.110680 0.728411
v 0.203785 0.112971 0.716129
v -0.203763 0.112953 0.716096
v 0.397246 0.001653 0.651178
v -0.397262 0.001628 0.651143
v 0.198801 -0.113964 -0.706965
v -0.198878 -0.114606 -0.707360
v 0.218555 0.130125 -0.777254
v -0.218755 0.130318 -0.777465
v 0.392876 0.002970 -0.648692
v -0.392749 0.002838 -0.648664
v -0.278762 0.532825 -0.014486
v -0.335102 0.503193 0.061588
v -0.331874 0.525859 -0.085284
v -0.421119 0.488444 -0.046754
v -0.420775 0.476369 0.042331
v 0.278900 0.532285 -0.014552
v 0.335161 0.503101 0.061625
v 0.332262 0.525825 -0.085727
v 0.420765 0.488418 -0.046638
v 0.420813 0.476333 0.042494
v -0.303500 -0.627669 -0.000242
v -0.353206 -0.579468 0.084287
v -0.357948 -0.613108 -0.070605
v -0.418575 -0.529881 -0.034474
v -0.432523 -0.532814 0.059370
v 0.303299 -0.627909 -0.000375
v 0.353558 -0.579580 0.083808
v 0.357844 -0.613520 -0.070817
v 0.418274 -0.529784 -0.034071
v 0.432392 -0.532887 0.059488
v -0.058737 -0.530699 0.692921
v 0.058303 -0.531087 0.692816
v -0.000060 -0.350835 0.724058
v 0.086789 -0.416611 0.707895
v -0.086929 -0.417163 0.708031
v -0.047335 0.366795 0.601427
v 0.047332 0.366791 0.601424
v 0.000003 0.307162 0.687855
v 0.077784 0.334621 0.658010
v -0.077787 0.334616 0.658016
v -0.046571 -0.365925 -0.598544
v 0.046561 -0.365855 -0.598600
v 0.000013 -0.300210 -0.686484
v 0.077355 -0.326037 -0.656036
v -0.077329 -0.325975 -0.656086
v -0.055725 0.490456 -0.674677
v 0.055620 0.490238 -0.674150
v -0.000208 0.343677 -0.748268
v 0.086884 0.395927 -0.715862
v -0.087325 0.396250 -0.715600
v 0.650522 0.066839 -0.381073
v 0.647024 -0.066745 -0.378958
v 0.604581 -0.040501 -0.461885
v 0.606484 0.042815 -0.462987
v 0.681974 0.001168 -0.331974
v 0.668701 0.068625 0.381541
v 0.667383 -0.069970 0.381147
v 0.622079 -0.044079 0.463575
v 0.621733 0.042193 0.463534
v 0.705662 -0.000586 0.334405
v -0.650453 0.066844 -0.381046
v -0.647009 -0.066730 -0.378950
v -0.604571 -0.040507 -0.461880
v -0.606537 0.042831 -0.463016
v -0.681960 0.001155 -0.331953
v -0.668704 0.068621 0.381555
v -0.667390 -0.069976 0.381165
v -0.622050 -0.044075 0.463606
v -0.621697 0.042187 0.463507
v -0.705695 -0.000580 0.334416
v -0.063569 0.585722 -0.025475
v 0.063529 0.585755 -0.025371
v -0.034017 0.569810 0.035134
v -0.026444 0.605733 -0.104522
v 0.034001 0.569801 0.035143
v 0.026440 0.605816 -0.104455
v -0.256855 0.466767 0.238123
v -0.161068 0.417064 0.434627
v -0.151697 0.483618 0.239215
v -0.320097 0.424331 0.329106
v -0.105030 0.454917 0.337616
v -0.269699 0.402069 0.428123
v -0.269281 0.613800 -0.317968
v -0.186892 0.638722 -0.540673
v -0.160427 0.681810 -0.351257
v -0.381206 0.631898 -0.421336
v -0.155233 0.812609 -0.457217
v -0.288423 0.565852 -0.504546
v -0.521178 0.395696 -0.157520
v -0.607687 0.235866 -0.276537
v -0.484990 0.398316 -0.273464
v -0.594818 0.327921 -0.099364
v -0.529008 0.309409 -0.330057
v -0.636836 0.248040 -0.158684
v -0.538876 0.378521 0.165675
v -0.627316 0.249085 0.284038
v -0.512018 0.367370 0.273215
v -0.609037 0.329461 0.118885
v -0.554966 0.310575 0.336228
v -0.654842 0.258100 0.175169
v 0.256840 0.466723 0.238137
v 0.161064 0.417079 0.434613
v 0.151586 0.483793 0.239182
v 0.104881 0.454633 0.337515
v 0.320135 0.424322 0.329075
v 0.269703 0.402074 0.428140
v 0.269791 0.614063 -0.318256
v 0.186242 0.638625 -0.540782
v 0.160225 0.681572 -0.351419
v 0.155218 0.812389 -0.457851
v 0.380849 0.631570 -0.422542
v 0.288762 0.565400 -0.504867
v 0.520907 0.395199 -0.157704
v 0.607689 0.235815 -0.276580
v 0.485671 0.397711 -0.273690
v 0.594873 0.327942 -0.099256
v 0.528825 0.309406 -0.330263
v 0.636820 0.248017 -0.158714
v 0.538876 0.378554 0.165639
v 0.627321 0.249080 0.284030
v 0.512043 0.367384 0.273211
v 0.609038 0.329518 0.118855
v 0.554973 0.310551 0.336234
v 0.654868 0.258131 0.175178
v -0.097100 -0.679836 0.009017
v 0.096789 -0.679491 0.009011
v -0.038747 -0.657655 0.106019
v -0.060043 -0.671014 -0.070584
v 0.038911 -0.657561 0.106150
v 0.059728 -0.670981 -0.070368
v -0.267375 -0.589407 0.323036
v -0.231739 -0.785315 0.621885
v -0.148479 -0.626257 0.353522
v -0.337140 -0.564116 0.405196
v -0.125219 -0.726164 0.473348
v -0.321024 -0.616948 0.540605
v -0.290732 -0.623729 -0.283573
v -0.157015 -0.460087 -0.429456
v -0.173494 -0.650340 -0.289269
v -0.310113 -0.477243 -0.322778
v -0.110134 -0.545046 -0.352439
v -0.258234 -0.430479 -0.417607
v -0.520177 -0.381132 -0.147779
v -0.611340 -0.241623 -0.279097
v -0.489988 -0.365103 -0.261127
v -0.601403 -0.323961 -0.097205
v -0.540666 -0.296982 -0.333248
v -0.641833 -0.253138 -0.159381
v -0.536311 -0.409342 0.176098
v -0.623119 -0.251532 0.281832
v -0.507578 -0.411353 0.284938
v -0.606660 -0.337487 0.121826
v -0.547086 -0.327030 0.335801
v -0.653027 -0.261811 0.174733
v 0.267533 -0.589283 0.323481
v 0.231216 -0.785896 0.621094
v 0.148866 -0.626248 0.353788
v 0.125288 -0.725929 0.473579
v 0.337156 -0.564294 0.405109
v 0.320314 -0.617709 0.540901
v 0.290944 -0.624226 -0.284263
v 0.157041 -0.459880 -0.429261
v 0.172741 -0.650213 -0.288796
v 0.110032 -0.544338 -0.352047
v 0.310251 -0.477797 -0.322672
v 0.258227 -0.430292 -0.417839
v 0.520015 -0.381224 -0.148016
v 0.611350 -0.241657 -0.279089
v 0.490075 -0.365182 -0.261007
v 0.601375 -0.323947 -0.097111
v 0.540699 -0.296990 -0.333296
v 0.641884 -0.253140 -0.159389
v 0.536263 -0.409256 0.176145
v 0.623108 -0.251535 0.281870
v 0.507581 -0.411365 0.284929
v 0.606614 -0.337497 0.121796
v 0.547159 -0.327139 0.335707
v 0.652986 -0.261842 0.174738
v 0.000164 -0.112642 0.778151
v -0.000007 0.111844 0.746183
v 0.103512 -0.056643 0.750403
v -0.103658 -0.056857 0.750924
v 0.103447 0.055278 0.742027
v -0.103393 0.055419 0.741892
v 0.279698 -0.298122 0.655014
v 0.463255 -0.159033 0.563993
v 0.353206 -0.351910 0.586259
v 0.437290 -0.271583 0.527913
v 0.290056 -0.171335 0.672206
v 0.388118 -0.108942 0.635185
v -0.279673 -0.298176 0.654828
v -0.463026 -0.159070 0.564393
v -0.354203 -0.351668 0.586226
v -0.437106 -0.271790 0.527542
v -0.290568 -0.170983 0.672512
v -0.388047 -0.109014 0.635160
v 0.278131 0.270394 0.639506
v 0.465955 0.161995 0.569704
v 0.352533 0.306431 0.568050
v 0.445699 0.262213 0.532365
v 0.293295 0.168488 0.670483
v 0.389225 0.111658 0.637065
v -0.278117 0.270376 0.639492
v -0.465958 0.161975 0.569683
v -0.352535 0.306430 0.568053
v -0.445691 0.262216 0.532367
v -0.293311 0.168512 0.670474
v -0.389206 0.111680 0.637063
v -0.000381 -0.113021 -0.732714
v 0.000101 0.129081 -0.795717
v 0.102122 -0.054250 -0.737572
v -0.102318 -0.053576 -0.737491
v 0.107670 0.069542 -0.772594
v -0.107670 0.068831 -0.772794
v 0.274815 -0.263416 -0.638548
v 0.455912 -0.158974 -0.564461
v 0.346894 -0.294559 -0.568508
v 0.438138 -0.252742 -0.533053
v 0.290381 -0.170627 -0.666527
v 0.383974 -0.112034 -0.632957
v -0.274807 -0.263401 -0.638545
v -0.455933 -0.158970 -0.564456
v -0.346840 -0.294645 -0.568440
v -0.438091 -0.252735 -0.532988
v -0.290299 -0.170591 -0.666379
v -0.383976 -0.111966 -0.633037
v 0.289939 0.293849 -0.686212
v 0.472934 0.161838 -0.585105
v 0.349492 0.333181 -0.590558
v 0.436615 0.261808 -0.539257
v 0.312825 0.185757 -0.725114
v 0.394145 0.118294 -0.653471
v -0.290332 0.293992 -0.686814
v -0.472835 0.161887 -0.585066
v -0.348680 0.333767 -0.590681
v -0.437232 0.261497 -0.539708
v -0.312795 0.185699 -0.725333
v -0.394253 0.118094 -0.653666
v 0.745174 -0.000003 -0.102058
v 0.756719 -0.000087 0.121294
v 0.741635 0.087397 -0.045448
v 0.745601 0.088986 0.065294
v 0.737080 -0.090231 -0.045057
v 0.741600 -0.091171 0.065648
v -0.745143 0.000010 -0.102061
v -0.756665 -0.000093 0.121272
v -0.741612 0.087386 -0.045446
v -0.745570 0.088991 0.065307
v -0.737050 -0.090227 -0.045045
v -0.741625 -0.091187 0.065647
v -0.233787 0.526644 0.062576
v -0.230904 0.560564 -0.106342
v -0.126671 0.549998 0.053953
v -0.115958 0.589343 -0.108718
v -0.395112 0.461386 0.131104
v -0.192783 0.508543 0.146296
v -0.360106 0.443791 0.227076
v -0.392756 0.508305 -0.153342
v -0.189600 0.599410 -0.216890
v -0.375944 0.555172 -0.275162
v -0.488085 0.440931 0.002710
v -0.446963 0.469687 -0.216969
v -0.546229 0.393221 -0.045643
v -0.456698 0.415457 0.203209
v -0.551321 0.387659 0.060057
v 0.233924 0.526632 0.062582
v 0.230368 0.561128 -0.106088
v 0.126689 0.549928 0.053962
v 0.116080 0.589331 -0.108648
v 0.395042 0.461360 0.131194
v 0.192775 0.508422 0.146289
v 0.360138 0.443791 0.227105
v 0.392703 0.508284 -0.153400
v 0.189601 0.599493 -0.217057
v 0.377671 0.556470 -0.276912
v 0.488155 0.440838 0.002874
v 0.446626 0.469590 -0.217595
v 0.546245 0.393301 -0.045468
v 0.456709 0.415491 0.203102
v 0.551384 0.387534 0.060095
v -0.247235 -0.612883 0.092887
v -0.298379 -0.747286 -0.079563
v -0.131933 -0.641536 0.097233
v -0.160852 -0.763716 -0.080642
v -0.421735 -0.540258 0.162000
v -0.195400 -0.607576 0.212477
v -0.378120 -0.544114 0.277592
v -0.395493 -0.534572 -0.131950
v -0.236344 -0.783863 -0.222421
v -0.364159 -0.524416 -0.234970
v -0.484238 -0.464595 0.015853
v -0.437473 -0.443562 -0.192019
v -0.545083 -0.392004 -0.036888
v -0.467824 -0.484352 0.229555
v -0.548252 -0.402156 0.069201
v 0.247313 -0.612742 0.092932
v 0.297888 -0.747512 -0.079468
v 0.132092 -0.641592 0.097305
v 0.159393 -0.761576 -0.081128
v 0.421695 -0.540300 0.162041
v 0.195461 -0.607838 0.212596
v 0.377770 -0.544008 0.277750
v 0.395539 -0.534623 -0.131935
v 0.235198 -0.784280 -0.222047
v 0.363886 -0.524737 -0.234835
v 0.484151 -0.464677 0.015609
v 0.437651 -0.443873 -0.192199
v 0.545466 -0.391967 -0.036708
v 0.467821 -0.484358 0.229410
v 0.549308 -0.402007 0.069501
v -0.000543 -0.620223 0.655729
v -0.180594 -0.509247 0.696401
v -0.067855 -0.697393 0.587378
v -0.286080 -0.618931 0.675679
v 0.179981 -0.509204 0.696710
v 0.067269 -0.697033 0.586631
v 0.285416 -0.619279 0.676611
v 0.095245 -0.294677 0.727498
v -0.095443 -0.294542 0.727547
v 0.101096 -0.171550 0.752924
v -0.101265 -0.171334 0.753266
v 0.281988 -0.440923 0.660601
v 0.193821 -0.234824 0.707052
v -0.282839 -0.440726 0.660529
v -0.193489 -0.234675 0.707180
v 0.000000 0.395017 0.526656
v -0.147520 0.357102 0.601539
v -0.053275 0.424716 0.435335
v -0.211819 0.379515 0.521735
v 0.147519 0.357131 0.601522
v 0.053311 0.424716 0.435295
v 0.211817 0.379492 0.521740
v 0.092584 0.269973 0.697206
v -0.092581 0.269988 0.697185
v 0.099818 0.167926 0.723799
v -0.099835 0.167894 0.723815
v 0.252163 0.337936 0.591664
v 0.194110 0.223029 0.691620
v -0.252170 0.337925 0.591670
v -0.194110 0.223062 0.691615
v -0.000057 -0.413760 -0.518243
v -0.144826 -0.352095 -0.599864
v -0.052601 -0.472770 -0.434058
v -0.203973 -0.386839 -0.512673
v 0.144855 -0.352127 -0.599808
v 0.052494 -0.473132 -0.434059
v 0.203889 -0.387267 -0.512067
v 0.092360 -0.266101 -0.696436
v -0.092362 -0.266127 -0.696407
v 0.100318 -0.173882 -0.722133
v -0.100105 -0.173944 -0.722122
v 0.246761 -0.327230 -0.588856
v 0.191085 -0.221401 -0.688099
v -0.246711 -0.327328 -0.588853
v -0.191068 -0.221363 -0.688180
v 0.000152 0.589713 -0.633800
v -0.168284 0.461925 -0.671680
v -0.069845 0.667612 -0.554104
v -0.234502 0.520944 -0.599160
v 0.168646 0.462210 -0.671836
v 0.069605 0.667373 -0.554120
v 0.234843 0.520765 -0.599496
v 0.104966 0.298437 -0.772622
v -0.105016 0.298544 -0.772715
v 0.116543 0.190790 -0.820913
v -0.116404 0.190684 -0.820753
v 0.262565 0.403695 -0.639012
v 0.221632 0.250654 -0.786317
v -0.262303 0.403728 -0.638803
v -0.221521 0.250778 -0.786166
v 0.594762 0.128550 -0.433611
v 0.683864 0.077850 -0.277986
v 0.571479 0.218518 -0.387877
v 0.666777 0.161985 -0.219516
v 0.586976 -0.132195 -0.429040
v 0.679621 -0.079354 -0.276155
v 0.571389 -0.225334 -0.389806
v 0.663750 -0.167459 -0.218937
v 0.548662 0.001504 -0.531896
v 0.518817 -0.198136 -0.485322
v 0.469970 -0.052484 -0.586368
v 0.523001 0.193031 -0.488283
v 0.472982 0.055404 -0.590301
v 0.715222 0.083611 -0.161553
v 0.710520 -0.085800 -0.160721
v 0.606347 0.135458 0.432438
v 0.708282 0.080727 0.283432
v 0.585336 0.232195 0.389553
v 0.687257 0.170896 0.229628
v 0.606664 -0.134705 0.431005
v 0.705956 -0.082164 0.283584
v 0.580595 -0.232246 0.384721
v 0.686072 -0.173134 0.229454
v 0.561329 -0.001060 0.536865
v 0.524669 -0.200643 0.478211
v 0.484501 -0.052037 0.596195
v 0.529618 0.201679 0.484080
v 0.482092 0.053744 0.595452
v 0.734996 0.086867 0.176255
v 0.731553 -0.088571 0.176608
v -0.594728 0.128463 -0.433693
v -0.683823 0.077870 -0.277967
v -0.571636 0.218472 -0.388035
v -0.666782 0.161960 -0.219546
v -0.587005 -0.132167 -0.429053
v -0.679680 -0.079357 -0.276183
v -0.571347 -0.225340 -0.389808
v -0.663708 -0.167532 -0.218917
v -0.548669 0.001547 -0.531929
v -0.518858 -0.198079 -0.485359
v -0.469972 -0.052448 -0.586354
v -0.522896 0.192903 -0.488457
v -0.472906 0.055352 -0.590304
v -0.715198 0.083613 -0.161510
v -0.710579 -0.085800 -0.160687
v -0.606405 0.135480 0.432494
v -0.708275 0.080710 0.283425
v -0.585338 0.232172 0.389563
v -0.687230 0.170902 0.229622
v -0.606695 -0.134661 0.430975
v -0.705947 -0.082174 0.283547
v -0.580538 -0.232163 0.384789
v -0.686047 -0.173163 0.229443
v -0.561341 -0.001047 0.536881
v -0.524721 -0.200451 0.478156
v -0.484519 -0.052079 0.596147
v -0.529636 0.201700 0.484100
v -0.482063 0.053736 0.595425
v -0.734996 0.086859 0.176248
v -0.731552 -0.088578 0.176622
v -0.000053 0.532850 0.131538
v -0.049771 0.492635 0.236642
v 0.000066 0.630839 -0.222444
v -0.057035 0.675363 -0.346329
v 0.049850 0.493593 0.236538
v 0.056856 0.674772 -0.346551
v -0.375008 0.380935 0.411619
v -0.469899 0.351858 0.379843
v -0.417120 0.332805 0.480151
v -0.384218 0.493099 -0.455991
v -0.446933 0.393436 -0.386454
v -0.401194 0.368596 -0.491378
v -0.659592 0.257132 -0.043335
v -0.665383 0.260737 0.066413
v -0.710882 0.176777 0.010906
v 0.375015 0.380914 0.411609
v 0.469902 0.351882 0.379852
v 0.417116 0.332767 0.480135
v 0.382979 0.492170 -0.455807
v 0.446875 0.393190 -0.386684
v 0.401684 0.368211 -0.491424
v 0.659595 0.257088 -0.043291
v 0.665349 0.260776 0.066428
v 0.710804 0.176770 0.010905
v 0.000084 -0.648126 0.224238
v -0.048224 -0.656072 0.349814
v 0.000174 -0.633305 -0.156543
v -0.057721 -0.612758 -0.266102
v 0.048595 -0.656449 0.349753
v 0.057706 -0.612667 -0.266349
v -0.384747 -0.491502 0.458960
v -0.464757 -0.404116 0.392980
v -0.414008 -0.386601 0.495588
v -0.356669 -0.389848 -0.399538
v -0.455441 -0.343033 -0.375152
v -0.405530 -0.319971 -0.477739
v -0.663356 -0.261461 -0.043533
v -0.665973 -0.264449 0.066373
v -0.709654 -0.182184 0.010831
v 0.384342 -0.491998 0.459614
v 0.464785 -0.404307 0.392734
v 0.413770 -0.386177 0.495966
v 0.356690 -0.390062 -0.399225
v 0.455535 -0.342871 -0.375234
v 0.405571 -0.319784 -0.477807
v 0.663399 -0.261448 -0.043523
v 0.665983 -0.264424 0.066400
v 0.709606 -0.182185 0.010795
v 0.207133 0.000846 0.727847
v 0.303934 -0.052808 0.695422
v -0.207202 0.000851 0.727785
v -0.303722 -0.052970 0.695225
v 0.303801 0.056929 0.693394
v -0.303792 0.056921 0.693427
v 0.205136 0.007536 -0.729966
v 0.297082 -0.054196 -0.682863
v -0.205314 0.007213 -0.730229
v -0.297889 -0.053925 -0.683152
v 0.305448 0.065658 -0.704883
v -0.305150 0.065690 -0.705234
v -0.326143 0.519601 -0.010173
v -0.352415 0.507965 0.024909
v -0.349111 0.515501 -0.040444
v -0.391098 0.500636 -0.022824
v -0.391740 0.495902 0.016529
v 0.325887 0.519824 -0.009719
v 0.352538 0.507742 0.024930
v 0.348761 0.515334 -0.040622
v 0.390928 0.500588 -0.022690
v 0.391743 0.495832 0.016566
v -0.344452 -0.601052 0.004419
v -0.366457 -0.579366 0.040361
v -0.365483 -0.591626 -0.026785
v -0.395900 -0.559065 -0.011384
v -0.400812 -0.557286 0.030303
v 0.344252 -0.600116 0.004111
v 0.366161 -0.579293 0.040182
v 0.365441 -0.591334 -0.026894
v 0.396063 -0.559123 -0.011133
v 0.400717 -0.557089 0.030013
v -0.025012 -0.484715 0.699653
v 0.024910 -0.484527 0.699553
v -0.000235 -0.405815 0.712997
v 0.038797 -0.435883 0.707274
v -0.038838 -0.435493 0.707453
v -0.020961 0.356087 0.629995
v 0.020960 0.356093 0.629991
v -0.000004 0.332288 0.667958
v 0.034107 0.342168 0.654139
v -0.034115 0.342159 0.654142
v -0.020798 -0.351224 -0.628598
v 0.020869 -0.351217 -0.628520
v -0.000024 -0.324465 -0.666831
v 0.034004 -0.334546 -0.652393
v -0.033970 -0.334522 -0.652481
v -0.024236 0.453632 -0.692293
v 0.023877 0.453121 -0.692219
v 0.000177 0.388053 -0.723843
v 0.038660 0.412056 -0.711181
v -0.038369 0.411898 -0.711059
v 0.651976 0.030409 -0.399182
v 0.651033 -0.027519 -0.398509
v 0.631289 -0.016249 -0.434572
v 0.631854 0.019695 -0.434932
v 0.665915 0.001688 -0.377994
v 0.671444 0.029335 0.400227
v 0.670634 -0.031225 0.400120
v 0.650041 -0.019969 0.436165
v 0.650173 0.017647 0.436115
v 0.685172 -0.000844 0.378355
v -0.651973 0.030426 -0.399155
v -0.650998 -0.027510 -0.398520
v -0.631281 -0.016251 -0.434559
v -0.631848 0.019725 -0.434905
v -0.665932 0.001667 -0.377982
v -0.671444 0.029343 0.400238
v -0.670648 -0.031233 0.400112
v -0.650060 -0.019992 0.436156
v -0.650181 0.017639 0.436111
v -0.685171 -0.000844 0.378363
v -0.030579 0.589441 -0.028748
v 0.030564 0.589535 -0.028686
v -0.016552 0.579998 0.003249
v -0.013628 0.600093 -0.065307
v 0.016471 0.579987 0.003206
v 0.013667 0.600200 -0.065256
v -0.235063 0.454898 0.286626
v -0.187266 0.430117 0.385728
v -0.181900 0.463213 0.288049
v -0.265834 0.434071 0.333289
v -0.158303 0.449650 0.337312
v -0.241747 0.422542 0.383453
v -0.246753 0.639910 -0.383459
v -0.204456 0.663895 -0.496302
v -0.201344 0.700851 -0.401614
v -0.291676 0.626227 -0.425906
v -0.217048 0.791858 -0.472245
v -0.260082 0.616958 -0.476505
v -0.542821 0.359494 -0.185948
v -0.586179 0.278119 -0.245928
v -0.524980 0.357276 -0.244284
v -0.579659 0.323587 -0.157434
v -0.547264 0.315381 -0.273525
v -0.601222 0.283489 -0.187459
v -0.566027 0.351813 0.197244
v -0.610787 0.288687 0.256578
v -0.553328 0.347445 0.251849
v -0.601684 0.326474 0.173045
v -0.575340 0.318099 0.282494
v -0.624605 0.293151 0.201908
v 0.235088 0.454946 0.286650
v 0.187339 0.430075 0.385683
v 0.181843 0.463122 0.288000
v 0.158198 0.449718 0.337309
v 0.265826 0.434050 0.333253
v 0.241746 0.422570 0.383398
v 0.246505 0.639423 -0.384274
v 0.204287 0.663974 -0.496084
v 0.201005 0.700758 -0.401713
v 0.217522 0.792185 -0.471457
v 0.291514 0.626130 -0.426300
v 0.260609 0.617173 -0.476549
v 0.542466 0.359058 -0.186315
v 0.586081 0.278159 -0.245701
v 0.524925 0.357454 -0.244543
v 0.580089 0.323865 -0.157442
v 0.547229 0.315347 -0.273558
v 0.601234 0.283589 -0.187336
v 0.565975 0.351788 0.197177
v 0.610773 0.288695 0.256588
v 0.553349 0.347473 0.251847
v 0.601697 0.326458 0.172988
v 0.575345 0.318117 0.282508
v 0.624579 0.293170 0.201903
v -0.048038 -0.673638 0.012862
v 0.048061 -0.673493 0.012972
v -0.021670 -0.665906 0.059209
v -0.027090 -0.671661 -0.028594
v 0.021425 -0.665617 0.059378
v 0.026459 -0.671957 -0.028402
v -0.250512 -0.609272 0.399143
v -0.269753 -0.771902 0.529188
v -0.197560 -0.655818 0.410104
v -0.291170 -0.607200 0.440943
v -0.198494 -0.761097 0.464635
v -0.294587 -0.663295 0.505137
v -0.250376 -0.574771 -0.313721
v -0.185642 -0.490921 -0.385754
v -0.196883 -0.590098 -0.319267
v -0.264615 -0.506082 -0.335236
v -0.163613 -0.541090 -0.351716
v -0.235671 -0.474356 -0.378497
v -0.546633 -0.345873 -0.180735
v -0.594397 -0.277459 -0.247673
v -0.531658 -0.338468 -0.238847
v -0.587078 -0.318021 -0.155323
v -0.557455 -0.304475 -0.274035
v -0.609541 -0.283669 -0.187636
v -0.561042 -0.374248 0.202940
v -0.604763 -0.295399 0.255422
v -0.545959 -0.373319 0.256804
v -0.597362 -0.337847 0.175413
v -0.567546 -0.333273 0.282734
v -0.620400 -0.299596 0.201735
v 0.250522 -0.609409 0.399238
v 0.269194 -0.772289 0.528729
v 0.197820 -0.655997 0.410346
v 0.198649 -0.761237 0.464559
v 0.291125 -0.607613 0.441143
v 0.295310 -0.663983 0.504898
v 0.250203 -0.575020 -0.313825
v 0.185296 -0.491208 -0.385710
v 0.196432 -0.590005 -0.319347
v 0.163078 -0.540921 -0.351421
v 0.264292 -0.506104 -0.335126
v 0.235479 -0.474636 -0.378383
v 0.546888 -0.345957 -0.180769
v 0.594382 -0.277565 -0.247680
v 0.532601 -0.338261 -0.239133
v 0.586935 -0.318078 -0.155197
v 0.557248 -0.304480 -0.273967
v 0.609554 -0.283804 -0.187644
v 0.561114 -0.374246 0.202825
v 0.604800 -0.295433 0.255398
v 0.545802 -0.373309 0.256783
v 0.597316 -0.337856 0.175408
v 0.567546 -0.333316 0.282706
v 0.620409 -0.299560 0.201741
v -0.000137 -0.056874 0.762096
v -0.000019 0.053919 0.754093
v 0.052189 -0.029273 0.755658
v -0.051680 -0.029382 0.755864
v 0.051676 0.026663 0.750985
v -0.051683 0.026724 0.750768
v 0.323322 -0.262190 0.630809
v 0.415454 -0.191830 0.584986
v 0.360465 -0.288178 0.595291
v 0.404653 -0.250639 0.569118
v 0.330866 -0.200038 0.640894
v 0.379028 -0.166891 0.621460
v -0.323738 -0.262165 0.630746
v -0.415578 -0.192320 0.584904
v -0.360563 -0.288043 0.595220
v -0.404379 -0.250772 0.569533
v -0.331037 -0.200113 0.641350
v -0.378580 -0.166817 0.620932
v 0.326884 0.246230 0.625734
v 0.421241 0.192222 0.591094
v 0.365073 0.268233 0.591302
v 0.411782 0.243144 0.573465
v 0.334862 0.194957 0.641536
v 0.382187 0.166535 0.623948
v -0.326874 0.246228 0.625724
v -0.421228 0.192225 0.591078
v -0.365067 0.268218 0.591311
v -0.411767 0.243133 0.573469
v -0.334860 0.194928 0.641479
v -0.382202 0.166564 0.623964
v -0.000033 -0.053482 -0.743528
v 0.000141 0.069312 -0.776797
v 0.051544 -0.022960 -0.748732
v -0.051857 -0.022534 -0.748251
v 0.053009 0.038244 -0.765813
v -0.052930 0.038550 -0.765501
v 0.323516 -0.242091 -0.625753
v 0.413572 -0.188596 -0.587397
v 0.359772 -0.259562 -0.590954
v 0.405138 -0.236039 -0.572506
v 0.332118 -0.195868 -0.640823
v 0.377225 -0.166488 -0.621579
v -0.323521 -0.242068 -0.625731
v -0.413608 -0.188592 -0.587408
v -0.359772 -0.259541 -0.590907
v -0.405163 -0.236090 -0.572546
v -0.332094 -0.195887 -0.640848
v -0.377233 -0.166471 -0.621604
v 0.336306 0.260859 -0.662671
v 0.430816 0.194775 -0.613570
v 0.366037 0.279991 -0.614320
v 0.411206 0.245702 -0.589127
v 0.351430 0.208492 -0.684424
v 0.396608 0.175876 -0.655350
v -0.336522 0.261297 -0.662545
v -0.430512 0.194715 -0.613406
v -0.366631 0.280358 -0.614838
v -0.411829 0.245547 -0.589837
v -0.351347 0.208385 -0.684603
v -0.396470 0.175779 -0.655356
v 0.757644 -0.000091 -0.044810
v 0.760783 -0.000164 0.065280
v 0.758462 0.044063 -0.017335
v 0.758620 0.044472 0.037599
v 0.755946 -0.045110 -0.016953
v 0.756006 -0.045535 0.037862
v -0.757638 -0.000113 -0.044804
v -0.760693 -0.000189 0.065275
v -0.758448 0.044067 -0.017315
v -0.758593 0.044467 0.037597
v -0.755938 -0.045131 -0.016969
v -0.756011 -0.045559 0.037868
v -0.227072 0.545882 -0.018873
v -0.113716 0.574348 -0.023185
v -0.202588 0.543475 0.020197
v -0.199665 0.560566 -0.063191
v -0.147436 0.556514 0.016605
v -0.142309 0.574784 -0.064067
v -0.316486 0.496600 0.102158
v -0.277592 0.477974 0.191019
v -0.265591 0.508625 0.104319
v -0.346893 0.474789 0.139962
v -0.245261 0.498547 0.147238
v -0.329033 0.466227 0.186426
v -0.314442 0.540422 -0.136944
v -0.284180 0.584436 -0.253311
v -0.263680 0.560332 -0.149960
v -0.347638 0.534626 -0.174918
v -0.245508 0.581442 -0.206699
v -0.335968 0.557657 -0.235009
v -0.449942 0.472830 -0.073416
v -0.499616 0.426874 -0.129412
v -0.435369 0.480618 -0.128093
v -0.486275 0.447288 -0.047681
v -0.460655 0.459015 -0.158110
v -0.513026 0.423975 -0.073438
v -0.450222 0.453627 0.070968
v -0.509755 0.404086 0.133553
v -0.439653 0.446321 0.118267
v -0.485047 0.434578 0.052052
v -0.469854 0.422512 0.151920
v -0.516083 0.409205 0.081864
v 0.227014 0.546057 -0.018863
v 0.113561 0.574239 -0.022988
v 0.202642 0.543245 0.020310
v 0.200081 0.560526 -0.063244
v 0.147390 0.556530 0.016680
v 0.142379 0.575171 -0.064134
v 0.316500 0.496599 0.102163
v 0.277592 0.477997 0.191065
v 0.265563 0.508648 0.104328
v 0.346871 0.474772 0.140015
v 0.245313 0.498620 0.147180
v 0.328996 0.466230 0.186483
v 0.314504 0.540129 -0.137295
v 0.284691 0.584852 -0.254363
v 0.263922 0.560253 -0.149675
v 0.347828 0.535102 -0.175379
v 0.245638 0.581085 -0.207236
v 0.336134 0.558039 -0.235845
v 0.449671 0.472854 -0.073253
v 0.499481 0.426995 -0.129528
v 0.434983 0.480172 -0.128732
v 0.486310 0.447212 -0.047565
v 0.460468 0.459059 -0.158176
v 0.513002 0.423972 -0.073341
v 0.450304 0.453596 0.071168
v 0.509759 0.404073 0.133544
v 0.439664 0.446284 0.118404
v 0.485111 0.434501 0.052188
v 0.469838 0.422508 0.151886
v 0.516076 0.409135 0.081918
v -0.256380 -0.658752 0.001630
v -0.148649 -0.683859 0.004737
v -0.219948 -0.637467 0.042469
v -0.246098 -0.717772 -0.033521
v -0.164204 -0.652182 0.044384
v -0.186051 -0.722829 -0.037027
v -0.333830 -0.578737 0.135177
v -0.289012 -0.581857 0.254213
v -0.278347 -0.595237 0.143799
v -0.368413 -0.561003 0.177990
v -0.254161 -0.594346 0.203639
v -0.345798 -0.562748 0.236794
v -0.353149 -0.639700 -0.122142
v -0.340493 -0.665032 -0.250622
v -0.335643 -0.723139 -0.139723
v -0.368646 -0.589592 -0.155826
v -0.317787 -0.741248 -0.209794
v -0.355993 -0.591481 -0.211568
v -0.441949 -0.494302 -0.059662
v -0.493158 -0.417954 -0.116524
v -0.429574 -0.491699 -0.109604
v -0.477264 -0.460350 -0.035319
v -0.453580 -0.450870 -0.139250
v -0.504965 -0.423704 -0.062960
v -0.460248 -0.504858 0.089928
v -0.511781 -0.442988 0.148572
v -0.455841 -0.509391 0.142308
v -0.487382 -0.469291 0.067200
v -0.479760 -0.479546 0.173750
v -0.516008 -0.438189 0.094939
v 0.256591 -0.659503 0.002494
v 0.148223 -0.683801 0.004956
v 0.219697 -0.637409 0.042335
v 0.245646 -0.718645 -0.033078
v 0.163820 -0.652150 0.044342
v 0.185566 -0.722909 -0.036872
v 0.334271 -0.578637 0.135093
v 0.289049 -0.581473 0.254577
v 0.278710 -0.594469 0.143776
v 0.368589 -0.560605 0.177975
v 0.254181 -0.594391 0.203844
v 0.345954 -0.562617 0.236864
v 0.353212 -0.639706 -0.122191
v 0.340114 -0.665287 -0.250976
v 0.335425 -0.723344 -0.139659
v 0.369120 -0.589943 -0.155996
v 0.317612 -0.741881 -0.209974
v 0.356464 -0.591470 -0.211809
v 0.441801 -0.494590 -0.059748
v 0.493048 -0.418096 -0.116482
v 0.429084 -0.491888 -0.109392
v 0.476930 -0.460744 -0.035603
v 0.453426 -0.451117 -0.139570
v 0.504748 -0.423453 -0.062755
v 0.460120 -0.504380 0.089925
v 0.511896 -0.442870 0.148553
v 0.455716 -0.509379 0.142289
v 0.487675 -0.469427 0.067207
v 0.479631 -0.479545 0.173749
v 0.516024 -0.438041 0.094954
v -0.098666 -0.587636 0.688856
v -0.189586 -0.750742 0.679935
v -0.069833 -0.633494 0.665804
v -0.167361 -0.586291 0.696619
v -0.105978 -0.696943 0.647698
v -0.223026 -0.662118 0.699465
v 0.098059 -0.587894 0.688751
v 0.188190 -0.752101 0.679433
v 0.069410 -0.633800 0.665339
v 0.166768 -0.587211 0.696737
v 0.105723 -0.697079 0.646561
v 0.222151 -0.663001 0.699254
v 0.000229 -0.291604 0.739771
v 0.000092 -0.167340 0.823990
v 0.048451 -0.261756 0.745501
v -0.048290 -0.261887 0.745263
v 0.049935 -0.200333 0.767767
v -0.049716 -0.200703 0.767515
v 0.137633 -0.393826 0.704251
v 0.235028 -0.333240 0.677883
v 0.185657 -0.435331 0.694771
v 0.141743 -0.329115 0.711827
v 0.236289 -0.403439 0.680969
v 0.190247 -0.298929 0.699262
v -0.137726 -0.393521 0.704330
v -0.235299 -0.333193 0.678280
v -0.185944 -0.435405 0.694837
v -0.141520 -0.329116 0.710800
v -0.236619 -0.403606 0.680563
v -0.190292 -0.298972 0.699150
v -0.075817 0.378566 0.566577
v -0.133313 0.403936 0.481467
v -0.052126 0.393996 0.526340
v -0.127768 0.374509 0.566559
v -0.079771 0.407925 0.482666
v -0.158395 0.386354 0.525720
v 0.075821 0.378563 0.566589
v 0.133312 0.403936 0.481499
v 0.052134 0.393998 0.526344
v 0.127761 0.374490 0.566550
v 0.079767 0.407944 0.482689
v 0.158397 0.386343 0.525725
v 0.000002 0.269860 0.705508
v -0.000020 0.168767 0.734467
v 0.047194 0.246661 0.710769
v -0.047196 0.246680 0.710755
v 0.049069 0.195161 0.723964
v -0.049088 0.195148 0.723974
v 0.126026 0.323192 0.658102
v 0.227981 0.291287 0.649425
v 0.163576 0.335993 0.630269
v 0.135770 0.290570 0.678939
v 0.215425 0.323901 0.625781
v 0.186825 0.270963 0.675638
v -0.126029 0.323195 0.658102
v -0.227981 0.291273 0.649442
v -0.163585 0.335991 0.630279
v -0.135772 0.290587 0.678941
v -0.215429 0.323888 0.625773
v -0.186807 0.270963 0.675623
v -0.073748 -0.384545 -0.560305
v -0.128865 -0.432255 -0.473756
v -0.050468 -0.412358 -0.518064
v -0.124260 -0.377685 -0.560690
v -0.077531 -0.438623 -0.475675
v -0.152358 -0.398672 -0.515860
v 0.073976 -0.384394 -0.560433
v 0.128844 -0.432211 -0.473520
v 0.050276 -0.411713 -0.518559
v 0.124271 -0.377450 -0.560933
v 0.077513 -0.438755 -0.475510
v 0.152375 -0.398735 -0.515710
v -0.000009 -0.265434 -0.702596
v 0.000229 -0.171083 -0.725199
v 0.047373 -0.244440 -0.707694
v -0.047449 -0.244460 -0.707722
v 0.049583 -0.198141 -0.720140
v -0.049464 -0.198140 -0.720165
v 0.125080 -0.314806 -0.657705
v 0.224866 -0.282833 -0.648420
v 0.161587 -0.327957 -0.630549
v 0.134627 -0.284174 -0.678413
v 0.211957 -0.313938 -0.624999
v 0.184282 -0.265188 -0.674141
v -0.125086 -0.314787 -0.657729
v -0.224843 -0.282844 -0.648401
v -0.161579 -0.327910 -0.630584
v -0.134604 -0.284209 -0.678383
v -0.211938 -0.313957 -0.624997
v -0.184285 -0.265202 -0.674120
v -0.092454 0.532276 -0.654707
v -0.165687 0.611748 -0.596902
v -0.066813 0.585569 -0.632898
v -0.154189 0.519366 -0.654344
v -0.104945 0.629712 -0.602986
v -0.193361 0.556945 -0.627638
v 0.092661 0.531973 -0.654777
v 0.165751 0.611911 -0.596656
v 0.067183 0.586104 -0.633316
v 0.154336 0.519593 -0.654359
v 0.105098 0.629676 -0.603018
v 0.193306 0.557103 -0.627639
v -0.000015 0.295680 -0.775261
v 0.000069 0.188267 -0.809137
v 0.054476 0.271103 -0.788452
v -0.054641 0.271174 -0.789007
v 0.057458 0.217986 -0.812171
v -0.057688 0.218074 -0.812643
v 0.139185 0.375835 -0.718235
v 0.243333 0.325415 -0.706298
v 0.180331 0.405905 -0.691239
v 0.150927 0.325899 -0.748003
v 0.229725 0.378874 -0.679961
v 0.207824 0.302735 -0.751128
v -0.139074 0.376055 -0.718218
v -0.242661 0.325114 -0.705737
v -0.180436 0.406524 -0.691651
v -0.151151 0.325944 -0.748219
v -0.229338 0.379153 -0.679630
v -0.208164 0.303042 -0.751323
v 0.645670 0.107196 -0.359243
v 0.624954 0.192686 -0.306621
v 0.617883 0.140204 -0.386021
v 0.661969 0.114062 -0.305985
v 0.608013 0.184103 -0.362075
v 0.652059 0.156356 -0.277744
v 0.640011 -0.110586 -0.356238
v 0.623897 -0.201652 -0.307567
v 0.610769 -0.145627 -0.382480
v 0.657367 -0.118175 -0.303956
v 0.603777 -0.192697 -0.361333
v 0.648663 -0.162654 -0.276887
v 0.572402 -0.068372 -0.489263
v 0.497014 -0.129023 -0.540595
v 0.562233 -0.116537 -0.473371
v 0.544517 -0.047970 -0.527081
v 0.527565 -0.149231 -0.501485
v 0.504378 -0.076667 -0.551868
v 0.576323 0.069190 -0.491828
v 0.509635 0.129282 -0.553524
v 0.568912 0.114487 -0.477988
v 0.547643 0.050018 -0.529416
v 0.535414 0.145602 -0.507935
v 0.510545 0.078300 -0.558202
v 0.697418 0.000788 -0.278300
v 0.730029 0.000269 -0.161257
v 0.702245 0.040154 -0.249883
v 0.700070 -0.039847 -0.249046
v 0.718547 0.041488 -0.191250
v 0.716270 -0.041652 -0.190617
v 0.660860 0.112051 0.358977
v 0.639987 0.204124 0.309993
v 0.630015 0.148160 0.385135
v 0.681396 0.119609 0.308951
v 0.619050 0.195227 0.361900
v 0.670082 0.164973 0.282884
v 0.660161 -0.112985 0.358496
v 0.637985 -0.205192 0.308179
v 0.630162 -0.148180 0.383980
v 0.680132 -0.120966 0.308744
v 0.617445 -0.195516 0.359484
v 0.669434 -0.166683 0.282362
v 0.588521 -0.070576 0.491430
v 0.509176 -0.127755 0.542581
v 0.579649 -0.118020 0.475261
v 0.558604 -0.049666 0.531600
v 0.538982 -0.148559 0.499150
v 0.520034 -0.076393 0.559661
v 0.587511 0.069945 0.491699
v 0.508140 0.130428 0.544665
v 0.578346 0.118887 0.476158
v 0.557376 0.048875 0.531670
v 0.539491 0.150809 0.502438
v 0.517691 0.077858 0.559767
v 0.725013 -0.000422 0.284664
v 0.749835 -0.000117 0.177303
v 0.730530 0.040890 0.258254
v 0.728745 -0.041839 0.258611
v 0.743218 0.042766 0.204559
v 0.741072 -0.043543 0.204906
v -0.645676 0.107130 -0.359259
v -0.624966 0.192590 -0.306680
v -0.617873 0.140148 -0.386067
v -0.661970 0.114102 -0.305992
v -0.608002 0.184067 -0.362157
v -0.652072 0.156302 -0.277750
v -0.640014 -0.110608 -0.356221
v -0.623883 -0.201730 -0.307555
v -0.610763 -0.145623 -0.382479
v -0.657376 -0.118202 -0.303967
v -0.603778 -0.192691 -0.361326
v -0.648610 -0.162636 -0.276901
v -0.572378 -0.068422 -0.489234
v -0.497028 -0.129026 -0.540597
v -0.562245 -0.116509 -0.473335
v -0.544509 -0.047983 -0.527092
v -0.527576 -0.149211 -0.501519
v -0.504393 -0.076666 -0.551893
v -0.576334 0.069145 -0.491870
v -0.509655 0.129239 -0.553587
v -0.568889 0.114453 -0.478017
v -0.547661 0.050009 -0.529412
v -0.535361 0.145628 -0.507976
v -0.510594 0.078259 -0.558228
v -0.697384 0.000784 -0.278276
v -0.730016 0.000262 -0.161256
v -0.702238 0.040152 -0.249894
v -0.700060 -0.039840 -0.249067
v -0.718526 0.041479 -0.191244
v -0.716249 -0.041647 -0.190619
v -0.660854 0.112028 0.358970
v -0.639963 0.204115 0.309982
v -0.630019 0.148145 0.385135
v -0.681395 0.119589 0.308942
v -0.619092 0.195243 0.361920
v -0.670059 0.164959 0.282869
v -0.660101 -0.112974 0.358470
v -0.637991 -0.205256 0.308176
v -0.630216 -0.148206 0.383965
v -0.680132 -0.120960 0.308724
v -0.617467 -0.195512 0.359483
v -0.669448 -0.166714 0.282392
v -0.588499 -0.070563 0.491394
v -0.509077 -0.127611 0.542709
v -0.579678 -0.117950 0.475217
v -0.558614 -0.049639 0.531594
v -0.538849 -0.148620 0.499517
v -0.520045 -0.076499 0.559627
v -0.587491 0.069926 0.491684
v -0.508132 0.130410 0.544631
v -0.578331 0.118897 0.476153
v -0.557400 0.048847 0.531674
v -0.539492 0.150807 0.502443
v -0.517703 0.077839 0.559763
v -0.725011 -0.000409 0.284660
v -0.749891 -0.000108 0.177298
v -0.730522 0.040892 0.258250
v -0.728758 -0.041838 0.258621
v -0.743245 0.042755 0.204554
v -0.740997 -0.043504 0.204876
v -0.061213 0.548638 0.084874
v -0.121406 0.504029 0.189354
v -0.109046 0.539319 0.093779
v -0.141205 0.517347 0.143139
v -0.044487 0.530750 0.133655
v -0.071771 0.509273 0.186775
v -0.049954 0.610963 -0.158763
v -0.118185 0.642037 -0.287909
v -0.096568 0.603310 -0.161038
v -0.134048 0.613040 -0.222049
v -0.040302 0.628715 -0.222341
v -0.070955 0.647199 -0.286505
v 0.061173 0.548617 0.084878
v 0.121402 0.503899 0.189486
v 0.109046 0.539246 0.093832
v 0.141089 0.517566 0.143059
v 0.044429 0.530703 0.133710
v 0.071919 0.509574 0.186649
v 0.049922 0.610920 -0.158779
v 0.118393 0.641982 -0.288113
v 0.096687 0.603533 -0.160952
v 0.134142 0.613252 -0.222192
v 0.040623 0.628739 -0.222443
v 0.071148 0.647210 -0.286579
v -0.371232 0.412430 0.319918
v -0.468003 0.384446 0.292030
v -0.391495 0.421641 0.268026
v -0.440361 0.407756 0.255295
v -0.399188 0.390319 0.360173
v -0.446913 0.376220 0.344970
v -0.052387 0.457708 0.337414
v 0.052324 0.457753 0.337480
v -0.026454 0.441612 0.386742
v 0.026464 0.441570 0.386736
v -0.025557 0.475798 0.287022
v 0.025578 0.475824 0.287057
v -0.295638 0.381828 0.470195
v -0.336776 0.336090 0.539785
v -0.265379 0.371003 0.515971
v -0.286132 0.349689 0.551518
v -0.347930 0.371009 0.460902
v -0.368385 0.347534 0.494992
v -0.450414 0.604355 -0.390612
v -0.445703 0.444831 -0.303757
v -0.414780 0.544888 -0.313536
v -0.435468 0.485765 -0.278081
v -0.417435 0.511536 -0.404452
v -0.427454 0.447843 -0.361674
v -0.074807 0.718768 -0.451887
v 0.074569 0.718853 -0.452103
v -0.035661 0.693530 -0.503725
v 0.036140 0.693207 -0.503757
v -0.033966 0.690904 -0.400644
v 0.033850 0.691302 -0.400737
v -0.306375 0.507299 -0.526773
v -0.333611 0.389323 -0.567727
v -0.277231 0.484690 -0.573261
v -0.291651 0.426174 -0.593732
v -0.349982 0.469287 -0.500486
v -0.360811 0.408573 -0.519411
v -0.604823 0.330039 -0.043387
v -0.612265 0.331330 0.065256
v -0.579328 0.362830 -0.017124
v -0.582517 0.361695 0.036432
v -0.636343 0.296093 -0.015411
v -0.639783 0.297687 0.039245
v -0.508312 0.300911 -0.384865
v -0.462025 0.277137 -0.489079
v -0.528853 0.253820 -0.412380
v -0.505554 0.241393 -0.463811
v -0.466165 0.340680 -0.411635
v -0.443096 0.328838 -0.463949
v -0.668094 0.210777 -0.130307
v -0.719147 0.129860 -0.073860
v -0.681549 0.166928 -0.160656
v -0.706579 0.126978 -0.131844
v -0.679489 0.215210 -0.072307
v -0.705368 0.174611 -0.044757
v -0.532171 0.302319 0.389264
v -0.477432 0.278756 0.487984
v -0.547175 0.264111 0.415565
v -0.519221 0.250308 0.463919
v -0.489765 0.324610 0.411776
v -0.463222 0.314851 0.462052
v -0.681385 0.218598 0.148061
v -0.727239 0.133088 0.093053
v -0.698290 0.174402 0.175419
v -0.720796 0.131547 0.148216
v -0.687309 0.220277 0.093454
v -0.709093 0.176952 0.065796
v 0.371253 0.412396 0.319885
v 0.468042 0.384463 0.292021
v 0.391500 0.421668 0.267981
v 0.440371 0.407771 0.255239
v 0.399189 0.390301 0.360173
v 0.446916 0.376238 0.344953
v 0.295631 0.381813 0.470180
v 0.336803 0.336123 0.539811
v 0.265384 0.371026 0.515986
v 0.286140 0.349687 0.551529
v 0.347932 0.370996 0.460914
v 0.368355 0.347503 0.494959
v 0.450284 0.604185 -0.393677
v 0.445337 0.445133 -0.304223
v 0.415921 0.545408 -0.314794
v 0.435133 0.485734 -0.278809
v 0.416702 0.510749 -0.405377
v 0.427194 0.447829 -0.362258
v 0.306602 0.506820 -0.527087
v 0.333657 0.388982 -0.567898
v 0.277300 0.484024 -0.572990
v 0.291732 0.426252 -0.593828
v 0.349417 0.468637 -0.500561
v 0.360379 0.408189 -0.519521
v 0.604771 0.330091 -0.043261
v 0.612304 0.331305 0.065191
v 0.579352 0.362873 -0.016962
v 0.582539 0.361580 0.036487
v 0.636334 0.296054 -0.015361
v 0.639828 0.297657 0.039202
v 0.508516 0.301298 -0.384858
v 0.461819 0.277020 -0.488860
v 0.529027 0.253766 -0.412524
v 0.505413 0.241174 -0.464076
v 0.466511 0.341092 -0.411798
v 0.443581 0.328707 -0.464341
v 0.668105 0.210825 -0.130258
v 0.719148 0.129859 -0.073887
v 0.681601 0.166930 -0.160642
v 0.706584 0.126952 -0.131872
v 0.679522 0.215191 -0.072304
v 0.705373 0.174608 -0.044791
v 0.532180 0.302335 0.389278
v 0.477441 0.278761 0.487977
v 0.547180 0.264141 0.415558
v 0.519255 0.250327 0.463938
v 0.489782 0.324613 0.411789
v 0.463234 0.314851 0.462052
v 0.681410 0.218622 0.148041
v 0.727241 0.133093 0.093034
v 0.698323 0.174408 0.175424
v 0.720801 0.131552 0.148217
v 0.687326 0.220315 0.093445
v 0.709046 0.176945 0.065783
v -0.056600 -0.646360 0.157957
v -0.114273 -0.625331 0.285559
v -0.105224 -0.635617 0.155721
v -0.137639 -0.621245 0.217862
v -0.041198 -0.644614 0.222734
v -0.065386 -0.639272 0.286147
v -0.086960 -0.689529 -0.124098
v -0.142763 -0.692740 -0.245075
v -0.128899 -0.761111 -0.139994
v -0.161749 -0.774340 -0.215306
v -0.063028 -0.652871 -0.165419
v -0.087524 -0.652564 -0.225115
v 0.056402 -0.646336 0.157856
v 0.114822 -0.625383 0.285793
v 0.104830 -0.635535 0.155455
v 0.137510 -0.621233 0.217922
v 0.040944 -0.644167 0.222839
v 0.065526 -0.639109 0.286118
v 0.086467 -0.689149 -0.123765
v 0.142237 -0.692443 -0.244545
v 0.128395 -0.759365 -0.138949
v 0.160243 -0.773877 -0.213962
v 0.062871 -0.652802 -0.165235
v 0.087819 -0.651979 -0.224588
v -0.383139 -0.525092 0.373239
v -0.469904 -0.451265 0.314269
v -0.404651 -0.519733 0.312807
v -0.451763 -0.489005 0.286894
v -0.405451 -0.489436 0.400890
v -0.447389 -0.448646 0.369421
v -0.061206 -0.694684 0.470269
v 0.060940 -0.695077 0.470466
v -0.033053 -0.679172 0.522680
v 0.033532 -0.679186 0.522508
v -0.027143 -0.673770 0.410182
v 0.027674 -0.674536 0.409633
v -0.334920 -0.554753 0.561292
v -0.348385 -0.418323 0.579241
v -0.315660 -0.549576 0.621436
v -0.315760 -0.469645 0.621075
v -0.364690 -0.492564 0.516754
v -0.375795 -0.433276 0.530771
v -0.355917 -0.449157 -0.311045
v -0.446282 -0.392723 -0.280159
v -0.378024 -0.465599 -0.261872
v -0.420112 -0.433612 -0.244401
v -0.379944 -0.406045 -0.348185
v -0.427188 -0.380686 -0.334292
v -0.054921 -0.544278 -0.351901
v 0.054521 -0.544089 -0.351467
v -0.026715 -0.508312 -0.392862
v 0.026590 -0.508554 -0.393220
v -0.027952 -0.577896 -0.308939
v 0.028093 -0.577973 -0.308774
v -0.282532 -0.391887 -0.458949
v -0.330243 -0.325153 -0.540134
v -0.255626 -0.372684 -0.507367
v -0.279485 -0.341185 -0.549017
v -0.332582 -0.373332 -0.450750
v -0.357884 -0.338552 -0.492328
v -0.609074 -0.328361 -0.040754
v -0.611059 -0.335208 0.068168
v -0.579753 -0.362369 -0.011617
v -0.581044 -0.366810 0.042221
v -0.640334 -0.297707 -0.014603
v -0.641080 -0.300064 0.040122
v -0.520368 -0.288389 -0.389371
v -0.467967 -0.266473 -0.488831
v -0.535481 -0.254021 -0.417005
v -0.508866 -0.241886 -0.465727
v -0.478333 -0.310599 -0.410897
v -0.452056 -0.299863 -0.461157
v -0.669020 -0.217297 -0.130538
v -0.714794 -0.134050 -0.073689
v -0.678701 -0.172283 -0.160379
v -0.701974 -0.130892 -0.131405
v -0.680611 -0.221283 -0.072590
v -0.703654 -0.180291 -0.044811
v -0.525117 -0.319387 0.387750
v -0.468238 -0.290499 0.483477
v -0.539759 -0.268970 0.410126
v -0.510882 -0.253320 0.456908
v -0.482835 -0.357311 0.415491
v -0.455323 -0.344972 0.465042
v -0.680637 -0.222099 0.147823
v -0.724369 -0.136334 0.093262
v -0.697345 -0.177570 0.175441
v -0.718252 -0.134255 0.148455
v -0.686949 -0.224358 0.093269
v -0.708169 -0.181552 0.065758
v 0.383005 -0.525051 0.372835
v 0.469954 -0.451423 0.314011
v 0.405179 -0.519897 0.313079
v 0.451648 -0.489051 0.286751
v 0.405481 -0.489745 0.401170
v 0.447218 -0.448448 0.369250
v 0.334951 -0.555196 0.561276
v 0.348424 -0.418358 0.579443
v 0.315832 -0.550442 0.623162
v 0.316072 -0.470110 0.622351
v 0.364322 -0.492404 0.516846
v 0.375686 -0.432781 0.530943
v 0.355697 -0.449463 -0.310734
v 0.445947 -0.392741 -0.280040
v 0.377619 -0.465879 -0.261631
v 0.420261 -0.433050 -0.244417
v 0.379958 -0.405831 -0.348167
v 0.427313 -0.380838 -0.334439
v 0.282340 -0.391827 -0.458888
v 0.330347 -0.325145 -0.540197
v 0.255674 -0.372962 -0.507699
v 0.279585 -0.341120 -0.549013
v 0.332598 -0.373422 -0.450479
v 0.357961 -0.338497 -0.492473
v 0.609088 -0.328281 -0.040722
v 0.610988 -0.335220 0.068160
v 0.579733 -0.362229 -0.011649
v 0.580870 -0.366634 0.042195
v 0.640345 -0.297743 -0.014678
v 0.641046 -0.300079 0.040019
v 0.520462 -0.288288 -0.389368
v 0.468058 -0.266404 -0.488879
v 0.535535 -0.253926 -0.417032
v 0.508881 -0.241875 -0.465780
v 0.478416 -0.310503 -0.410940
v 0.452112 -0.299725 -0.461082
v 0.669090 -0.217256 -0.130534
v 0.714855 -0.134050 -0.073677
v 0.678654 -0.172216 -0.160393
v 0.701930 -0.130884 -0.131435
v 0.680670 -0.221236 -0.072582
v 0.703678 -0.180296 -0.044831
v 0.525192 -0.319576 0.387320
v 0.468188 -0.290340 0.483556
v 0.539598 -0.268695 0.409977
v 0.510836 -0.253262 0.456956
v 0.482803 -0.357649 0.415379
v 0.455814 -0.345089 0.465047
v 0.680627 -0.222106 0.147831
v 0.724367 -0.136342 0.093265
v 0.697378 -0.177539 0.175458
v 0.718288 -0.134252 0.148449
v 0.686952 -0.224333 0.093264
v 0.708156 -0.181571 0.065749
v 0.154730 -0.083669 0.741449
v 0.248025 -0.141387 0.701246
v 0.153900 -0.140931 0.743381
v 0.198920 -0.172100 0.717354
v 0.206652 -0.054353 0.729367
v 0.254438 -0.081752 0.711708
v -0.154574 -0.083759 0.741302
v -0.247949 -0.141617 0.701032
v -0.153870 -0.140905 0.743514
v -0.198910 -0.172160 0.717443
v -0.206723 -0.054428 0.729361
v -0.254196 -0.081982 0.711601
v 0.154387 0.084045 0.730701
v 0.250734 0.141647 0.697756
v 0.151635 0.140596 0.721073
v 0.199549 0.169195 0.704917
v 0.206547 0.056319 0.724141
v 0.255457 0.084958 0.708755
v -0.154354 0.084058 0.730698
v -0.250776 0.141668 0.697758
v -0.151656 0.140553 0.721094
v -0.199592 0.169221 0.704936
v -0.206485 0.056342 0.724138
v -0.255450 0.084967 0.708757
v 0.396034 -0.052411 0.647849
v 0.394488 0.056378 0.646630
v 0.442412 -0.025639 0.625642
v 0.440902 0.028120 0.624500
v 0.351328 -0.025364 0.674624
v 0.350661 0.029232 0.673362
v -0.395893 -0.052524 0.647827
v -0.394470 0.056399 0.646632
v -0.442412 -0.025687 0.625596
v -0.440909 0.028123 0.624514
v -0.351294 -0.025452 0.674613
v -0.350668 0.029229 0.673361
v 0.151627 -0.084063 -0.724169
v 0.245277 -0.142134 -0.687516
v 0.149934 -0.145402 -0.717069
v 0.196171 -0.171429 -0.699377
v 0.201301 -0.053435 -0.716499
v 0.247970 -0.083701 -0.695907
v -0.151327 -0.084579 -0.724020
v -0.245143 -0.142134 -0.687235
v -0.149892 -0.145301 -0.716906
v -0.196129 -0.171294 -0.699220
v -0.201671 -0.053460 -0.716742
v -0.248103 -0.083400 -0.696220
v 0.163275 0.099528 -0.778814
v 0.272304 0.160857 -0.764197
v 0.172886 0.160555 -0.816618
v 0.227240 0.193360 -0.801348
v 0.210675 0.068438 -0.750159
v 0.261948 0.098289 -0.739374
v -0.163156 0.099377 -0.777957
v -0.272102 0.160896 -0.763975
v -0.172654 0.160187 -0.816272
v -0.227187 0.193267 -0.801304
v -0.210545 0.068892 -0.749897
v -0.262314 0.098196 -0.739584
v 0.390035 -0.055116 -0.643005
v 0.393292 0.060903 -0.651520
v 0.433068 -0.025993 -0.619057
v 0.433237 0.030238 -0.620223
v 0.346330 -0.025398 -0.668340
v 0.348794 0.033558 -0.675425
v -0.389971 -0.055159 -0.643067
v -0.393507 0.060805 -0.651502
v -0.433008 -0.025952 -0.618987
v -0.433239 0.030021 -0.620388
v -0.346329 -0.025556 -0.668231
v -0.348377 0.033876 -0.675015
v -0.306869 0.520222 0.025743
v -0.304181 0.530613 -0.051051
v -0.255777 0.531878 0.023299
v -0.254052 0.545867 -0.058473
v -0.380268 0.490193 0.054816
v -0.286149 0.515939 0.063802
v -0.364375 0.482941 0.096026
v -0.377177 0.507733 -0.068849
v -0.283331 0.543846 -0.097698
v -0.362039 0.518856 -0.119727
v -0.426086 0.482695 -0.000818
v -0.406514 0.496049 -0.098408
v -0.456696 0.466429 -0.023180
v -0.409670 0.469363 0.085841
v -0.455732 0.459810 0.024208
v 0.306805 0.520226 0.025826
v 0.303977 0.530762 -0.051354
v 0.255896 0.531790 0.023534
v 0.253611 0.545666 -0.058115
v 0.380193 0.490133 0.054882
v 0.286132 0.515930 0.063823
v 0.364289 0.482920 0.096102
v 0.377439 0.507659 -0.068672
v 0.283146 0.544047 -0.098260
v 0.361984 0.518627 -0.119893
v 0.425938 0.482626 -0.000620
v 0.406560 0.496026 -0.098522
v 0.456616 0.466359 -0.022967
v 0.409695 0.469326 0.085997
v 0.455735 0.459721 0.024387
v -0.324097 -0.600418 0.043076
v -0.332154 -0.629862 -0.035456
v -0.274412 -0.618480 0.041040
v -0.294174 -0.675764 -0.038006
v -0.400150 -0.560349 0.073902
v -0.301744 -0.597420 0.090024
v -0.388842 -0.561225 0.123236
v -0.387518 -0.567407 -0.054910
v -0.329078 -0.671607 -0.081024
v -0.378360 -0.579775 -0.103137
v -0.426178 -0.529177 0.012388
v -0.408718 -0.532592 -0.082016
v -0.451464 -0.496416 -0.010278
v -0.430232 -0.536781 0.108888
v -0.457346 -0.499544 0.039218
v 0.323924 -0.599971 0.042707
v 0.332616 -0.629984 -0.035276
v 0.274380 -0.618243 0.041322
v 0.294336 -0.675799 -0.037854
v 0.400460 -0.560628 0.074041
v 0.302153 -0.596897 0.089395
v 0.388648 -0.561063 0.123503
v 0.387291 -0.567247 -0.055042
v 0.328907 -0.671980 -0.081077
v 0.378331 -0.579301 -0.102920
v 0.426384 -0.529309 0.012247
v 0.408729 -0.532826 -0.082218
v 0.451110 -0.496381 -0.010387
v 0.430318 -0.536999 0.108809
v 0.457615 -0.499716 0.039217
v -0.000006 -0.532194 0.690099
v -0.076756 -0.475267 0.700761
v -0.032287 -0.580728 0.678705
v -0.119154 -0.524946 0.696101
v 0.076465 -0.475276 0.700522
v 0.032140 -0.580804 0.678739
v 0.118528 -0.524782 0.696420
v 0.044174 -0.381173 0.716842
v -0.044403 -0.381323 0.716526
v 0.046748 -0.322837 0.728790
v -0.046840 -0.322647 0.728526
v 0.130953 -0.459606 0.700011
v 0.092169 -0.356416 0.716537
v -0.131263 -0.459283 0.700442
v -0.092339 -0.356666 0.716262
v -0.000001 0.368186 0.601320
v -0.065089 0.352381 0.631883
v -0.025107 0.380685 0.566449
v -0.096402 0.363058 0.602127
v 0.065092 0.352380 0.631871
v 0.025102 0.380686 0.566447
v 0.096403 0.363054 0.602148
v 0.040573 0.321581 0.675747
v -0.040573 0.321563 0.675719
v 0.044540 0.289859 0.694685
v -0.044537 0.289841 0.694659
v 0.113081 0.345706 0.632561
v 0.086476 0.307865 0.679393
v -0.113075 0.345708 0.632535
v -0.086478 0.307874 0.679386
v 0.000001 -0.367848 -0.597864
v -0.064514 -0.346496 -0.629957
v -0.024472 -0.388399 -0.559577
v -0.094777 -0.360489 -0.599544
v 0.064537 -0.346516 -0.629918
v 0.024683 -0.388154 -0.560040
v 0.094696 -0.360555 -0.599510
v 0.040512 -0.313559 -0.674344
v -0.040529 -0.313552 -0.674337
v 0.044658 -0.284163 -0.693233
v -0.044630 -0.284229 -0.693180
v 0.112039 -0.338866 -0.631884
v 0.086205 -0.300626 -0.678563
v -0.111968 -0.338809 -0.631916
v -0.086189 -0.300677 -0.678519
v 0.000047 0.494613 -0.674535
v -0.074566 0.443146 -0.693645
v -0.030998 0.539475 -0.655509
v -0.112429 0.479171 -0.674533
v 0.074310 0.442767 -0.693480
v 0.030826 0.538831 -0.654809
v 0.112272 0.479144 -0.674384
v 0.045560 0.367937 -0.734294
v -0.045769 0.367988 -0.734347
v 0.050681 0.321378 -0.761887
v -0.050460 0.321130 -0.761165
v 0.127180 0.426973 -0.694495
v 0.096488 0.348140 -0.742267
v -0.127221 0.427311 -0.694728
v -0.096639 0.347586 -0.741553
v 0.629143 0.057002 -0.423504
v 0.670895 0.035457 -0.357078
v 0.624004 0.097492 -0.406167
v 0.669007 0.073515 -0.332853
v 0.626494 -0.055712 -0.421853
v 0.669414 -0.033440 -0.356144
v 0.618143 -0.099454 -0.402786
v 0.665095 -0.074362 -0.330666
v 0.608945 0.001825 -0.468305
v 0.595488 -0.085516 -0.446612
v 0.579969 -0.021137 -0.499543
v 0.600597 0.084916 -0.449857
v 0.581034 0.024290 -0.500108
v 0.686419 0.038296 -0.305954
v 0.684614 -0.037349 -0.305019
v 0.647611 0.057803 0.424971
v 0.691173 0.035011 0.357621
v 0.640487 0.101913 0.406998
v 0.689245 0.075752 0.334183
v 0.647083 -0.059403 0.424782
v 0.690119 -0.036483 0.357604
v 0.640162 -0.102478 0.406398
v 0.687304 -0.077096 0.333981
v 0.624218 -0.001226 0.468617
v 0.615960 -0.088317 0.450137
v 0.593595 -0.024299 0.500893
v 0.615255 0.087807 0.450382
v 0.593255 0.022142 0.500937
v 0.711469 0.038500 0.309643
v 0.709913 -0.039710 0.309747
v -0.629095 0.056994 -0.423461
v -0.670884 0.035469 -0.357067
v -0.623958 0.097410 -0.406178
v -0.668970 0.073535 -0.332855
v -0.626474 -0.055719 -0.421874
v -0.669400 -0.033432 -0.356154
v -0.618121 -0.099454 -0.402775
v -0.665083 -0.074386 -0.330702
v -0.608953 0.001830 -0.468285
v -0.595460 -0.085525 -0.446616
v -0.579984 -0.021161 -0.499537
v -0.600614 0.084865 -0.449920
v -0.581024 0.024336 -0.500107
v -0.686339 0.038307 -0.305935
v -0.684604 -0.037330 -0.305013
v -0.647618 0.057807 0.424999
v -0.691180 0.035019 0.357623
v -0.640494 0.101900 0.407005
v -0.689245 0.075741 0.334188
v -0.647064 -0.059411 0.424782
v -0.690140 -0.036494 0.357624
v -0.640147 -0.102466 0.406408
v -0.687310 -0.077101 0.333968
v -0.624224 -0.001249 0.468611
v -0.615970 -0.088301 0.450093
v -0.593573 -0.024287 0.500898
v -0.615219 0.087809 0.450376
v -0.593264 0.022103 0.500910
v -0.711475 0.038510 0.309636
v -0.709914 -0.039738 0.309769
v -0.051167 0.577384 0.006081
v -0.042153 0.596522 -0.061686
v -0.092383 0.570632 0.011196
v -0.079133 0.589334 -0.058819
v 0.051178 0.577380 0.006168
v 0.042027 0.596619 -0.061590
v 0.092311 0.570581 0.011245
v 0.078857 0.589104 -0.058601
v 0.000020 0.570733 0.034416
v -0.075991 0.562139 0.044697
v -0.019209 0.553991 0.077882
v 0.000039 0.607865 -0.108822
v -0.052902 0.599610 -0.096670
v -0.016537 0.616094 -0.162083
v 0.075943 0.562122 0.044760
v 0.019231 0.553939 0.077846
v 0.052646 0.599720 -0.096372
v 0.016499 0.616096 -0.162094
v -0.204023 0.475872 0.239478
v -0.288598 0.445511 0.283608
v -0.224968 0.487816 0.192434
v -0.309680 0.456431 0.234528
v -0.133039 0.435713 0.386327
v -0.215500 0.410479 0.432513
v -0.106839 0.421734 0.435060
v -0.187788 0.398413 0.480664
v -0.129199 0.469581 0.288146
v -0.172729 0.496398 0.191665
v -0.100179 0.489090 0.237881
v -0.296120 0.413327 0.379275
v -0.341223 0.434512 0.277801
v -0.349251 0.402709 0.372088
v -0.079646 0.439819 0.386962
v -0.077075 0.473656 0.287605
v -0.241319 0.390669 0.475470
v -0.324096 0.392489 0.422588
v -0.212478 0.644372 -0.334557
v -0.316704 0.617620 -0.365762
v -0.228566 0.607695 -0.269060
v -0.327918 0.588537 -0.298928
v -0.167280 0.713641 -0.504076
v -0.235169 0.601128 -0.523711
v -0.133533 0.662106 -0.550476
v -0.212729 0.578926 -0.573443
v -0.175822 0.810792 -0.410805
v -0.171595 0.627935 -0.281598
v -0.113148 0.695109 -0.350548
v -0.328176 0.591908 -0.462349
v -0.384823 0.603297 -0.346057
v -0.402599 0.575071 -0.459262
v -0.106392 0.710570 -0.503309
v -0.101753 0.734125 -0.403282
v -0.259138 0.543397 -0.550428
v -0.343032 0.533588 -0.485151
v -0.504318 0.396477 -0.215670
v -0.558569 0.361476 -0.128423
v -0.483178 0.431048 -0.187096
v -0.536333 0.395030 -0.100503
v -0.569885 0.272019 -0.303510
v -0.622069 0.242141 -0.217741
v -0.591837 0.228149 -0.333958
v -0.639194 0.199286 -0.248374
v -0.506828 0.354425 -0.301570
v -0.466452 0.437707 -0.245570
v -0.466302 0.397865 -0.330595
v -0.616343 0.288946 -0.128687
v -0.571296 0.362655 -0.071835
v -0.628522 0.293286 -0.071063
v -0.550675 0.264097 -0.358979
v -0.487509 0.349686 -0.357756
v -0.653749 0.205221 -0.189335
v -0.650376 0.253429 -0.100125
v -0.527945 0.373722 0.219549
v -0.575238 0.355741 0.143079
v -0.500111 0.398537 0.186132
v -0.546283 0.382961 0.112468
v -0.593081 0.282823 0.310978
v -0.643447 0.254537 0.229708
v -0.607252 0.241170 0.337361
v -0.658128 0.210933 0.256598
v -0.535393 0.340999 0.305897
v -0.485674 0.391867 0.238872
v -0.491968 0.359724 0.326525
v -0.633352 0.295740 0.147304
v -0.581369 0.359542 0.089678
v -0.639018 0.297916 0.093219
v -0.571454 0.274386 0.364115
v -0.513572 0.333013 0.359221
v -0.672955 0.216159 0.202573
v -0.661885 0.260209 0.120703
v 0.203969 0.475867 0.239511
v 0.288611 0.445536 0.283646
v 0.224975 0.487745 0.192409
v 0.309673 0.456455 0.234595
v 0.133066 0.435654 0.386359
v 0.215507 0.410471 0.432550
v 0.106841 0.421731 0.435005
v 0.187803 0.398409 0.480674
v 0.129190 0.469079 0.287978
v 0.172650 0.496324 0.191633
v 0.100194 0.489808 0.237788
v 0.079667 0.439861 0.386985
v 0.077108 0.473579 0.287400
v 0.296163 0.413334 0.379320
v 0.341207 0.434511 0.277757
v 0.349249 0.402681 0.372101
v 0.241332 0.390661 0.475491
v 0.324111 0.392500 0.422566
v 0.212265 0.644225 -0.335374
v 0.318197 0.618656 -0.367043
v 0.228435 0.608062 -0.269437
v 0.329158 0.589843 -0.300365
v 0.167623 0.713519 -0.504033
v 0.235071 0.601292 -0.524497
v 0.133773 0.661933 -0.550521
v 0.212677 0.578625 -0.573488
v 0.174536 0.810668 -0.410463
v 0.171511 0.628112 -0.282150
v 0.112949 0.694618 -0.350637
v 0.106792 0.710676 -0.503295
v 0.101459 0.734281 -0.403091
v 0.327344 0.591147 -0.462296
v 0.388825 0.607469 -0.348078
v 0.400499 0.571931 -0.459363
v 0.259364 0.543090 -0.550905
v 0.342735 0.532552 -0.485769
v 0.503798 0.396573 -0.215755
v 0.558997 0.361936 -0.128305
v 0.483223 0.430886 -0.187263
v 0.536396 0.395058 -0.100396
v 0.569899 0.272101 -0.303150
v 0.622042 0.242161 -0.217717
v 0.591737 0.228140 -0.333874
v 0.639178 0.199374 -0.248345
v 0.506833 0.354829 -0.301757
v 0.466380 0.437844 -0.245926
v 0.466423 0.397606 -0.331186
v 0.616223 0.288926 -0.128719
v 0.571303 0.362743 -0.071648
v 0.628456 0.293287 -0.071026
v 0.550906 0.263880 -0.359000
v 0.487809 0.349887 -0.357476
v 0.653787 0.205301 -0.189306
v 0.650379 0.253442 -0.100067
v 0.527940 0.373708 0.219483
v 0.575188 0.355778 0.143042
v 0.500088 0.398534 0.186037
v 0.546262 0.382939 0.112455
v 0.593105 0.282847 0.310984
v 0.643446 0.254562 0.229705
v 0.607251 0.241176 0.337359
v 0.658146 0.210925 0.256599
v 0.535372 0.341007 0.305891
v 0.485701 0.391855 0.238818
v 0.491968 0.359734 0.326515
v 0.633348 0.295733 0.147270
v 0.581344 0.359581 0.089659
v 0.639000 0.297959 0.093216
v 0.571442 0.274366 0.364106
v 0.513586 0.333028 0.359235
v 0.672980 0.216166 0.202568
v 0.661855 0.260252 0.120687
v -0.065188 -0.665823 0.055455
v -0.078292 -0.685991 -0.032182
v -0.113120 -0.663042 0.050563
v -0.129883 -0.707584 -0.037069
v 0.065175 -0.665665 0.055535
v 0.077840 -0.685527 -0.032426
v 0.112887 -0.662751 0.050681
v 0.129143 -0.707195 -0.036339
v 0.000263 -0.658990 0.109372
v -0.072881 -0.654848 0.094723
v -0.019684 -0.651117 0.163952
v 0.000067 -0.660274 -0.066826
v -0.107650 -0.713054 -0.080928
v -0.033775 -0.648876 -0.107903
v 0.072668 -0.655103 0.094455
v 0.019339 -0.651040 0.164107
v 0.106984 -0.712179 -0.080690
v 0.033794 -0.648956 -0.107904
v -0.207208 -0.604776 0.344618
v -0.303975 -0.581128 0.368049
v -0.230443 -0.597141 0.269811
v -0.323616 -0.568379 0.300105
v -0.171909 -0.808161 0.542258
v -0.302957 -0.713580 0.588550
v -0.131845 -0.782129 0.624538
v -0.271007 -0.712457 0.663044
v -0.139596 -0.678952 0.414496
v -0.170896 -0.611153 0.280903
v -0.095678 -0.643776 0.352839
v -0.325336 -0.588225 0.471615
v -0.355526 -0.550501 0.339638
v -0.364418 -0.534003 0.434259
v -0.097566 -0.732300 0.536730
v -0.082989 -0.678797 0.411918
v -0.316716 -0.635847 0.618329
v -0.349208 -0.546181 0.497465
v -0.236955 -0.656400 -0.299109
v -0.298018 -0.543240 -0.299309
v -0.281284 -0.724085 -0.270631
v -0.331959 -0.575696 -0.260759
v -0.133325 -0.502008 -0.390545
v -0.207706 -0.446196 -0.423980
v -0.104732 -0.468299 -0.432633
v -0.180637 -0.421900 -0.470138
v -0.140528 -0.590087 -0.316613
v -0.208941 -0.740694 -0.275921
v -0.114597 -0.630448 -0.275932
v -0.284527 -0.453984 -0.370133
v -0.338280 -0.504079 -0.280313
v -0.332452 -0.431007 -0.360051
v -0.080697 -0.506389 -0.392291
v -0.084374 -0.583511 -0.312191
v -0.231274 -0.407843 -0.465155
v -0.307859 -0.411471 -0.409281
v -0.505484 -0.373993 -0.204193
v -0.561079 -0.352257 -0.123195
v -0.478719 -0.411504 -0.170881
v -0.534058 -0.386890 -0.091843
v -0.578175 -0.271120 -0.307308
v -0.626796 -0.247200 -0.219245
v -0.593593 -0.235091 -0.336694
v -0.639256 -0.206584 -0.249038
v -0.516625 -0.330050 -0.297549
v -0.463059 -0.403270 -0.225808
v -0.473394 -0.355011 -0.318076
v -0.624271 -0.289924 -0.128331
v -0.574430 -0.357524 -0.066523
v -0.634497 -0.294357 -0.070586
v -0.558693 -0.263445 -0.364105
v -0.500273 -0.320462 -0.356694
v -0.654498 -0.211934 -0.189745
v -0.654622 -0.258094 -0.100523
v -0.523954 -0.411129 0.230492
v -0.571677 -0.373045 0.149181
v -0.501807 -0.446560 0.202898
v -0.544851 -0.406413 0.122359
v -0.586222 -0.289316 0.308511
v -0.639595 -0.257469 0.228518
v -0.602666 -0.242946 0.334141
v -0.655973 -0.212771 0.255494
v -0.527941 -0.370780 0.310577
v -0.488920 -0.450575 0.258550
v -0.487730 -0.409032 0.339394
v -0.631087 -0.301299 0.147976
v -0.578478 -0.370573 0.095607
v -0.638650 -0.301839 0.094152
v -0.564846 -0.280799 0.360539
v -0.506279 -0.365404 0.363968
v -0.671428 -0.218772 0.201974
v -0.660912 -0.263696 0.120681
v 0.207430 -0.604776 0.344718
v 0.303912 -0.581247 0.368153
v 0.230555 -0.597077 0.270192
v 0.323240 -0.568474 0.300161
v 0.172088 -0.808579 0.542218
v 0.303048 -0.714652 0.588672
v 0.130419 -0.781444 0.623048
v 0.270195 -0.714335 0.663161
v 0.139891 -0.679317 0.414583
v 0.170913 -0.610890 0.280961
v 0.095996 -0.643728 0.353187
v 0.098246 -0.731813 0.536390
v 0.082926 -0.678620 0.412244
v 0.325409 -0.588576 0.471737
v 0.354967 -0.550523 0.339696
v 0.364057 -0.534400 0.434825
v 0.315632 -0.636574 0.619313
v 0.348859 -0.546654 0.497746
v 0.235908 -0.655953 -0.298741
v 0.297497 -0.543923 -0.299174
v 0.280700 -0.724503 -0.271072
v 0.331839 -0.575867 -0.260836
v 0.133463 -0.501487 -0.390312
v 0.207758 -0.447226 -0.424444
v 0.104976 -0.468212 -0.432456
v 0.180140 -0.421763 -0.470215
v 0.139919 -0.589694 -0.316218
v 0.207837 -0.740863 -0.275835
v 0.114330 -0.630101 -0.275392
v 0.080312 -0.506804 -0.392444
v 0.083867 -0.583490 -0.312046
v 0.284535 -0.454348 -0.370342
v 0.338382 -0.504459 -0.280218
v 0.332409 -0.430474 -0.360193
v 0.231486 -0.407650 -0.465269
v 0.308063 -0.411004 -0.409793
v 0.505634 -0.373731 -0.204085
v 0.561112 -0.352076 -0.123162
v 0.479076 -0.411566 -0.170751
v 0.533349 -0.387316 -0.092149
v 0.578153 -0.271191 -0.307331
v 0.626719 -0.247159 -0.219236
v 0.593651 -0.235043 -0.336687
v 0.639291 -0.206491 -0.249035
v 0.516208 -0.330047 -0.297439
v 0.463402 -0.403567 -0.225365
v 0.473216 -0.355253 -0.318094
v 0.624263 -0.289932 -0.128325
v 0.574487 -0.357557 -0.066321
v 0.634515 -0.294320 -0.070617
v 0.558709 -0.263436 -0.364102
v 0.500427 -0.320381 -0.356754
v 0.654588 -0.211858 -0.189790
v 0.654668 -0.258045 -0.100554
v 0.524021 -0.411229 0.230386
v 0.571714 -0.373005 0.149138
v 0.501631 -0.446527 0.202851
v 0.545087 -0.406247 0.122527
v 0.586152 -0.289346 0.308528
v 0.639604 -0.257450 0.228518
v 0.602634 -0.242976 0.334137
v 0.655994 -0.212728 0.255492
v 0.527993 -0.370909 0.310546
v 0.488712 -0.450576 0.258487
v 0.487787 -0.408839 0.339305
v 0.630995 -0.301324 0.147987
v 0.578343 -0.370473 0.095676
v 0.638584 -0.301919 0.094103
v 0.564819 -0.280879 0.360434
v 0.506150 -0.365123 0.363500
v 0.671416 -0.218774 0.202009
v 0.660900 -0.263698 0.120680
v 0.051651 -0.084906 0.763079
v -0.051697 -0.085115 0.762883
v 0.051134 -0.141489 0.774692
v -0.051027 -0.141215 0.774485
v 0.051444 0.083049 0.746575
v -0.051461 0.083087 0.746634
v 0.050457 0.140102 0.736340
v -0.050473 0.140055 0.736336
v 0.103485 -0.000705 0.745865
v 0.103057 -0.112858 0.755296
v 0.155754 -0.027822 0.739194
v -0.103768 -0.000877 0.746133
v -0.102896 -0.112818 0.755269
v -0.155402 -0.028123 0.738861
v 0.102081 0.111934 0.734816
v 0.155485 0.027801 0.736076
v -0.102098 0.111905 0.734885
v -0.155553 0.027984 0.735987
v 0.318401 -0.326961 0.623432
v 0.283987 -0.233433 0.662029
v 0.277830 -0.366531 0.653467
v 0.237448 -0.266835 0.682097
v 0.449476 -0.214797 0.545394
v 0.427495 -0.135030 0.601503
v 0.494767 -0.180855 0.522211
v 0.477004 -0.104392 0.583530
v 0.394396 -0.310826 0.555286
v 0.316156 -0.395689 0.621202
v 0.384810 -0.371659 0.543045
v 0.480937 -0.235286 0.502549
v 0.425764 -0.328855 0.511720
v 0.339112 -0.140010 0.653918
v 0.242026 -0.203281 0.690453
v 0.297339 -0.111323 0.683849
v 0.438216 -0.079093 0.617556
v 0.347017 -0.081087 0.666481
v -0.318572 -0.327083 0.623640
v -0.284503 -0.233136 0.662226
v -0.277959 -0.366369 0.653241
v -0.237387 -0.266549 0.682151
v -0.449554 -0.214915 0.545422
v -0.427323 -0.134971 0.601791
v -0.494799 -0.181205 0.521950
v -0.476982 -0.104410 0.583518
v -0.394728 -0.310349 0.555581
v -0.316028 -0.395532 0.620152
v -0.385144 -0.371356 0.542840
v -0.480916 -0.235165 0.502622
v -0.425591 -0.329284 0.511422
v -0.339187 -0.139902 0.653707
v -0.242130 -0.202925 0.690870
v -0.297517 -0.110967 0.684296
v -0.438125 -0.079163 0.617581
v -0.346672 -0.081244 0.666541
v 0.316678 0.290010 0.606273
v 0.286390 0.221821 0.656048
v 0.266782 0.308712 0.617994
v 0.237354 0.248083 0.668284
v 0.456206 0.214301 0.552296
v 0.429330 0.137816 0.605549
v 0.498274 0.182455 0.527512
v 0.475174 0.108167 0.585006
v 0.400392 0.286621 0.551996
v 0.303164 0.323760 0.581542
v 0.385837 0.320236 0.525425
v 0.488614 0.233403 0.509340
v 0.432948 0.301692 0.508408
v 0.341613 0.140297 0.655045
v 0.244747 0.197035 0.684259
v 0.299379 0.113021 0.683605
v 0.436164 0.082825 0.617208
v 0.347172 0.084625 0.666221
v -0.316679 0.290005 0.606280
v -0.286385 0.221829 0.656020
v -0.266781 0.308703 0.617988
v -0.237353 0.248109 0.668304
v -0.456183 0.214299 0.552291
v -0.429339 0.137829 0.605563
v -0.498260 0.182419 0.527479
v -0.475184 0.108167 0.585014
v -0.400385 0.286631 0.552000
v -0.303167 0.323749 0.581539
v -0.385842 0.320265 0.525451
v -0.488590 0.233386 0.509323
v -0.432949 0.301699 0.508421
v -0.341628 0.140335 0.655066
v -0.244756 0.197038 0.684234
v -0.299394 0.113054 0.683651
v -0.436171 0.082839 0.617255
v -0.347127 0.084659 0.666187
v 0.051175 -0.083469 -0.736587
v -0.051066 -0.083535 -0.736320
v 0.050274 -0.142769 -0.727374
v -0.050377 -0.142630 -0.727342
v 0.055164 0.099832 -0.786352
v -0.054759 0.098873 -0.786182
v 0.057133 0.159189 -0.807252
v -0.056989 0.159567 -0.805093
v 0.104417 0.007649 -0.752191
v 0.100977 -0.114459 -0.727589
v 0.153658 -0.023147 -0.735507
v -0.104567 0.007840 -0.751984
v -0.100990 -0.114485 -0.727800
v -0.153720 -0.023314 -0.735929
v 0.112366 0.129519 -0.798420
v 0.157598 0.038098 -0.753129
v -0.112185 0.129829 -0.798238
v -0.157507 0.038356 -0.753292
v 0.312221 -0.279966 -0.605743
v 0.283831 -0.220825 -0.654617
v 0.262699 -0.298091 -0.617076
v 0.234224 -0.243695 -0.665731
v 0.448325 -0.209600 -0.550979
v 0.420698 -0.136127 -0.599615
v 0.489445 -0.180731 -0.527477
v 0.463316 -0.106288 -0.576533
v 0.393625 -0.275056 -0.552525
v 0.297745 -0.311863 -0.580536
v 0.378007 -0.307421 -0.526006
v 0.480202 -0.227573 -0.510890
v 0.424007 -0.287952 -0.508769
v 0.338707 -0.142829 -0.652164
v 0.240946 -0.196752 -0.678523
v 0.293963 -0.113610 -0.674413
v 0.427460 -0.081605 -0.610501
v 0.342958 -0.084304 -0.660272
v -0.312195 -0.280032 -0.605688
v -0.283822 -0.220868 -0.654657
v -0.262681 -0.298165 -0.617037
v -0.234225 -0.243722 -0.665729
v -0.448338 -0.209527 -0.551007
v -0.420672 -0.136077 -0.599570
v -0.489453 -0.180682 -0.527475
v -0.463318 -0.106273 -0.576518
v -0.393602 -0.275129 -0.552477
v -0.297714 -0.311923 -0.580519
v -0.377967 -0.307506 -0.525999
v -0.480227 -0.227492 -0.510865
v -0.423981 -0.288025 -0.508769
v -0.338640 -0.142789 -0.652154
v -0.240914 -0.196732 -0.678551
v -0.294033 -0.113668 -0.674473
v -0.427469 -0.081549 -0.610537
v -0.342610 -0.084632 -0.659967
v 0.320925 0.314411 -0.638793
v 0.304551 0.240834 -0.711270
v 0.275501 0.347420 -0.661134
v 0.257475 0.272658 -0.735510
v 0.455384 0.211530 -0.563335
v 0.435655 0.141758 -0.621540
v 0.498281 0.177761 -0.537181
v 0.473128 0.108968 -0.588567
v 0.393300 0.297466 -0.565350
v 0.305576 0.369074 -0.615156
v 0.375821 0.351610 -0.541285
v 0.480608 0.227150 -0.514012
v 0.418986 0.314400 -0.515139
v 0.354392 0.152023 -0.688475
v 0.271333 0.220066 -0.763799
v 0.310046 0.125905 -0.717948
v 0.433810 0.085912 -0.621021
v 0.351300 0.093085 -0.682771
v -0.320612 0.314380 -0.638536
v -0.304362 0.241051 -0.711238
v -0.275451 0.347933 -0.661156
v -0.257964 0.273383 -0.736686
v -0.455404 0.211518 -0.563462
v -0.435467 0.141744 -0.621627
v -0.498094 0.177752 -0.537107
v -0.473043 0.108834 -0.588716
v -0.393170 0.297594 -0.565163
v -0.305908 0.369137 -0.615248
v -0.375550 0.351635 -0.541419
v -0.480818 0.227087 -0.514001
v -0.418622 0.313890 -0.515341
v -0.354025 0.152100 -0.688368
v -0.271389 0.220103 -0.763801
v -0.310178 0.125983 -0.718283
v -0.434065 0.086017 -0.621210
v -0.351521 0.093074 -0.682881
v 0.747679 0.043314 -0.073645
v 0.745176 -0.044346 -0.073190
v 0.734451 0.042524 -0.131874
v 0.731862 -0.043172 -0.131342
v 0.756106 0.044621 0.093031
v 0.753512 -0.045389 0.093284
v 0.749979 0.043930 0.149062
v 0.747735 -0.044653 0.149294
v 0.747763 0.088605 0.010123
v 0.729788 0.085738 -0.102799
v 0.728905 0.132206 -0.017271
v 0.741577 0.088478 0.120805
v 0.729653 0.133070 0.037932
v 0.743706 -0.091317 0.010563
v 0.725302 -0.088314 -0.102229
v 0.725162 -0.136681 -0.017016
v 0.738012 -0.090357 0.121131
v 0.726605 -0.136962 0.038157
v -0.747655 0.043317 -0.073633
v -0.745162 -0.044354 -0.073211
v -0.734430 0.042522 -0.131862
v -0.731840 -0.043169 -0.131346
v -0.756101 0.044618 0.093024
v -0.753526 -0.045402 0.093270
v -0.749981 0.043920 0.149063
v -0.747772 -0.044676 0.149283
v -0.747768 0.088611 0.010145
v -0.729770 0.085733 -0.102805
v -0.728905 0.132179 -0.017282
v -0.741577 0.088479 0.120792
v -0.729643 0.133066 0.037939
v -0.743669 -0.091323 0.010549
v -0.725313 -0.088313 -0.102229
v -0.725182 -0.136675 -0.016997
v -0.737980 -0.090372 0.121135
v -0.726620 -0.136946 0.038153
v -0.180158 0.538196 0.059399
v -0.212965 0.518436 0.103308
v -0.174688 0.575918 -0.110488
v -0.209147 0.577971 -0.158484
v -0.160293 0.528943 0.099891
v -0.153165 0.592833 -0.162744
v -0.378332 0.452822 0.178238
v -0.426725 0.438855 0.167106
v -0.409858 0.430443 0.216906
v -0.381249 0.526817 -0.212064
v -0.421473 0.492439 -0.185898
v -0.412644 0.512164 -0.247164
v -0.519336 0.419565 -0.020639
v -0.519997 0.414651 0.030831
v -0.550866 0.390681 0.007498
v 0.180090 0.538225 0.059387
v 0.212923 0.518448 0.103300
v 0.175249 0.576161 -0.110988
v 0.209259 0.577900 -0.159177
v 0.160236 0.528939 0.099872
v 0.153093 0.593105 -0.162884
v 0.378335 0.452828 0.178285
v 0.426701 0.438878 0.167102
v 0.409860 0.430454 0.216864
v 0.381477 0.526935 -0.212913
v 0.421909 0.492461 -0.186804
v 0.412766 0.512609 -0.248008
v 0.519404 0.419564 -0.020439
v 0.520085 0.414508 0.030945
v 0.550934 0.390612 0.007669
v -0.189535 -0.627444 0.095237
v -0.220813 -0.609232 0.150072
v -0.227438 -0.785886 -0.080408
v -0.276683 -0.786696 -0.152378
v -0.162090 -0.622384 0.153951
v -0.194083 -0.799998 -0.147427
v -0.403422 -0.542170 0.218615
v -0.445841 -0.514008 0.197373
v -0.428515 -0.517719 0.254809
v -0.381885 -0.533747 -0.184422
v -0.414624 -0.487052 -0.160942
v -0.397711 -0.478797 -0.212195
v -0.512910 -0.428569 -0.009920
v -0.516459 -0.433402 0.042259
v -0.548101 -0.397460 0.016083
v 0.189558 -0.627493 0.095394
v 0.221057 -0.609149 0.150102
v 0.226167 -0.786243 -0.080050
v 0.276024 -0.786864 -0.152369
v 0.162222 -0.622708 0.154124
v 0.191632 -0.799782 -0.146457
v 0.403334 -0.542371 0.218557
v 0.445876 -0.514072 0.197427
v 0.428485 -0.517857 0.254599
v 0.381809 -0.533965 -0.184314
v 0.414447 -0.486820 -0.160735
v 0.397580 -0.478627 -0.211883
v 0.513047 -0.428479 -0.009977
v 0.516848 -0.433290 0.042535
v 0.548027 -0.397438 0.016075
v -0.035951 -0.647510 0.622950
v 0.036146 -0.647554 0.622776
v -0.236627 -0.567231 0.697172
v -0.241063 -0.481327 0.690393
v 0.000058 -0.646516 0.570095
v -0.288950 -0.526743 0.671609
v 0.235856 -0.567304 0.696908
v 0.240567 -0.481372 0.690632
v 0.287867 -0.526484 0.671909
v 0.098302 -0.232405 0.741498
v 0.144841 -0.265073 0.720048
v -0.097967 -0.232335 0.741127
v -0.145210 -0.264951 0.720253
v 0.149047 -0.202457 0.731703
v -0.148983 -0.202403 0.731423
v -0.026515 0.409632 0.481871
v 0.026489 0.409654 0.481893
v -0.180660 0.368452 0.564641
v -0.199654 0.348579 0.597742
v -0.000013 0.425775 0.435477
v -0.233473 0.360055 0.559056
v 0.180651 0.368440 0.564624
v 0.199652 0.348589 0.597740
v 0.233480 0.360040 0.559059
v 0.096755 0.221445 0.711249
v 0.142847 0.247047 0.695637
v -0.096769 0.221449 0.711240
v -0.142841 0.247074 0.695634
v 0.147761 0.195406 0.708949
v -0.147780 0.195422 0.708971
v -0.025640 -0.442213 -0.476066
v 0.026055 -0.442131 -0.476376
v -0.175406 -0.367864 -0.558610
v -0.195441 -0.340829 -0.595251
v 0.000031 -0.474258 -0.434912
v -0.227008 -0.355620 -0.554088
v 0.175406 -0.367824 -0.558817
v 0.195488 -0.340823 -0.595225
v 0.227109 -0.355494 -0.554234
v 0.096796 -0.223105 -0.710666
v 0.141465 -0.245034 -0.694790
v -0.096849 -0.223054 -0.710715
v -0.141495 -0.245051 -0.694775
v 0.146584 -0.198751 -0.707746
v -0.146535 -0.198651 -0.707818
v -0.035979 0.639248 -0.606897
v 0.036318 0.639211 -0.607032
v -0.212126 0.499068 -0.647778
v -0.221749 0.437906 -0.663127
v 0.000142 0.668548 -0.555973
v -0.250337 0.462285 -0.619482
v 0.212076 0.499087 -0.647583
v 0.221757 0.438121 -0.662618
v 0.249859 0.462023 -0.619375
v 0.113472 0.248137 -0.808188
v 0.163913 0.276410 -0.785443
v -0.113579 0.248295 -0.808159
v -0.163937 0.276485 -0.785222
v 0.172569 0.222012 -0.814197
v -0.172474 0.222006 -0.814210
v 0.585906 0.173190 -0.413165
v 0.561233 0.160311 -0.461496
v 0.676760 0.119231 -0.249017
v 0.699591 0.081036 -0.220453
v 0.548998 0.206765 -0.439655
v 0.691864 0.123398 -0.190638
v 0.579794 -0.180030 -0.410613
v 0.553882 -0.165169 -0.456882
v 0.672096 -0.122994 -0.247497
v 0.694979 -0.082898 -0.219099
v 0.545830 -0.212599 -0.438926
v 0.687570 -0.127225 -0.189718
v 0.510460 -0.024497 -0.559899
v 0.511799 0.027117 -0.561154
v 0.473195 0.001535 -0.590884
v 0.596462 0.184383 0.412075
v 0.568636 0.168593 0.457920
v 0.699153 0.125172 0.256597
v 0.725964 0.084345 0.230795
v 0.558919 0.218424 0.438141
v 0.713889 0.129325 0.202997
v 0.594616 -0.182992 0.408504
v 0.567301 -0.166956 0.454438
v 0.697640 -0.127023 0.256766
v 0.723137 -0.085986 0.231277
v 0.553059 -0.217447 0.432432
v 0.711789 -0.131715 0.203363
v 0.525520 -0.026119 0.569395
v 0.524352 0.025230 0.569081
v 0.485999 0.000147 0.600158
v -0.585911 0.173231 -0.413234
v -0.561231 0.160422 -0.461516
v -0.676750 0.119269 -0.249018
v -0.699601 0.081063 -0.220442
v -0.549058 0.206738 -0.439745
v -0.691822 0.123434 -0.190635
v -0.579766 -0.179975 -0.410602
v -0.553917 -0.165123 -0.456903
v -0.672038 -0.122906 -0.247474
v -0.695040 -0.082864 -0.219098
v -0.545880 -0.212575 -0.438954
v -0.687340 -0.127172 -0.189712
v -0.510469 -0.024461 -0.559913
v -0.511821 0.027126 -0.561150
v -0.473244 0.001605 -0.590905
v -0.596426 0.184347 0.412061
v -0.568655 0.168612 0.457945
v -0.699171 0.125162 0.256585
v -0.725945 0.084333 0.230780
v -0.558936 0.218458 0.438168
v -0.713891 0.129328 0.202992
v -0.594582 -0.182997 0.408581
v -0.567244 -0.167080 0.454585
v -0.697639 -0.127039 0.256734
v -0.723131 -0.085986 0.231273
v -0.553135 -0.217535 0.432668
v -0.711786 -0.131728 0.203379
v -0.525508 -0.026046 0.569408
v -0.524342 0.025212 0.569088
v -0.485989 0.000179 0.600157
v -0.023768 0.512390 0.184615
v 0.023819 0.512455 0.184798
v 0.000083 0.494115 0.236103
v -0.023960 0.650282 -0.284261
v 0.023973 0.650420 -0.284322
v -0.000113 0.671749 -0.343758
v -0.424069 0.367811 0.397731
v -0.397727 0.358231 0.447774
v -0.445288 0.343314 0.431688
v -0.409526 0.441676 -0.417295
v -0.385664 0.426045 -0.469099
v -0.425391 0.383462 -0.440118
v -0.665328 0.260043 0.012160
v -0.687762 0.218707 -0.015904
v -0.689411 0.219987 0.038903
v 0.424069 0.367814 0.397729
v 0.397724 0.358227 0.447778
v 0.445292 0.343307 0.431685
v 0.409928 0.441032 -0.418085
v 0.385819 0.425685 -0.469203
v 0.425228 0.382363 -0.439912
v 0.665348 0.260032 0.012139
v 0.687791 0.218709 -0.015924
v 0.689297 0.219961 0.038913
v -0.022251 -0.649354 0.286112
v 0.022272 -0.648925 0.286133
v 0.000181 -0.659550 0.348442
v -0.031397 -0.625673 -0.213369
v 0.030751 -0.625736 -0.212950
v -0.000188 -0.605194 -0.262810
v -0.424208 -0.445754 0.424655
v -0.400240 -0.440898 0.478410
v -0.440461 -0.396787 0.445498
v -0.405425 -0.367342 -0.387396
v -0.381790 -0.353003 -0.439446
v -0.431032 -0.331957 -0.426740
v -0.667104 -0.263592 0.011803
v -0.688659 -0.224367 -0.016340
v -0.689599 -0.224765 0.038597
v 0.423614 -0.445344 0.424770
v 0.400368 -0.440738 0.478838
v 0.440324 -0.396444 0.445320
v 0.405504 -0.367298 -0.387312
v 0.381827 -0.353422 -0.439298
v 0.431121 -0.331969 -0.426823
v 0.667123 -0.263598 0.011864
v 0.688708 -0.224331 -0.016355
v 0.689618 -0.224747 0.038611
v 0.258087 -0.025908 0.717381
v 0.258156 0.028759 0.715584
v 0.305756 0.001732 0.698420
v -0.258020 -0.026075 0.717369
v -0.258095 0.028746 0.715582
v -0.305754 0.001667 0.698343
v 0.251588 -0.023634 -0.706508
v 0.255937 0.037086 -0.720744
v 0.300753 0.005703 -0.692910
v -0.251565 -0.023206 -0.706708
v -0.256023 0.037258 -0.720915
v -0.301039 0.005660 -0.693571
f 1 647 644
f 1 644 643
f 1 643 645
f 1 645 646
f 1 646 647
f 2 649 652
f 6 672 670
f 12 702 699
f 11 696 695
f 8 679 681
f 4 662 659
f 4 659 658
f 4 658 660
f 4 660 661
f 4 661 662
f 5 666 665
f 3 654 657
f 7 673 677
f 9 685 686
f 10 692 688
f 12 701 698
f 6 669 668
f 2 650 648
f 8 682 678
f 11 697 693
f 6 671 669
f 12 700 701
f 11 694 697
f 8 680 682
f 2 651 650
f 10 690 689
f 5 663 664
f 3 655 653
f 7 676 674
f 9 687 684
f 10 691 690
f 5 667 663
f 3 656 655
f 7 675 676
f 9 683 687
f 6 668 672
f 2 648 649
f 8 678 679
f 11 693 696
f 12 698 702
f 10 688 691
f 5 665 667
f 3 657 656
f 7 677 675
f 9 686 683
f 5 664 666
f 3 653 654
f 7 674 673
f 9 684 685
f 10 689 692
f 6 670 671
f 12 699 700
f 11 695 694
f 8 681 680
f 2 652 651
f 35 837 838
f 18 735 736
f 19 742 741
f 40 868 867
f 42 880 879
f 34 832 831
f 33 827 828
f 25 778 780
f 36 844 846
f 20 749 747
f 32 819 820
f 23 765 767
f 24 773 771
f 37 850 849
f 41 876 875
f 34 833 834
f 33 826 825
f 25 779 777
f 36 845 843
f 20 748 750
f 17 729 727
f 14 711 709
f 13 706 703
f 15 718 715
f 16 724 721
f 18 737 733
f 35 839 835
f 42 882 878
f 40 870 866
f 19 744 740
f 30 807 805
f 27 789 787
f 22 762 758
f 28 797 793
f 29 802 799
f 32 821 817
f 23 766 763
f 24 774 770
f 37 852 848
f 41 874 872
f 35 838 836
f 18 736 734
f 19 741 739
f 40 867 865
f 42 879 877
f 34 831 829
f 33 828 824
f 25 780 776
f 36 846 842
f 20 747 745
f 32 820 818
f 23 767 764
f 24 771 769
f 37 849 847
f 41 875 871
f 34 834 830
f 33 825 823
f 25 777 775
f 36 843 841
f 20 750 746
f 14 714 710
f 13 707 704
f 15 719 716
f 16 725 722
f 17 732 728
f 21 755 752
f 31 814 811
f 26 784 781
f 38 857 853
f 39 862 860
f 27 792 788
f 22 759 757
f 28 796 794
f 29 803 800
f 30 810 806
f 31 815 812
f 26 785 782
f 38 856 854
f 39 863 859
f 21 754 751
f 14 712 714
f 13 705 707
f 15 717 719
f 16 723 725
f 17 730 732
f 21 753 755
f 31 816 814
f 26 786 784
f 38 858 857
f 39 861 862
f 27 791 792
f 22 761 759
f 28 795 796
f 29 801 803
f 30 808 810
f 31 813 815
f 26 783 785
f 38 855 856
f 39 864 863
f 21 756 754
f 14 709 712
f 13 703 705
f 15 715 717
f 16 721 723
f 17 727 730
f 21 751 753
f 31 812 816
f 26 782 786
f 38 854 858
f 39 859 861
f 27 787 791
f 22 758 761
f 28 793 795
f 29 799 801
f 30 805 808
f 31 811 813
f 26 781 783
f 38 853 855
f 39 860 864
f 21 752 756
f 17 728 731
f 14 710 713
f 13 704 708
f 15 716 720
f 16 722 726
f 18 734 738
f 35 836 840
f 42 877 881
f 40 865 869
f 19 739 743
f 30 806 809
f 27 788 790
f 22 757 760
f 28 794 798
f 29 800 804
f 32 818 822
f 23 764 768
f 24 769 772
f 37 847 851
f 41 871 873
f 35 835 837
f 18 733 735
f 19 740 742
f 40 866 868
f 42 878 880
f 34 830 832
f 33 823 827
f 25 775 778
f 36 841 844
f 20 746 749
f 32 817 819
f 23 763 765
f 24 770 773
f 37 848 850
f 41 872 876
f 34 829 833
f 33 824 826
f 25 776 779
f 36 842 845
f 20 745 748
f 17 731 729
f 14 713 711
f 13 708 706
f 15 720 718
f 16 726 724
f 18 738 737
f 35 840 839
f 42 881 882
f 40 869 870
f 19 743 744
f 30 809 807
f 27 790 789
f 22 760 762
f 28 798 797
f 29 804 802
f 32 822 821
f 23 768 766
f 24 772 774
f 37 851 852
f 41 873 874
f 107 1269 1270
f 103 1245 1246
f 104 1252 1251
f 110 1288 1287
f 113 1306 1305
f 118 1336 1335
f 154 1551 1552
f 141 1473 1474
f 162 1599 1600
f 121 1354 1353
f 142 1479 1480
f 129 1401 1402
f 130 1408 1407
f 144 1492 1491
f 146 1504 1503
f 151 1533 1534
f 131 1414 1413
f 136 1444 1443
f 161 1594 1593
f 126 1383 1384
f 116 1323 1324
f 108 1275 1276
f 106 1263 1264
f 112 1299 1300
f 115 1317 1318
f 119 1341 1342
f 156 1564 1563
f 139 1462 1461
f 160 1588 1587
f 120 1347 1348
f 149 1521 1522
f 132 1420 1419
f 128 1395 1396
f 145 1497 1498
f 148 1515 1516
f 155 1557 1558
f 133 1425 1426
f 134 1431 1432
f 157 1570 1569
f 124 1372 1371
f 109 1282 1281
f 105 1258 1257
f 111 1294 1293
f 114 1312 1311
f 117 1330 1329
f 125 1378 1377
f 152 1540 1539
f 137 1449 1450
f 158 1575 1576
f 123 1365 1366
f 143 1486 1485
f 127 1390 1389
f 135 1437 1438
f 147 1510 1509
f 150 1528 1527
f 153 1546 1545
f 140 1468 1467
f 138 1455 1456
f 159 1581 1582
f 122 1359 1360
f 107 1272 1271
f 103 1248 1247
f 104 1253 1254
f 110 1289 1290
f 113 1307 1308
f 118 1337 1338
f 154 1554 1553
f 141 1476 1475
f 162 1602 1601
f 121 1355 1356
f 142 1482 1481
f 129 1404 1403
f 130 1409 1410
f 144 1493 1494
f 146 1505 1506
f 151 1536 1535
f 131 1415 1416
f 136 1445 1446
f 161 1595 1596
f 126 1386 1385
f 47 909 907
f 44 891 889
f 43 886 883
f 45 898 895
f 46 904 901
f 49 922 919
f 72 1060 1057
f 102 1240 1237
f 96 1204 1201
f 79 1102 1099
f 62 999 997
f 59 981 979
f 58 976 973
f 60 988 985
f 61 994 991
f 66 1024 1021
f 54 952 949
f 73 1066 1063
f 85 1138 1135
f 92 1179 1177
f 101 1233 1231
f 69 1041 1039
f 50 927 925
f 82 1119 1117
f 97 1209 1207
f 71 1053 1051
f 100 1228 1225
f 94 1192 1189
f 80 1108 1105
f 51 933 931
f 90 1167 1165
f 63 1005 1003
f 55 957 955
f 76 1083 1081
f 87 1150 1147
f 91 1174 1171
f 67 1029 1027
f 56 963 961
f 75 1077 1075
f 83 1126 1123
f 68 1036 1033
f 48 915 913
f 78 1095 1093
f 93 1185 1183
f 98 1216 1213
f 88 1155 1153
f 65 1018 1015
f 57 970 967
f 77 1090 1087
f 86 1143 1141
f 64 1012 1009
f 53 945 943
f 74 1071 1069
f 84 1131 1129
f 89 1162 1159
f 70 1047 1045
f 99 1221 1219
f 95 1197 1195
f 81 1114 1111
f 52 940 937
f 109 1284 1280
f 105 1260 1256
f 111 1296 1292
f 114 1314 1310
f 117 1332 1328
f 125 1380 1376
f 152 1542 1538
f 137 1451 1447
f 158 1577 1573
f 123 1367 1363
f 143 1488 1484
f 127 1392 1388
f 135 1439 1435
f 147 1512 1508
f 150 1530 1526
f 153 1548 1544
f 140 1470 1466
f 138 1457 1453
f 159 1583 1579
f 122 1361 1357
f 107 1270 1268
f 103 1246 1244
f 104 1251 1249
f 110 1287 1285
f 113 1305 1303
f 118 1335 1333
f 154 1552 1550
f 141 1474 1472
f 162 1600 1598
f 121 1353 1351
f 142 1480 1478
f 129 1402 1400
f 130 1407 1405
f 144 1491 1489
f 146 1503 1501
f 151 1534 1532
f 131 1413 1411
f 136 1443 1441
f 161 1593 1591
f 126 1384 1382
f 116 1324 1322
f 108 1276 1274
f 106 1264 1262
f 112 1300 1298
f 115 1318 1316
f 119 1342 1340
f 156 1563 1561
f 139 1461 1459
f 160 1587 1585
f 120 1348 1346
f 149 1522 1520
f 132 1419 1417
f 128 1396 1394
f 145 1498 1496
f 148 1516 1514
f 155 1558 1556
f 133 1426 1424
f 134 1432 1430
f 157 1569 1567
f 124 1371 1369
f 109 1281 1279
f 105 1257 1255
f 111 1293 1291
f 114 1311 1309
f 117 1329 1327
f 125 1377 1375
f 152 1539 1537
f 137 1450 1448
f 158 1576 1574
f 123 1366 1364
f 143 1485 1483
f 127 1389 1387
f 135 1438 1436
f 147 1509 1507
f 150 1527 1525
f 153 1545 1543
f 140 1467 1465
f 138 1456 1454
f 159 1582 1580
f 122 1360 1358
f 107 1271 1267
f 103 1247 1243
f 104 1254 1250
f 110 1290 1286
f 113 1308 1304
f 118 1338 1334
f 154 1553 1549
f 141 1475 1471
f 162 1601 1597
f 121 1356 1352
f 142 1481 1477
f 129 1403 1399
f 130 1410 1406
f 144 1494 1490
f 146 1506 1502
f 151 1535 1531
f 131 1416 1412
f 136 1446 1442
f 161 1596 1592
f 126 1385 1381
f 44 894 890
f 43 887 884
f 45 899 896
f 46 905 902
f 47 912 908
f 52 941 938
f 70 1050 1046
f 99 1224 1220
f 95 1200 1196
f 81 1115 1112
f 59 984 980
f 58 977 974
f 60 989 986
f 61 995 992
f 62 1002 998
f 65 1019 1016
f 57 971 968
f 77 1091 1088
f 86 1146 1142
f 88 1158 1154
f 98 1217 1214
f 68 1037 1034
f 48 918 914
f 78 1098 1094
f 93 1188 1184
f 69 1044 1040
f 101 1236 1232
f 97 1212 1208
f 82 1122 1118
f 50 930 926
f 89 1163 1160
f 64 1013 1010
f 53 948 944
f 74 1074 1070
f 84 1134 1130
f 90 1170 1166
f 63 1008 1004
f 55 960 956
f 76 1086 1082
f 87 1151 1148
f 72 1061 1058
f 49 923 920
f 79 1103 1100
f 96 1205 1202
f 102 1241 1238
f 91 1175 1172
f 67 1032 1028
f 56 966 962
f 75 1080 1076
f 83 1127 1124
f 66 1025 1022
f 54 953 950
f 73 1067 1064
f 85 1139 1136
f 92 1182 1178
f 71 1056 1052
f 100 1229 1226
f 94 1193 1190
f 80 1109 1106
f 51 936 932
f 116 1325 1321
f 108 1277 1273
f 106 1265 1261
f 112 1301 1297
f 115 1319 1315
f 119 1343 1339
f 156 1566 1562
f 139 1464 1460
f 160 1590 1586
f 120 1349 1345
f 149 1523 1519
f 132 1422 1418
f 128 1397 1393
f 145 1499 1495
f 148 1517 1513
f 155 1559 1555
f 133 1427 1423
f 134 1433 1429
f 157 1572 1568
f 124 1374 1370
f 44 892 894
f 43 885 887
f 45 897 899
f 46 903 905
f 47 910 912
f 52 939 941
f 70 1048 1050
f 99 1222 1224
f 95 1198 1200
f 81 1113 1115
f 59 982 984
f 58 975 977
f 60 987 989
f 61 993 995
f 62 1000 1002
f 65 1017 1019
f 57 969 971
f 77 1089 1091
f 86 1144 1146
f 88 1156 1158
f 98 1215 1217
f 68 1035 1037
f 48 916 918
f 78 1096 1098
f 93 1186 1188
f 69 1042 1044
f 101 1234 1236
f 97 1210 1212
f 82 1120 1122
f 50 928 930
f 89 1161 1163
f 64 1011 1013
f 53 946 948
f 74 1072 1074
f 84 1132 1134
f 90 1168 1170
f 63 1006 1008
f 55 958 960
f 76 1084 1086
f 87 1149 1151
f 72 1059 1061
f 49 921 923
f 79 1101 1103
f 96 1203 1205
f 102 1239 1241
f 91 1173 1175
f 67 1030 1032
f 56 964 966
f 75 1078 1080
f 83 1125 1127
f 66 1023 1025
f 54 951 953
f 73 1065 1067
f 85 1137 1139
f 92 1180 1182
f 71 1054 1056
f 100 1227 1229
f 94 1191 1193
f 80 1107 1109
f 51 934 936
f 116 1326 1325
f 108 1278 1277
f 106 1266 1265
f 112 1302 1301
f 115 1320 1319
f 119 1344 1343
f 156 1565 1566
f 139 1463 1464
f 160 1589 1590
f 120 1350 1349
f 149 1524 1523
f 132 1421 1422
f 128 1398 1397
f 145 1500 1499
f 148 1518 1517
f 155 1560 1559
f 133 1428 1427
f 134 1434 1433
f 157 1571 1572
f 124 1373 1374
f 44 889 892
f 43 883 885
f 45 895 897
f 46 901 903
f 47 907 910
f 52 937 939
f 70 1045 1048
f 99 1219 1222
f 95 1195 1198
f 81 1111 1113
f 59 979 982
f 58 973 975
f 60 985 987
f 61 991 993
f 62 997 1000
f 65 1015 1017
f 57 967 969
f 77 1087 1089
f 86 1141 1144
f 88 1153 1156
f 98 1213 1215
f 68 1033 1035
f 48 913 916
f 78 1093 1096
f 93 1183 1186
f 69 1039 1042
f 101 1231 1234
f 97 1207 1210
f 82 1117 1120
f 50 925 928
f 89 1159 1161
f 64 1009 1011
f 53 943 946
f 74 1069 1072
f 84 1129 1132
f 90 1165 1168
f 63 1003 1006
f 55 955 958
f 76 1081 1084
f 87 1147 1149
f 72 1057 1059
f 49 919 921
f 79 1099 1101
f 96 1201 1203
f 102 1237 1239
f 91 1171 1173
f 67 1027 1030
f 56 961 964
f 75 1075 1078
f 83 1123 1125
f 66 1021 1023
f 54 949 951
f 73 1063 1065
f 85 1135 1137
f 92 1177 1180
f 71 1051 1054
f 100 1225 1227
f 94 1189 1191
f 80 1105 1107
f 51 931 934
f 116 1322 1326
f 108 1274 1278
f 106 1262 1266
f 112 1298 1302
f 115 1316 1320
f 119 1340 1344
f 156 1561 1565
f 139 1459 1463
f 160 1585 1589
f 120 1346 1350
f 149 1520 1524
f 132 1417 1421
f 128 1394 1398
f 145 1496 1500
f 148 1514 1518
f 155 1556 1560
f 133 1424 1428
f 134 1430 1434
f 157 1567 1571
f 124 1369 1373
f 47 908 911
f 44 890 893
f 43 884 888
f 45 896 900
f 46 902 906
f 49 920 924
f 72 1058 1062
f 102 1238 1242
f 96 1202 1206
f 79 1100 1104
f 62 998 1001
f 59 980 983
f 58 974 978
f 60 986 990
f 61 992 996
f 66 1022 1026
f 54 950 954
f 73 1064 1068
f 85 1136 1140
f 92 1178 1181
f 101 1232 1235
f 69 1040 1043
f 50 926 929
f 82 1118 1121
f 97 1208 1211
f 71 1052 1055
f 100 1226 1230
f 94 1190 1194
f 80 1106 1110
f 51 932 935
f 90 1166 1169
f 63 1004 1007
f 55 956 959
f 76 1082 1085
f 87 1148 1152
f 91 1172 1176
f 67 1028 1031
f 56 962 965
f 75 1076 1079
f 83 1124 1128
f 68 1034 1038
f 48 914 917
f 78 1094 1097
f 93 1184 1187
f 98 1214 1218
f 88 1154 1157
f 65 1016 1020
f 57 968 972
f 77 1088 1092
f 86 1142 1145
f 64 1010 1014
f 53 944 947
f 74 1070 1073
f 84 1130 1133
f 89 1160 1164
f 70 1046 1049
f 99 1220 1223
f 95 1196 1199
f 81 1112 1116
f 52 938 942
f 109 1279 1283
f 105 1255 1259
f 111 1291 1295
f 114 1309 1313
f 117 1327 1331
f 125 1375 1379
f 152 1537 1541
f 137 1448 1452
f 158 1574 1578
f 123 1364 1368
f 143 1483 1487
f 127 1387 1391
f 135 1436 1440
f 147 1507 1511
f 150 1525 1529
f 153 1543 1547
f 140 1465 1469
f 138 1454 1458
f 159 1580 1584
f 122 1358 1362
f 107 1267 1269
f 103 1243 1245
f 104 1250 1252
f 110 1286 1288
f 113 1304 1306
f 118 1334 1336
f 154 1549 1551
f 141 1471 1473
f 162 1597 1599
f 121 1352 1354
f 142 1477 1479
f 129 1399 1401
f 130 1406 1408
f 144 1490 1492
f 146 1502 1504
f 151 1531 1533
f 131 1412 1414
f 136 1442 1444
f 161 1592 1594
f 126 1381 1383
f 116 1321 1323
f 108 1273 1275
f 106 1261 1263
f 112 1297 1299
f 115 1315 1317
f 119 1339 1341
f 156 1562 1564
f 139 1460 1462
f 160 1586 1588
f 120 1345 1347
f 149 1519 1521
f 132 1418 1420
f 128 1393 1395
f 145 1495 1497
f 148 1513 1515
f 155 1555 1557
f 133 1423 1425
f 134 1429 1431
f 157 1568 1570
f 124 1370 1372
f 109 1280 1282
f 105 1256 1258
f 111 1292 1294
f 114 1310 1312
f 117 1328 1330
f 125 1376 1378
f 152 1538 1540
f 137 1447 1449
f 158 1573 1575
f 123 1363 1365
f 143 1484 1486
f 127 1388 1390
f 135 1435 1437
f 147 1508 1510
f 150 1526 1528
f 153 1544 1546
f 140 1466 1468
f 138 1453 1455
f 159 1579 1581
f 122 1357 1359
f 107 1268 1272
f 103 1244 1248
f 104 1249 1253
f 110 1285 1289
f 113 1303 1307
f 118 1333 1337
f 154 1550 1554
f 141 1472 1476
f 162 1598 1602
f 121 1351 1355
f 142 1478 1482
f 129 1400 1404
f 130 1405 1409
f 144 1489 1493
f 146 1501 1505
f 151 1532 1536
f 131 1411 1415
f 136 1441 1445
f 161 1591 1595
f 126 1382 1386
f 47 911 909
f 44 893 891
f 43 888 886
f 45 900 898
f 46 906 904
f 49 924 922
f 72 1062 1060
f 102 1242 1240
f 96 1206 1204
f 79 1104 1102
f 62 1001 999
f 59 983 981
f 58 978 976
f 60 990 988
f 61 996 994
f 66 1026 1024
f 54 954 952
f 73 1068 1066
f 85 1140 1138
f 92 1181 1179
f 101 1235 1233
f 69 1043 1041
f 50 929 927
f 82 1121 1119
f 97 1211 1209
f 71 1055 1053
f 100 1230 1228
f 94 1194 1192
f 80 1110 1108
f 51 935 933
f 90 1169 1167
f 63 1007 1005
f 55 959 957
f 76 1085 1083
f 87 1152 1150
f 91 1176 1174
f 67 1031 1029
f 56 965 963
f 75 1079 1077
f 83 1128 1126
f 68 1038 1036
f 48 917 915
f 78 1097 1095
f 93 1187 1185
f 98 1218 1216
f 88 1157 1155
f 65 1020 1018
f 57 972 970
f 77 1092 1090
f 86 1145 1143
f 64 1014 1012
f 53 947 945
f 74 1073 1071
f 84 1133 1131
f 89 1164 1162
f 70 1049 1047
f 99 1223 1221
f 95 1199 1197
f 81 1116 1114
f 52 942 940
f 109 1283 1284
f 105 1259 1260
f 111 1295 1296
f 114 1313 1314
f 117 1331 1332
f 125 1379 1380
f 152 1541 1542
f 137 1452 1451
f 158 1578 1577
f 123 1368 1367
f 143 1487 1488
f 127 1391 1392
f 135 1440 1439
f 147 1511 1512
f 150 1529 1530
f 153 1547 1548
f 140 1469 1470
f 138 1458 1457
f 159 1584 1583
f 122 1362 1361
f 407 1609 1616
f 403 1605 1608
f 404 1611 1606
f 410 1614 1612
f 413 1617 1615
f 422 1631 1624
f 486 1688 1692
f 573 1775 1782
f 561 1763 1765
f 512 1719 1714
f 452 1654 1661
f 448 1650 1653
f 449 1656 1651
f 455 1659 1657
f 458 1662 1660
f 470 1672 1675
f 437 1646 1639
f 494 1706 1696
f 531 1735 1733
f 539 1741 1751
f 568 1770 1779
f 478 1680 1683
f 419 1621 1626
f 509 1711 1721
f 554 1756 1766
f 482 1684 1689
f 576 1780 1778
f 558 1767 1760
f 516 1722 1718
f 425 1627 1629
f 542 1744 1747
f 463 1668 1665
f 434 1636 1641
f 497 1699 1704
f 528 1730 1737
f 546 1748 1750
f 464 1666 1676
f 440 1642 1644
f 500 1705 1702
f 524 1736 1726
f 479 1691 1681
f 418 1623 1620
f 508 1713 1710
f 553 1764 1755
f 569 1781 1771
f 538 1749 1740
f 471 1677 1673
f 443 1645 1647
f 501 1703 1707
f 523 1725 1734
f 467 1674 1669
f 433 1638 1635
f 493 1695 1698
f 527 1732 1729
f 543 1752 1745
f 485 1690 1687
f 572 1777 1774
f 557 1759 1762
f 515 1717 1720
f 428 1630 1632
f 591 2191 2189
f 587 1885 1883
f 588 1901 1903
f 594 2279 2281
f 597 2315 2317
f 600 2171 2173
f 634 2160 2158
f 619 2016 2012
f 639 2214 2210
f 602 1919 1924
f 624 2137 2135
f 608 1978 1973
f 610 1991 1996
f 627 2225 2227
f 630 2302 2304
f 635 2178 2176
f 615 2153 2155
f 617 2009 2014
f 637 2207 2212
f 604 1926 1922
f 416 1857 1864
f 408 1803 1810
f 406 1786 1795
f 412 1822 1831
f 415 1840 1849
f 424 1876 1887
f 492 2182 2193
f 582 2312 2321
f 565 2276 2285
f 514 1898 1907
f 461 2091 2098
f 453 2037 2044
f 451 1952 1961
f 457 2056 2067
f 460 2074 2083
f 475 2128 2139
f 439 1966 1975
f 496 1988 1997
f 533 2222 2231
f 551 2293 2298
f 579 2185 2190
f 483 1879 1884
f 426 1893 1900
f 521 2271 2278
f 566 2307 2314
f 489 2163 2170
f 578 2150 2159
f 560 2006 2015
f 518 2204 2213
f 429 1911 1918
f 547 2131 2136
f 465 1969 1977
f 441 1983 1990
f 504 2217 2224
f 537 2290 2301
f 550 2168 2177
f 476 2145 2152
f 444 2001 2008
f 502 2199 2206
f 526 1916 1925
f 481 1808 1817
f 420 1789 1797
f 510 1825 1833
f 555 1843 1851
f 571 1862 1871
f 540 1933 1941
f 473 2110 2119
f 447 2020 2029
f 507 2236 2247
f 534 2257 2262
f 469 2042 2051
f 435 1947 1954
f 498 2059 2064
f 529 2077 2085
f 545 2096 2105
f 487 2113 2121
f 574 2023 2031
f 562 2239 2244
f 520 2254 2265
f 432 1930 1939
f 589 1818 1814
f 583 1798 1793
f 586 1834 1829
f 593 1852 1847
f 596 1872 1868
f 599 1942 1937
f 633 2120 2124
f 620 2030 2034
f 640 2248 2250
f 603 2263 2261
f 622 2052 2050
f 607 1955 1960
f 612 2065 2063
f 626 2086 2081
f 629 2106 2102
f 631 2122 2117
f 614 2032 2027
f 618 2245 2243
f 641 2266 2268
f 605 1940 1944
f 409 1813 1804
f 405 1792 1785
f 411 1828 1821
f 414 1846 1839
f 417 1867 1858
f 431 1936 1929
f 488 2123 2114
f 575 2033 2024
f 563 2249 2240
f 519 2260 2253
f 454 2049 2038
f 450 1959 1951
f 456 2062 2055
f 459 2080 2073
f 462 2101 2092
f 472 2116 2109
f 446 2026 2019
f 506 2242 2235
f 535 2267 2258
f 541 1943 1934
f 570 1869 1861
f 480 1815 1807
f 421 1799 1790
f 511 1835 1826
f 556 1853 1844
f 484 1889 1880
f 580 2195 2186
f 567 2319 2308
f 522 2283 2272
f 427 1905 1894
f 544 2103 2095
f 468 2046 2041
f 436 1957 1948
f 499 2069 2060
f 530 2087 2078
f 548 2141 2132
f 466 1979 1970
f 442 1993 1984
f 505 2229 2218
f 536 2296 2289
f 491 2188 2181
f 423 1882 1875
f 513 1902 1897
f 564 2280 2275
f 581 2316 2311
f 549 2172 2167
f 477 2157 2146
f 445 2011 2002
f 503 2209 2200
f 525 1923 1915
f 474 2134 2127
f 438 1972 1965
f 495 1995 1987
f 532 2226 2221
f 552 2303 2294
f 490 2175 2164
f 577 2154 2149
f 559 2013 2005
f 517 2211 2203
f 430 1921 1912
f 590 1865 1870
f 584 1811 1816
f 585 1796 1800
f 592 1832 1836
f 595 1850 1854
f 598 1888 1890
f 636 2194 2196
f 621 2322 2320
f 642 2286 2284
f 601 1908 1906
f 623 2099 2104
f 611 2045 2047
f 609 1962 1958
f 625 2068 2070
f 628 2084 2088
f 632 2140 2142
f 613 1976 1980
f 616 1998 1994
f 638 2232 2230
f 606 2299 2297
f 407 2330 2329
f 403 2324 2323
f 404 2325 2326
f 410 2332 2333
f 413 2335 2336
f 422 2344 2345
f 486 2410 2409
f 573 2497 2496
f 561 2486 2485
f 512 2434 2435
f 452 2375 2374
f 448 2369 2368
f 449 2370 2371
f 455 2377 2378
f 458 2380 2381
f 470 2393 2392
f 437 2359 2360
f 494 2415 2416
f 531 2455 2456
f 539 2461 2460
f 568 2489 2488
f 478 2399 2398
f 419 2341 2340
f 509 2431 2430
f 554 2476 2475
f 482 2405 2404
f 576 2500 2501
f 558 2481 2482
f 516 2439 2440
f 425 2348 2347
f 542 2465 2464
f 463 2383 2384
f 434 2356 2355
f 497 2420 2419
f 528 2452 2451
f 546 2471 2470
f 464 2386 2385
f 440 2363 2362
f 500 2422 2423
f 524 2445 2446
f 479 2400 2401
f 418 2338 2339
f 508 2428 2429
f 553 2473 2474
f 569 2490 2491
f 538 2458 2459
f 471 2394 2395
f 443 2366 2365
f 501 2425 2424
f 523 2444 2443
f 467 2389 2390
f 433 2353 2354
f 493 2414 2413
f 527 2449 2450
f 543 2466 2467
f 485 2407 2408
f 572 2494 2495
f 557 2480 2479
f 515 2438 2437
f 428 2351 2350
f 591 2510 2511
f 587 2504 2505
f 588 2508 2507
f 594 2514 2513
f 597 2517 2516
f 600 2520 2519
f 634 2554 2556
f 619 2539 2540
f 639 2560 2561
f 602 2523 2521
f 624 2543 2544
f 608 2527 2529
f 610 2532 2530
f 627 2547 2546
f 630 2550 2549
f 635 2552 2553
f 615 2535 2534
f 617 2538 2536
f 637 2558 2557
f 604 2524 2525
f 167 1607 647
f 164 1603 644
f 163 1604 643
f 165 1610 645
f 166 1613 646
f 169 1622 649
f 192 1686 672
f 222 1773 702
f 216 1761 696
f 199 1712 679
f 182 1652 662
f 179 1648 659
f 178 1649 658
f 180 1655 660
f 181 1658 661
f 186 1670 666
f 174 1637 654
f 193 1694 673
f 205 1731 685
f 212 1739 692
f 221 1768 701
f 189 1678 669
f 170 1619 650
f 202 1709 682
f 217 1754 697
f 191 1682 671
f 220 1776 700
f 214 1758 694
f 200 1716 680
f 171 1625 651
f 210 1742 690
f 183 1663 663
f 175 1634 655
f 196 1697 676
f 207 1728 687
f 211 1746 691
f 187 1664 667
f 176 1640 656
f 195 1700 675
f 203 1724 683
f 188 1679 668
f 168 1618 648
f 198 1708 678
f 213 1753 693
f 218 1769 698
f 208 1738 688
f 185 1671 665
f 177 1643 657
f 197 1701 677
f 206 1723 686
f 184 1667 664
f 173 1633 653
f 194 1693 674
f 204 1727 684
f 209 1743 689
f 190 1685 670
f 219 1772 699
f 215 1757 695
f 201 1715 681
f 172 1628 652
f 357 2187 837
f 255 1881 735
f 262 1899 742
f 388 2277 868
f 400 2313 880
f 352 2169 832
f 347 2156 827
f 298 2010 778
f 364 2208 844
f 269 1917 749
f 339 2133 819
f 285 1971 765
f 293 1989 773
f 370 2223 850
f 396 2300 876
f 353 2174 833
f 346 2151 826
f 299 2007 779
f 365 2205 845
f 268 1920 748
f 249 1855 729
f 231 1801 711
f 226 1784 706
f 238 1820 718
f 244 1838 724
f 257 1874 737
f 359 2180 839
f 402 2310 882
f 390 2274 870
f 264 1896 744
f 327 2089 807
f 309 2035 789
f 282 1950 762
f 317 2054 797
f 322 2072 802
f 341 2126 821
f 286 1964 766
f 294 1986 774
f 372 2220 852
f 394 2291 874
f 358 2183 838
f 256 1877 736
f 261 1891 741
f 387 2269 867
f 399 2305 879
f 351 2161 831
f 348 2148 828
f 300 2004 780
f 366 2202 846
f 267 1909 747
f 340 2129 820
f 287 1967 767
f 291 1981 771
f 369 2215 849
f 395 2288 875
f 354 2166 834
f 345 2143 825
f 297 1999 777
f 363 2197 843
f 270 1914 750
f 234 1806 714
f 227 1787 707
f 239 1823 719
f 245 1841 725
f 252 1860 732
f 275 1931 755
f 334 2108 814
f 304 2018 784
f 377 2234 857
f 382 2255 862
f 312 2040 792
f 279 1945 759
f 316 2057 796
f 323 2075 803
f 330 2094 810
f 335 2111 815
f 305 2021 785
f 376 2237 856
f 383 2252 863
f 274 1928 754
f 232 1812 712
f 225 1791 705
f 237 1827 717
f 243 1845 723
f 250 1866 730
f 273 1935 753
f 336 2118 816
f 306 2028 786
f 378 2246 858
f 381 2259 861
f 311 2048 791
f 281 1953 761
f 315 2061 795
f 321 2079 801
f 328 2100 808
f 333 2115 813
f 303 2025 783
f 375 2241 855
f 384 2264 864
f 276 1938 756
f 229 1802 709
f 223 1783 703
f 235 1819 715
f 241 1837 721
f 247 1856 727
f 271 1927 751
f 332 2112 812
f 302 2022 782
f 374 2238 854
f 379 2251 859
f 307 2036 787
f 278 1949 758
f 313 2053 793
f 319 2071 799
f 325 2090 805
f 331 2107 811
f 301 2017 781
f 373 2233 853
f 380 2256 860
f 272 1932 752
f 248 1859 728
f 230 1805 710
f 224 1788 704
f 236 1824 716
f 242 1842 722
f 254 1878 734
f 356 2184 836
f 397 2306 877
f 385 2270 865
f 259 1892 739
f 326 2093 806
f 308 2039 788
f 277 1946 757
f 314 2058 794
f 320 2076 800
f 338 2130 818
f 284 1968 764
f 289 1982 769
f 367 2216 847
f 391 2287 871
f 355 2179 835
f 253 1873 733
f 260 1895 740
f 386 2273 866
f 398 2309 878
f 350 2165 830
f 343 2144 823
f 295 2000 775
f 361 2198 841
f 266 1913 746
f 337 2125 817
f 283 1963 763
f 290 1985 770
f 368 2219 848
f 392 2292 872
f 349 2162 829
f 344 2147 824
f 296 2003 776
f 362 2201 842
f 265 1910 745
f 251 1863 731
f 233 1809 713
f 228 1794 708
f 240 1830 720
f 246 1848 726
f 258 1886 738
f 360 2192 840
f 401 2318 881
f 389 2282 869
f 263 1904 743
f 329 2097 809
f 310 2043 790
f 280 1956 760
f 318 2066 798
f 324 2082 804
f 342 2138 822
f 288 1974 768
f 292 1992 772
f 371 2228 851
f 393 2295 873
f 409 2331 1269
f 405 2327 1245
f 411 2328 1252
f 414 2334 1288
f 417 2337 1306
f 431 2346 1336
f 488 2412 1551
f 575 2499 1473
f 563 2487 1599
f 519 2436 1354
f 454 2376 1479
f 450 2372 1401
f 456 2373 1408
f 459 2379 1492
f 462 2382 1504
f 472 2396 1533
f 446 2361 1414
f 506 2418 1444
f 535 2457 1594
f 541 2463 1383
f 570 2492 1323
f 480 2402 1275
f 421 2343 1263
f 511 2433 1299
f 556 2478 1317
f 484 2406 1341
f 580 2502 1564
f 567 2484 1462
f 522 2442 1588
f 427 2349 1347
f 544 2468 1521
f 468 2387 1420
f 436 2358 1395
f 499 2421 1497
f 530 2454 1515
f 548 2472 1557
f 466 2388 1425
f 442 2364 1431
f 505 2426 1570
f 536 2448 1372
f 491 2403 1282
f 423 2342 1258
f 513 2432 1294
f 564 2477 1312
f 581 2493 1330
f 549 2462 1378
f 477 2397 1540
f 445 2367 1449
f 503 2427 1575
f 525 2447 1365
f 474 2391 1486
f 438 2357 1390
f 495 2417 1437
f 532 2453 1510
f 552 2469 1528
f 490 2411 1546
f 577 2498 1468
f 559 2483 1455
f 517 2441 1581
f 430 2352 1359
f 590 2509 1272
f 584 2503 1248
f 585 2506 1253
f 592 2512 1289
f 595 2515 1307
f 598 2518 1337
f 636 2555 1554
f 621 2541 1476
f 642 2562 1602
f 601 2522 1355
f 623 2542 1482
f 611 2528 1404
f 609 2531 1409
f 625 2545 1493
f 628 2548 1505
f 632 2551 1536
f 613 2533 1415
f 616 2537 1445
f 638 2559 1595
f 606 2526 1386
f 407 1616 909
f 403 1608 891
f 404 1606 886
f 410 1612 898
f 413 1615 904
f 422 1624 922
f 486 1692 1060
f 573 1782 1240
f 561 1765 1204
f 512 1714 1102
f 452 1661 999
f 448 1653 981
f 449 1651 976
f 455 1657 988
f 458 1660 994
f 470 1675 1024
f 437 1639 952
f 494 1696 1066
f 531 1733 1138
f 539 1751 1179
f 568 1779 1233
f 478 1683 1041
f 419 1626 927
f 509 1721 1119
f 554 1766 1209
f 482 1689 1053
f 576 1778 1228
f 558 1760 1192
f 516 1718 1108
f 425 1629 933
f 542 1747 1167
f 463 1665 1005
f 434 1641 957
f 497 1704 1083
f 528 1737 1150
f 546 1750 1174
f 464 1676 1029
f 440 1644 963
f 500 1702 1077
f 524 1726 1126
f 479 1681 1036
f 418 1620 915
f 508 1710 1095
f 553 1755 1185
f 569 1771 1216
f 538 1740 1155
f 471 1673 1018
f 443 1647 970
f 501 1707 1090
f 523 1734 1143
f 467 1669 1012
f 433 1635 945
f 493 1698 1071
f 527 1729 1131
f 543 1745 1162
f 485 1687 1047
f 572 1774 1221
f 557 1762 1197
f 515 1720 1114
f 428 1632 940
f 591 2189 1284
f 587 1883 1260
f 588 1903 1296
f 594 2281 1314
f 597 2317 1332
f 600 2173 1380
f 634 2158 1542
f 619 2012 1451
f 639 2210 1577
f 602 1924 1367
f 624 2135 1488
f 608 1973 1392
f 610 1996 1439
f 627 2227 1512
f 630 2304 1530
f 635 2176 1548
f 615 2155 1470
f 617 2014 1457
f 637 2212 1583
f 604 1922 1361
f 416 1864 1270
f 408 1810 1246
f 406 1795 1251
f 412 1831 1287
f 415 1849 1305
f 424 1887 1335
f 492 2193 1552
f 582 2321 1474
f 565 2285 1600
f 514 1907 1353
f 461 2098 1480
f 453 2044 1402
f 451 1961 1407
f 457 2067 1491
f 460 2083 1503
f 475 2139 1534
f 439 1975 1413
f 496 1997 1443
f 533 2231 1593
f 551 2298 1384
f 579 2190 1324
f 483 1884 1276
f 426 1900 1264
f 521 2278 1300
f 566 2314 1318
f 489 2170 1342
f 578 2159 1563
f 560 2015 1461
f 518 2213 1587
f 429 1918 1348
f 547 2136 1522
f 465 1977 1419
f 441 1990 1396
f 504 2224 1498
f 537 2301 1516
f 550 2177 1558
f 476 2152 1426
f 444 2008 1432
f 502 2206 1569
f 526 1925 1371
f 481 1817 1281
f 420 1797 1257
f 510 1833 1293
f 555 1851 1311
f 571 1871 1329
f 540 1941 1377
f 473 2119 1539
f 447 2029 1450
f 507 2247 1576
f 534 2262 1366
f 469 2051 1485
f 435 1954 1389
f 498 2064 1438
f 529 2085 1509
f 545 2105 1527
f 487 2121 1545
f 574 2031 1467
f 562 2244 1456
f 520 2265 1582
f 432 1939 1360
f 589 1814 1271
f 583 1793 1247
f 586 1829 1254
f 593 1847 1290
f 596 1868 1308
f 599 1937 1338
f 633 2124 1553
f 620 2034 1475
f 640 2250 1601
f 603 2261 1356
f 622 2050 1481
f 607 1960 1403
f 612 2063 1410
f 626 2081 1494
f 629 2102 1506
f 631 2117 1535
f 614 2027 1416
f 618 2243 1446
f 641 2268 1596
f 605 1944 1385
f 409 1804 894
f 405 1785 887
f 411 1821 899
f 414 1839 905
f 417 1858 912
f 431 1929 941
f 488 2114 1050
f 575 2024 1224
f 563 2240 1200
f 519 2253 1115
f 454 2038 984
f 450 1951 977
f 456 2055 989
f 459 2073 995
f 462 2092 1002
f 472 2109 1019
f 446 2019 971
f 506 2235 1091
f 535 2258 1146
f 541 1934 1158
f 570 1861 1217
f 480 1807 1037
f 421 1790 918
f 511 1826 1098
f 556 1844 1188
f 484 1880 1044
f 580 2186 1236
f 567 2308 1212
f 522 2272 1122
f 427 1894 930
f 544 2095 1163
f 468 2041 1013
f 436 1948 948
f 499 2060 1074
f 530 2078 1134
f 548 2132 1170
f 466 1970 1008
f 442 1984 960
f 505 2218 1086
f 536 2289 1151
f 491 2181 1061
f 423 1875 923
f 513 1897 1103
f 564 2275 1205
f 581 2311 1241
f 549 2167 1175
f 477 2146 1032
f 445 2002 966
f 503 2200 1080
f 525 1915 1127
f 474 2127 1025
f 438 1965 953
f 495 1987 1067
f 532 2221 1139
f 552 2294 1182
f 490 2164 1056
f 577 2149 1229
f 559 2005 1193
f 517 2203 1109
f 430 1912 936
f 590 1870 1325
f 584 1816 1277
f 585 1800 1265
f 592 1836 1301
f 595 1854 1319
f 598 1890 1343
f 636 2196 1566
f 621 2320 1464
f 642 2284 1590
f 601 1906 1349
f 623 2104 1523
f 611 2047 1422
f 609 1958 1397
f 625 2070 1499
f 628 2088 1517
f 632 2142 1559
f 613 1980 1427
f 616 1994 1433
f 638 2230 1572
f 606 2297 1374
f 407 2329 892
f 403 2323 885
f 404 2326 897
f 410 2333 903
f 413 2336 910
f 422 2345 939
f 486 2409 1048
f 573 2496 1222
f 561 2485 1198
f 512 2435 1113
f 452 2374 982
f 448 2368 975
f 449 2371 987
f 455 2378 993
f 458 2381 1000
f 470 2392 1017
f 437 2360 969
f 494 2416 1089
f 531 2456 1144
f 539 2460 1156
f 568 2488 1215
f 478 2398 1035
f 419 2340 916
f 509 2430 1096
f 554 2475 1186
f 482 2404 1042
f 576 2501 1234
f 558 2482 1210
f 516 2440 1120
f 425 2347 928
f 542 2464 1161
f 463 2384 1011
f 434 2355 946
f 497 2419 1072
f 528 2451 1132
f 546 2470 1168
f 464 2385 1006
f 440 2362 958
f 500 2423 1084
f 524 2446 1149
f 479 2401 1059
f 418 2339 921
f 508 2429 1101
f 553 2474 1203
f 569 2491 1239
f 538 2459 1173
f 471 2395 1030
f 443 2365 964
f 501 2424 1078
f 523 2443 1125
f 467 2390 1023
f 433 2354 951
f 493 2413 1065
f 527 2450 1137
f 543 2467 1180
f 485 2408 1054
f 572 2495 1227
f 557 2479 1191
f 515 2437 1107
f 428 2350 934
f 591 2511 1326
f 587 2505 1278
f 588 2507 1266
f 594 2513 1302
f 597 2516 1320
f 600 2519 1344
f 634 2556 1565
f 619 2540 1463
f 639 2561 1589
f 602 2521 1350
f 624 2544 1524
f 608 2529 1421
f 610 2530 1398
f 627 2546 1500
f 630 2549 1518
f 635 2553 1560
f 615 2534 1428
f 617 2536 1434
f 637 2557 1571
f 604 2525 1373
f 164 1609 889
f 163 1605 883
f 165 1611 895
f 166 1614 901
f 167 1617 907
f 172 1631 937
f 190 1688 1045
f 219 1775 1219
f 215 1763 1195
f 201 1719 1111
f 179 1654 979
f 178 1650 973
f 180 1656 985
f 181 1659 991
f 182 1662 997
f 185 1672 1015
f 177 1646 967
f 197 1706 1087
f 206 1735 1141
f 208 1741 1153
f 218 1770 1213
f 188 1680 1033
f 168 1621 913
f 198 1711 1093
f 213 1756 1183
f 189 1684 1039
f 221 1780 1231
f 217 1767 1207
f 202 1722 1117
f 170 1627 925
f 209 1744 1159
f 184 1668 1009
f 173 1636 943
f 194 1699 1069
f 204 1730 1129
f 210 1748 1165
f 183 1666 1003
f 175 1642 955
f 196 1705 1081
f 207 1736 1147
f 192 1691 1057
f 169 1623 919
f 199 1713 1099
f 216 1764 1201
f 222 1781 1237
f 211 1749 1171
f 187 1677 1027
f 176 1645 961
f 195 1703 1075
f 203 1725 1123
f 186 1674 1021
f 174 1638 949
f 193 1695 1063
f 205 1732 1135
f 212 1752 1177
f 191 1690 1051
f 220 1777 1225
f 214 1759 1189
f 200 1717 1105
f 171 1630 931
f 358 2191 1322
f 256 1885 1274
f 261 1901 1262
f 387 2279 1298
f 399 2315 1316
f 351 2171 1340
f 348 2160 1561
f 300 2016 1459
f 366 2214 1585
f 267 1919 1346
f 340 2137 1520
f 287 1978 1417
f 291 1991 1394
f 369 2225 1496
f 395 2302 1514
f 354 2178 1556
f 345 2153 1424
f 297 2009 1430
f 363 2207 1567
f 270 1926 1369
f 247 1857 908
f 229 1803 890
f 223 1786 884
f 235 1822 896
f 241 1840 902
f 253 1876 920
f 355 2182 1058
f 398 2312 1238
f 386 2276 1202
f 260 1898 1100
f 325 2091 998
f 307 2037 980
f 278 1952 974
f 313 2056 986
f 319 2074 992
f 337 2128 1022
f 283 1966 950
f 290 1988 1064
f 368 2222 1136
f 392 2293 1178
f 356 2185 1232
f 254 1879 1040
f 259 1893 926
f 385 2271 1118
f 397 2307 1208
f 349 2163 1052
f 344 2150 1226
f 296 2006 1190
f 362 2204 1106
f 265 1911 932
f 338 2131 1166
f 284 1969 1004
f 289 1983 956
f 367 2217 1082
f 391 2290 1148
f 350 2168 1172
f 343 2145 1028
f 295 2001 962
f 361 2199 1076
f 266 1916 1124
f 230 1808 1034
f 224 1789 914
f 236 1825 1094
f 242 1843 1184
f 248 1862 1214
f 272 1933 1154
f 331 2110 1016
f 301 2020 968
f 373 2236 1088
f 380 2257 1142
f 308 2042 1010
f 277 1947 944
f 314 2059 1070
f 320 2077 1130
f 326 2096 1160
f 332 2113 1046
f 302 2023 1220
f 374 2239 1196
f 379 2254 1112
f 271 1930 938
f 234 1818 1279
f 227 1798 1255
f 239 1834 1291
f 245 1852 1309
f 252 1872 1327
f 275 1942 1375
f 334 2120 1537
f 304 2030 1448
f 377 2248 1574
f 382 2263 1364
f 312 2052 1483
f 279 1955 1387
f 316 2065 1436
f 323 2086 1507
f 330 2106 1525
f 335 2122 1543
f 305 2032 1465
f 376 2245 1454
f 383 2266 1580
f 274 1940 1358
f 232 1813 1267
f 225 1792 1243
f 237 1828 1250
f 243 1846 1286
f 250 1867 1304
f 273 1936 1334
f 336 2123 1549
f 306 2033 1471
f 378 2249 1597
f 381 2260 1352
f 311 2049 1477
f 281 1959 1399
f 315 2062 1406
f 321 2080 1490
f 328 2101 1502
f 333 2116 1531
f 303 2026 1412
f 375 2242 1442
f 384 2267 1592
f 276 1943 1381
f 251 1869 1321
f 233 1815 1273
f 228 1799 1261
f 240 1835 1297
f 246 1853 1315
f 258 1889 1339
f 360 2195 1562
f 401 2319 1460
f 389 2283 1586
f 263 1905 1345
f 329 2103 1519
f 310 2046 1418
f 280 1957 1393
f 318 2069 1495
f 324 2087 1513
f 342 2141 1555
f 288 1979 1423
f 292 1993 1429
f 371 2229 1568
f 393 2296 1370
f 357 2188 1280
f 255 1882 1256
f 262 1902 1292
f 388 2280 1310
f 400 2316 1328
f 352 2172 1376
f 347 2157 1538
f 298 2011 1447
f 364 2209 1573
f 269 1923 1363
f 339 2134 1484
f 285 1972 1388
f 293 1995 1435
f 370 2226 1508
f 396 2303 1526
f 353 2175 1544
f 346 2154 1466
f 299 2013 1453
f 365 2211 1579
f 268 1921 1357
f 249 1865 1268
f 231 1811 1244
f 226 1796 1249
f 238 1832 1285
f 244 1850 1303
f 257 1888 1333
f 359 2194 1550
f 402 2322 1472
f 390 2286 1598
f 264 1908 1351
f 327 2099 1478
f 309 2045 1400
f 282 1962 1405
f 317 2068 1489
f 322 2084 1501
f 341 2140 1532
f 286 1976 1411
f 294 1998 1441
f 372 2232 1591
f 394 2299 1382
f 416 2330 911
f 408 2324 893
f 406 2325 888
f 412 2332 900
f 415 2335 906
f 424 2344 924
f 492 2410 1062
f 582 2497 1242
f 565 2486 1206
f 514 2434 1104
f 461 2375 1001
f 453 2369 983
f 451 2370 978
f 457 2377 990
f 460 2380 996
f 475 2393 1026
f 439 2359 954
f 496 2415 1068
f 533 2455 1140
f 551 2461 1181
f 579 2489 1235
f 483 2399 1043
f 426 2341 929
f 521 2431 1121
f 566 2476 1211
f 489 2405 1055
f 578 2500 1230
f 560 2481 1194
f 518 2439 1110
f 429 2348 935
f 547 2465 1169
f 465 2383 1007
f 441 2356 959
f 504 2420 1085
f 537 2452 1152
f 550 2471 1176
f 476 2386 1031
f 444 2363 965
f 502 2422 1079
f 526 2445 1128
f 481 2400 1038
f 420 2338 917
f 510 2428 1097
f 555 2473 1187
f 571 2490 1218
f 540 2458 1157
f 473 2394 1020
f 447 2366 972
f 507 2425 1092
f 534 2444 1145
f 469 2389 1014
f 435 2353 947
f 498 2414 1073
f 529 2449 1133
f 545 2466 1164
f 487 2407 1049
f 574 2494 1223
f 562 2480 1199
f 520 2438 1116
f 432 2351 942
f 589 2510 1283
f 583 2504 1259
f 586 2508 1295
f 593 2514 1313
f 596 2517 1331
f 599 2520 1379
f 633 2554 1541
f 620 2539 1452
f 640 2560 1578
f 603 2523 1368
f 622 2543 1487
f 607 2527 1391
f 612 2532 1440
f 626 2547 1511
f 629 2550 1529
f 631 2552 1547
f 614 2535 1469
f 618 2538 1458
f 641 2558 1584
f 605 2524 1362
f 164 1607 1609
f 163 1603 1605
f 165 1604 1611
f 166 1610 1614
f 167 1613 1617
f 172 1622 1631
f 190 1686 1688
f 219 1773 1775
f 215 1761 1763
f 201 1712 1719
f 179 1652 1654
f 178 1648 1650
f 180 1649 1656
f 181 1655 1659
f 182 1658 1662
f 185 1670 1672
f 177 1637 1646
f 197 1694 1706
f 206 1731 1735
f 208 1739 1741
f 218 1768 1770
f 188 1678 1680
f 168 1619 1621
f 198 1709 1711
f 213 1754 1756
f 189 1682 1684
f 221 1776 1780
f 217 1758 1767
f 202 1716 1722
f 170 1625 1627
f 209 1742 1744
f 184 1663 1668
f 173 1634 1636
f 194 1697 1699
f 204 1728 1730
f 210 1746 1748
f 183 1664 1666
f 175 1640 1642
f 196 1700 1705
f 207 1724 1736
f 192 1679 1691
f 169 1618 1623
f 199 1708 1713
f 216 1753 1764
f 222 1769 1781
f 211 1738 1749
f 187 1671 1677
f 176 1643 1645
f 195 1701 1703
f 203 1723 1725
f 186 1667 1674
f 174 1633 1638
f 193 1693 1695
f 205 1727 1732
f 212 1743 1752
f 191 1685 1690
f 220 1772 1777
f 214 1757 1759
f 200 1715 1717
f 171 1628 1630
f 358 2187 2191
f 256 1881 1885
f 261 1899 1901
f 387 2277 2279
f 399 2313 2315
f 351 2169 2171
f 348 2156 2160
f 300 2010 2016
f 366 2208 2214
f 267 1917 1919
f 340 2133 2137
f 287 1971 1978
f 291 1989 1991
f 369 2223 2225
f 395 2300 2302
f 354 2174 2178
f 345 2151 2153
f 297 2007 2009
f 363 2205 2207
f 270 1920 1926
f 247 1855 1857
f 229 1801 1803
f 223 1784 1786
f 235 1820 1822
f 241 1838 1840
f 253 1874 1876
f 355 2180 2182
f 398 2310 2312
f 386 2274 2276
f 260 1896 1898
f 325 2089 2091
f 307 2035 2037
f 278 1950 1952
f 313 2054 2056
f 319 2072 2074
f 337 2126 2128
f 283 1964 1966
f 290 1986 1988
f 368 2220 2222
f 392 2291 2293
f 356 2183 2185
f 254 1877 1879
f 259 1891 1893
f 385 2269 2271
f 397 2305 2307
f 349 2161 2163
f 344 2148 2150
f 296 2004 2006
f 362 2202 2204
f 265 1909 1911
f 338 2129 2131
f 284 1967 1969
f 289 1981 1983
f 367 2215 2217
f 391 2288 2290
f 350 2166 2168
f 343 2143 2145
f 295 1999 2001
f 361 2197 2199
f 266 1914 1916
f 230 1806 1808
f 224 1787 1789
f 236 1823 1825
f 242 1841 1843
f 248 1860 1862
f 272 1931 1933
f 331 2108 2110
f 301 2018 2020
f 373 2234 2236
f 380 2255 2257
f 308 2040 2042
f 277 1945 1947
f 314 2057 2059
f 320 2075 2077
f 326 2094 2096
f 332 2111 2113
f 302 2021 2023
f 374 2237 2239
f 379 2252 2254
f 271 1928 1930
f 234 1812 1818
f 227 1791 1798
f 239 1827 1834
f 245 1845 1852
f 252 1866 1872
f 275 1935 1942
f 334 2118 2120
f 304 2028 2030
f 377 2246 2248
f 382 2259 2263
f 312 2048 2052
f 279 1953 1955
f 316 2061 2065
f 323 2079 2086
f 330 2100 2106
f 335 2115 2122
f 305 2025 2032
f 376 2241 2245
f 383 2264 2266
f 274 1938 1940
f 232 1802 1813
f 225 1783 1792
f 237 1819 1828
f 243 1837 1846
f 250 1856 1867
f 273 1927 1936
f 336 2112 2123
f 306 2022 2033
f 378 2238 2249
f 381 2251 2260
f 311 2036 2049
f 281 1949 1959
f 315 2053 2062
f 321 2071 2080
f 328 2090 2101
f 333 2107 2116
f 303 2017 2026
f 375 2233 2242
f 384 2256 2267
f 276 1932 1943
f 251 1859 1869
f 233 1805 1815
f 228 1788 1799
f 240 1824 1835
f 246 1842 1853
f 258 1878 1889
f 360 2184 2195
f 401 2306 2319
f 389 2270 2283
f 263 1892 1905
f 329 2093 2103
f 310 2039 2046
f 280 1946 1957
f 318 2058 2069
f 324 2076 2087
f 342 2130 2141
f 288 1968 1979
f 292 1982 1993
f 371 2216 2229
f 393 2287 2296
f 357 2179 2188
f 255 1873 1882
f 262 1895 1902
f 388 2273 2280
f 400 2309 2316
f 352 2165 2172
f 347 2144 2157
f 298 2000 2011
f 364 2198 2209
f 269 1913 1923
f 339 2125 2134
f 285 1963 1972
f 293 1985 1995
f 370 2219 2226
f 396 2292 2303
f 353 2162 2175
f 346 2147 2154
f 299 2003 2013
f 365 2201 2211
f 268 1910 1921
f 249 1863 1865
f 231 1809 1811
f 226 1794 1796
f 238 1830 1832
f 244 1848 1850
f 257 1886 1888
f 359 2192 2194
f 402 2318 2322
f 390 2282 2286
f 264 1904 1908
f 327 2097 2099
f 309 2043 2045
f 282 1956 1962
f 317 2066 2068
f 322 2082 2084
f 341 2138 2140
f 286 1974 1976
f 294 1992 1998
f 372 2228 2232
f 394 2295 2299
f 416 2331 2330
f 408 2327 2324
f 406 2328 2325
f 412 2334 2332
f 415 2337 2335
f 424 2346 2344
f 492 2412 2410
f 582 2499 2497
f 565 2487 2486
f 514 2436 2434
f 461 2376 2375
f 453 2372 2369
f 451 2373 2370
f 457 2379 2377
f 460 2382 2380
f 475 2396 2393
f 439 2361 2359
f 496 2418 2415
f 533 2457 2455
f 551 2463 2461
f 579 2492 2489
f 483 2402 2399
f 426 2343 2341
f 521 2433 2431
f 566 2478 2476
f 489 2406 2405
f 578 2502 2500
f 560 2484 2481
f 518 2442 2439
f 429 2349 2348
f 547 2468 2465
f 465 2387 2383
f 441 2358 2356
f 504 2421 2420
f 537 2454 2452
f 550 2472 2471
f 476 2388 2386
f 444 2364 2363
f 502 2426 2422
f 526 2448 2445
f 481 2403 2400
f 420 2342 2338
f 510 2432 2428
f 555 2477 2473
f 571 2493 2490
f 540 2462 2458
f 473 2397 2394
f 447 2367 2366
f 507 2427 2425
f 534 2447 2444
f 469 2391 2389
f 435 2357 2353
f 498 2417 2414
f 529 2453 2449
f 545 2469 2466
f 487 2411 2407
f 574 2498 2494
f 562 2483 2480
f 520 2441 2438
f 432 2352 2351
f 589 2509 2510
f 583 2503 2504
f 586 2506 2508
f 593 2512 2514
f 596 2515 2517
f 599 2518 2520
f 633 2555 2554
f 620 2541 2539
f 640 2562 2560
f 603 2522 2523
f 622 2542 2543
f 607 2528 2527
f 612 2531 2532
f 626 2545 2547
f 629 2548 2550
f 631 2551 2552
f 614 2533 2535
f 618 2537 2538
f 641 2559 2558
f 605 2526 2524
f 164 644 1607
f 163 643 1603
f 165 645 1604
f 166 646 1610
f 167 647 1613
f 172 652 1622
f 190 670 1686
f 219 699 1773
f 215 695 1761
f 201 681 1712
f 179 659 1652
f 178 658 1648
f 180 660 1649
f 181 661 1655
f 182 662 1658
f 185 665 1670
f 177 657 1637
f 197 677 1694
f 206 686 1731
f 208 688 1739
f 218 698 1768
f 188 668 1678
f 168 648 1619
f 198 678 1709
f 213 693 1754
f 189 669 1682
f 221 701 1776
f 217 697 1758
f 202 682 1716
f 170 650 1625
f 209 689 1742
f 184 664 1663
f 173 653 1634
f 194 674 1697
f 204 684 1728
f 210 690 1746
f 183 663 1664
f 175 655 1640
f 196 676 1700
f 207 687 1724
f 192 672 1679
f 169 649 1618
f 199 679 1708
f 216 696 1753
f 222 702 1769
f 211 691 1738
f 187 667 1671
f 176 656 1643
f 195 675 1701
f 203 683 1723
f 186 666 1667
f 174 654 1633
f 193 673 1693
f 205 685 1727
f 212 692 1743
f 191 671 1685
f 220 700 1772
f 214 694 1757
f 200 680 1715
f 171 651 1628
f 358 838 2187
f 256 736 1881
f 261 741 1899
f 387 867 2277
f 399 879 2313
f 351 831 2169
f 348 828 2156
f 300 780 2010
f 366 846 2208
f 267 747 1917
f 340 820 2133
f 287 767 1971
f 291 771 1989
f 369 849 2223
f 395 875 2300
f 354 834 2174
f 345 825 2151
f 297 777 2007
f 363 843 2205
f 270 750 1920
f 247 727 1855
f 229 709 1801
f 223 703 1784
f 235 715 1820
f 241 721 1838
f 253 733 1874
f 355 835 2180
f 398 878 2310
f 386 866 2274
f 260 740 1896
f 325 805 2089
f 307 787 2035
f 278 758 1950
f 313 793 2054
f 319 799 2072
f 337 817 2126
f 283 763 1964
f 290 770 1986
f 368 848 2220
f 392 872 2291
f 356 836 2183
f 254 734 1877
f 259 739 1891
f 385 865 2269
f 397 877 2305
f 349 829 2161
f 344 824 2148
f 296 776 2004
f 362 842 2202
f 265 745 1909
f 338 818 2129
f 284 764 1967
f 289 769 1981
f 367 847 2215
f 391 871 2288
f 350 830 2166
f 343 823 2143
f 295 775 1999
f 361 841 2197
f 266 746 1914
f 230 710 1806
f 224 704 1787
f 236 716 1823
f 242 722 1841
f 248 728 1860
f 272 752 1931
f 331 811 2108
f 301 781 2018
f 373 853 2234
f 380 860 2255
f 308 788 2040
f 277 757 1945
f 314 794 2057
f 320 800 2075
f 326 806 2094
f 332 812 2111
f 302 782 2021
f 374 854 2237
f 379 859 2252
f 271 751 1928
f 234 714 1812
f 227 707 1791
f 239 719 1827
f 245 725 1845
f 252 732 1866
f 275 755 1935
f 334 814 2118
f 304 784 2028
f 377 857 2246
f 382 862 2259
f 312 792 2048
f 279 759 1953
f 316 796 2061
f 323 803 2079
f 330 810 2100
f 335 815 2115
f 305 785 2025
f 376 856 2241
f 383 863 2264
f 274 754 1938
f 232 712 1802
f 225 705 1783
f 237 717 1819
f 243 723 1837
f 250 730 1856
f 273 753 1927
f 336 816 2112
f 306 786 2022
f 378 858 2238
f 381 861 2251
f 311 791 2036
f 281 761 1949
f 315 795 2053
f 321 801 2071
f 328 808 2090
f 333 813 2107
f 303 783 2017
f 375 855 2233
f 384 864 2256
f 276 756 1932
f 251 731 1859
f 233 713 1805
f 228 708 1788
f 240 720 1824
f 246 726 1842
f 258 738 1878
f 360 840 2184
f 401 881 2306
f 389 869 2270
f 263 743 1892
f 329 809 2093
f 310 790 2039
f 280 760 1946
f 318 798 2058
f 324 804 2076
f 342 822 2130
f 288 768 1968
f 292 772 1982
f 371 851 2216
f 393 873 2287
f 357 837 2179
f 255 735 1873
f 262 742 1895
f 388 868 2273
f 400 880 2309
f 352 832 2165
f 347 827 2144
f 298 778 2000
f 364 844 2198
f 269 749 1913
f 339 819 2125
f 285 765 1963
f 293 773 1985
f 370 850 2219
f 396 876 2292
f 353 833 2162
f 346 826 2147
f 299 779 2003
f 365 845 2201
f 268 748 1910
f 249 729 1863
f 231 711 1809
f 226 706 1794
f 238 718 1830
f 244 724 1848
f 257 737 1886
f 359 839 2192
f 402 882 2318
f 390 870 2282
f 264 744 1904
f 327 807 2097
f 309 789 2043
f 282 762 1956
f 317 797 2066
f 322 802 2082
f 341 821 2138
f 286 766 1974
f 294 774 1992
f 372 852 2228
f 394 874 2295
f 416 1270 2331
f 408 1246 2327
f 406 1251 2328
f 412 1287 2334
f 415 1305 2337
f 424 1335 2346
f 492 1552 2412
f 582 1474 2499
f 565 1600 2487
f 514 1353 2436
f 461 1480 2376
f 453 1402 2372
f 451 1407 2373
f 457 1491 2379
f 460 1503 2382
f 475 1534 2396
f 439 1413 2361
f 496 1443 2418
f 533 1593 2457
f 551 1384 2463
f 579 1324 2492
f 483 1276 2402
f 426 1264 2343
f 521 1300 2433
f 566 1318 2478
f 489 1342 2406
f 578 1563 2502
f 560 1461 2484
f 518 1587 2442
f 429 1348 2349
f 547 1522 2468
f 465 1419 2387
f 441 1396 2358
f 504 1498 2421
f 537 1516 2454
f 550 1558 2472
f 476 1426 2388
f 444 1432 2364
f 502 1569 2426
f 526 1371 2448
f 481 1281 2403
f 420 1257 2342
f 510 1293 2432
f 555 1311 2477
f 571 1329 2493
f 540 1377 2462
f 473 1539 2397
f 447 1450 2367
f 507 1576 2427
f 534 1366 2447
f 469 1485 2391
f 435 1389 2357
f 498 1438 2417
f 529 1509 2453
f 545 1527 2469
f 487 1545 2411
f 574 1467 2498
f 562 1456 2483
f 520 1582 2441
f 432 1360 2352
f 589 1271 2509
f 583 1247 2503
f 586 1254 2506
f 593 1290 2512
f 596 1308 2515
f 599 1338 2518
f 633 1553 2555
f 620 1475 2541
f 640 1601 2562
f 603 1356 2522
f 622 1481 2542
f 607 1403 2528
f 612 1410 2531
f 626 1494 2545
f 629 1506 2548
f 631 1535 2551
f 614 1416 2533
f 618 1446 2537
f 641 1596 2559
f 605 1385 2526
f 167 907 1616
f 164 889 1608
f 163 883 1606
f 165 895 1612
f 166 901 1615
f 169 919 1624
f 192 1057 1692
f 222 1237 1782
f 216 1201 1765
f 199 1099 1714
f 182 997 1661
f 179 979 1653
f 178 973 1651
f 180 985 1657
f 181 991 1660
f 186 1021 1675
f 174 949 1639
f 193 1063 1696
f 205 1135 1733
f 212 1177 1751
f 221 1231 1779
f 189 1039 1683
f 170 925 1626
f 202 1117 1721
f 217 1207 1766
f 191 1051 1689
f 220 1225 1778
f 214 1189 1760
f 200 1105 1718
f 171 931 1629
f 210 1165 1747
f 183 1003 1665
f 175 955 1641
f 196 1081 1704
f 207 1147 1737
f 211 1171 1750
f 187 1027 1676
f 176 961 1644
f 195 1075 1702
f 203 1123 1726
f 188 1033 1681
f 168 913 1620
f 198 1093 1710
f 213 1183 1755
f 218 1213 1771
f 208 1153 1740
f 185 1015 1673
f 177 967 1647
f 197 1087 1707
f 206 1141 1734
f 184 1009 1669
f 173 943 1635
f 194 1069 1698
f 204 1129 1729
f 209 1159 1745
f 190 1045 1687
f 219 1219 1774
f 215 1195 1762
f 201 1111 1720
f 172 937 1632
f 357 1280 2189
f 255 1256 1883
f 262 1292 1903
f 388 1310 2281
f 400 1328 2317
f 352 1376 2173
f 347 1538 2158
f 298 1447 2012
f 364 1573 2210
f 269 1363 1924
f 339 1484 2135
f 285 1388 1973
f 293 1435 1996
f 370 1508 2227
f 396 1526 2304
f 353 1544 2176
f 346 1466 2155
f 299 1453 2014
f 365 1579 2212
f 268 1357 1922
f 249 1268 1864
f 231 1244 1810
f 226 1249 1795
f 238 1285 1831
f 244 1303 1849
f 257 1333 1887
f 359 1550 2193
f 402 1472 2321
f 390 1598 2285
f 264 1351 1907
f 327 1478 2098
f 309 1400 2044
f 282 1405 1961
f 317 1489 2067
f 322 1501 2083
f 341 1532 2139
f 286 1411 1975
f 294 1441 1997
f 372 1591 2231
f 394 1382 2298
f 358 1322 2190
f 256 1274 1884
f 261 1262 1900
f 387 1298 2278
f 399 1316 2314
f 351 1340 2170
f 348 1561 2159
f 300 1459 2015
f 366 1585 2213
f 267 1346 1918
f 340 1520 2136
f 287 1417 1977
f 291 1394 1990
f 369 1496 2224
f 395 1514 2301
f 354 1556 2177
f 345 1424 2152
f 297 1430 2008
f 363 1567 2206
f 270 1369 1925
f 234 1279 1817
f 227 1255 1797
f 239 1291 1833
f 245 1309 1851
f 252 1327 1871
f 275 1375 1941
f 334 1537 2119
f 304 1448 2029
f 377 1574 2247
f 382 1364 2262
f 312 1483 2051
f 279 1387 1954
f 316 1436 2064
f 323 1507 2085
f 330 1525 2105
f 335 1543 2121
f 305 1465 2031
f 376 1454 2244
f 383 1580 2265
f 274 1358 1939
f 232 1267 1814
f 225 1243 1793
f 237 1250 1829
f 243 1286 1847
f 250 1304 1868
f 273 1334 1937
f 336 1549 2124
f 306 1471 2034
f 378 1597 2250
f 381 1352 2261
f 311 1477 2050
f 281 1399 1960
f 315 1406 2063
f 321 1490 2081
f 328 1502 2102
f 333 1531 2117
f 303 1412 2027
f 375 1442 2243
f 384 1592 2268
f 276 1381 1944
f 229 890 1804
f 223 884 1785
f 235 896 1821
f 241 902 1839
f 247 908 1858
f 271 938 1929
f 332 1046 2114
f 302 1220 2024
f 374 1196 2240
f 379 1112 2253
f 307 980 2038
f 278 974 1951
f 313 986 2055
f 319 992 2073
f 325 998 2092
f 331 1016 2109
f 301 968 2019
f 373 1088 2235
f 380 1142 2258
f 272 1154 1934
f 248 1214 1861
f 230 1034 1807
f 224 914 1790
f 236 1094 1826
f 242 1184 1844
f 254 1040 1880
f 356 1232 2186
f 397 1208 2308
f 385 1118 2272
f 259 926 1894
f 326 1160 2095
f 308 1010 2041
f 277 944 1948
f 314 1070 2060
f 320 1130 2078
f 338 1166 2132
f 284 1004 1970
f 289 956 1984
f 367 1082 2218
f 391 1148 2289
f 355 1058 2181
f 253 920 1875
f 260 1100 1897
f 386 1202 2275
f 398 1238 2311
f 350 1172 2167
f 343 1028 2146
f 295 962 2002
f 361 1076 2200
f 266 1124 1915
f 337 1022 2127
f 283 950 1965
f 290 1064 1987
f 368 1136 2221
f 392 1178 2294
f 349 1052 2164
f 344 1226 2149
f 296 1190 2005
f 362 1106 2203
f 265 932 1912
f 251 1321 1870
f 233 1273 1816
f 228 1261 1800
f 240 1297 1836
f 246 1315 1854
f 258 1339 1890
f 360 1562 2196
f 401 1460 2320
f 389 1586 2284
f 263 1345 1906
f 329 1519 2104
f 310 1418 2047
f 280 1393 1958
f 318 1495 2070
f 324 1513 2088
f 342 1555 2142
f 288 1423 1980
f 292 1429 1994
f 371 1568 2230
f 393 1370 2297
f 409 894 2329
f 405 887 2323
f 411 899 2326
f 414 905 2333
f 417 912 2336
f 431 941 2345
f 488 1050 2409
f 575 1224 2496
f 563 1200 2485
f 519 1115 2435
f 454 984 2374
f 450 977 2368
f 456 989 2371
f 459 995 2378
f 462 1002 2381
f 472 1019 2392
f 446 971 2360
f 506 1091 2416
f 535 1146 2456
f 541 1158 2460
f 570 1217 2488
f 480 1037 2398
f 421 918 2340
f 511 1098 2430
f 556 1188 2475
f 484 1044 2404
f 580 1236 2501
f 567 1212 2482
f 522 1122 2440
f 427 930 2347
f 544 1163 2464
f 468 1013 2384
f 436 948 2355
f 499 1074 2419
f 530 1134 2451
f 548 1170 2470
f 466 1008 2385
f 442 960 2362
f 505 1086 2423
f 536 1151 2446
f 491 1061 2401
f 423 923 2339
f 513 1103 2429
f 564 1205 2474
f 581 1241 2491
f 549 1175 2459
f 477 1032 2395
f 445 966 2365
f 503 1080 2424
f 525 1127 2443
f 474 1025 2390
f 438 953 2354
f 495 1067 2413
f 532 1139 2450
f 552 1182 2467
f 490 1056 2408
f 577 1229 2495
f 559 1193 2479
f 517 1109 2437
f 430 936 2350
f 590 1325 2511
f 584 1277 2505
f 585 1265 2507
f 592 1301 2513
f 595 1319 2516
f 598 1343 2519
f 636 1566 2556
f 621 1464 2540
f 642 1590 2561
f 601 1349 2521
f 623 1523 2544
f 611 1422 2529
f 609 1397 2530
f 625 1499 2546
f 628 1517 2549
f 632 1559 2553
f 613 1427 2534
f 616 1433 2536
f 638 1572 2557
f 606 1374 2525
f 407 892 1609
f 403 885 1605
f 404 897 1611
f 410 903 1614
f 413 910 1617
f 422 939 1631
f 486 1048 1688
f 573 1222 1775
f 561 1198 1763
f 512 1113 1719
f 452 982 1654
f 448 975 1650
f 449 987 1656
f 455 993 1659
f 458 1000 1662
f 470 1017 1672
f 437 969 1646
f 494 1089 1706
f 531 1144 1735
f 539 1156 1741
f 568 1215 1770
f 478 1035 1680
f 419 916 1621
f 509 1096 1711
f 554 1186 1756
f 482 1042 1684
f 576 1234 1780
f 558 1210 1767
f 516 1120 1722
f 425 928 1627
f 542 1161 1744
f 463 1011 1668
f 434 946 1636
f 497 1072 1699
f 528 1132 1730
f 546 1168 1748
f 464 1006 1666
f 440 958 1642
f 500 1084 1705
f 524 1149 1736
f 479 1059 1691
f 418 921 1623
f 508 1101 1713
f 553 1203 1764
f 569 1239 1781
f 538 1173 1749
f 471 1030 1677
f 443 964 1645
f 501 1078 1703
f 523 1125 1725
f 467 1023 1674
f 433 951 1638
f 493 1065 1695
f 527 1137 1732
f 543 1180 1752
f 485 1054 1690
f 572 1227 1777
f 557 1191 1759
f 515 1107 1717
f 428 934 1630
f 591 1326 2191
f 587 1278 1885
f 588 1266 1901
f 594 1302 2279
f 597 1320 2315
f 600 1344 2171
f 634 1565 2160
f 619 1463 2016
f 639 1589 2214
f 602 1350 1919
f 624 1524 2137
f 608 1421 1978
f 610 1398 1991
f 627 1500 2225
f 630 1518 2302
f 635 1560 2178
f 615 1428 2153
f 617 1434 2009
f 637 1571 2207
f 604 1373 1926
f 416 911 1857
f 408 893 1803
f 406 888 1786
f 412 900 1822
f 415 906 1840
f 424 924 1876
f 492 1062 2182
f 582 1242 2312
f 565 1206 2276
f 514 1104 1898
f 461 1001 2091
f 453 983 2037
f 451 978 1952
f 457 990 2056
f 460 996 2074
f 475 1026 2128
f 439 954 1966
f 496 1068 1988
f 533 1140 2222
f 551 1181 2293
f 579 1235 2185
f 483 1043 1879
f 426 929 1893
f 521 1121 2271
f 566 1211 2307
f 489 1055 2163
f 578 1230 2150
f 560 1194 2006
f 518 1110 2204
f 429 935 1911
f 547 1169 2131
f 465 1007 1969
f 441 959 1983
f 504 1085 2217
f 537 1152 2290
f 550 1176 2168
f 476 1031 2145
f 444 965 2001
f 502 1079 2199
f 526 1128 1916
f 481 1038 1808
f 420 917 1789
f 510 1097 1825
f 555 1187 1843
f 571 1218 1862
f 540 1157 1933
f 473 1020 2110
f 447 972 2020
f 507 1092 2236
f 534 1145 2257
f 469 1014 2042
f 435 947 1947
f 498 1073 2059
f 529 1133 2077
f 545 1164 2096
f 487 1049 2113
f 574 1223 2023
f 562 1199 2239
f 520 1116 2254
f 432 942 1930
f 589 1283 1818
f 583 1259 1798
f 586 1295 1834
f 593 1313 1852
f 596 1331 1872
f 599 1379 1942
f 633 1541 2120
f 620 1452 2030
f 640 1578 2248
f 603 1368 2263
f 622 1487 2052
f 607 1391 1955
f 612 1440 2065
f 626 1511 2086
f 629 1529 2106
f 631 1547 2122
f 614 1469 2032
f 618 1458 2245
f 641 1584 2266
f 605 1362 1940
f 409 1269 1813
f 405 1245 1792
f 411 1252 1828
f 414 1288 1846
f 417 1306 1867
f 431 1336 1936
f 488 1551 2123
f 575 1473 2033
f 563 1599 2249
f 519 1354 2260
f 454 1479 2049
f 450 1401 1959
f 456 1408 2062
f 459 1492 2080
f 462 1504 2101
f 472 1533 2116
f 446 1414 2026
f 506 1444 2242
f 535 1594 2267
f 541 1383 1943
f 570 1323 1869
f 480 1275 1815
f 421 1263 1799
f 511 1299 1835
f 556 1317 1853
f 484 1341 1889
f 580 1564 2195
f 567 1462 2319
f 522 1588 2283
f 427 1347 1905
f 544 1521 2103
f 468 1420 2046
f 436 1395 1957
f 499 1497 2069
f 530 1515 2087
f 548 1557 2141
f 466 1425 1979
f 442 1431 1993
f 505 1570 2229
f 536 1372 2296
f 491 1282 2188
f 423 1258 1882
f 513 1294 1902
f 564 1312 2280
f 581 1330 2316
f 549 1378 2172
f 477 1540 2157
f 445 1449 2011
f 503 1575 2209
f 525 1365 1923
f 474 1486 2134
f 438 1390 1972
f 495 1437 1995
f 532 1510 2226
f 552 1528 2303
f 490 1546 2175
f 577 1468 2154
f 559 1455 2013
f 517 1581 2211
f 430 1359 1921
f 590 1272 1865
f 584 1248 1811
f 585 1253 1796
f 592 1289 1832
f 595 1307 1850
f 598 1337 1888
f 636 1554 2194
f 621 1476 2322
f 642 1602 2286
f 601 1355 1908
f 623 1482 2099
f 611 1404 2045
f 609 1409 1962
f 625 1493 2068
f 628 1505 2084
f 632 1536 2140
f 613 1415 1976
f 616 1445 1998
f 638 1595 2232
f 606 1386 2299
f 407 909 2330
f 403 891 2324
f 404 886 2325
f 410 898 2332
f 413 904 2335
f 422 922 2344
f 486 1060 2410
f 573 1240 2497
f 561 1204 2486
f 512 1102 2434
f 452 999 2375
f 448 981 2369
f 449 976 2370
f 455 988 2377
f 458 994 2380
f 470 1024 2393
f 437 952 2359
f 494 1066 2415
f 531 1138 2455
f 539 1179 2461
f 568 1233 2489
f 478 1041 2399
f 419 927 2341
f 509 1119 2431
f 554 1209 2476
f 482 1053 2405
f 576 1228 2500
f 558 1192 2481
f 516 1108 2439
f 425 933 2348
f 542 1167 2465
f 463 1005 2383
f 434 957 2356
f 497 1083 2420
f 528 1150 2452
f 546 1174 2471
f 464 1029 2386
f 440 963 2363
f 500 1077 2422
f 524 1126 2445
f 479 1036 2400
f 418 915 2338
f 508 1095 2428
f 553 1185 2473
f 569 1216 2490
f 538 1155 2458
f 471 1018 2394
f 443 970 2366
f 501 1090 2425
f 523 1143 2444
f 467 1012 2389
f 433 945 2353
f 493 1071 2414
f 527 1131 2449
f 543 1162 2466
f 485 1047 2407
f 572 1221 2494
f 557 1197 2480
f 515 1114 2438
f 428 940 2351
f 591 1284 2510
f 587 1260 2504
f 588 1296 2508
f 594 1314 2514
f 597 1332 2517
f 600 1380 2520
f 634 1542 2554
f 619 1451 2539
f 639 1577 2560
f 602 1367 2523
f 624 1488 2543
f 608 1392 2527
f 610 1439 2532
f 627 1512 2547
f 630 1530 2550
f 635 1548 2552
f 615 1470 2535
f 617 1457 2538
f 637 1583 2558
f 604 1361 2524
f 167 1616 1607
f 164 1608 1603
f 163 1606 1604
f 165 1612 1610
f 166 1615 1613
f 169 1624 1622
f 192 1692 1686
f 222 1782 1773
f 216 1765 1761
f 199 1714 1712
f 182 1661 1652
f 179 1653 1648
f 178 1651 1649
f 180 1657 1655
f 181 1660 1658
f 186 1675 1670
f 174 1639 1637
f 193 1696 1694
f 205 1733 1731
f 212 1751 1739
f 221 1779 1768
f 189 1683 1678
f 170 1626 1619
f 202 1721 1709
f 217 1766 1754
f 191 1689 1682
f 220 1778 1776
f 214 1760 1758
f 200 1718 1716
f 171 1629 1625
f 210 1747 1742
f 183 1665 1663
f 175 1641 1634
f 196 1704 1697
f 207 1737 1728
f 211 1750 1746
f 187 1676 1664
f 176 1644 1640
f 195 1702 1700
f 203 1726 1724
f 188 1681 1679
f 168 1620 1618
f 198 1710 1708
f 213 1755 1753
f 218 1771 1769
f 208 1740 1738
f 185 1673 1671
f 177 1647 1643
f 197 1707 1701
f 206 1734 1723
f 184 1669 1667
f 173 1635 1633
f 194 1698 1693
f 204 1729 1727
f 209 1745 1743
f 190 1687 1685
f 219 1774 1772
f 215 1762 1757
f 201 1720 1715
f 172 1632 1628
f 357 2189 2187
f 255 1883 1881
f 262 1903 1899
f 388 2281 2277
f 400 2317 2313
f 352 2173 2169
f 347 2158 2156
f 298 2012 2010
f 364 2210 2208
f 269 1924 1917
f 339 2135 2133
f 285 1973 1971
f 293 1996 1989
f 370 2227 2223
f 396 2304 2300
f 353 2176 2174
f 346 2155 2151
f 299 2014 2007
f 365 2212 2205
f 268 1922 1920
f 249 1864 1855
f 231 1810 1801
f 226 1795 1784
f 238 1831 1820
f 244 1849 1838
f 257 1887 1874
f 359 2193 2180
f 402 2321 2310
f 390 2285 2274
f 264 1907 1896
f 327 2098 2089
f 309 2044 2035
f 282 1961 1950
f 317 2067 2054
f 322 2083 2072
f 341 2139 2126
f 286 1975 1964
f 294 1997 1986
f 372 2231 2220
f 394 2298 2291
f 358 2190 2183
f 256 1884 1877
f 261 1900 1891
f 387 2278 2269
f 399 2314 2305
f 351 2170 2161
f 348 2159 2148
f 300 2015 2004
f 366 2213 2202
f 267 1918 1909
f 340 2136 2129
f 287 1977 1967
f 291 1990 1981
f 369 2224 2215
f 395 2301 2288
f 354 2177 2166
f 345 2152 2143
f 297 2008 1999
f 363 2206 2197
f 270 1925 1914
f 234 1817 1806
f 227 1797 1787
f 239 1833 1823
f 245 1851 1841
f 252 1871 1860
f 275 1941 1931
f 334 2119 2108
f 304 2029 2018
f 377 2247 2234
f 382 2262 2255
f 312 2051 2040
f 279 1954 1945
f 316 2064 2057
f 323 2085 2075
f 330 2105 2094
f 335 2121 2111
f 305 2031 2021
f 376 2244 2237
f 383 2265 2252
f 274 1939 1928
f 232 1814 1812
f 225 1793 1791
f 237 1829 1827
f 243 1847 1845
f 250 1868 1866
f 273 1937 1935
f 336 2124 2118
f 306 2034 2028
f 378 2250 2246
f 381 2261 2259
f 311 2050 2048
f 281 1960 1953
f 315 2063 2061
f 321 2081 2079
f 328 2102 2100
f 333 2117 2115
f 303 2027 2025
f 375 2243 2241
f 384 2268 2264
f 276 1944 1938
f 229 1804 1802
f 223 1785 1783
f 235 1821 1819
f 241 1839 1837
f 247 1858 1856
f 271 1929 1927
f 332 2114 2112
f 302 2024 2022
f 374 2240 2238
f 379 2253 2251
f 307 2038 2036
f 278 1951 1949
f 313 2055 2053
f 319 2073 2071
f 325 2092 2090
f 331 2109 2107
f 301 2019 2017
f 373 2235 2233
f 380 2258 2256
f 272 1934 1932
f 248 1861 1859
f 230 1807 1805
f 224 1790 1788
f 236 1826 1824
f 242 1844 1842
f 254 1880 1878
f 356 2186 2184
f 397 2308 2306
f 385 2272 2270
f 259 1894 1892
f 326 2095 2093
f 308 2041 2039
f 277 1948 1946
f 314 2060 2058
f 320 2078 2076
f 338 2132 2130
f 284 1970 1968
f 289 1984 1982
f 367 2218 2216
f 391 2289 2287
f 355 2181 2179
f 253 1875 1873
f 260 1897 1895
f 386 2275 2273
f 398 2311 2309
f 350 2167 2165
f 343 2146 2144
f 295 2002 2000
f 361 2200 2198
f 266 1915 1913
f 337 2127 2125
f 283 1965 1963
f 290 1987 1985
f 368 2221 2219
f 392 2294 2292
f 349 2164 2162
f 344 2149 2147
f 296 2005 2003
f 362 2203 2201
f 265 1912 1910
f 251 1870 1863
f 233 1816 1809
f 228 1800 1794
f 240 1836 1830
f 246 1854 1848
f 258 1890 1886
f 360 2196 2192
f 401 2320 2318
f 389 2284 2282
f 263 1906 1904
f 329 2104 2097
f 310 2047 2043
f 280 1958 1956
f 318 2070 2066
f 324 2088 2082
f 342 2142 2138
f 288 1980 1974
f 292 1994 1992
f 371 2230 2228
f 393 2297 2295
f 409 2329 2331
f 405 2323 2327
f 411 2326 2328
f 414 2333 2334
f 417 2336 2337
f 431 2345 2346
f 488 2409 2412
f 575 2496 2499
f 563 2485 2487
f 519 2435 2436
f 454 2374 2376
f 450 2368 2372
f 456 2371 2373
f 459 2378 2379
f 462 2381 2382
f 472 2392 2396
f 446 2360 2361
f 506 2416 2418
f 535 2456 2457
f 541 2460 2463
f 570 2488 2492
f 480 2398 2402
f 421 2340 2343
f 511 2430 2433
f 556 2475 2478
f 484 2404 2406
f 580 2501 2502
f 567 2482 2484
f 522 2440 2442
f 427 2347 2349
f 544 2464 2468
f 468 2384 2387
f 436 2355 2358
f 499 2419 2421
f 530 2451 2454
f 548 2470 2472
f 466 2385 2388
f 442 2362 2364
f 505 2423 2426
f 536 2446 2448
f 491 2401 2403
f 423 2339 2342
f 513 2429 2432
f 564 2474 2477
f 581 2491 2493
f 549 2459 2462
f 477 2395 2397
f 445 2365 2367
f 503 2424 2427
f 525 2443 2447
f 474 2390 2391
f 438 2354 2357
f 495 2413 2417
f 532 2450 2453
f 552 2467 2469
f 490 2408 2411
f 577 2495 2498
f 559 2479 2483
f 517 2437 2441
f 430 2350 2352
f 590 2511 2509
f 584 2505 2503
f 585 2507 2506
f 592 2513 2512
f 595 2516 2515
f 598 2519 2518
f 636 2556 2555
f 621 2540 2541
f 642 2561 2562
f 601 2521 2522
f 623 2544 2542
f 611 2529 2528
f 609 2530 2531
f 625 2546 2545
f 628 2549 2548
f 632 2553 2551
f 613 2534 2533
f 616 2536 2537
f 638 2557 2559
f 606 2525 2526
f 1607 644 647
f 1603 643 644
f 1604 645 643
f 1610 646 645
f 1613 647 646
f 1622 652 649
f 1686 670 672
f 1773 699 702
f 1761 695 696
f 1712 681 679
f 1652 659 662
f 1648 658 659
f 1649 660 658
f 1655 661 660
f 1658 662 661
f 1670 665 666
f 1637 657 654
f 1694 677 673
f 1731 686 685
f 1739 688 692
f 1768 698 701
f 1678 668 669
f 1619 648 650
f 1709 678 682
f 1754 693 697
f 1682 669 671
f 1776 701 700
f 1758 697 694
f 1716 682 680
f 1625 650 651
f 1742 689 690
f 1663 664 663
f 1634 653 655
f 1697 674 676
f 1728 684 687
f 1746 690 691
f 1664 663 667
f 1640 655 656
f 1700 676 675
f 1724 687 683
f 1679 672 668
f 1618 649 648
f 1708 679 678
f 1753 696 693
f 1769 702 698
f 1738 691 688
f 1671 667 665
f 1643 656 657
f 1701 675 677
f 1723 683 686
f 1667 666 664
f 1633 654 653
f 1693 673 674
f 1727 685 684
f 1743 692 689
f 1685 671 670
f 1772 700 699
f 1757 694 695
f 1715 680 681
f 1628 651 652
f 2187 838 837
f 1881 736 735
f 1899 741 742
f 2277 867 868
f 2313 879 880
f 2169 831 832
f 2156 828 827
f 2010 780 778
f 2208 846 844
f 1917 747 749
f 2133 820 819
f 1971 767 765
f 1989 771 773
f 2223 849 850
f 2300 875 876
f 2174 834 833
f 2151 825 826
f 2007 777 779
f 2205 843 845
f 1920 750 748
f 1855 727 729
f 1801 709 711
f 1784 703 706
f 1820 715 718
f 1838 721 724
f 1874 733 737
f 2180 835 839
f 2310 878 882
f 2274 866 870
f 1896 740 744
f 2089 805 807
f 2035 787 789
f 1950 758 762
f 2054 793 797
f 2072 799 802
f 2126 817 821
f 1964 763 766
f 1986 770 774
f 2220 848 852
f 2291 872 874
f 2183 836 838
f 1877 734 736
f 1891 739 741
f 2269 865 867
f 2305 877 879
f 2161 829 831
f 2148 824 828
f 2004 776 780
f 2202 842 846
f 1909 745 747
f 2129 818 820
f 1967 764 767
f 1981 769 771
f 2215 847 849
f 2288 871 875
f 2166 830 834
f 2143 823 825
f 1999 775 777
f 2197 841 843
f 1914 746 750
f 1806 710 714
f 1787 704 707
f 1823 716 719
f 1841 722 725
f 1860 728 732
f 1931 752 755
f 2108 811 814
f 2018 781 784
f 2234 853 857
f 2255 860 862
f 2040 788 792
f 1945 757 759
f 2057 794 796
f 2075 800 803
f 2094 806 810
f 2111 812 815
f 2021 782 785
f 2237 854 856
f 2252 859 863
f 1928 751 754
f 1812 714 712
f 1791 707 705
f 1827 719 717
f 1845 725 723
f 1866 732 730
f 1935 755 753
f 2118 814 816
f 2028 784 786
f 2246 857 858
f 2259 862 861
f 2048 792 791
f 1953 759 761
f 2061 796 795
f 2079 803 801
f 2100 810 808
f 2115 815 813
f 2025 785 783
f 2241 856 855
f 2264 863 864
f 1938 754 756
f 1802 712 709
f 1783 705 703
f 1819 717 715
f 1837 723 721
f 1856 730 727
f 1927 753 751
f 2112 816 812
f 2022 786 782
f 2238 858 854
f 2251 861 859
f 2036 791 787
f 1949 761 758
f 2053 795 793
f 2071 801 799
f 2090 808 805
f 2107 813 811
f 2017 783 781
f 2233 855 853
f 2256 864 860
f 1932 756 752
f 1859 731 728
f 1805 713 710
f 1788 708 704
f 1824 720 716
f 1842 726 722
f 1878 738 734
f 2184 840 836
f 2306 881 877
f 2270 869 865
f 1892 743 739
f 2093 809 806
f 2039 790 788
f 1946 760 757
f 2058 798 794
f 2076 804 800
f 2130 822 818
f 1968 768 764
f 1982 772 769
f 2216 851 847
f 2287 873 871
f 2179 837 835
f 1873 735 733
f 1895 742 740
f 2273 868 866
f 2309 880 878
f 2165 832 830
f 2144 827 823
f 2000 778 775
f 2198 844 841
f 1913 749 746
f 2125 819 817
f 1963 765 763
f 1985 773 770
f 2219 850 848
f 2292 876 872
f 2162 833 829
f 2147 826 824
f 2003 779 776
f 2201 845 842
f 1910 748 745
f 1863 729 731
f 1809 711 713
f 1794 706 708
f 1830 718 720
f 1848 724 726
f 1886 737 738
f 2192 839 840
f 2318 882 881
f 2282 870 869
f 1904 744 743
f 2097 807 809
f 2043 789 790
f 1956 762 760
f 2066 797 798
f 2082 802 804
f 2138 821 822
f 1974 766 768
f 1992 774 772
f 2228 852 851
f 2295 874 873
f 2331 1270 1269
f 2327 1246 1245
f 2328 1251 1252
f 2334 1287 1288
f 2337 1305 1306
f 2346 1335 1336
f 2412 1552 1551
f 2499 1474 1473
f 2487 1600 1599
f 2436 1353 1354
f 2376 1480 1479
f 2372 1402 1401
f 2373 1407 1408
f 2379 1491 1492
f 2382 1503 1504
f 2396 1534 1533
f 2361 1413 1414
f 2418 1443 1444
f 2457 1593 1594
f 2463 1384 1383
f 2492 1324 1323
f 2402 1276 1275
f 2343 1264 1263
f 2433 1300 1299
f 2478 1318 1317
f 2406 1342 1341
f 2502 1563 1564
f 2484 1461 1462
f 2442 1587 1588
f 2349 1348 1347
f 2468 1522 1521
f 2387 1419 1420
f 2358 1396 1395
f 2421 1498 1497
f 2454 1516 1515
f 2472 1558 1557
f 2388 1426 1425
f 2364 1432 1431
f 2426 1569 1570
f 2448 1371 1372
f 2403 1281 1282
f 2342 1257 1258
f 2432 1293 1294
f 2477 1311 1312
f 2493 1329 1330
f 2462 1377 1378
f 2397 1539 1540
f 2367 1450 1449
f 2427 1576 1575
f 2447 1366 1365
f 2391 1485 1486
f 2357 1389 1390
f 2417 1438 1437
f 2453 1509 1510
f 2469 1527 1528
f 2411 1545 1546
f 2498 1467 1468
f 2483 1456 1455
f 2441 1582 1581
f 2352 1360 1359
f 2509 1271 1272
f 2503 1247 1248
f 2506 1254 1253
f 2512 1290 1289
f 2515 1308 1307
f 2518 1338 1337
f 2555 1553 1554
f 2541 1475 1476
f 2562 1601 1602
f 2522 1356 1355
f 2542 1481 1482
f 2528 1403 1404
f 2531 1410 1409
f 2545 1494 1493
f 2548 1506 1505
f 2551 1535 1536
f 2533 1416 1415
f 2537 1446 1445
f 2559 1596 1595
f 2526 1385 1386
f 1616 907 909
f 1608 889 891
f 1606 883 886
f 1612 895 898
f 1615 901 904
f 1624 919 922
f 1692 1057 1060
f 1782 1237 1240
f 1765 1201 1204
f 1714 1099 1102
f 1661 997 999
f 1653 979 981
f 1651 973 976
f 1657 985 988
f 1660 991 994
f 1675 1021 1024
f 1639 949 952
f 1696 1063 1066
f 1733 1135 1138
f 1751 1177 1179
f 1779 1231 1233
f 1683 1039 1041
f 1626 925 927
f 1721 1117 1119
f 1766 1207 1209
f 1689 1051 1053
f 1778 1225 1228
f 1760 1189 1192
f 1718 1105 1108
f 1629 931 933
f 1747 1165 1167
f 1665 1003 1005
f 1641 955 957
f 1704 1081 1083
f 1737 1147 1150
f 1750 1171 1174
f 1676 1027 1029
f 1644 961 963
f 1702 1075 1077
f 1726 1123 1126
f 1681 1033 1036
f 1620 913 915
f 1710 1093 1095
f 1755 1183 1185
f 1771 1213 1216
f 1740 1153 1155
f 1673 1015 1018
f 1647 967 970
f 1707 1087 1090
f 1734 1141 1143
f 1669 1009 1012
f 1635 943 945
f 1698 1069 1071
f 1729 1129 1131
f 1745 1159 1162
f 1687 1045 1047
f 1774 1219 1221
f 1762 1195 1197
f 1720 1111 1114
f 1632 937 940
f 2189 1280 1284
f 1883 1256 1260
f 1903 1292 1296
f 2281 1310 1314
f 2317 1328 1332
f 2173 1376 1380
f 2158 1538 1542
f 2012 1447 1451
f 2210 1573 1577
f 1924 1363 1367
f 2135 1484 1488
f 1973 1388 1392
f 1996 1435 1439
f 2227 1508 1512
f 2304 1526 1530
f 2176 1544 1548
f 2155 1466 1470
f 2014 1453 1457
f 2212 1579 1583
f 1922 1357 1361
f 1864 1268 1270
f 1810 1244 1246
f 1795 1249 1251
f 1831 1285 1287
f 1849 1303 1305
f 1887 1333 1335
f 2193 1550 1552
f 2321 1472 1474
f 2285 1598 1600
f 1907 1351 1353
f 2098 1478 1480
f 2044 1400 1402
f 1961 1405 1407
f 2067 1489 1491
f 2083 1501 1503
f 2139 1532 1534
f 1975 1411 1413
f 1997 1441 1443
f 2231 1591 1593
f 2298 1382 1384
f 2190 1322 1324
f 1884 1274 1276
f 1900 1262 1264
f 2278 1298 1300
f 2314 1316 1318
f 2170 1340 1342
f 2159 1561 1563
f 2015 1459 1461
f 2213 1585 1587
f 1918 1346 1348
f 2136 1520 1522
f 1977 1417 1419
f 1990 1394 1396
f 2224 1496 1498
f 2301 1514 1516
f 2177 1556 1558
f 2152 1424 1426
f 2008 1430 1432
f 2206 1567 1569
f 1925 1369 1371
f 1817 1279 1281
f 1797 1255 1257
f 1833 1291 1293
f 1851 1309 1311
f 1871 1327 1329
f 1941 1375 1377
f 2119 1537 1539
f 2029 1448 1450
f 2247 1574 1576
f 2262 1364 1366
f 2051 1483 1485
f 1954 1387 1389
f 2064 1436 1438
f 2085 1507 1509
f 2105 1525 1527
f 2121 1543 1545
f 2031 1465 1467
f 2244 1454 1456
f 2265 1580 1582
f 1939 1358 1360
f 1814 1267 1271
f 1793 1243 1247
f 1829 1250 1254
f 1847 1286 1290
f 1868 1304 1308
f 1937 1334 1338
f 2124 1549 1553
f 2034 1471 1475
f 2250 1597 1601
f 2261 1352 1356
f 2050 1477 1481
f 1960 1399 1403
f 2063 1406 1410
f 2081 1490 1494
f 2102 1502 1506
f 2117 1531 1535
f 2027 1412 1416
f 2243 1442 1446
f 2268 1592 1596
f 1944 1381 1385
f 1804 890 894
f 1785 884 887
f 1821 896 899
f 1839 902 905
f 1858 908 912
f 1929 938 941
f 2114 1046 1050
f 2024 1220 1224
f 2240 1196 1200
f 2253 1112 1115
f 2038 980 984
f 1951 974 977
f 2055 986 989
f 2073 992 995
f 2092 998 1002
f 2109 1016 1019
f 2019 968 971
f 2235 1088 1091
f 2258 1142 1146
f 1934 1154 1158
f 1861 1214 1217
f 1807 1034 1037
f 1790 914 918
f 1826 1094 1098
f 1844 1184 1188
f 1880 1040 1044
f 2186 1232 1236
f 2308 1208 1212
f 2272 1118 1122
f 1894 926 930
f 2095 1160 1163
f 2041 1010 1013
f 1948 944 948
f 2060 1070 1074
f 2078 1130 1134
f 2132 1166 1170
f 1970 1004 1008
f 1984 956 960
f 2218 1082 1086
f 2289 1148 1151
f 2181 1058 1061
f 1875 920 923
f 1897 1100 1103
f 2275 1202 1205
f 2311 1238 1241
f 2167 1172 1175
f 2146 1028 1032
f 2002 962 966
f 2200 1076 1080
f 1915 1124 1127
f 2127 1022 1025
f 1965 950 953
f 1987 1064 1067
f 2221 1136 1139
f 2294 1178 1182
f 2164 1052 1056
f 2149 1226 1229
f 2005 1190 1193
f 2203 1106 1109
f 1912 932 936
f 1870 1321 1325
f 1816 1273 1277
f 1800 1261 1265
f 1836 1297 1301
f 1854 1315 1319
f 1890 1339 1343
f 2196 1562 1566
f 2320 1460 1464
f 2284 1586 1590
f 1906 1345 1349
f 2104 1519 1523
f 2047 1418 1422
f 1958 1393 1397
f 2070 1495 1499
f 2088 1513 1517
f 2142 1555 1559
f 1980 1423 1427
f 1994 1429 1433
f 2230 1568 1572
f 2297 1370 1374
f 2329 894 892
f 2323 887 885
f 2326 899 897
f 2333 905 903
f 2336 912 910
f 2345 941 939
f 2409 1050 1048
f 2496 1224 1222
f 2485 1200 1198
f 2435 1115 1113
f 2374 984 982
f 2368 977 975
f 2371 989 987
f 2378 995 993
f 2381 1002 1000
f 2392 1019 1017
f 2360 971 969
f 2416 1091 1089
f 2456 1146 1144
f 2460 1158 1156
f 2488 1217 1215
f 2398 1037 1035
f 2340 918 916
f 2430 1098 1096
f 2475 1188 1186
f 2404 1044 1042
f 2501 1236 1234
f 2482 1212 1210
f 2440 1122 1120
f 2347 930 928
f 2464 1163 1161
f 2384 1013 1011
f 2355 948 946
f 2419 1074 1072
f 2451 1134 1132
f 2470 1170 1168
f 2385 1008 1006
f 2362 960 958
f 2423 1086 1084
f 2446 1151 1149
f 2401 1061 1059
f 2339 923 921
f 2429 1103 1101
f 2474 1205 1203
f 2491 1241 1239
f 2459 1175 1173
f 2395 1032 1030
f 2365 966 964
f 2424 1080 1078
f 2443 1127 1125
f 2390 1025 1023
f 2354 953 951
f 2413 1067 1065
f 2450 1139 1137
f 2467 1182 1180
f 2408 1056 1054
f 2495 1229 1227
f 2479 1193 1191
f 2437 1109 1107
f 2350 936 934
f 2511 1325 1326
f 2505 1277 1278
f 2507 1265 1266
f 2513 1301 1302
f 2516 1319 1320
f 2519 1343 1344
f 2556 1566 1565
f 2540 1464 1463
f 2561 1590 1589
f 2521 1349 1350
f 2544 1523 1524
f 2529 1422 1421
f 2530 1397 1398
f 2546 1499 1500
f 2549 1517 1518
f 2553 1559 1560
f 2534 1427 1428
f 2536 1433 1434
f 2557 1572 1571
f 2525 1374 1373
f 1609 892 889
f 1605 885 883
f 1611 897 895
f 1614 903 901
f 1617 910 907
f 1631 939 937
f 1688 1048 1045
f 1775 1222 1219
f 1763 1198 1195
f 1719 1113 1111
f 1654 982 979
f 1650 975 973
f 1656 987 985
f 1659 993 991
f 1662 1000 997
f 1672 1017 1015
f 1646 969 967
f 1706 1089 1087
f 1735 1144 1141
f 1741 1156 1153
f 1770 1215 1213
f 1680 1035 1033
f 1621 916 913
f 1711 1096 1093
f 1756 1186 1183
f 1684 1042 1039
f 1780 1234 1231
f 1767 1210 1207
f 1722 1120 1117
f 1627 928 925
f 1744 1161 1159
f 1668 1011 1009
f 1636 946 943
f 1699 1072 1069
f 1730 1132 1129
f 1748 1168 1165
f 1666 1006 1003
f 1642 958 955
f 1705 1084 1081
f 1736 1149 1147
f 1691 1059 1057
f 1623 921 919
f 1713 1101 1099
f 1764 1203 1201
f 1781 1239 1237
f 1749 1173 1171
f 1677 1030 1027
f 1645 964 961
f 1703 1078 1075
f 1725 1125 1123
f 1674 1023 1021
f 1638 951 949
f 1695 1065 1063
f 1732 1137 1135
f 1752 1180 1177
f 1690 1054 1051
f 1777 1227 1225
f 1759 1191 1189
f 1717 1107 1105
f 1630 934 931
f 2191 1326 1322
f 1885 1278 1274
f 1901 1266 1262
f 2279 1302 1298
f 2315 1320 1316
f 2171 1344 1340
f 2160 1565 1561
f 2016 1463 1459
f 2214 1589 1585
f 1919 1350 1346
f 2137 1524 1520
f 1978 1421 1417
f 1991 1398 1394
f 2225 1500 1496
f 2302 1518 1514
f 2178 1560 1556
f 2153 1428 1424
f 2009 1434 1430
f 2207 1571 1567
f 1926 1373 1369
f 1857 911 908
f 1803 893 890
f 1786 888 884
f 1822 900 896
f 1840 906 902
f 1876 924 920
f 2182 1062 1058
f 2312 1242 1238
f 2276 1206 1202
f 1898 1104 1100
f 2091 1001 998
f 2037 983 980
f 1952 978 974
f 2056 990 986
f 2074 996 992
f 2128 1026 1022
f 1966 954 950
f 1988 1068 1064
f 2222 1140 1136
f 2293 1181 1178
f 2185 1235 1232
f 1879 1043 1040
f 1893 929 926
f 2271 1121 1118
f 2307 1211 1208
f 2163 1055 1052
f 2150 1230 1226
f 2006 1194 1190
f 2204 1110 1106
f 1911 935 932
f 2131 1169 1166
f 1969 1007 1004
f 1983 959 956
f 2217 1085 1082
f 2290 1152 1148
f 2168 1176 1172
f 2145 1031 1028
f 2001 965 962
f 2199 1079 1076
f 1916 1128 1124
f 1808 1038 1034
f 1789 917 914
f 1825 1097 1094
f 1843 1187 1184
f 1862 1218 1214
f 1933 1157 1154
f 2110 1020 1016
f 2020 972 968
f 2236 1092 1088
f 2257 1145 1142
f 2042 1014 1010
f 1947 947 944
f 2059 1073 1070
f 2077 1133 1130
f 2096 1164 1160
f 2113 1049 1046
f 2023 1223 1220
f 2239 1199 1196
f 2254 1116 1112
f 1930 942 938
f 1818 1283 1279
f 1798 1259 1255
f 1834 1295 1291
f 1852 1313 1309
f 1872 1331 1327
f 1942 1379 1375
f 2120 1541 1537
f 2030 1452 1448
f 2248 1578 1574
f 2263 1368 1364
f 2052 1487 1483
f 1955 1391 1387
f 2065 1440 1436
f 2086 1511 1507
f 2106 1529 1525
f 2122 1547 1543
f 2032 1469 1465
f 2245 1458 1454
f 2266 1584 1580
f 1940 1362 1358
f 1813 1269 1267
f 1792 1245 1243
f 1828 1252 1250
f 1846 1288 1286
f 1867 1306 1304
f 1936 1336 1334
f 2123 1551 1549
f 2033 1473 1471
f 2249 1599 1597
f 2260 1354 1352
f 2049 1479 1477
f 1959 1401 1399
f 2062 1408 1406
f 2080 1492 1490
f 2101 1504 1502
f 2116 1533 1531
f 2026 1414 1412
f 2242 1444 1442
f 2267 1594 1592
f 1943 1383 1381
f 1869 1323 1321
f 1815 1275 1273
f 1799 1263 1261
f 1835 1299 1297
f 1853 1317 1315
f 1889 1341 1339
f 2195 1564 1562
f 2319 1462 1460
f 2283 1588 1586
f 1905 1347 1345
f 2103 1521 1519
f 2046 1420 1418
f 1957 1395 1393
f 2069 1497 1495
f 2087 1515 1513
f 2141 1557 1555
f 1979 1425 1423
f 1993 1431 1429
f 2229 1570 1568
f 2296 1372 1370
f 2188 1282 1280
f 1882 1258 1256
f 1902 1294 1292
f 2280 1312 1310
f 2316 1330 1328
f 2172 1378 1376
f 2157 1540 1538
f 2011 1449 1447
f 2209 1575 1573
f 1923 1365 1363
f 2134 1486 1484
f 1972 1390 1388
f 1995 1437 1435
f 2226 1510 1508
f 2303 1528 1526
f 2175 1546 1544
f 2154 1468 1466
f 2013 1455 1453
f 2211 1581 1579
f 1921 1359 1357
f 1865 1272 1268
f 1811 1248 1244
f 1796 1253 1249
f 1832 1289 1285
f 1850 1307 1303
f 1888 1337 1333
f 2194 1554 1550
f 2322 1476 1472
f 2286 1602 1598
f 1908 1355 1351
f 2099 1482 1478
f 2045 1404 1400
f 1962 1409 1405
f 2068 1493 1489
f 2084 1505 1501
f 2140 1536 1532
f 1976 1415 1411
f 1998 1445 1441
f 2232 1595 1591
f 2299 1386 1382
f 2330 909 911
f 2324 891 893
f 2325 886 888
f 2332 898 900
f 2335 904 906
f 2344 922 924
f 2410 1060 1062
f 2497 1240 1242
f 2486 1204 1206
f 2434 1102 1104
f 2375 999 1001
f 2369 981 983
f 2370 976 978
f 2377 988 990
f 2380 994 996
f 2393 1024 1026
f 2359 952 954
f 2415 1066 1068
f 2455 1138 1140
f 2461 1179 1181
f 2489 1233 1235
f 2399 1041 1043
f 2341 927 929
f 2431 1119 1121
f 2476 1209 1211
f 2405 1053 1055
f 2500 1228 1230
f 2481 1192 1194
f 2439 1108 1110
f 2348 933 935
f 2465 1167 1169
f 2383 1005 1007
f 2356 957 959
f 2420 1083 1085
f 2452 1150 1152
f 2471 1174 1176
f 2386 1029 1031
f 2363 963 965
f 2422 1077 1079
f 2445 1126 1128
f 2400 1036 1038
f 2338 915 917
f 2428 1095 1097
f 2473 1185 1187
f 2490 1216 1218
f 2458 1155 1157
f 2394 1018 1020
f 2366 970 972
f 2425 1090 1092
f 2444 1143 1145
f 2389 1012 1014
f 2353 945 947
f 2414 1071 1073
f 2449 1131 1133
f 2466 1162 1164
f 2407 1047 1049
f 2494 1221 1223
f 2480 1197 1199
f 2438 1114 1116
f 2351 940 942
f 2510 1284 1283
f 2504 1260 1259
f 2508 1296 1295
f 2514 1314 1313
f 2517 1332 1331
f 2520 1380 1379
f 2554 1542 1541
f 2539 1451 1452
f 2560 1577 1578
f 2523 1367 1368
f 2543 1488 1487
f 2527 1392 1391
f 2532 1439 1440
f 2547 1512 1511
f 2550 1530 1529
f 2552 1548 1547
f 2535 1470 1469
f 2538 1457 1458
f 2558 1583 1584
f 2524 1361 1362
f 1607 1616 1609
f 1603 1608 1605
f 1604 1606 1611
f 1610 1612 1614
f 1613 1615 1617
f 1622 1624 1631
f 1686 1692 1688
f 1773 1782 1775
f 1761 1765 1763
f 1712 1714 1719
f 1652 1661 1654
f 1648 1653 1650
f 1649 1651 1656
f 1655 1657 1659
f 1658 1660 1662
f 1670 1675 1672
f 1637 1639 1646
f 1694 1696 1706
f 1731 1733 1735
f 1739 1751 1741
f 1768 1779 1770
f 1678 1683 1680
f 1619 1626 1621
f 1709 1721 1711
f 1754 1766 1756
f 1682 1689 1684
f 1776 1778 1780
f 1758 1760 1767
f 1716 1718 1722
f 1625 1629 1627
f 1742 1747 1744
f 1663 1665 1668
f 1634 1641 1636
f 1697 1704 1699
f 1728 1737 1730
f 1746 1750 1748
f 1664 1676 1666
f 1640 1644 1642
f 1700 1702 1705
f 1724 1726 1736
f 1679 1681 1691
f 1618 1620 1623
f 1708 1710 1713
f 1753 1755 1764
f 1769 1771 1781
f 1738 1740 1749
f 1671 1673 1677
f 1643 1647 1645
f 1701 1707 1703
f 1723 1734 1725
f 1667 1669 1674
f 1633 1635 1638
f 1693 1698 1695
f 1727 1729 1732
f 1743 1745 1752
f 1685 1687 1690
f 1772 1774 1777
f 1757 1762 1759
f 1715 1720 1717
f 1628 1632 1630
f 2187 2189 2191
f 1881 1883 1885
f 1899 1903 1901
f 2277 2281 2279
f 2313 2317 2315
f 2169 2173 2171
f 2156 2158 2160
f 2010 2012 2016
f 2208 2210 2214
f 1917 1924 1919
f 2133 2135 2137
f 1971 1973 1978
f 1989 1996 1991
f 2223 2227 2225
f 2300 2304 2302
f 2174 2176 2178
f 2151 2155 2153
f 2007 2014 2009
f 2205 2212 2207
f 1920 1922 1926
f 1855 1864 1857
f 1801 1810 1803
f 1784 1795 1786
f 1820 1831 1822
f 1838 1849 1840
f 1874 1887 1876
f 2180 2193 2182
f 2310 2321 2312
f 2274 2285 2276
f 1896 1907 1898
f 2089 2098 2091
f 2035 2044 2037
f 1950 1961 1952
f 2054 2067 2056
f 2072 2083 2074
f 2126 2139 2128
f 1964 1975 1966
f 1986 1997 1988
f 2220 2231 2222
f 2291 2298 2293
f 2183 2190 2185
f 1877 1884 1879
f 1891 1900 1893
f 2269 2278 2271
f 2305 2314 2307
f 2161 2170 2163
f 2148 2159 2150
f 2004 2015 2006
f 2202 2213 2204
f 1909 1918 1911
f 2129 2136 2131
f 1967 1977 1969
f 1981 1990 1983
f 2215 2224 2217
f 2288 2301 2290
f 2166 2177 2168
f 2143 2152 2145
f 1999 2008 2001
f 2197 2206 2199
f 1914 1925 1916
f 1806 1817 1808
f 1787 1797 1789
f 1823 1833 1825
f 1841 1851 1843
f 1860 1871 1862
f 1931 1941 1933
f 2108 2119 2110
f 2018 2029 2020
f 2234 2247 2236
f 2255 2262 2257
f 2040 2051 2042
f 1945 1954 1947
f 2057 2064 2059
f 2075 2085 2077
f 2094 2105 2096
f 2111 2121 2113
f 2021 2031 2023
f 2237 2244 2239
f 2252 2265 2254
f 1928 1939 1930
f 1812 1814 1818
f 1791 1793 1798
f 1827 1829 1834
f 1845 1847 1852
f 1866 1868 1872
f 1935 1937 1942
f 2118 2124 2120
f 2028 2034 2030
f 2246 2250 2248
f 2259 2261 2263
f 2048 2050 2052
f 1953 1960 1955
f 2061 2063 2065
f 2079 2081 2086
f 2100 2102 2106
f 2115 2117 2122
f 2025 2027 2032
f 2241 2243 2245
f 2264 2268 2266
f 1938 1944 1940
f 1802 1804 1813
f 1783 1785 1792
f 1819 1821 1828
f 1837 1839 1846
f 1856 1858 1867
f 1927 1929 1936
f 2112 2114 2123
f 2022 2024 2033
f 2238 2240 2249
f 2251 2253 2260
f 2036 2038 2049
f 1949 1951 1959
f 2053 2055 2062
f 2071 2073 2080
f 2090 2092 2101
f 2107 2109 2116
f 2017 2019 2026
f 2233 2235 2242
f 2256 2258 2267
f 1932 1934 1943
f 1859 1861 1869
f 1805 1807 1815
f 1788 1790 1799
f 1824 1826 1835
f 1842 1844 1853
f 1878 1880 1889
f 2184 2186 2195
f 2306 2308 2319
f 2270 2272 2283
f 1892 1894 1905
f 2093 2095 2103
f 2039 2041 2046
f 1946 1948 1957
f 2058 2060 2069
f 2076 2078 2087
f 2130 2132 2141
f 1968 1970 1979
f 1982 1984 1993
f 2216 2218 2229
f 2287 2289 2296
f 2179 2181 2188
f 1873 1875 1882
f 1895 1897 1902
f 2273 2275 2280
f 2309 2311 2316
f 2165 2167 2172
f 2144 2146 2157
f 2000 2002 2011
f 2198 2200 2209
f 1913 1915 1923
f 2125 2127 2134
f 1963 1965 1972
f 1985 1987 1995
f 2219 2221 2226
f 2292 2294 2303
f 2162 2164 2175
f 2147 2149 2154
f 2003 2005 2013
f 2201 2203 2211
f 1910 1912 1921
f 1863 1870 1865
f 1809 1816 1811
f 1794 1800 1796
f 1830 1836 1832
f 1848 1854 1850
f 1886 1890 1888
f 2192 2196 2194
f 2318 2320 2322
f 2282 2284 2286
f 1904 1906 1908
f 2097 2104 2099
f 2043 2047 2045
f 1956 1958 1962
f 2066 2070 2068
f 2082 2088 2084
f 2138 2142 2140
f 1974 1980 1976
f 1992 1994 1998
f 2228 2230 2232
f 2295 2297 2299
f 2331 2329 2330
f 2327 2323 2324
f 2328 2326 2325
f 2334 2333 2332
f 2337 2336 2335
f 2346 2345 2344
f 2412 2409 2410
f 2499 2496 2497
f 2487 2485 2486
f 2436 2435 2434
f 2376 2374 2375
f 2372 2368 2369
f 2373 2371 2370
f 2379 2378 2377
f 2382 2381 2380
f 2396 2392 2393
f 2361 2360 2359
f 2418 2416 2415
f 2457 2456 2455
f 2463 2460 2461
f 2492 2488 2489
f 2402 2398 2399
f 2343 2340 2341
f 2433 2430 2431
f 2478 2475 2476
f 2406 2404 2405
f 2502 2501 2500
f 2484 2482 2481
f 2442 2440 2439
f 2349 2347 2348
f 2468 2464 2465
f 2387 2384 2383
f 2358 2355 2356
f 2421 2419 2420
f 2454 2451 2452
f 2472 2470 2471
f 2388 2385 2386
f 2364 2362 2363
f 2426 2423 2422
f 2448 2446 2445
f 2403 2401 2400
f 2342 2339 2338
f 2432 2429 2428
f 2477 2474 2473
f 2493 2491 2490
f 2462 2459 2458
f 2397 2395 2394
f 2367 2365 2366
f 2427 2424 2425
f 2447 2443 2444
f 2391 2390 2389
f 2357 2354 2353
f 2417 2413 2414
f 2453 2450 2449
f 2469 2467 2466
f 2411 2408 2407
f 2498 2495 2494
f 2483 2479 2480
f 2441 2437 2438
f 2352 2350 2351
f 2509 2511 2510
f 2503 2505 2504
f 2506 2507 2508
f 2512 2513 2514
f 2515 2516 2517
f 2518 2519 2520
f 2555 2556 2554
f 2541 2540 2539
f 2562 2561 2560
f 2522 2521 2523
f 2542 2544 2543
f 2528 2529 2527
f 2531 2530 2532
f 2545 2546 2547
f 2548 2549 2550
f 2551 2553 2552
f 2533 2534 2535
f 2537 2536 2538
f 2559 2557 2558
f 2526 2525 2524