v -0.308804 0.403544 -0.034459
v 0.309074 0.403288 -0.034297
v -0.343895 -0.545606 0.005043
v 0.344393 -0.545571 0.005115
v -0.000294 -0.446711 0.706367
v -0.000023 0.251707 0.589918
v -0.000012 -0.245758 -0.579292
v -0.000200 0.422084 -0.706447
v 0.565286 0.002254 -0.360878
v 0.588332 0.003275 0.358541
v -0.565428 0.002227 -0.361007
v -0.588318 0.003239 0.358505
v -0.000132 0.480190 -0.066004
v -0.189672 0.318953 0.291808
v -0.214985 0.658276 -0.447174
v -0.476659 0.259134 -0.198654
v -0.515989 0.236869 0.204464
v 0.189438 0.319140 0.291548
v 0.214814 0.657145 -0.448688
v 0.476863 0.259179 -0.198234
v 0.516052 0.236821 0.204464
v -0.000134 -0.616785 0.012255
v -0.244613 -0.668923 0.456646
v -0.199867 -0.492239 -0.313910
v -0.479306 -0.236985 -0.180956
v -0.494634 -0.272671 0.211026
v 0.244226 -0.669486 0.456350
v 0.200064 -0.492431 -0.313556
v 0.479887 -0.236596 -0.181094
v 0.494405 -0.272477 0.210983
v 0.000183 -0.005378 0.692856
v 0.333668 -0.216460 0.570253
v -0.333714 -0.216385 0.570570
v 0.325817 0.174382 0.529485
v -0.325734 0.174134 0.529461
v -0.000349 0.022559 -0.706110
v 0.317570 -0.165514 -0.525189
v -0.317590 -0.165346 -0.525164
v 0.350406 0.215714 -0.612281
v -0.350193 0.215838 -0.612009
v 0.667142 0.000084 0.015767
v -0.667159 0.000161 0.015808
v -0.166697 0.457301 -0.056214
v -0.263559 0.368827 0.109800
v -0.263506 0.498816 -0.212548
v -0.394199 0.365942 -0.109912
v -0.413517 0.320308 0.080923
v 0.166413 0.457188 -0.055970
v 0.262268 0.368465 0.109768
v 0.263903 0.499645 -0.213909
v 0.394426 0.366167 -0.110512
v 0.413459 0.320390 0.080999
v -0.208345 -0.654471 -0.000516
v -0.287808 -0.535809 0.188114
v -0.355100 -0.673859 -0.185189
v -0.400897 -0.408826 -0.072271
v -0.416041 -0.418429 0.115016
v 0.207632 -0.654840 -0.000560
v 0.287578 -0.535623 0.187789
v 0.354732 -0.674152 -0.185011
v 0.400399 -0.408546 -0.072095
v 0.416121 -0.418799 0.114984
v -0.137797 -0.651605 0.687145
v 0.136967 -0.651755 0.685727
v -0.000633 -0.231206 0.763545
v 0.186851 -0.365954 0.697784
v -0.187198 -0.366082 0.697680
v -0.094432 0.272438 0.481463
v 0.094601 0.272375 0.481411
v 0.000080 0.192581 0.621848
v 0.153422 0.240170 0.584131
v -0.153408 0.240166 0.584083
v -0.084991 -0.317818 -0.444691
v 0.084921 -0.317860 -0.444652
v -0.000012 -0.184503 -0.613508
v 0.146751 -0.227927 -0.573637
v -0.146676 -0.228021 -0.573593
v -0.126147 0.574493 -0.634547
v 0.126418 0.574610 -0.634652
v -0.000140 0.240995 -0.791205
v 0.188435 0.351568 -0.719645
v -0.188785 0.351721 -0.719612
v 0.556224 0.107815 -0.299199
v 0.550259 -0.106085 -0.293894
v 0.466324 -0.068690 -0.447550
v 0.481915 0.081413 -0.470270
v 0.617325 -0.000234 -0.195053
v 0.565388 0.111613 0.295785
v 0.561111 -0.114798 0.292725
v 0.479776 -0.076107 0.449743
v 0.481399 0.076394 0.447449
v 0.650332 0.001522 0.210714
v -0.556260 0.107835 -0.299176
v -0.550208 -0.106113 -0.293892
v -0.465864 -0.068476 -0.447378
v -0.481991 0.081349 -0.470240
v -0.617429 -0.000262 -0.195060
v -0.565963 0.111647 0.295945
v -0.561460 -0.114448 0.293054
v -0.479802 -0.076250 0.449543
v -0.480993 0.076558 0.447397
v -0.650305 0.001472 0.210658
v -0.088310 0.402186 0.108775
v -0.087416 0.581148 -0.252413
v 0.088333 0.401749 0.108725
v 0.087746 0.581085 -0.252240
v -0.372921 0.288548 0.268830
v -0.000078 0.332169 0.293168
v -0.284783 0.257977 0.460346
v -0.383674 0.475420 -0.327325
v 0.000133 0.700649 -0.456320
v -0.299987 0.442860 -0.540956
v -0.528512 0.249247 0.014477
v -0.421781 0.258224 -0.412108
v -0.602478 0.121831 -0.086129
v -0.445018 0.216296 0.389540
v -0.609721 0.124801 0.113768
v 0.373316 0.288469 0.269067
v 0.284773 0.257979 0.460317
v 0.383445 0.476048 -0.327417
v 0.299981 0.442515 -0.541488
v 0.528521 0.249110 0.014691
v 0.421725 0.258127 -0.412298
v 0.602473 0.121808 -0.086075
v 0.445085 0.216353 0.389598
v 0.609638 0.124791 0.113718
v -0.093615 -0.584415 0.228873
v -0.108326 -0.680858 -0.187502
v 0.093961 -0.584896 0.229192
v 0.107043 -0.679752 -0.187253
v -0.381251 -0.445988 0.332064
v 0.000076 -0.655379 0.470145
v -0.329834 -0.479100 0.567441
v -0.344529 -0.363000 -0.253295
v -0.000384 -0.489694 -0.312378
v -0.257632 -0.275196 -0.429566
v -0.510914 -0.258585 0.020433
v -0.424420 -0.199753 -0.383160
v -0.598037 -0.119716 -0.086314
v -0.431167 -0.267520 0.401763
v -0.606821 -0.125068 0.111614
v 0.381022 -0.445813 0.332020
v 0.330183 -0.479617 0.567750
v 0.344333 -0.362890 -0.253094
v 0.257662 -0.274545 -0.429837
v 0.511353 -0.258731 0.020416
v 0.424258 -0.199732 -0.383001
v 0.598124 -0.119742 -0.086309
v 0.431087 -0.267603 0.401599
v 0.606871 -0.125023 0.111598
v 0.193327 -0.112443 0.696460
v -0.193262 -0.112408 0.696386
v 0.174134 0.093985 0.616902
v -0.174240 0.094113 0.617030
v 0.347309 -0.000695 0.564062
v -0.346726 -0.001177 0.563724
v 0.172792 -0.080126 -0.617496
v -0.172700 -0.080280 -0.618077
v 0.226496 0.121630 -0.782197
v -0.226370 0.122062 -0.782158
v 0.347819 0.015601 -0.584830
v -0.348235 0.015075 -0.585288
v -0.247338 0.431161 -0.045606
v -0.291470 0.389024 0.029935
v -0.285831 0.439228 -0.110201
v -0.349361 0.390939 -0.068323
v -0.355883 0.365112 0.016982
v 0.247516 0.431233 -0.045504
v 0.291610 0.388705 0.030209
v 0.285925 0.439333 -0.111125
v 0.349109 0.390618 -0.068945
v 0.355961 0.364728 0.017366
v -0.293471 -0.606401 -0.003103
v -0.321660 -0.537275 0.077341
v -0.344454 -0.601144 -0.070207
v -0.376269 -0.495834 -0.030842
v -0.381476 -0.487649 0.056783
v 0.293263 -0.606822 -0.003435
v 0.321335 -0.537131 0.077525
v 0.343233 -0.601501 -0.070036
v 0.375544 -0.495216 -0.030652
v 0.381181 -0.487477 0.056953
v -0.057366 -0.525577 0.692742
v 0.057102 -0.525446 0.692732
v -0.000003 -0.351066 0.724247
v 0.085604 -0.416105 0.708574
v -0.085983 -0.415974 0.708681
v -0.042576 0.258240 0.556700
v 0.042512 0.258233 0.556725
v 0.000034 0.243398 0.610693
v 0.067916 0.248683 0.592564
v -0.067896 0.248671 0.592570
v -0.038809 -0.269344 -0.526905
v 0.038794 -0.269276 -0.526964
v 0.000068 -0.232520 -0.601660
v 0.065010 -0.240437 -0.585455
v -0.064965 -0.240471 -0.585383
v -0.053372 0.488195 -0.674664
v 0.053448 0.488381 -0.674727
v 0.000031 0.341499 -0.746539
v 0.084943 0.394441 -0.716058
v -0.084588 0.394592 -0.716232
v 0.573473 0.046398 -0.340773
v 0.563292 -0.045043 -0.333885
v 0.528015 -0.027452 -0.403552
v 0.535141 0.032902 -0.410338
v 0.592737 0.000812 -0.293862
v 0.587781 0.047466 0.336100
v 0.588707 -0.042156 0.332885
v 0.549567 -0.024728 0.401240
v 0.548715 0.032702 0.402922
v 0.619670 0.002313 0.295025
v -0.573499 0.046338 -0.340808
v -0.563199 -0.044949 -0.333798
v -0.527847 -0.027239 -0.403453
v -0.535159 0.032773 -0.410392
v -0.592837 0.000875 -0.293945
v -0.587645 0.047715 0.336077
v -0.588662 -0.042364 0.332918
v -0.549502 -0.024942 0.401405
v -0.548511 0.032819 0.402862
v -0.619604 0.002243 0.295019
v -0.081790 0.474123 -0.063461
v 0.081384 0.474438 -0.062922
v -0.041925 0.444488 0.019675
v -0.039418 0.521016 -0.155653
v 0.041806 0.444478 0.019658
v 0.039396 0.520961 -0.155743
v -0.229667 0.344990 0.198028
v -0.143738 0.294334 0.387232
v -0.137598 0.359098 0.200019
v -0.283724 0.305618 0.284870
v -0.094355 0.328412 0.293742
v -0.241923 0.284242 0.382697
v -0.249615 0.590638 -0.329030
v -0.183288 0.638944 -0.542226
v -0.156420 0.671445 -0.358809
v -0.393557 0.633594 -0.408737
v -0.153818 0.811666 -0.458595
v -0.284086 0.567176 -0.500587
v -0.436843 0.322994 -0.152474
v -0.518286 0.183090 -0.248090
v -0.403098 0.347252 -0.259860
v -0.507921 0.254007 -0.089122
v -0.446989 0.262503 -0.305844
v -0.543718 0.187084 -0.140721
v -0.469682 0.278394 0.145431
v -0.543665 0.179127 0.253127
v -0.450362 0.267274 0.241055
v -0.528179 0.242644 0.109508
v -0.486738 0.227879 0.298975
v -0.567677 0.187827 0.160905
v 0.229033 0.344847 0.198317
v 0.143864 0.293924 0.387443
v 0.137765 0.358863 0.199887
v 0.094477 0.328550 0.293073
v 0.283993 0.305691 0.284944
v 0.241996 0.284109 0.383163
v 0.250892 0.592964 -0.331540
v 0.183102 0.638689 -0.542690
v 0.156677 0.671775 -0.358742
v 0.153829 0.811577 -0.458580
v 0.395610 0.633156 -0.410147
v 0.284143 0.566798 -0.501905
v 0.436864 0.323415 -0.152655
v 0.518038 0.183440 -0.247822
v 0.403286 0.347384 -0.259981
v 0.507891 0.253575 -0.088930
v 0.447174 0.262501 -0.305467
v 0.543828 0.187094 -0.140626
v 0.469797 0.278331 0.145549
v 0.543573 0.179225 0.253142
v 0.450532 0.267265 0.241073
v 0.528123 0.242645 0.109534
v 0.486890 0.227879 0.299005
v 0.567750 0.187805 0.160948
v -0.104729 -0.635375 0.005696
v 0.104188 -0.635363 0.005501
v -0.047901 -0.599237 0.112109
v -0.066178 -0.623607 -0.079777
v 0.047709 -0.599214 0.112282
v 0.065515 -0.622807 -0.079980
v -0.252884 -0.553739 0.328440
v -0.213569 -0.794807 0.616491
v -0.144899 -0.583884 0.365952
v -0.316437 -0.539044 0.402563
v -0.119175 -0.706699 0.470442
v -0.314920 -0.616886 0.537634
v -0.293436 -0.627817 -0.291111
v -0.135411 -0.388677 -0.364892
v -0.164736 -0.632441 -0.278989
v -0.285687 -0.442609 -0.293561
v -0.100813 -0.496374 -0.314873
v -0.221075 -0.359496 -0.352002
v -0.434073 -0.316124 -0.121646
v -0.524109 -0.167714 -0.243385
v -0.410991 -0.297423 -0.219224
v -0.498426 -0.248999 -0.078420
v -0.457989 -0.218786 -0.285623
v -0.544836 -0.177696 -0.135753
v -0.453473 -0.347085 0.166422
v -0.530790 -0.193923 0.251951
v -0.435850 -0.356202 0.267892
v -0.508244 -0.266827 0.115462
v -0.467911 -0.274043 0.306751
v -0.556421 -0.194773 0.159512
v 0.252748 -0.553780 0.328526
v 0.211534 -0.796500 0.613985
v 0.145282 -0.583814 0.366116
v 0.118759 -0.706475 0.469925
v 0.315903 -0.539257 0.402911
v 0.314675 -0.618396 0.537771
v 0.293153 -0.627995 -0.291412
v 0.135449 -0.388993 -0.364629
v 0.163903 -0.632033 -0.278690
v 0.100625 -0.496101 -0.314941
v 0.285594 -0.442515 -0.293886
v 0.221102 -0.359474 -0.352006
v 0.434200 -0.316034 -0.121512
v 0.524095 -0.167856 -0.243360
v 0.411114 -0.297416 -0.219293
v 0.498269 -0.248977 -0.078292
v 0.457908 -0.218861 -0.285526
v 0.544572 -0.177713 -0.135803
v 0.453813 -0.346936 0.166380
v 0.531238 -0.193743 0.251824
v 0.436179 -0.356278 0.267974
v 0.508378 -0.266895 0.115398
v 0.467492 -0.273949 0.307377
v 0.556318 -0.194881 0.159349
v 0.000339 -0.107229 0.777485
v -0.000162 0.093372 0.643417
v 0.094450 -0.058932 0.704649
v -0.094818 -0.058522 0.705901
v 0.089149 0.043428 0.654420
v -0.089435 0.043423 0.654696
v 0.267832 -0.295233 0.645480
v 0.404847 -0.141739 0.504855
v 0.329991 -0.340880 0.569720
v 0.387753 -0.249931 0.491327
v 0.268089 -0.169129 0.638683
v 0.343184 -0.102915 0.571548
v -0.268112 -0.295310 0.645426
v -0.404858 -0.141652 0.504916
v -0.329656 -0.341191 0.569954
v -0.387912 -0.250155 0.490839
v -0.267413 -0.169041 0.637704
v -0.343536 -0.102598 0.572425
v 0.240929 0.215042 0.562194
v 0.406408 0.125450 0.490396
v 0.309860 0.232435 0.507335
v 0.389666 0.198339 0.467575
v 0.253262 0.139900 0.577108
v 0.338176 0.089988 0.546021
v -0.240967 0.215014 0.562105
v -0.406521 0.125354 0.490599
v -0.309813 0.232457 0.507327
v -0.389676 0.198214 0.467505
v -0.253257 0.139807 0.577128
v -0.337857 0.089782 0.545895
v -0.000082 -0.082999 -0.637108
v -0.000081 0.129566 -0.780902
v 0.092487 -0.028960 -0.663087
v -0.092447 -0.028795 -0.662906
v 0.107001 0.071307 -0.751749
v -0.107072 0.072342 -0.750711
v 0.233728 -0.203377 -0.554136
v 0.394282 -0.114781 -0.488506
v 0.295583 -0.217138 -0.497652
v 0.377105 -0.183339 -0.464378
v 0.248256 -0.128871 -0.573722
v 0.331030 -0.078073 -0.549422
v -0.233792 -0.203404 -0.554142
v -0.394087 -0.114611 -0.488424
v -0.295474 -0.217162 -0.497689
v -0.377107 -0.183388 -0.464416
v -0.248194 -0.128094 -0.574360
v -0.331294 -0.078378 -0.549429
v 0.278903 0.289173 -0.684338
v 0.418890 0.144445 -0.538325
v 0.322276 0.324408 -0.579017
v 0.394678 0.243218 -0.514839
v 0.306099 0.179339 -0.719462
v 0.366585 0.111694 -0.622286
v -0.278829 0.289417 -0.684443
v -0.419120 0.144386 -0.538753
v -0.322335 0.324794 -0.578887
v -0.394018 0.243364 -0.514478
v -0.305933 0.179087 -0.719547
v -0.366300 0.111781 -0.622346
v 0.645082 -0.000354 -0.087885
v 0.660149 0.000739 0.114740
v 0.648751 0.059426 -0.034061
v 0.649364 0.061222 0.065675
v 0.640750 -0.060266 -0.035634
v 0.646119 -0.060651 0.064203
v -0.645147 -0.000332 -0.087926
v -0.660128 0.000716 0.114748
v -0.648782 0.059403 -0.034041
v -0.649353 0.061223 0.065627
v -0.640655 -0.060212 -0.035578
v -0.646120 -0.060650 0.064174
v -0.212789 0.412570 0.029339
v -0.209881 0.479957 -0.136230
v -0.127658 0.431542 0.025213
v -0.123130 0.507957 -0.150462
v -0.343111 0.345950 0.100467
v -0.177251 0.387667 0.111839
v -0.317087 0.326701 0.189467
v -0.331766 0.433274 -0.167023
v -0.176555 0.549254 -0.242641
v -0.333694 0.508887 -0.278437
v -0.410763 0.339304 -0.011206
v -0.371597 0.406856 -0.217461
v -0.463739 0.304521 -0.045872
v -0.398073 0.304422 0.172100
v -0.473785 0.290196 0.051103
v 0.212590 0.412095 0.029738
v 0.210239 0.480086 -0.136516
v 0.127684 0.432047 0.025420
v 0.122807 0.507538 -0.150239
v 0.341827 0.345718 0.100576
v 0.177228 0.388018 0.111857
v 0.316886 0.326569 0.189698
v 0.331646 0.433924 -0.169104
v 0.176712 0.549544 -0.243208
v 0.334321 0.510798 -0.280663
v 0.410828 0.339127 -0.011160
v 0.371183 0.407761 -0.218814
v 0.463886 0.304403 -0.045661
v 0.398153 0.304409 0.172311
v 0.473772 0.290047 0.051439
v -0.237561 -0.563522 0.078275
v -0.298199 -0.747233 -0.082876
v -0.140206 -0.581465 0.090934
v -0.162007 -0.769452 -0.076069
v -0.372879 -0.491527 0.156016
v -0.192198 -0.564967 0.213843
v -0.342266 -0.502028 0.273520
v -0.369302 -0.514819 -0.125677
v -0.230552 -0.784692 -0.222622
v -0.355065 -0.509221 -0.229956
v -0.414919 -0.413119 0.019451
v -0.379635 -0.397692 -0.166546
v -0.451621 -0.328648 -0.024970
v -0.402794 -0.428146 0.219055
v -0.460347 -0.338587 0.069265
v 0.237618 -0.563425 0.078480
v 0.296875 -0.748219 -0.083177
v 0.140005 -0.581075 0.090883
v 0.160506 -0.768844 -0.077957
v 0.373015 -0.491102 0.155888
v 0.192288 -0.564909 0.213682
v 0.341950 -0.501917 0.273471
v 0.368782 -0.515182 -0.125455
v 0.229500 -0.784826 -0.222655
v 0.355581 -0.509079 -0.230504
v 0.414967 -0.413403 0.019667
v 0.379463 -0.397710 -0.166508
v 0.451600 -0.328184 -0.025105
v 0.402953 -0.428448 0.219284
v 0.460335 -0.338846 0.068648
v -0.000309 -0.606755 0.655671
v -0.177610 -0.508169 0.696549
v -0.062277 -0.681568 0.586313
v -0.284063 -0.623397 0.676756
v 0.177708 -0.509041 0.697599
v 0.061911 -0.680067 0.585060
v 0.284039 -0.624430 0.676719
v 0.095134 -0.295421 0.727835
v -0.095641 -0.295571 0.729283
v 0.098651 -0.172121 0.742080
v -0.098734 -0.171864 0.742858
v 0.283095 -0.441134 0.665234
v 0.190185 -0.234860 0.703464
v -0.283441 -0.441103 0.665034
v -0.190621 -0.235002 0.703909
v 0.000005 0.275291 0.480805
v -0.131290 0.255208 0.551118
v -0.047617 0.299804 0.388282
v -0.191074 0.266287 0.477876
v 0.131345 0.255157 0.551100
v 0.047611 0.299450 0.388439
v 0.191060 0.266324 0.477879
v 0.079433 0.229494 0.610715
v -0.079467 0.229470 0.610772
v 0.085002 0.140607 0.623403
v -0.084944 0.141044 0.622966
v 0.222098 0.248166 0.534601
v 0.166889 0.187777 0.598992
v -0.222051 0.248158 0.534620
v -0.166917 0.188217 0.599031
v 0.000054 -0.323820 -0.446146
v -0.121182 -0.258858 -0.528511
v -0.045695 -0.400464 -0.373251
v -0.171059 -0.302738 -0.438989
v 0.121103 -0.258909 -0.528526
v 0.045759 -0.400532 -0.373766
v 0.170920 -0.302859 -0.438928
v 0.077555 -0.219597 -0.602498
v -0.077514 -0.219520 -0.602617
v 0.084252 -0.135566 -0.618768
v -0.084311 -0.135699 -0.618863
v 0.208393 -0.242788 -0.518247
v 0.161617 -0.180907 -0.590306
v -0.208305 -0.242774 -0.518278
v -0.161677 -0.180408 -0.590537
v 0.000124 0.585329 -0.635365
v -0.162183 0.461897 -0.673806
v -0.068575 0.665512 -0.559998
v -0.225324 0.521782 -0.599434
v 0.162142 0.461630 -0.673564
v 0.068334 0.665409 -0.559375
v 0.225797 0.522008 -0.600141
v 0.105246 0.296386 -0.771987
v -0.105008 0.296403 -0.771869
v 0.119648 0.186419 -0.821361
v -0.119805 0.187600 -0.821212
v 0.251035 0.402313 -0.639538
v 0.222745 0.246492 -0.788324
v -0.251168 0.402664 -0.639352
v -0.222543 0.246484 -0.788356
v 0.527739 0.098124 -0.391810
v 0.597020 0.052941 -0.247017
v 0.495355 0.175648 -0.353690
v 0.578189 0.116392 -0.193749
v 0.510963 -0.091449 -0.375464
v 0.590506 -0.053787 -0.244918
v 0.494664 -0.155254 -0.341445
v 0.574248 -0.114176 -0.192416
v 0.484789 0.004384 -0.469559
v 0.450512 -0.140286 -0.422695
v 0.409239 -0.032012 -0.513357
v 0.469999 0.164821 -0.452837
v 0.426829 0.052118 -0.539623
v 0.622587 0.056917 -0.140817
v 0.614998 -0.058011 -0.140995
v 0.528979 0.097562 0.376580
v 0.619089 0.055485 0.254116
v 0.508893 0.168153 0.342182
v 0.594829 0.120987 0.207735
v 0.529555 -0.098087 0.375833
v 0.619246 -0.052148 0.251021
v 0.496746 -0.185993 0.342289
v 0.592962 -0.121904 0.203995
v 0.496956 0.005912 0.463446
v 0.455610 -0.169694 0.427945
v 0.426637 -0.038924 0.518759
v 0.461622 0.148775 0.420651
v 0.424428 0.045897 0.511223
v 0.641542 0.059909 0.163373
v 0.638858 -0.058189 0.160669
v -0.527730 0.098125 -0.391870
v -0.597064 0.052895 -0.247063
v -0.495311 0.175979 -0.353404
v -0.578181 0.116489 -0.193842
v -0.511293 -0.091485 -0.375716
v -0.590505 -0.053674 -0.244945
v -0.494612 -0.155420 -0.341472
v -0.574261 -0.114127 -0.192463
v -0.484739 0.004624 -0.469920
v -0.450493 -0.140389 -0.422681
v -0.409460 -0.032830 -0.513539
v -0.469904 0.164849 -0.452834
v -0.426563 0.052429 -0.539468
v -0.622669 0.056900 -0.140818
v -0.615011 -0.058004 -0.140995
v -0.529154 0.097720 0.376628
v -0.619007 0.055811 0.254076
v -0.509008 0.167929 0.342197
v -0.595465 0.120890 0.207753
v -0.529267 -0.098008 0.375929
v -0.619266 -0.052253 0.250964
v -0.496783 -0.186186 0.342321
v -0.593092 -0.121920 0.204213
v -0.496842 0.005807 0.463459
v -0.455903 -0.169528 0.427701
v -0.426461 -0.039135 0.518856
v -0.461735 0.149052 0.420891
v -0.424369 0.045927 0.511341
v -0.641451 0.059961 0.163374
v -0.638826 -0.058147 0.160688
v 0.000320 0.409563 0.104575
v -0.045770 0.367118 0.198912
v 0.000151 0.588643 -0.253236
v -0.057504 0.673338 -0.355125
v 0.045726 0.367413 0.199072
v 0.057897 0.673557 -0.355024
v -0.336528 0.271894 0.368734
v -0.416600 0.255547 0.338068
v -0.369692 0.244145 0.430080
v -0.363919 0.486695 -0.445123
v -0.369597 0.359780 -0.366639
v -0.353622 0.350315 -0.475419
v -0.569116 0.190073 -0.033404
v -0.575140 0.189871 0.065530
v -0.616219 0.125309 0.016566
v 0.336537 0.271903 0.368650
v 0.416613 0.255563 0.337965
v 0.369777 0.244104 0.430046
v 0.363293 0.486028 -0.445756
v 0.369776 0.358948 -0.366810
v 0.352692 0.349396 -0.475574
v 0.568913 0.189968 -0.033430
v 0.575188 0.189923 0.065579
v 0.616219 0.125280 0.016586
v 0.000278 -0.595853 0.233227
v -0.047563 -0.607667 0.359857
v -0.000384 -0.581193 -0.161207
v -0.055103 -0.572326 -0.249853
v 0.047686 -0.607386 0.359868
v 0.054749 -0.571551 -0.249709
v -0.354427 -0.468188 0.448373
v -0.408083 -0.363587 0.371737
v -0.373038 -0.361782 0.474518
v -0.301260 -0.316123 -0.337333
v -0.379917 -0.269315 -0.315308
v -0.342269 -0.240760 -0.410990
v -0.565876 -0.184304 -0.030820
v -0.566593 -0.191536 0.065881
v -0.614092 -0.124004 0.015541
v 0.354557 -0.468733 0.448619
v 0.408161 -0.363925 0.371874
v 0.372962 -0.361815 0.474459
v 0.301065 -0.316226 -0.337001
v 0.380096 -0.269543 -0.315120
v 0.342573 -0.240657 -0.411304
v 0.565837 -0.184325 -0.030852
v 0.566630 -0.191657 0.065792
v 0.614095 -0.123940 0.015559
v 0.180966 -0.006772 0.649293
v 0.267657 -0.056661 0.621458
v -0.180604 -0.006894 0.649271
v -0.267241 -0.056898 0.621213
v 0.262144 0.045723 0.597017
v -0.262407 0.046380 0.597000
v 0.191432 0.021275 -0.681701
v 0.263103 -0.029970 -0.611320
v -0.191378 0.021090 -0.681773
v -0.263474 -0.030079 -0.611209
v 0.286961 0.069757 -0.671134
v -0.286638 0.069451 -0.671214
v -0.282677 0.416197 -0.039820
v -0.302908 0.397493 -0.005265
v -0.298313 0.418452 -0.067418
v -0.327587 0.398634 -0.049369
v -0.331443 0.386414 -0.011113
v 0.282201 0.416133 -0.039603
v 0.303237 0.397122 -0.005274
v 0.298368 0.418083 -0.067711
v 0.327769 0.398528 -0.049390
v 0.331572 0.386132 -0.011042
v -0.323234 -0.573208 0.001074
v -0.334391 -0.542023 0.035896
v -0.342469 -0.567365 -0.027564
v -0.360396 -0.526904 -0.011046
v -0.359254 -0.517644 0.028104
v 0.323340 -0.573608 0.000933
v 0.334935 -0.542294 0.035416
v 0.342027 -0.567549 -0.027628
v 0.359937 -0.526554 -0.010951
v 0.359247 -0.517769 0.027847
v -0.024528 -0.481358 0.700759
v 0.024419 -0.481076 0.700269
v -0.000018 -0.404719 0.713455
v 0.038162 -0.433887 0.708488
v -0.038337 -0.433818 0.707660
v -0.018619 0.254269 0.579630
v 0.018667 0.254255 0.579640
v 0.000021 0.248551 0.601483
v 0.029962 0.250784 0.593504
v -0.029930 0.250778 0.593508
v -0.017525 -0.251743 -0.564940
v 0.017525 -0.251750 -0.564986
v 0.000042 -0.239749 -0.593727
v 0.028651 -0.243025 -0.586349
v -0.028626 -0.243029 -0.586299
v -0.023214 0.450955 -0.692249
v 0.023151 0.450979 -0.692927
v 0.000080 0.386099 -0.723547
v 0.037063 0.410053 -0.711265
v -0.037299 0.410602 -0.711397
v 0.571707 0.021846 -0.353876
v 0.566900 -0.017929 -0.350548
v 0.550627 -0.010166 -0.380825
v 0.553656 0.015212 -0.383257
v 0.580498 0.001843 -0.334075
v 0.591895 0.021667 0.350755
v 0.592258 -0.015559 0.348786
v 0.574393 -0.007980 0.378680
v 0.573873 0.015527 0.379771
v 0.603612 0.002786 0.331578
v -0.571762 0.021799 -0.353926
v -0.566991 -0.017844 -0.350613
v -0.550771 -0.010167 -0.380947
v -0.553723 0.015091 -0.383340
v -0.580587 0.001887 -0.334152
v -0.591743 0.021572 0.350631
v -0.592163 -0.015539 0.348773
v -0.574304 -0.008054 0.378613
v -0.573870 0.015576 0.379649
v -0.603548 0.002709 0.331596
v -0.040497 0.478826 -0.065516
v 0.040454 0.478590 -0.065393
v -0.020310 0.462542 -0.023002
v -0.020002 0.499266 -0.110403
v 0.020563 0.461888 -0.022972
v 0.019939 0.498754 -0.110067
v -0.210388 0.332718 0.244449
v -0.167543 0.306503 0.339227
v -0.163788 0.338274 0.245653
v -0.237212 0.312622 0.289329
v -0.141989 0.324508 0.293166
v -0.216055 0.300559 0.337661
v -0.234646 0.635257 -0.391754
v -0.203307 0.665664 -0.496115
v -0.198744 0.698887 -0.404290
v -0.287639 0.629742 -0.425881
v -0.218389 0.793706 -0.469567
v -0.257718 0.619341 -0.475156
v -0.456937 0.293477 -0.174726
v -0.496988 0.221884 -0.223092
v -0.441040 0.300201 -0.228831
v -0.492168 0.256266 -0.144138
v -0.461556 0.261090 -0.251995
v -0.511263 0.221615 -0.169360
v -0.494716 0.258232 0.175977
v -0.532350 0.211179 0.230131
v -0.484819 0.253826 0.223757
v -0.524204 0.240051 0.157060
v -0.503250 0.232694 0.251798
v -0.543812 0.215213 0.183440
v 0.210090 0.332195 0.244193
v 0.167511 0.305823 0.339838
v 0.163387 0.338358 0.245668
v 0.141900 0.324583 0.292826
v 0.236792 0.312911 0.289033
v 0.215823 0.300881 0.337817
v 0.234885 0.635841 -0.394273
v 0.202924 0.664888 -0.496853
v 0.198533 0.698757 -0.405289
v 0.218501 0.793651 -0.469710
v 0.289598 0.628388 -0.427706
v 0.258273 0.618516 -0.476483
v 0.457000 0.293337 -0.174428
v 0.497466 0.221698 -0.222677
v 0.440502 0.299900 -0.228690
v 0.492686 0.256317 -0.143818
v 0.461899 0.261488 -0.252004
v 0.511449 0.221863 -0.168923
v 0.494766 0.258253 0.175978
v 0.532435 0.211319 0.230150
v 0.484873 0.253824 0.223725
v 0.524237 0.240056 0.157054
v 0.503351 0.232667 0.251820
v 0.543937 0.215167 0.183453
v -0.053332 -0.622490 0.010308
v 0.053239 -0.622134 0.010077
v -0.025291 -0.609964 0.060943
v -0.029712 -0.619916 -0.034250
v 0.024700 -0.609207 0.060669
v 0.029256 -0.620002 -0.034522
v -0.241375 -0.582524 0.405795
v -0.258630 -0.779397 0.523914
v -0.193260 -0.634365 0.411219
v -0.282229 -0.593027 0.440527
v -0.193191 -0.755514 0.458357
v -0.299336 -0.669582 0.500365
v -0.241031 -0.558075 -0.300664
v -0.165143 -0.436501 -0.334565
v -0.186817 -0.566114 -0.300713
v -0.246265 -0.473255 -0.306726
v -0.150669 -0.498775 -0.316226
v -0.209479 -0.421236 -0.326515
v -0.456507 -0.275567 -0.150784
v -0.502616 -0.201213 -0.212456
v -0.445732 -0.267217 -0.201048
v -0.489617 -0.243099 -0.129307
v -0.469113 -0.228783 -0.233284
v -0.512142 -0.207151 -0.159083
v -0.473535 -0.310241 0.189353
v -0.514085 -0.233736 0.231668
v -0.464368 -0.313378 0.238538
v -0.502528 -0.270079 0.163305
v -0.482643 -0.274222 0.259129
v -0.524812 -0.232974 0.184761
v 0.241337 -0.582544 0.406350
v 0.256402 -0.780104 0.522214
v 0.193321 -0.634193 0.411106
v 0.193057 -0.754708 0.458144
v 0.282193 -0.593557 0.440909
v 0.299032 -0.671162 0.499929
v 0.241112 -0.557770 -0.300619
v 0.165055 -0.436266 -0.335073
v 0.186235 -0.566039 -0.300597
v 0.150148 -0.498594 -0.315979
v 0.246110 -0.472632 -0.306505
v 0.209220 -0.421443 -0.326612
v 0.456697 -0.275309 -0.150726
v 0.502809 -0.200646 -0.212649
v 0.445858 -0.266799 -0.201126
v 0.489251 -0.243201 -0.129221
v 0.469253 -0.228692 -0.232986
v 0.512381 -0.206991 -0.159225
v 0.473808 -0.310110 0.189291
v 0.514138 -0.233853 0.231542
v 0.464325 -0.313436 0.238788
v 0.502799 -0.269850 0.163133
v 0.482665 -0.274011 0.258948
v 0.524848 -0.232783 0.184590
v 0.000157 -0.052442 0.734697
v 0.000213 0.043899 0.663932
v 0.046590 -0.031171 0.703544
v -0.046877 -0.031222 0.704113
v 0.045191 0.018646 0.674135
v -0.045407 0.018938 0.674387
v 0.300443 -0.255783 0.608096
v 0.368227 -0.178240 0.536382
v 0.330492 -0.277375 0.570433
v 0.362412 -0.235004 0.532195
v 0.301738 -0.194051 0.606117
v 0.337968 -0.158522 0.571891
v -0.300526 -0.255508 0.607165
v -0.368790 -0.177211 0.536415
v -0.330704 -0.276936 0.569795
v -0.362799 -0.234920 0.532795
v -0.301751 -0.194333 0.605357
v -0.338008 -0.158270 0.571223
v 0.283753 0.195450 0.546715
v 0.366818 0.150720 0.510919
v 0.318790 0.209050 0.520876
v 0.359428 0.188802 0.501821
v 0.289686 0.156543 0.553702
v 0.331725 0.132724 0.537210
v -0.283662 0.195304 0.546567
v -0.366825 0.150530 0.510962
v -0.318762 0.209057 0.520807
v -0.359352 0.188774 0.501665
v -0.289677 0.156587 0.553733
v -0.331458 0.132966 0.537177
v -0.000080 -0.028856 -0.666576
v -0.000099 0.075042 -0.746304
v 0.047821 -0.003085 -0.685278
v -0.047963 -0.003297 -0.685796
v 0.051595 0.048501 -0.726687
v -0.051558 0.048203 -0.726757
v 0.276541 -0.186524 -0.540797
v 0.356344 -0.140317 -0.507326
v 0.307456 -0.193606 -0.512906
v 0.348125 -0.174402 -0.496059
v 0.285137 -0.153158 -0.550694
v 0.324585 -0.124912 -0.535909
v -0.276581 -0.186488 -0.540767
v -0.356234 -0.139881 -0.507310
v -0.307457 -0.193599 -0.512903
v -0.348135 -0.174360 -0.496104
v -0.284929 -0.153316 -0.550582
v -0.324389 -0.124577 -0.535957
v 0.315657 0.252518 -0.649526
v 0.385032 0.179247 -0.574665
v 0.337475 0.269303 -0.597276
v 0.373691 0.230813 -0.563550
v 0.327873 0.198486 -0.664132
v 0.360718 0.163148 -0.621459
v -0.315475 0.252608 -0.649829
v -0.385020 0.179557 -0.575091
v -0.336746 0.269600 -0.596947
v -0.373939 0.231173 -0.563811
v -0.327847 0.198436 -0.664130
v -0.360548 0.163175 -0.621912
v 0.658702 -0.000195 -0.034875
v 0.664164 0.000456 0.065328
v 0.662985 0.029475 -0.008854
v 0.663027 0.030091 0.040879
v 0.658728 -0.029863 -0.009653
v 0.660686 -0.029661 0.040111
v -0.658822 -0.000148 -0.034891
v -0.664196 0.000462 0.065358
v -0.662968 0.029441 -0.008877
v -0.662995 0.030088 0.040882
v -0.658754 -0.029764 -0.009674
v -0.660715 -0.029615 0.040149
v -0.208002 0.445078 -0.051444
v -0.123782 0.467186 -0.060432
v -0.189163 0.434726 -0.012428
v -0.187329 0.468979 -0.096168
v -0.146823 0.444901 -0.015646
v -0.144653 0.481450 -0.102249
v -0.278040 0.379265 0.068682
v -0.247352 0.357413 0.153068
v -0.237431 0.390085 0.069984
v -0.303934 0.357632 0.106361
v -0.220838 0.378711 0.111548
v -0.289958 0.347357 0.149631
v -0.273535 0.465510 -0.159014
v -0.256212 0.540912 -0.268848
v -0.235303 0.490055 -0.174894
v -0.299611 0.467210 -0.191634
v -0.221977 0.526270 -0.229628
v -0.295968 0.505434 -0.247016
v -0.371676 0.380163 -0.088830
v -0.416252 0.347011 -0.130622
v -0.362422 0.399375 -0.139936
v -0.403655 0.351392 -0.059649
v -0.383148 0.384157 -0.162719
v -0.428191 0.334049 -0.078386
v -0.384013 0.342732 0.048176
v -0.442556 0.298966 0.113630
v -0.378816 0.333690 0.091807
v -0.413728 0.329265 0.035135
v -0.407779 0.312205 0.126140
v -0.444039 0.306224 0.066796
v 0.208243 0.444864 -0.051322
v 0.123643 0.467046 -0.059963
v 0.189138 0.434498 -0.012283
v 0.187142 0.468870 -0.096541
v 0.146760 0.445867 -0.015302
v 0.144519 0.481279 -0.102060
v 0.277605 0.378900 0.069004
v 0.246485 0.357289 0.153227
v 0.237723 0.390699 0.070366
v 0.303457 0.357346 0.106536
v 0.220376 0.378388 0.111814
v 0.289463 0.347231 0.149553
v 0.273660 0.465973 -0.160139
v 0.257455 0.542670 -0.270990
v 0.235276 0.490472 -0.176186
v 0.299632 0.468063 -0.193521
v 0.222468 0.526898 -0.230697
v 0.296938 0.507509 -0.248757
v 0.371620 0.380514 -0.089592
v 0.416408 0.347299 -0.131466
v 0.362495 0.399768 -0.140701
v 0.403924 0.351031 -0.059557
v 0.383479 0.384494 -0.163401
v 0.427833 0.334120 -0.078758
v 0.383867 0.342479 0.048536
v 0.442535 0.298942 0.113697
v 0.378147 0.333369 0.091858
v 0.413785 0.329044 0.035246
v 0.408050 0.312123 0.126357
v 0.444118 0.306031 0.067102
v -0.255805 -0.638759 -0.002444
v -0.155500 -0.649518 0.001341
v -0.219605 -0.597616 0.030604
v -0.255626 -0.725168 -0.029567
v -0.171207 -0.604791 0.035029
v -0.191593 -0.711328 -0.037395
v -0.305515 -0.534487 0.128717
v -0.269535 -0.541765 0.254397
v -0.261507 -0.550288 0.137043
v -0.331514 -0.515545 0.173148
v -0.241189 -0.552318 0.201947
v -0.315696 -0.520298 0.233723
v -0.348528 -0.639521 -0.121909
v -0.334482 -0.670573 -0.250846
v -0.332900 -0.733127 -0.140273
v -0.360624 -0.584817 -0.154359
v -0.311429 -0.746673 -0.210095
v -0.362165 -0.594558 -0.215562
v -0.389040 -0.455267 -0.051052
v -0.413689 -0.359815 -0.094287
v -0.382419 -0.457587 -0.098391
v -0.409296 -0.411173 -0.026187
v -0.389831 -0.404317 -0.118721
v -0.424235 -0.365936 -0.047444
v -0.399268 -0.453692 0.086461
v -0.434698 -0.383141 0.141494
v -0.394654 -0.456070 0.136248
v -0.417392 -0.415336 0.066270
v -0.411249 -0.422562 0.165815
v -0.437450 -0.379126 0.092531
v 0.255612 -0.639417 -0.002794
v 0.154985 -0.649386 0.001088
v 0.219278 -0.597690 0.030596
v 0.254237 -0.726709 -0.029576
v 0.170601 -0.604757 0.035017
v 0.190377 -0.711973 -0.037818
v 0.305106 -0.534377 0.128557
v 0.269856 -0.541563 0.254675
v 0.261480 -0.549716 0.136423
v 0.332010 -0.515649 0.173030
v 0.240917 -0.552062 0.201619
v 0.315490 -0.520296 0.233869
v 0.347622 -0.639597 -0.121749
v 0.334384 -0.670782 -0.250876
v 0.332466 -0.734171 -0.140325
v 0.360900 -0.585391 -0.154436
v 0.311033 -0.747240 -0.210259
v 0.362102 -0.594490 -0.215415
v 0.389193 -0.455301 -0.051271
v 0.413876 -0.360121 -0.094472
v 0.382333 -0.457343 -0.098247
v 0.408855 -0.410726 -0.026100
v 0.389560 -0.404468 -0.118590
v 0.424014 -0.365843 -0.047431
v 0.399332 -0.453819 0.086323
v 0.434180 -0.382832 0.141444
v 0.394900 -0.456060 0.136089
v 0.417530 -0.415806 0.066227
v 0.411190 -0.422511 0.165601
v 0.437458 -0.379021 0.092420
v -0.095980 -0.579489 0.686493
v -0.179164 -0.751601 0.679654
v -0.066609 -0.620528 0.663046
v -0.163593 -0.583320 0.696062
v -0.099118 -0.685547 0.644789
v -0.217311 -0.667817 0.702091
v 0.095214 -0.579416 0.685981
v 0.177569 -0.753311 0.678919
v 0.066228 -0.620376 0.662369
v 0.163386 -0.584510 0.696752
v 0.097969 -0.685349 0.643070
v 0.216864 -0.669524 0.701935
v -0.000318 -0.292449 0.739783
v 0.000349 -0.166615 0.825438
v 0.047941 -0.262784 0.743758
v -0.048154 -0.262746 0.744223
v 0.048990 -0.201165 0.762725
v -0.049039 -0.200843 0.763422
v 0.136499 -0.393885 0.706570
v 0.232443 -0.332781 0.679224
v 0.183904 -0.435695 0.696238
v 0.141266 -0.329569 0.713627
v 0.235929 -0.404254 0.684096
v 0.189619 -0.299638 0.702510
v -0.136861 -0.393816 0.705840
v -0.232928 -0.332840 0.679706
v -0.184116 -0.435392 0.696049
v -0.141191 -0.329625 0.713280
v -0.236008 -0.404293 0.684211
v -0.189993 -0.299658 0.702820
v -0.068608 0.263676 0.524690
v -0.119576 0.282534 0.435224
v -0.046873 0.274652 0.480647
v -0.115198 0.262164 0.522927
v -0.071434 0.285029 0.435425
v -0.143178 0.269244 0.482432
v 0.068633 0.263762 0.524626
v 0.119685 0.282743 0.435183
v 0.046870 0.274466 0.480949
v 0.115196 0.262207 0.522908
v 0.071336 0.285232 0.435199
v 0.143078 0.269217 0.482320
v -0.000032 0.234506 0.618390
v -0.000120 0.142388 0.630022
v 0.040365 0.210099 0.617515
v -0.040351 0.210211 0.617487
v 0.041803 0.165692 0.623366
v -0.041766 0.165563 0.623578
v 0.109655 0.245157 0.589309
v 0.197511 0.231092 0.575500
v 0.143635 0.248756 0.569962
v 0.117218 0.235274 0.600098
v 0.188310 0.244050 0.562548
v 0.161420 0.225757 0.594000
v -0.109668 0.245149 0.589300
v -0.197500 0.231135 0.575426
v -0.143634 0.248774 0.569965
v -0.117200 0.235258 0.600094
v -0.188297 0.244036 0.562555
v -0.161468 0.225781 0.594070
v -0.061546 -0.291157 -0.486539
v -0.109306 -0.350148 -0.403396
v -0.042447 -0.321962 -0.445858
v -0.103547 -0.286534 -0.485815
v -0.065972 -0.356665 -0.406968
v -0.127881 -0.311650 -0.442368
v 0.061562 -0.291194 -0.486445
v 0.109289 -0.350225 -0.403341
v 0.042373 -0.322079 -0.445779
v 0.103475 -0.286582 -0.485756
v 0.065850 -0.356569 -0.406791
v 0.127815 -0.311609 -0.442272
v 0.000056 -0.220978 -0.608185
v -0.000015 -0.136297 -0.622180
v 0.040468 -0.211668 -0.609372
v -0.040382 -0.211444 -0.609476
v 0.041650 -0.162100 -0.616484
v -0.041748 -0.163159 -0.615938
v 0.104867 -0.235611 -0.580958
v 0.190038 -0.217133 -0.564808
v 0.136080 -0.241278 -0.560118
v 0.112784 -0.223294 -0.590332
v 0.178978 -0.234293 -0.550594
v 0.155221 -0.210484 -0.583136
v -0.104780 -0.235706 -0.580965
v -0.190022 -0.217173 -0.564786
v -0.136042 -0.241337 -0.560086
v -0.112743 -0.223299 -0.590297
v -0.178879 -0.234329 -0.550605
v -0.155232 -0.210476 -0.583175
v -0.087870 0.530207 -0.655604
v -0.160310 0.612754 -0.600138
v -0.063403 0.582454 -0.634926
v -0.146541 0.518682 -0.654716
v -0.099391 0.625444 -0.604633
v -0.186344 0.559411 -0.630308
v 0.088077 0.529899 -0.655126
v 0.160420 0.612503 -0.600237
v 0.063594 0.582506 -0.634988
v 0.146591 0.518385 -0.654950
v 0.099651 0.625461 -0.604867
v 0.186304 0.559264 -0.630593
v 0.000163 0.293454 -0.771232
v 0.000031 0.185829 -0.796805
v 0.055027 0.268736 -0.784639
v -0.055019 0.268637 -0.784373
v 0.058370 0.214484 -0.802616
v -0.058446 0.214865 -0.802278
v 0.136126 0.374515 -0.719759
v 0.239500 0.324365 -0.712405
v 0.174964 0.405662 -0.693745
v 0.149504 0.323983 -0.749696
v 0.224409 0.379635 -0.685431
v 0.205993 0.300210 -0.754258
v -0.136053 0.374959 -0.719851
v -0.239031 0.324269 -0.712325
v -0.175000 0.405998 -0.694152
v -0.149276 0.324096 -0.749591
v -0.223974 0.379571 -0.685423
v -0.205994 0.300225 -0.754816
v 0.568524 0.074704 -0.322117
v 0.538373 0.144903 -0.273914
v 0.545919 0.102167 -0.348545
v 0.578956 0.079572 -0.272820
v 0.528251 0.139633 -0.326071
v 0.566625 0.112631 -0.247161
v 0.557350 -0.074973 -0.314509
v 0.539927 -0.136913 -0.270750
v 0.531871 -0.099591 -0.336634
v 0.571919 -0.080127 -0.269345
v 0.524481 -0.131208 -0.318117
v 0.562908 -0.110609 -0.244646
v 0.499262 -0.047209 -0.425826
v 0.430830 -0.091067 -0.468309
v 0.490294 -0.081610 -0.412897
v 0.475271 -0.032077 -0.459361
v 0.458685 -0.105504 -0.435487
v 0.438437 -0.051838 -0.480390
v 0.511285 0.054798 -0.439710
v 0.451344 0.111416 -0.503499
v 0.505201 0.091776 -0.431538
v 0.488406 0.041134 -0.474575
v 0.475812 0.122615 -0.462722
v 0.458795 0.066816 -0.508386
v 0.604607 0.000066 -0.246435
v 0.631018 -0.000309 -0.141671
v 0.609872 0.026662 -0.221264
v 0.606182 -0.027222 -0.220532
v 0.622925 0.027598 -0.168342
v 0.618952 -0.028436 -0.168146
v 0.576752 0.078711 0.316239
v 0.554407 0.145572 0.274752
v 0.548636 0.105680 0.337742
v 0.593282 0.083663 0.274832
v 0.537324 0.139733 0.318291
v 0.582127 0.117271 0.252538
v 0.575889 -0.076971 0.313218
v 0.546309 -0.153906 0.272341
v 0.545456 -0.107908 0.335112
v 0.591189 -0.082539 0.271052
v 0.529673 -0.148987 0.316423
v 0.577949 -0.119051 0.249210
v 0.516664 -0.047979 0.424867
v 0.442292 -0.107256 0.476266
v 0.505376 -0.088708 0.413610
v 0.491378 -0.032680 0.459136
v 0.467972 -0.121888 0.439061
v 0.453895 -0.059361 0.484936
v 0.516664 0.053553 0.425441
v 0.444533 0.100361 0.469104
v 0.506204 0.088108 0.412828
v 0.492246 0.040883 0.458878
v 0.470884 0.112554 0.434230
v 0.455927 0.062995 0.481602
v 0.636969 0.001919 0.254458
v 0.656069 0.001071 0.163545
v 0.640793 0.027929 0.233436
v 0.640045 -0.024572 0.231488
v 0.650656 0.029224 0.187862
v 0.649012 -0.026787 0.186156
v -0.568525 0.074632 -0.322197
v -0.538373 0.144799 -0.274023
v -0.545998 0.102188 -0.348623
v -0.578926 0.079480 -0.272849
v -0.528211 0.139572 -0.326134
v -0.566693 0.112760 -0.247211
v -0.557193 -0.074954 -0.314348
v -0.539892 -0.136919 -0.270740
v -0.531529 -0.099492 -0.336332
v -0.571995 -0.080025 -0.269400
v -0.524375 -0.131367 -0.318060
v -0.562883 -0.110540 -0.244622
v -0.499145 -0.047017 -0.425920
v -0.430954 -0.091170 -0.468433
v -0.489985 -0.081456 -0.412761
v -0.474855 -0.031900 -0.459440
v -0.458527 -0.105453 -0.435515
v -0.439205 -0.052152 -0.480385
v -0.511240 0.054727 -0.439678
v -0.451681 0.111180 -0.503677
v -0.505250 0.091762 -0.431723
v -0.488378 0.041174 -0.474737
v -0.475785 0.122482 -0.462884
v -0.458731 0.067057 -0.508422
v -0.604726 0.000075 -0.246486
v -0.631043 -0.000346 -0.141662
v -0.610000 0.026667 -0.221296
v -0.606235 -0.027209 -0.220543
v -0.623151 0.027567 -0.168360
v -0.618998 -0.028423 -0.168177
v -0.577352 0.079037 0.316501
v -0.554461 0.145410 0.274734
v -0.548845 0.105593 0.337693
v -0.593601 0.083690 0.274669
v -0.537660 0.139777 0.318300
v -0.581408 0.116728 0.252479
v -0.575911 -0.076748 0.313248
v -0.546621 -0.153839 0.272383
v -0.545065 -0.108050 0.335194
v -0.591049 -0.082623 0.271236
v -0.530062 -0.149060 0.316172
v -0.577045 -0.119436 0.249322
v -0.516657 -0.047999 0.424847
v -0.442383 -0.107004 0.475972
v -0.505025 -0.088924 0.413718
v -0.491243 -0.032592 0.459055
v -0.468078 -0.121936 0.439184
v -0.453647 -0.059717 0.484696
v -0.516809 0.053565 0.425447
v -0.444678 0.100378 0.469077
v -0.506072 0.088015 0.412813
v -0.492270 0.040860 0.458992
v -0.471418 0.112870 0.434879
v -0.456058 0.062985 0.481866
v -0.636938 0.001919 0.254444
v -0.656049 0.001033 0.163507
v -0.640634 0.028025 0.233417
v -0.640050 -0.024563 0.231454
v -0.650613 0.029301 0.187889
v -0.649017 -0.026818 0.186120
v -0.064603 0.424137 0.063706
v -0.112600 0.380008 0.154192
v -0.108437 0.417315 0.066431
v -0.132653 0.395466 0.110820
v -0.043908 0.407149 0.106357
v -0.067482 0.385201 0.152964
v -0.058736 0.544605 -0.202158
v -0.119749 0.622017 -0.304483
v -0.100569 0.537355 -0.200464
v -0.129980 0.567136 -0.250532
v -0.043983 0.587148 -0.252953
v -0.074793 0.630346 -0.304077
v 0.064475 0.423594 0.063849
v 0.112987 0.380026 0.154232
v 0.108078 0.416837 0.066447
v 0.132746 0.395327 0.110903
v 0.044181 0.406994 0.106401
v 0.067577 0.385743 0.152652
v 0.058535 0.544530 -0.202088
v 0.119648 0.622268 -0.304700
v 0.100028 0.536911 -0.200208
v 0.129927 0.567250 -0.250432
v 0.044390 0.586739 -0.253183
v 0.074452 0.630536 -0.304011
v -0.328996 0.297413 0.278200
v -0.412261 0.278482 0.255737
v -0.345094 0.307032 0.229349
v -0.387157 0.296613 0.219866
v -0.356191 0.280235 0.318678
v -0.396930 0.271634 0.305324
v -0.047376 0.330898 0.293639
v 0.047288 0.331070 0.293694
v -0.023740 0.314965 0.341382
v 0.023780 0.315282 0.341587
v -0.023369 0.349098 0.246107
v 0.023425 0.349232 0.246499
v -0.266613 0.269402 0.426517
v -0.298241 0.246548 0.486144
v -0.238414 0.262566 0.470201
v -0.254125 0.252618 0.499612
v -0.312727 0.264287 0.416648
v -0.328076 0.252013 0.446106
v -0.457174 0.587075 -0.357913
v -0.365095 0.404545 -0.291325
v -0.373745 0.505195 -0.304428
v -0.361266 0.436591 -0.273269
v -0.391098 0.497031 -0.388218
v -0.359462 0.420640 -0.346900
v -0.074016 0.715215 -0.453970
v 0.074034 0.715140 -0.453696
v -0.035757 0.692342 -0.509977
v 0.035742 0.692266 -0.509754
v -0.033278 0.695535 -0.404926
v 0.033435 0.695648 -0.405310
v -0.294611 0.506275 -0.521780
v -0.309329 0.382230 -0.559664
v -0.264623 0.483714 -0.570562
v -0.275827 0.423219 -0.590669
v -0.327725 0.463677 -0.492041
v -0.328786 0.398581 -0.509022
v -0.521764 0.252165 -0.035210
v -0.529965 0.245917 0.062239
v -0.498280 0.276756 -0.014261
v -0.502647 0.271643 0.034089
v -0.551373 0.222316 -0.007655
v -0.554408 0.220811 0.040979
v -0.433730 0.261073 -0.359006
v -0.409604 0.252199 -0.463860
v -0.459412 0.215359 -0.382372
v -0.447166 0.210488 -0.433531
v -0.395909 0.307337 -0.389542
v -0.385310 0.302927 -0.443117
v -0.574252 0.154120 -0.113150
v -0.627951 0.090237 -0.059811
v -0.590281 0.119483 -0.139831
v -0.615233 0.088337 -0.113145
v -0.586237 0.156136 -0.059660
v -0.613446 0.123863 -0.033502
v -0.468080 0.223414 0.345892
v -0.418277 0.207126 0.429746
v -0.478984 0.195614 0.367072
v -0.453759 0.184815 0.406604
v -0.433018 0.238704 0.366640
v -0.408650 0.232396 0.410898
v -0.588570 0.156430 0.137360
v -0.630105 0.092969 0.089812
v -0.604704 0.123592 0.161440
v -0.626016 0.092221 0.138288
v -0.592570 0.157261 0.089404
v -0.613590 0.125404 0.065404
v 0.329408 0.297506 0.278241
v 0.412442 0.278508 0.255789
v 0.345092 0.306848 0.229680
v 0.387405 0.296557 0.220012
v 0.356349 0.280146 0.318896
v 0.396977 0.271680 0.305323
v 0.266717 0.269413 0.426415
v 0.298260 0.246494 0.486150
v 0.238419 0.262587 0.470178
v 0.254134 0.252605 0.499588
v 0.312743 0.264266 0.416592
v 0.328062 0.251993 0.446068
v 0.457598 0.587241 -0.358060
v 0.365145 0.404818 -0.291944
v 0.374297 0.506418 -0.305990
v 0.361475 0.438197 -0.274680
v 0.390456 0.496476 -0.388865
v 0.359718 0.420105 -0.347014
v 0.294391 0.505598 -0.522587
v 0.309083 0.381956 -0.559670
v 0.264556 0.483103 -0.570991
v 0.275297 0.422734 -0.590918
v 0.327493 0.463150 -0.492612
v 0.328756 0.398080 -0.509569
v 0.521658 0.251959 -0.035249
v 0.529979 0.245864 0.062378
v 0.498360 0.276574 -0.014018
v 0.502567 0.271499 0.034209
v 0.551185 0.222207 -0.007597
v 0.554433 0.220786 0.041053
v 0.433966 0.261462 -0.359036
v 0.409959 0.252409 -0.463729
v 0.459368 0.215494 -0.382452
v 0.447245 0.210497 -0.433787
v 0.396116 0.307058 -0.389677
v 0.385284 0.302709 -0.443040
v 0.574080 0.154007 -0.113000
v 0.627966 0.090294 -0.059823
v 0.590274 0.119399 -0.139714
v 0.615296 0.088370 -0.113200
v 0.586138 0.156112 -0.059577
v 0.613463 0.123907 -0.033500
v 0.468205 0.223401 0.345933
v 0.418313 0.207226 0.429793
v 0.479088 0.195769 0.367072
v 0.453704 0.185019 0.406578
v 0.433084 0.238707 0.366572
v 0.408707 0.232410 0.410903
v 0.588644 0.156476 0.137331
v 0.630094 0.092936 0.089857
v 0.604720 0.123646 0.161441
v 0.626047 0.092242 0.138290
v 0.592584 0.157375 0.089484
v 0.613506 0.125329 0.065389
v -0.069589 -0.589241 0.167261
v -0.117768 -0.580834 0.294865
v -0.116596 -0.580093 0.159806
v -0.142057 -0.575050 0.222738
v -0.046533 -0.592555 0.232308
v -0.069820 -0.591352 0.296299
v -0.087897 -0.657053 -0.131129
v -0.135080 -0.674701 -0.241201
v -0.121526 -0.756242 -0.146777
v -0.155666 -0.769503 -0.217063
v -0.064979 -0.609910 -0.169157
v -0.084789 -0.618889 -0.219088
v 0.070132 -0.590199 0.167934
v 0.118145 -0.581000 0.294943
v 0.116369 -0.579735 0.159856
v 0.141978 -0.575265 0.222855
v 0.046671 -0.592538 0.232362
v 0.069926 -0.591219 0.296539
v 0.087410 -0.655587 -0.131211
v 0.134564 -0.672876 -0.240906
v 0.120938 -0.753016 -0.146717
v 0.153159 -0.767761 -0.216542
v 0.064800 -0.609014 -0.168638
v 0.083371 -0.618736 -0.219228
v -0.349812 -0.491274 0.366491
v -0.408554 -0.400007 0.298896
v -0.368113 -0.479930 0.307817
v -0.393399 -0.436560 0.275104
v -0.367121 -0.456157 0.389651
v -0.396207 -0.407508 0.353605
v -0.057719 -0.669763 0.471760
v 0.058123 -0.669734 0.471242
v -0.031223 -0.658841 0.524430
v 0.031340 -0.658321 0.524253
v -0.026119 -0.638045 0.415132
v 0.026486 -0.638298 0.414997
v -0.326098 -0.550346 0.558850
v -0.330015 -0.408451 0.569358
v -0.319150 -0.553031 0.627819
v -0.312992 -0.468062 0.623502
v -0.343219 -0.477645 0.508084
v -0.349142 -0.416475 0.517996
v -0.318124 -0.404293 -0.275252
v -0.376221 -0.327134 -0.235715
v -0.345331 -0.431980 -0.239054
v -0.365200 -0.384433 -0.212199
v -0.322001 -0.338334 -0.293064
v -0.359033 -0.310513 -0.281340
v -0.050139 -0.491724 -0.313236
v 0.049992 -0.491701 -0.313248
v -0.023913 -0.445796 -0.342346
v 0.023932 -0.446019 -0.342742
v -0.026201 -0.531425 -0.280854
v 0.025899 -0.531299 -0.281143
v -0.237840 -0.312559 -0.389364
v -0.279467 -0.240347 -0.472317
v -0.214223 -0.289520 -0.434841
v -0.233861 -0.257841 -0.474588
v -0.279817 -0.295604 -0.382781
v -0.300473 -0.258867 -0.421802
v -0.506451 -0.253657 -0.028025
v -0.511835 -0.263096 0.067931
v -0.481240 -0.293116 -0.002540
v -0.484767 -0.298377 0.045177
v -0.540182 -0.220191 -0.004628
v -0.541659 -0.224586 0.043446
v -0.442968 -0.208788 -0.335774
v -0.402698 -0.191580 -0.427105
v -0.461238 -0.178200 -0.363393
v -0.439425 -0.170802 -0.406095
v -0.402160 -0.232812 -0.349789
v -0.384481 -0.220260 -0.399427
v -0.573713 -0.148492 -0.111270
v -0.619820 -0.090306 -0.061195
v -0.586043 -0.117139 -0.139335
v -0.607526 -0.088487 -0.113729
v -0.585010 -0.151481 -0.058495
v -0.609535 -0.122079 -0.034294
v -0.450671 -0.271502 0.354406
v -0.410773 -0.260541 0.447485
v -0.463481 -0.225344 0.370811
v -0.443460 -0.218458 0.415064
v -0.419627 -0.316081 0.387633
v -0.400317 -0.312663 0.436010
v -0.583916 -0.158987 0.135256
v -0.627446 -0.092396 0.087968
v -0.602657 -0.124023 0.158367
v -0.623722 -0.091330 0.135668
v -0.588561 -0.158547 0.088440
v -0.611021 -0.124956 0.063992
v 0.350206 -0.491608 0.366628
v 0.408559 -0.400250 0.299092
v 0.367655 -0.479840 0.307909
v 0.394019 -0.437015 0.275081
v 0.367118 -0.456787 0.389444
v 0.395411 -0.407240 0.353676
v 0.326331 -0.551567 0.558876
v 0.329668 -0.408990 0.569837
v 0.319053 -0.553523 0.628109
v 0.313025 -0.468255 0.623776
v 0.342686 -0.478478 0.508113
v 0.348849 -0.417072 0.518141
v 0.317988 -0.404364 -0.275231
v 0.375856 -0.327525 -0.235379
v 0.344957 -0.431765 -0.238817
v 0.365068 -0.384349 -0.211997
v 0.322007 -0.338260 -0.293133
v 0.358963 -0.310649 -0.281226
v 0.237912 -0.312675 -0.389480
v 0.279515 -0.240369 -0.472146
v 0.214212 -0.289809 -0.434894
v 0.233837 -0.257696 -0.474694
v 0.279818 -0.295666 -0.382901
v 0.300495 -0.258653 -0.421998
v 0.506374 -0.253974 -0.028461
v 0.511499 -0.263192 0.068070
v 0.481242 -0.293674 -0.002970
v 0.485030 -0.298478 0.044998
v 0.540134 -0.219991 -0.004379
v 0.541564 -0.224471 0.043513
v 0.442898 -0.208989 -0.335642
v 0.402712 -0.191423 -0.427041
v 0.461202 -0.178227 -0.363395
v 0.439428 -0.170789 -0.405947
v 0.402547 -0.232299 -0.350445
v 0.384380 -0.220548 -0.399367
v 0.573750 -0.148629 -0.111264
v 0.619884 -0.090320 -0.061249
v 0.586082 -0.117171 -0.139286
v 0.607545 -0.088544 -0.113758
v 0.585036 -0.151446 -0.058507
v 0.609596 -0.122089 -0.034324
v 0.449678 -0.271791 0.354849
v 0.410523 -0.260370 0.447072
v 0.463460 -0.225026 0.370786
v 0.443038 -0.218428 0.415299
v 0.419938 -0.316210 0.387407
v 0.400734 -0.312581 0.436287
v 0.583976 -0.158978 0.135209
v 0.627464 -0.092384 0.087977
v 0.602666 -0.123944 0.158275
v 0.623736 -0.091334 0.135660
v 0.588518 -0.158587 0.088406
v 0.611058 -0.124940 0.064000
v 0.143516 -0.086293 0.701965
v 0.233390 -0.140816 0.672729
v 0.150895 -0.140980 0.729091
v 0.193210 -0.171903 0.705429
v 0.185220 -0.058816 0.670211
v 0.229210 -0.085072 0.655655
v -0.143799 -0.086149 0.702413
v -0.232149 -0.141615 0.670166
v -0.151713 -0.140973 0.731191
v -0.193297 -0.172099 0.705529
v -0.185201 -0.059064 0.669769
v -0.229275 -0.085281 0.656053
v 0.132039 0.068500 0.635706
v 0.214989 0.118996 0.597938
v 0.129451 0.117479 0.621114
v 0.171125 0.143041 0.606111
v 0.177290 0.044318 0.631486
v 0.218880 0.070577 0.609121
v -0.132415 0.068568 0.635360
v -0.215210 0.119139 0.598198
v -0.129429 0.117100 0.621586
v -0.170599 0.141662 0.606123
v -0.177256 0.044180 0.631285
v -0.219106 0.071043 0.609179
v 0.348570 -0.049446 0.571291
v 0.343218 0.045463 0.555148
v 0.389477 -0.020609 0.544092
v 0.386461 0.024007 0.537362
v 0.307152 -0.028025 0.591505
v 0.305184 0.021898 0.581841
v -0.348756 -0.049324 0.571508
v -0.343318 0.045445 0.555204
v -0.389317 -0.020756 0.544058
v -0.386500 0.024021 0.537429
v -0.306733 -0.028481 0.591376
v -0.304468 0.021268 0.581296
v 0.133583 -0.054351 -0.639920
v 0.211008 -0.104600 -0.596379
v 0.128190 -0.107366 -0.619599
v 0.166968 -0.130841 -0.602019
v 0.180255 -0.027571 -0.641207
v 0.218089 -0.054044 -0.614735
v -0.133620 -0.054845 -0.640064
v -0.210927 -0.104481 -0.596322
v -0.128106 -0.107540 -0.619230
v -0.166843 -0.131189 -0.601843
v -0.180310 -0.027710 -0.641317
v -0.217972 -0.054315 -0.614981
v 0.168041 0.090448 -0.781117
v 0.273961 0.154023 -0.763978
v 0.175880 0.153507 -0.811454
v 0.230504 0.185894 -0.800293
v 0.206479 0.069939 -0.729245
v 0.258290 0.095950 -0.725173
v -0.168605 0.091045 -0.781206
v -0.273748 0.153515 -0.764132
v -0.176147 0.154153 -0.811753
v -0.230415 0.185911 -0.800248
v -0.206653 0.070012 -0.729340
v -0.259576 0.095347 -0.727049
v 0.338561 -0.031409 -0.565859
v 0.357765 0.062656 -0.604722
v 0.378611 -0.009706 -0.548208
v 0.388278 0.035170 -0.564163
v 0.306505 -0.007132 -0.600856
v 0.317230 0.042070 -0.625299
v -0.339356 -0.032378 -0.565874
v -0.357613 0.062608 -0.604469
v -0.379258 -0.009885 -0.548103
v -0.388516 0.034973 -0.564624
v -0.306489 -0.006813 -0.600974
v -0.316997 0.042159 -0.624820
v -0.268237 0.409605 -0.006379
v -0.265510 0.436410 -0.079383
v -0.229916 0.422408 -0.009212
v -0.227921 0.453349 -0.088944
v -0.325043 0.376826 0.025696
v -0.253079 0.400752 0.030488
v -0.316178 0.367562 0.064945
v -0.318764 0.415845 -0.091537
v -0.249337 0.460601 -0.124866
v -0.308310 0.437916 -0.139510
v -0.355683 0.376563 -0.024449
v -0.340471 0.409386 -0.115327
v -0.379385 0.365123 -0.041302
v -0.350766 0.355330 0.058131
v -0.383991 0.352919 0.004168
v 0.268548 0.409670 -0.006518
v 0.265275 0.437099 -0.079857
v 0.229940 0.422154 -0.009289
v 0.227803 0.453667 -0.089329
v 0.325239 0.376584 0.025962
v 0.252961 0.400431 0.030805
v 0.315628 0.367233 0.065206
v 0.318993 0.415805 -0.092341
v 0.249663 0.461071 -0.125810
v 0.308357 0.438453 -0.140480
v 0.355948 0.376255 -0.024326
v 0.340513 0.409793 -0.116698
v 0.379714 0.365068 -0.041476
v 0.350393 0.355075 0.058257
v 0.384128 0.352660 0.004470
v -0.303762 -0.564100 0.034337
v -0.321682 -0.615166 -0.036757
v -0.264874 -0.580958 0.028004
v -0.292682 -0.667846 -0.039318
v -0.354722 -0.514923 0.069841
v -0.282308 -0.554026 0.079716
v -0.345101 -0.513617 0.118009
v -0.359349 -0.543576 -0.052706
v -0.330961 -0.673669 -0.080922
v -0.359243 -0.565086 -0.100129
v -0.378843 -0.488895 0.012622
v -0.372285 -0.505511 -0.076363
v -0.394345 -0.452688 -0.006125
v -0.379857 -0.488684 0.103817
v -0.398567 -0.452269 0.039814
v 0.303817 -0.564129 0.034074
v 0.321184 -0.615367 -0.037062
v 0.264415 -0.580939 0.027977
v 0.292262 -0.668799 -0.039144
v 0.354645 -0.514882 0.069600
v 0.282596 -0.553828 0.079588
v 0.345243 -0.513812 0.118102
v 0.359064 -0.543976 -0.052905
v 0.331381 -0.675135 -0.080401
v 0.359078 -0.565533 -0.099807
v 0.378667 -0.488866 0.012743
v 0.372554 -0.505646 -0.076573
v 0.394765 -0.453034 -0.005638
v 0.380205 -0.488582 0.103684
v 0.398858 -0.452234 0.039752
v -0.000172 -0.526103 0.690738
v -0.075477 -0.472699 0.701575
v -0.031667 -0.571620 0.678633
v -0.116641 -0.521077 0.695974
v 0.075313 -0.472701 0.701692
v 0.031124 -0.571463 0.677848
v 0.116546 -0.521930 0.697311
v 0.043592 -0.380904 0.716857
v -0.044090 -0.380846 0.716976
v 0.046475 -0.323125 0.729081
v -0.046575 -0.323321 0.729089
v 0.129165 -0.458069 0.701443
v 0.091182 -0.356399 0.717381
v -0.129900 -0.458013 0.701209
v -0.092099 -0.356360 0.717679
v -0.000054 0.258524 0.557713
v -0.057659 0.253328 0.577609
v -0.022644 0.264802 0.524218
v -0.086277 0.257140 0.554572
v 0.057678 0.253323 0.577619
v 0.022807 0.264797 0.524161
v 0.086277 0.257162 0.554593
v 0.035139 0.246014 0.603993
v -0.035128 0.245979 0.603938
v 0.038243 0.237970 0.612793
v -0.038214 0.237962 0.612829
v 0.099776 0.251547 0.575208
v 0.074694 0.241961 0.603253
v -0.099744 0.251566 0.575193
v -0.074674 0.241911 0.603215
v -0.000047 -0.271569 -0.526272
v -0.054263 -0.250217 -0.564591
v -0.020434 -0.294242 -0.486488
v -0.079026 -0.265772 -0.527400
v 0.054226 -0.250187 -0.564702
v 0.020361 -0.294269 -0.486424
v 0.079036 -0.265700 -0.527471
v 0.034001 -0.236484 -0.596121
v -0.033894 -0.236522 -0.596158
v 0.037505 -0.227450 -0.603668
v -0.037396 -0.227394 -0.603691
v 0.094375 -0.246013 -0.566010
v 0.072118 -0.231681 -0.595161
v -0.094361 -0.246019 -0.565892
v -0.072061 -0.231752 -0.595175
v 0.000136 0.491917 -0.674608
v -0.071965 0.442026 -0.694625
v -0.029394 0.536050 -0.655233
v -0.107469 0.478021 -0.674929
v 0.071720 0.441505 -0.694575
v 0.029390 0.535889 -0.655160
v 0.107947 0.478386 -0.675423
v 0.044410 0.366154 -0.732914
v -0.044308 0.366450 -0.732859
v 0.050111 0.319020 -0.758645
v -0.049604 0.318939 -0.758550
v 0.123226 0.426417 -0.695821
v 0.095295 0.345848 -0.741857
v -0.123351 0.425925 -0.695612
v -0.095249 0.345905 -0.741804
v 0.555305 0.041459 -0.377156
v 0.586075 0.024313 -0.316994
v 0.553694 0.070145 -0.365425
v 0.585508 0.050025 -0.296462
v 0.545325 -0.037849 -0.369400
v 0.582258 -0.022223 -0.314840
v 0.538115 -0.067961 -0.353416
v 0.578712 -0.050196 -0.292833
v 0.533669 0.002861 -0.410751
v 0.518733 -0.059074 -0.390344
v 0.508613 -0.013395 -0.436783
v 0.532607 0.064517 -0.403238
v 0.513455 0.019858 -0.442136
v 0.597554 0.025672 -0.271424
v 0.594122 -0.025285 -0.270156
v 0.570863 0.040950 0.371835
v 0.607584 0.024864 0.315531
v 0.560448 0.072095 0.356123
v 0.602906 0.052450 0.296095
v 0.572147 -0.034173 0.368953
v 0.607615 -0.019948 0.313441
v 0.561928 -0.067911 0.353500
v 0.603441 -0.048424 0.293100
v 0.551566 0.004434 0.406028
v 0.542012 -0.058885 0.390372
v 0.524596 -0.011322 0.432842
v 0.540110 0.063866 0.391966
v 0.524443 0.021055 0.433401
v 0.624272 0.026750 0.275835
v 0.624003 -0.022734 0.273844
v -0.555309 0.041374 -0.377221
v -0.586128 0.024290 -0.317082
v -0.553674 0.070045 -0.365476
v -0.585496 0.049950 -0.296512
v -0.545100 -0.037748 -0.369263
v -0.582362 -0.022061 -0.314872
v -0.538255 -0.068031 -0.353600
v -0.578706 -0.050104 -0.292847
v -0.533785 0.002823 -0.410828
v -0.518761 -0.058910 -0.390220
v -0.508753 -0.013221 -0.436963
v -0.532607 0.064402 -0.403250
v -0.513516 0.019822 -0.442211
v -0.597646 0.025671 -0.271459
v -0.594171 -0.025227 -0.270176
v -0.570635 0.041142 0.371752
v -0.607413 0.024879 0.315429
v -0.560675 0.072095 0.356366
v -0.602984 0.052456 0.296072
v -0.572135 -0.034438 0.369095
v -0.607582 -0.019966 0.313469
v -0.561744 -0.068112 0.353720
v -0.603348 -0.048432 0.293068
v -0.551493 0.004403 0.405994
v -0.541946 -0.058848 0.390481
v -0.524546 -0.011385 0.432876
v -0.540178 0.063705 0.392090
v -0.524293 0.021143 0.433389
v -0.624072 0.026828 0.275823
v -0.624006 -0.022734 0.273864
v -0.061862 0.459034 -0.021230
v -0.060158 0.496308 -0.108942
v -0.104322 0.452922 -0.018755
v -0.101347 0.490512 -0.106064
v 0.061930 0.458774 -0.021154
v 0.059984 0.496311 -0.108925
v 0.104291 0.453035 -0.018626
v 0.101763 0.490294 -0.106028
v 0.000002 0.445712 0.019019
v -0.084779 0.438480 0.022499
v -0.021226 0.428748 0.060657
v -0.000154 0.522616 -0.156492
v -0.079016 0.515512 -0.153501
v -0.019682 0.550013 -0.203705
v 0.084620 0.438868 0.022647
v 0.021401 0.428665 0.060728
v 0.078803 0.515033 -0.153451
v 0.019908 0.549971 -0.203581
v -0.183661 0.352577 0.199721
v -0.256586 0.324489 0.241639
v -0.202936 0.366044 0.154803
v -0.274612 0.336742 0.194638
v -0.118879 0.310728 0.340449
v -0.192630 0.289594 0.385312
v -0.095596 0.297030 0.388428
v -0.168038 0.279312 0.433718
v -0.116548 0.343642 0.246302
v -0.157678 0.373827 0.155266
v -0.091728 0.363912 0.199699
v -0.264173 0.294521 0.334471
v -0.301977 0.316466 0.236755
v -0.312066 0.287618 0.328722
v -0.071202 0.313656 0.341298
v -0.069637 0.347289 0.246217
v -0.217135 0.274949 0.430624
v -0.291742 0.278013 0.379092
v -0.196708 0.624518 -0.350132
v -0.301475 0.617492 -0.370217
v -0.209469 0.571003 -0.288055
v -0.299418 0.555356 -0.305464
v -0.166651 0.712477 -0.505084
v -0.230909 0.602699 -0.523002
v -0.131085 0.660036 -0.552999
v -0.206197 0.579912 -0.574347
v -0.171963 0.810520 -0.407266
v -0.161477 0.597915 -0.301656
v -0.113289 0.689995 -0.356264
v -0.331674 0.596082 -0.456062
v -0.359870 0.568374 -0.337567
v -0.428457 0.589569 -0.448517
v -0.107418 0.705036 -0.504765
v -0.100472 0.732584 -0.406095
v -0.251248 0.543577 -0.548345
v -0.338515 0.534767 -0.477405
v -0.421414 0.334647 -0.206207
v -0.473077 0.287318 -0.119877
v -0.402664 0.362700 -0.184701
v -0.451403 0.313254 -0.098359
v -0.483573 0.221304 -0.276599
v -0.530962 0.185421 -0.194455
v -0.505824 0.180561 -0.301197
v -0.549348 0.148771 -0.220662
v -0.424110 0.305967 -0.282464
v -0.387088 0.382002 -0.238565
v -0.384689 0.356622 -0.312172
v -0.525650 0.221786 -0.114791
v -0.489221 0.282300 -0.064703
v -0.539534 0.221635 -0.060722
v -0.471103 0.219099 -0.329721
v -0.408684 0.308404 -0.335835
v -0.561598 0.151744 -0.167040
v -0.557102 0.188588 -0.086688
v -0.462324 0.272959 0.193095
v -0.500648 0.262421 0.128550
v -0.436333 0.292171 0.160307
v -0.473700 0.284145 0.098322
v -0.516943 0.206126 0.276584
v -0.558569 0.184887 0.207603
v -0.527341 0.173926 0.298190
v -0.569690 0.150643 0.230195
v -0.470825 0.249019 0.271731
v -0.425856 0.285444 0.207543
v -0.434389 0.261245 0.289158
v -0.549731 0.216810 0.135997
v -0.502773 0.266686 0.081222
v -0.553108 0.218582 0.088509
v -0.499365 0.201310 0.322698
v -0.453147 0.243847 0.319497
v -0.582162 0.154879 0.184563
v -0.572077 0.188570 0.113253
v 0.183982 0.352189 0.199555
v 0.256510 0.324614 0.241343
v 0.202337 0.366113 0.154705
v 0.273645 0.336340 0.194732
v 0.119387 0.310567 0.340672
v 0.192835 0.289622 0.385922
v 0.095670 0.297240 0.388186
v 0.168304 0.279415 0.433645
v 0.116536 0.343794 0.246242
v 0.157826 0.373799 0.155105
v 0.091979 0.363966 0.199526
v 0.071212 0.313732 0.341094
v 0.069879 0.347671 0.246278
v 0.264156 0.294937 0.334190
v 0.301421 0.316333 0.236897
v 0.312441 0.287477 0.329117
v 0.217102 0.275003 0.430255
v 0.291902 0.277934 0.379126
v 0.197292 0.625254 -0.351300
v 0.304439 0.623352 -0.374404
v 0.210887 0.572324 -0.288636
v 0.300892 0.558181 -0.307813
v 0.166213 0.712427 -0.504691
v 0.230977 0.601758 -0.523702
v 0.131094 0.660257 -0.553113
v 0.206443 0.579754 -0.574739
v 0.172174 0.810241 -0.407399
v 0.161491 0.598190 -0.302169
v 0.113453 0.690127 -0.356431
v 0.107403 0.704785 -0.504910
v 0.100645 0.732779 -0.406040
v 0.332254 0.595056 -0.457662
v 0.361086 0.570551 -0.339608
v 0.427498 0.588306 -0.450067
v 0.251084 0.543285 -0.549591
v 0.338495 0.534175 -0.478453
v 0.421023 0.335008 -0.206525
v 0.473118 0.287092 -0.120222
v 0.402137 0.363355 -0.185289
v 0.451300 0.312933 -0.098531
v 0.483669 0.221006 -0.276450
v 0.531129 0.185518 -0.194439
v 0.505921 0.180356 -0.301402
v 0.549427 0.148929 -0.220679
v 0.423845 0.305542 -0.282015
v 0.386347 0.382618 -0.239372
v 0.384289 0.356211 -0.312471
v 0.525585 0.221536 -0.114577
v 0.489281 0.282156 -0.064396
v 0.539487 0.221489 -0.060545
v 0.470982 0.219266 -0.329823
v 0.408806 0.308300 -0.335822
v 0.561486 0.151802 -0.167054
v 0.557175 0.188337 -0.086535
v 0.462471 0.272983 0.193089
v 0.500669 0.262373 0.128662
v 0.436568 0.292088 0.160507
v 0.473726 0.284124 0.098541
v 0.516988 0.206344 0.276552
v 0.558634 0.185135 0.207576
v 0.526972 0.173654 0.298106
v 0.569465 0.150648 0.230013
v 0.470844 0.249001 0.271685
v 0.426185 0.285360 0.207668
v 0.434436 0.261272 0.289144
v 0.549748 0.216835 0.136017
v 0.502795 0.266618 0.081398
v 0.553138 0.218681 0.088528
v 0.499431 0.201529 0.322679
v 0.453186 0.243821 0.319410
v 0.582166 0.155012 0.184539
v 0.572141 0.188638 0.113309
v -0.074775 -0.610451 0.055891
v -0.085967 -0.641827 -0.037798
v -0.122728 -0.608213 0.044694
v -0.135030 -0.682463 -0.038256
v 0.074359 -0.610782 0.056111
v 0.085537 -0.641073 -0.038254
v 0.122481 -0.607811 0.044543
v 0.134318 -0.682234 -0.038955
v -0.000226 -0.601145 0.114888
v -0.094643 -0.592586 0.103820
v -0.023249 -0.595355 0.171697
v -0.000392 -0.603433 -0.075925
v -0.110542 -0.687681 -0.085551
v -0.037400 -0.596377 -0.119159
v 0.094397 -0.592532 0.103712
v 0.023614 -0.595611 0.171865
v 0.109651 -0.686883 -0.085430
v 0.036709 -0.596165 -0.119105
v -0.198996 -0.566010 0.358024
v -0.286600 -0.549067 0.372717
v -0.220501 -0.558243 0.273985
v -0.299278 -0.530277 0.300182
v -0.155908 -0.801378 0.527505
v -0.300203 -0.728166 0.585739
v -0.117954 -0.776310 0.617755
v -0.264098 -0.726903 0.662486
v -0.137445 -0.653621 0.414813
v -0.169121 -0.571318 0.288202
v -0.094658 -0.597537 0.364680
v -0.312984 -0.576368 0.468436
v -0.327389 -0.515526 0.337319
v -0.339081 -0.510650 0.428160
v -0.090814 -0.715764 0.532895
v -0.080183 -0.645383 0.416391
v -0.317041 -0.641592 0.618434
v -0.332147 -0.533705 0.491906
v -0.231836 -0.659537 -0.301474
v -0.289247 -0.526663 -0.288852
v -0.273212 -0.730843 -0.271980
v -0.339668 -0.576442 -0.268970
v -0.119039 -0.443721 -0.340410
v -0.178812 -0.375925 -0.357907
v -0.091064 -0.396827 -0.370992
v -0.152557 -0.340578 -0.399023
v -0.132013 -0.556342 -0.293137
v -0.194033 -0.736955 -0.275118
v -0.108223 -0.599384 -0.261420
v -0.250550 -0.398660 -0.317972
v -0.324254 -0.481844 -0.267511
v -0.287275 -0.369340 -0.305973
v -0.071944 -0.446273 -0.341874
v -0.078788 -0.541222 -0.285443
v -0.195700 -0.329077 -0.394937
v -0.261195 -0.337920 -0.344850
v -0.423884 -0.309035 -0.170694
v -0.465739 -0.281587 -0.100215
v -0.404310 -0.354037 -0.142925
v -0.443132 -0.322083 -0.072189
v -0.494098 -0.193105 -0.266894
v -0.534224 -0.173117 -0.189417
v -0.513058 -0.161960 -0.295932
v -0.550891 -0.141329 -0.218359
v -0.433197 -0.256371 -0.251301
v -0.391990 -0.343674 -0.190300
v -0.395989 -0.283337 -0.267144
v -0.522241 -0.212169 -0.106680
v -0.474399 -0.287997 -0.051013
v -0.531764 -0.216574 -0.055094
v -0.481041 -0.185476 -0.318175
v -0.419025 -0.244480 -0.300968
v -0.562090 -0.145222 -0.164868
v -0.555989 -0.181177 -0.082728
v -0.446075 -0.351377 0.216526
v -0.480320 -0.306301 0.140583
v -0.428106 -0.387847 0.192437
v -0.458479 -0.342869 0.117293
v -0.499069 -0.233075 0.278222
v -0.546788 -0.194951 0.205564
v -0.514497 -0.190904 0.297636
v -0.562691 -0.156975 0.227267
v -0.452770 -0.316700 0.288263
v -0.419458 -0.393669 0.244948
v -0.423932 -0.360945 0.319498
v -0.532442 -0.231095 0.137866
v -0.484031 -0.302715 0.092777
v -0.537484 -0.228475 0.090617
v -0.481911 -0.230312 0.325007
v -0.437499 -0.317130 0.338157
v -0.577030 -0.158358 0.181447
v -0.561830 -0.193838 0.112880
v 0.199402 -0.566125 0.358344
v 0.286442 -0.548846 0.373264
v 0.220693 -0.558192 0.274512
v 0.298998 -0.530459 0.300100
v 0.154984 -0.800452 0.526626
v 0.298968 -0.731034 0.584784
v 0.114544 -0.774222 0.615135
v 0.263680 -0.729324 0.661329
v 0.137624 -0.653246 0.414978
v 0.169331 -0.571220 0.288428
v 0.094998 -0.597306 0.364807
v 0.089951 -0.715078 0.531773
v 0.080499 -0.644932 0.415595
v 0.312486 -0.576959 0.468991
v 0.327068 -0.515357 0.337510
v 0.338758 -0.511351 0.428335
v 0.316827 -0.643095 0.618218
v 0.331871 -0.534126 0.491886
v 0.231633 -0.659587 -0.301568
v 0.289212 -0.526440 -0.288755
v 0.272607 -0.731156 -0.272004
v 0.339562 -0.576461 -0.269055
v 0.118944 -0.443720 -0.340212
v 0.178837 -0.376139 -0.357611
v 0.091146 -0.397526 -0.371693
v 0.152544 -0.340508 -0.398861
v 0.131258 -0.555448 -0.292660
v 0.193223 -0.736914 -0.274680
v 0.107995 -0.598683 -0.261240
v 0.071793 -0.445870 -0.342603
v 0.078316 -0.541017 -0.285351
v 0.250547 -0.398684 -0.317986
v 0.323794 -0.481489 -0.266975
v 0.287475 -0.369192 -0.306042
v 0.195682 -0.329086 -0.394833
v 0.261104 -0.337733 -0.344874
v 0.423967 -0.308331 -0.170873
v 0.465766 -0.281233 -0.099951
v 0.404073 -0.353966 -0.142973
v 0.443189 -0.321575 -0.072096
v 0.494101 -0.193361 -0.266994
v 0.533991 -0.173280 -0.189406
v 0.513070 -0.161903 -0.295895
v 0.550933 -0.141421 -0.218349
v 0.433257 -0.256189 -0.251425
v 0.392104 -0.343524 -0.190293
v 0.396408 -0.283743 -0.267339
v 0.522583 -0.211814 -0.106430
v 0.474335 -0.287554 -0.050961
v 0.531562 -0.216396 -0.055101
v 0.481087 -0.185686 -0.318293
v 0.419158 -0.244508 -0.301147
v 0.562113 -0.145352 -0.164854
v 0.555939 -0.181283 -0.082762
v 0.445817 -0.351505 0.216725
v 0.480584 -0.306211 0.140769
v 0.428450 -0.387863 0.192422
v 0.458562 -0.342650 0.117341
v 0.498617 -0.232821 0.278761
v 0.546820 -0.195180 0.205712
v 0.514316 -0.190945 0.298024
v 0.563175 -0.156873 0.227255
v 0.452570 -0.316507 0.288326
v 0.419670 -0.393520 0.245109
v 0.424061 -0.361078 0.319551
v 0.532338 -0.231043 0.137782
v 0.483938 -0.302716 0.092722
v 0.537251 -0.228186 0.090769
v 0.482013 -0.230141 0.325291
v 0.437247 -0.317268 0.338143
v 0.577087 -0.158411 0.181221
v 0.561748 -0.193952 0.112776
v 0.048265 -0.083747 0.737092
v -0.048529 -0.083199 0.738089
v 0.049309 -0.140166 0.763587
v -0.049166 -0.140283 0.764077
v 0.044090 0.068591 0.649974
v -0.044055 0.068143 0.650672
v 0.042969 0.117741 0.633987
v -0.042977 0.117308 0.634073
v 0.091732 -0.006836 0.677763
v 0.097847 -0.113351 0.730658
v 0.138761 -0.033085 0.676860
v -0.091683 -0.007030 0.678447
v -0.098047 -0.113212 0.731243
v -0.138877 -0.032976 0.676904
v 0.087179 0.092896 0.636265
v 0.134908 0.018152 0.654156
v -0.086949 0.092930 0.635821
v -0.135193 0.018218 0.654270
v 0.301650 -0.320818 0.610734
v 0.266775 -0.230336 0.641462
v 0.275270 -0.364711 0.655657
v 0.230254 -0.265827 0.675419
v 0.395840 -0.194856 0.498331
v 0.375636 -0.123170 0.540070
v 0.431368 -0.157167 0.467310
v 0.414887 -0.089897 0.511751
v 0.357272 -0.293934 0.528199
v 0.305497 -0.390981 0.616365
v 0.352910 -0.354972 0.524054
v 0.420865 -0.208626 0.457672
v 0.379901 -0.305939 0.483466
v 0.304658 -0.136016 0.603409
v 0.230624 -0.202138 0.673751
v 0.269050 -0.110827 0.632831
v 0.383933 -0.070402 0.543814
v 0.307413 -0.080107 0.599632
v -0.301731 -0.321043 0.610787
v -0.266555 -0.230751 0.640883
v -0.275329 -0.365133 0.655724
v -0.230043 -0.265956 0.674921
v -0.396600 -0.194738 0.498301
v -0.375858 -0.123556 0.539978
v -0.431738 -0.157326 0.467280
v -0.414881 -0.089794 0.511522
v -0.357162 -0.293938 0.528439
v -0.305742 -0.390747 0.615870
v -0.352821 -0.354610 0.524036
v -0.420990 -0.208089 0.457478
v -0.380360 -0.305973 0.483604
v -0.304538 -0.135906 0.603446
v -0.230036 -0.202316 0.672595
v -0.268734 -0.111242 0.632508
v -0.383954 -0.070077 0.543736
v -0.307480 -0.080425 0.599778
v 0.276329 0.224837 0.537503
v 0.247744 0.182142 0.569709
v 0.232664 0.236182 0.551477
v 0.205181 0.205812 0.583688
v 0.397772 0.163402 0.479400
v 0.374148 0.109627 0.519948
v 0.435055 0.137835 0.457023
v 0.415955 0.086212 0.501566
v 0.351124 0.218748 0.489414
v 0.266604 0.241669 0.522156
v 0.340884 0.238171 0.470737
v 0.426222 0.173680 0.443668
v 0.380935 0.225522 0.451866
v 0.295361 0.114067 0.562249
v 0.210788 0.165987 0.589849
v 0.258490 0.094841 0.586594
v 0.380970 0.067172 0.529083
v 0.300537 0.068742 0.571385
v -0.276323 0.224886 0.537437
v -0.247721 0.181948 0.569593
v -0.232591 0.236219 0.551465
v -0.205175 0.205822 0.583633
v -0.397863 0.163369 0.479372
v -0.374310 0.109516 0.520069
v -0.434921 0.137798 0.456679
v -0.415976 0.086122 0.501786
v -0.351040 0.218728 0.489434
v -0.266501 0.241664 0.522190
v -0.340818 0.238182 0.470731
v -0.426095 0.173851 0.443856
v -0.380893 0.225489 0.451835
v -0.295575 0.114698 0.562269
v -0.210837 0.166245 0.589911
v -0.258461 0.094665 0.586634
v -0.381126 0.067451 0.529198
v -0.300445 0.068772 0.571423
v 0.045277 -0.055590 -0.648980
v -0.045236 -0.055457 -0.649071
v 0.043107 -0.109574 -0.628608
v -0.043259 -0.109581 -0.628533
v 0.055745 0.100972 -0.768514
v -0.055761 0.101072 -0.767362
v 0.058762 0.156723 -0.798770
v -0.058495 0.157442 -0.797310
v 0.098523 0.022050 -0.703335
v 0.087828 -0.081910 -0.636131
v 0.141255 -0.003467 -0.673909
v -0.098508 0.022054 -0.703348
v -0.087821 -0.082152 -0.635625
v -0.141188 -0.003130 -0.673835
v 0.116631 0.123861 -0.803627
v 0.152185 0.045142 -0.720057
v -0.116684 0.125268 -0.801885
v -0.152447 0.045384 -0.720442
v 0.265740 -0.210316 -0.528343
v 0.242372 -0.173493 -0.563323
v 0.222708 -0.223823 -0.540898
v 0.198566 -0.192853 -0.573841
v 0.387112 -0.152666 -0.477323
v 0.363106 -0.098154 -0.519332
v 0.424166 -0.129640 -0.457174
v 0.401201 -0.073675 -0.500644
v 0.336915 -0.201386 -0.481818
v 0.253018 -0.230792 -0.511031
v 0.322235 -0.226039 -0.460624
v 0.415204 -0.162975 -0.444502
v 0.363573 -0.209743 -0.445799
v 0.290165 -0.103816 -0.563297
v 0.204888 -0.152265 -0.583183
v 0.254827 -0.079813 -0.589827
v 0.370661 -0.053890 -0.532806
v 0.297881 -0.055546 -0.579680
v -0.265713 -0.210288 -0.528349
v -0.242280 -0.173603 -0.563197
v -0.222622 -0.223803 -0.540848
v -0.198648 -0.192791 -0.573815
v -0.387125 -0.152490 -0.477427
v -0.363377 -0.098463 -0.519126
v -0.424080 -0.129424 -0.457101
v -0.401148 -0.074006 -0.500453
v -0.336788 -0.201389 -0.481807
v -0.252918 -0.230768 -0.510996
v -0.322243 -0.226026 -0.460670
v -0.415279 -0.162993 -0.444551
v -0.363615 -0.210015 -0.445901
v -0.290582 -0.103352 -0.563274
v -0.204687 -0.152404 -0.583097
v -0.254925 -0.079528 -0.589841
v -0.370795 -0.054555 -0.532962
v -0.297651 -0.055204 -0.579807
v 0.300866 0.307441 -0.630316
v 0.295204 0.234918 -0.707745
v 0.263645 0.344482 -0.660576
v 0.257115 0.270546 -0.743165
v 0.411158 0.193329 -0.530386
v 0.393557 0.129110 -0.581095
v 0.445134 0.156713 -0.496100
v 0.426699 0.096674 -0.543596
v 0.357488 0.284142 -0.546335
v 0.286921 0.363952 -0.610197
v 0.340135 0.338785 -0.527612
v 0.435847 0.203386 -0.484752
v 0.373237 0.294823 -0.495520
v 0.333630 0.144626 -0.665795
v 0.272158 0.214496 -0.767293
v 0.300478 0.122484 -0.702618
v 0.397918 0.080510 -0.580251
v 0.328078 0.092368 -0.649863
v -0.301091 0.307818 -0.630646
v -0.295035 0.234805 -0.707632
v -0.263783 0.345218 -0.661028
v -0.257342 0.270803 -0.744088
v -0.411817 0.193610 -0.530826
v -0.393392 0.129337 -0.581166
v -0.445281 0.156677 -0.496354
v -0.426415 0.096914 -0.543586
v -0.357186 0.284114 -0.546598
v -0.287588 0.364288 -0.610259
v -0.340679 0.338983 -0.527678
v -0.435250 0.203498 -0.484796
v -0.373308 0.295114 -0.495039
v -0.333249 0.144574 -0.665796
v -0.272197 0.214281 -0.767490
v -0.300080 0.122233 -0.702577
v -0.397823 0.080692 -0.580333
v -0.327294 0.092046 -0.649081
v 0.650558 0.029045 -0.060833
v 0.645846 -0.029760 -0.061559
v 0.636922 0.028351 -0.114359
v 0.632323 -0.029280 -0.114771
v 0.658985 0.030452 0.090371
v 0.656916 -0.029344 0.089425
v 0.654862 0.030167 0.139595
v 0.653006 -0.028475 0.138313
v 0.653336 0.060476 0.016304
v 0.635803 0.058426 -0.086836
v 0.635830 0.091906 -0.008410
v 0.645395 0.061061 0.114781
v 0.633766 0.092930 0.040947
v 0.648251 -0.060657 0.014975
v 0.627844 -0.059383 -0.087965
v 0.630349 -0.091734 -0.009907
v 0.642338 -0.059951 0.112821
v 0.631134 -0.092392 0.039510
v -0.650616 0.029059 -0.060817
v -0.645885 -0.029713 -0.061553
v -0.636888 0.028382 -0.114345
v -0.632331 -0.029275 -0.114760
v -0.658930 0.030471 0.090384
v -0.656940 -0.029356 0.089405
v -0.654806 0.030211 0.139605
v -0.653006 -0.028525 0.138294
v -0.653255 0.060411 0.016258
v -0.635877 0.058382 -0.086837
v -0.635834 0.091884 -0.008359
v -0.645343 0.061111 0.114760
v -0.633737 0.092921 0.041019
v -0.648276 -0.060596 0.014961
v -0.627843 -0.059345 -0.087941
v -0.630369 -0.091751 -0.009869
v -0.642336 -0.059936 0.112836
v -0.631070 -0.092414 0.039480
v -0.170777 0.423917 0.027825
v -0.195299 0.400718 0.069797
v -0.167530 0.495897 -0.144690
v -0.192733 0.510719 -0.187436
v -0.152063 0.409923 0.068602
v -0.147538 0.527439 -0.196018
v -0.331660 0.336491 0.144242
v -0.370051 0.324829 0.136272
v -0.358928 0.315958 0.182131
v -0.325299 0.463905 -0.223157
v -0.353295 0.423733 -0.193873
v -0.347491 0.454782 -0.251889
v -0.437275 0.323449 -0.028288
v -0.442595 0.314198 0.020064
v -0.471601 0.297109 0.003957
v 0.170501 0.423352 0.027963
v 0.195183 0.401143 0.070056
v 0.167116 0.495976 -0.145089
v 0.193169 0.511479 -0.188061
v 0.151988 0.409560 0.068687
v 0.147996 0.527808 -0.196178
v 0.331485 0.336478 0.144490
v 0.369723 0.324664 0.136372
v 0.358658 0.315894 0.182286
v 0.325806 0.465714 -0.225490
v 0.353691 0.424674 -0.195150
v 0.347568 0.456910 -0.254071
v 0.437277 0.323256 -0.028179
v 0.442774 0.314058 0.020184
v 0.471560 0.296868 0.004272
v -0.188438 -0.572479 0.082110
v -0.214222 -0.561741 0.143784
v -0.233452 -0.785179 -0.081771
v -0.274263 -0.787566 -0.153595
v -0.164682 -0.571056 0.151109
v -0.191128 -0.799620 -0.150036
v -0.360756 -0.495928 0.213327
v -0.386962 -0.460756 0.189511
v -0.377128 -0.468194 0.246719
v -0.364381 -0.518598 -0.178335
v -0.374400 -0.457386 -0.146560
v -0.364353 -0.449677 -0.195619
v -0.431933 -0.371280 -0.002000
v -0.436705 -0.375258 0.044975
v -0.457798 -0.334348 0.021580
v 0.188591 -0.572353 0.082269
v 0.214115 -0.561721 0.143736
v 0.231601 -0.785899 -0.082574
v 0.273284 -0.787993 -0.153723
v 0.165062 -0.571202 0.151339
v 0.188089 -0.799371 -0.150509
v 0.360989 -0.495868 0.213229
v 0.387491 -0.460797 0.189743
v 0.377044 -0.467843 0.247078
v 0.364463 -0.518840 -0.178262
v 0.374076 -0.456869 -0.147076
v 0.363889 -0.449659 -0.195348
v 0.432068 -0.371168 -0.001850
v 0.437099 -0.375551 0.044693
v 0.457837 -0.334244 0.021675
v -0.035040 -0.628741 0.624618
v 0.034738 -0.628549 0.624337
v -0.233179 -0.568714 0.698126
v -0.237181 -0.481895 0.690336
v 0.000496 -0.624748 0.573043
v -0.287319 -0.527647 0.672819
v 0.232709 -0.569188 0.697892
v 0.236701 -0.481983 0.689894
v 0.287051 -0.527934 0.673024
v 0.097150 -0.233715 0.738416
v 0.145552 -0.266239 0.723793
v -0.097189 -0.233394 0.738696
v -0.145428 -0.266289 0.723455
v 0.147215 -0.203119 0.726396
v -0.147349 -0.203339 0.727227
v -0.023873 0.286783 0.434903
v 0.023788 0.286696 0.435054
v -0.161979 0.260122 0.518066
v -0.176605 0.252437 0.543594
v -0.000141 0.300494 0.388534
v -0.208305 0.256921 0.509862
v 0.161993 0.260119 0.518089
v 0.176648 0.252401 0.543594
v 0.208361 0.256919 0.509831
v 0.082489 0.186326 0.615141
v 0.122442 0.205464 0.605255
v -0.082438 0.186173 0.615307
v -0.122387 0.205512 0.605158
v 0.126342 0.163682 0.611568
v -0.126257 0.163557 0.611503
v -0.021960 -0.358644 -0.407287
v 0.021951 -0.358546 -0.407153
v -0.146280 -0.280208 -0.483311
v -0.164220 -0.252147 -0.524216
v -0.000147 -0.401431 -0.373579
v -0.189674 -0.270540 -0.479251
v 0.146201 -0.280223 -0.483234
v 0.164192 -0.252235 -0.524117
v 0.189622 -0.270734 -0.479170
v 0.081770 -0.192346 -0.607776
v 0.118970 -0.205206 -0.597564
v -0.081711 -0.191504 -0.607960
v -0.119007 -0.205023 -0.597722
v 0.123732 -0.159202 -0.606078
v -0.123565 -0.159081 -0.605794
v -0.033749 0.633739 -0.610382
v 0.033988 0.633724 -0.610425
v -0.204058 0.501319 -0.651308
v -0.214593 0.439869 -0.667921
v 0.000126 0.676280 -0.573676
v -0.239387 0.462113 -0.620136
v 0.204142 0.501148 -0.651688
v 0.214826 0.439790 -0.667942
v 0.239662 0.462063 -0.620928
v 0.115424 0.245725 -0.807858
v 0.164703 0.274036 -0.787538
v -0.115537 0.246153 -0.807660
v -0.164724 0.274042 -0.787394
v 0.175230 0.217656 -0.814507
v -0.175183 0.217950 -0.814429
v 0.518201 0.133613 -0.376327
v 0.499321 0.129729 -0.420977
v 0.590415 0.083207 -0.220896
v 0.609433 0.055160 -0.194691
v 0.485856 0.169268 -0.404930
v 0.602632 0.086073 -0.167238
v 0.503743 -0.123907 -0.359604
v 0.482138 -0.115887 -0.399168
v 0.583354 -0.083619 -0.218882
v 0.602467 -0.056238 -0.193753
v 0.473117 -0.147887 -0.383184
v 0.595184 -0.086337 -0.166602
v 0.447390 -0.012452 -0.492361
v 0.456248 0.026588 -0.503200
v 0.418558 0.009596 -0.526952
v 0.518455 0.132698 0.359779
v 0.496306 0.123673 0.398391
v 0.607454 0.087615 0.230803
v 0.634020 0.057764 0.210137
v 0.486924 0.159615 0.383116
v 0.620218 0.090445 0.185749
v 0.512077 -0.142234 0.359280
v 0.491552 -0.133249 0.400334
v 0.607065 -0.086222 0.227344
v 0.632762 -0.055137 0.206966
v 0.477788 -0.178466 0.385593
v 0.618727 -0.088948 0.182335
v 0.465096 -0.013307 0.492347
v 0.464569 0.025345 0.490638
v 0.429517 0.005098 0.517912
v -0.518330 0.133712 -0.376392
v -0.499198 0.129773 -0.420880
v -0.590449 0.083153 -0.220871
v -0.609512 0.055089 -0.194699
v -0.485683 0.169414 -0.404991
v -0.602617 0.086046 -0.167248
v -0.503543 -0.123959 -0.359575
v -0.482051 -0.115729 -0.399020
v -0.583362 -0.083571 -0.218870
v -0.602482 -0.056194 -0.193750
v -0.473025 -0.148069 -0.383227
v -0.595216 -0.086299 -0.166634
v -0.447343 -0.012783 -0.492269
v -0.456193 0.026683 -0.503236
v -0.417996 0.009757 -0.527285
v -0.518545 0.132703 0.359899
v -0.496365 0.123811 0.398699
v -0.608509 0.087636 0.231244
v -0.633884 0.057877 0.210085
v -0.487016 0.159507 0.382979
v -0.620200 0.090472 0.185675
v -0.512190 -0.142008 0.359374
v -0.491806 -0.133155 0.400056
v -0.607012 -0.086094 0.227430
v -0.632745 -0.055168 0.206999
v -0.477701 -0.178885 0.386199
v -0.618699 -0.089047 0.182278
v -0.464947 -0.013528 0.492517
v -0.464350 0.025351 0.490596
v -0.429271 0.004877 0.517997
v -0.022225 0.388116 0.152125
v 0.022369 0.387942 0.151914
v -0.000270 0.368767 0.198017
v -0.025232 0.628433 -0.303361
v 0.025106 0.628774 -0.303617
v 0.000126 0.665574 -0.354459
v -0.377934 0.264710 0.354692
v -0.354795 0.258065 0.401923
v -0.395164 0.249886 0.385513
v -0.352413 0.422062 -0.403674
v -0.342377 0.412825 -0.457644
v -0.359482 0.357154 -0.421881
v -0.576044 0.191066 0.017435
v -0.595074 0.157933 -0.007883
v -0.595420 0.158098 0.041304
v 0.377941 0.264704 0.354572
v 0.354806 0.258080 0.401843
v 0.395250 0.249909 0.385427
v 0.351968 0.421299 -0.404011
v 0.342162 0.412212 -0.458389
v 0.359927 0.356319 -0.422026
v 0.576059 0.191098 0.017492
v 0.595081 0.157958 -0.007845
v 0.595530 0.158120 0.041275
v -0.023405 -0.599941 0.295772
v 0.023354 -0.600002 0.295929
v 0.000098 -0.614335 0.357053
v -0.030909 -0.581639 -0.207236
v 0.030759 -0.581628 -0.207160
v -0.000063 -0.561314 -0.246227
v -0.380425 -0.413143 0.408576
v -0.365242 -0.417040 0.463684
v -0.390914 -0.364031 0.423104
v -0.340723 -0.293789 -0.327327
v -0.321042 -0.275812 -0.374193
v -0.362066 -0.254244 -0.363513
v -0.570204 -0.188013 0.018430
v -0.593162 -0.154314 -0.007678
v -0.592762 -0.156994 0.040864
v 0.380397 -0.413020 0.408389
v 0.364950 -0.417412 0.463833
v 0.391027 -0.364172 0.423593
v 0.340631 -0.293476 -0.327289
v 0.321148 -0.276279 -0.374067
v 0.362177 -0.254367 -0.363700
v 0.570231 -0.188032 0.018510
v 0.593210 -0.154325 -0.007672
v 0.592843 -0.156974 0.040887
v 0.224907 -0.032129 0.638004
v 0.222021 0.020265 0.622696
v 0.264841 -0.004768 0.608946
v -0.225002 -0.031935 0.637945
v -0.222125 0.020274 0.622655
v -0.264904 -0.004692 0.608745
v 0.227799 -0.004003 -0.644659
v 0.241154 0.045461 -0.681769
v 0.273631 0.019284 -0.639087
v -0.228291 -0.004275 -0.644801
v -0.241109 0.045286 -0.682165
v -0.274485 0.019487 -0.638700
f 1 647 644
f 1 644 643
f 1 643 645
f 1 645 646
f 1 646 647
f 2 649 652
f 6 672 670
f 12 702 699
f 11 696 695
f 8 679 681
f 4 662 659
f 4 659 658
f 4 658 660
f 4 660 661
f 4 661 662
f 5 666 665
f 3 654 657
f 7 673 677
f 9 685 686
f 10 692 688
f 12 701 698
f 6 669 668
f 2 650 648
f 8 682 678
f 11 697 693
f 6 671 669
f 12 700 701
f 11 694 697
f 8 680 682
f 2 651 650
f 10 690 689
f 5 663 664
f 3 655 653
f 7 676 674
f 9 687 684
f 10 691 690
f 5 667 663
f 3 656 655
f 7 675 676
f 9 683 687
f 6 668 672
f 2 648 649
f 8 678 679
f 11 693 696
f 12 698 702
f 10 688 691
f 5 665 667
f 3 657 656
f 7 677 675
f 9 686 683
f 5 664 666
f 3 653 654
f 7 674 673
f 9 684 685
f 10 689 692
f 6 670 671
f 12 699 700
f 11 695 694
f 8 681 680
f 2 652 651
f 35 837 838
f 18 735 736
f 19 742 741
f 40 868 867
f 42 880 879
f 34 832 831
f 33 827 828
f 25 778 780
f 36 844 846
f 20 749 747
f 32 819 820
f 23 765 767
f 24 773 771
f 37 850 849
f 41 876 875
f 34 833 834
f 33 826 825
f 25 779 777
f 36 845 843
f 20 748 750
f 17 729 727
f 14 711 709
f 13 706 703
f 15 718 715
f 16 724 721
f 18 737 733
f 35 839 835
f 42 882 878
f 40 870 866
f 19 744 740
f 30 807 805
f 27 789 787
f 22 762 758
f 28 797 793
f 29 802 799
f 32 821 817
f 23 766 763
f 24 774 770
f 37 852 848
f 41 874 872
f 35 838 836
f 18 736 734
f 19 741 739
f 40 867 865
f 42 879 877
f 34 831 829
f 33 828 824
f 25 780 776
f 36 846 842
f 20 747 745
f 32 820 818
f 23 767 764
f 24 771 769
f 37 849 847
f 41 875 871
f 34 834 830
f 33 825 823
f 25 777 775
f 36 843 841
f 20 750 746
f 14 714 710
f 13 707 704
f 15 719 716
f 16 725 722
f 17 732 728
f 21 755 752
f 31 814 811
f 26 784 781
f 38 857 853
f 39 862 860
f 27 792 788
f 22 759 757
f 28 796 794
f 29 803 800
f 30 810 806
f 31 815 812
f 26 785 782
f 38 856 854
f 39 863 859
f 21 754 751
f 14 712 714
f 13 705 707
f 15 717 719
f 16 723 725
f 17 730 732
f 21 753 755
f 31 816 814
f 26 786 784
f 38 858 857
f 39 861 862
f 27 791 792
f 22 761 759
f 28 795 796
f 29 801 803
f 30 808 810
f 31 813 815
f 26 783 785
f 38 855 856
f 39 864 863
f 21 756 754
f 14 709 712
f 13 703 705
f 15 715 717
f 16 721 723
f 17 727 730
f 21 751 753
f 31 812 816
f 26 782 786
f 38 854 858
f 39 859 861
f 27 787 791
f 22 758 761
f 28 793 795
f 29 799 801
f 30 805 808
f 31 811 813
f 26 781 783
f 38 853 855
f 39 860 864
f 21 752 756
f 17 728 731
f 14 710 713
f 13 704 708
f 15 716 720
f 16 722 726
f 18 734 738
f 35 836 840
f 42 877 881
f 40 865 869
f 19 739 743
f 30 806 809
f 27 788 790
f 22 757 760
f 28 794 798
f 29 800 804
f 32 818 822
f 23 764 768
f 24 769 772
f 37 847 851
f 41 871 873
f 35 835 837
f 18 733 735
f 19 740 742
f 40 866 868
f 42 878 880
f 34 830 832
f 33 823 827
f 25 775 778
f 36 841 844
f 20 746 749
f 32 817 819
f 23 763 765
f 24 770 773
f 37 848 850
f 41 872 876
f 34 829 833
f 33 824 826
f 25 776 779
f 36 842 845
f 20 745 748
f 17 731 729
f 14 713 711
f 13 708 706
f 15 720 718
f 16 726 724
f 18 738 737
f 35 840 839
f 42 881 882
f 40 869 870
f 19 743 744
f 30 809 807
f 27 790 789
f 22 760 762
f 28 798 797
f 29 804 802
f 32 822 821
f 23 768 766
f 24 772 774
f 37 851 852
f 41 873 874
f 107 1269 1270
f 103 1245 1246
f 104 1252 1251
f 110 1288 1287
f 113 1306 1305
f 118 1336 1335
f 154 1551 1552
f 141 1473 1474
f 162 1599 1600
f 121 1354 1353
f 142 1479 1480
f 129 1401 1402
f 130 1408 1407
f 144 1492 1491
f 146 1504 1503
f 151 1533 1534
f 131 1414 1413
f 136 1444 1443
f 161 1594 1593
f 126 1383 1384
f 116 1323 1324
f 108 1275 1276
f 106 1263 1264
f 112 1299 1300
f 115 1317 1318
f 119 1341 1342
f 156 1564 1563
f 139 1462 1461
f 160 1588 1587
f 120 1347 1348
f 149 1521 1522
f 132 1420 1419
f 128 1395 1396
f 145 1497 1498
f 148 1515 1516
f 155 1557 1558
f 133 1425 1426
f 134 1431 1432
f 157 1570 1569
f 124 1372 1371
f 109 1282 1281
f 105 1258 1257
f 111 1294 1293
f 114 1312 1311
f 117 1330 1329
f 125 1378 1377
f 152 1540 1539
f 137 1449 1450
f 158 1575 1576
f 123 1365 1366
f 143 1486 1485
f 127 1390 1389
f 135 1437 1438
f 147 1510 1509
f 150 1528 1527
f 153 1546 1545
f 140 1468 1467
f 138 1455 1456
f 159 1581 1582
f 122 1359 1360
f 107 1272 1271
f 103 1248 1247
f 104 1253 1254
f 110 1289 1290
f 113 1307 1308
f 118 1337 1338
f 154 1554 1553
f 141 1476 1475
f 162 1602 1601
f 121 1355 1356
f 142 1482 1481
f 129 1404 1403
f 130 1409 1410
f 144 1493 1494
f 146 1505 1506
f 151 1536 1535
f 131 1415 1416
f 136 1445 1446
f 161 1595 1596
f 126 1386 1385
f 47 909 907
f 44 891 889
f 43 886 883
f 45 898 895
f 46 904 901
f 49 922 919
f 72 1060 1057
f 102 1240 1237
f 96 1204 1201
f 79 1102 1099
f 62 999 997
f 59 981 979
f 58 976 973
f 60 988 985
f 61 994 991
f 66 1024 1021
f 54 952 949
f 73 1066 1063
f 85 1138 1135
f 92 1179 1177
f 101 1233 1231
f 69 1041 1039
f 50 927 925
f 82 1119 1117
f 97 1209 1207
f 71 1053 1051
f 100 1228 1225
f 94 1192 1189
f 80 1108 1105
f 51 933 931
f 90 1167 1165
f 63 1005 1003
f 55 957 955
f 76 1083 1081
f 87 1150 1147
f 91 1174 1171
f 67 1029 1027
f 56 963 961
f 75 1077 1075
f 83 1126 1123
f 68 1036 1033
f 48 915 913
f 78 1095 1093
f 93 1185 1183
f 98 1216 1213
f 88 1155 1153
f 65 1018 1015
f 57 970 967
f 77 1090 1087
f 86 1143 1141
f 64 1012 1009
f 53 945 943
f 74 1071 1069
f 84 1131 1129
f 89 1162 1159
f 70 1047 1045
f 99 1221 1219
f 95 1197 1195
f 81 1114 1111
f 52 940 937
f 109 1284 1280
f 105 1260 1256
f 111 1296 1292
f 114 1314 1310
f 117 1332 1328
f 125 1380 1376
f 152 1542 1538
f 137 1451 1447
f 158 1577 1573
f 123 1367 1363
f 143 1488 1484
f 127 1392 1388
f 135 1439 1435
f 147 1512 1508
f 150 1530 1526
f 153 1548 1544
f 140 1470 1466
f 138 1457 1453
f 159 1583 1579
f 122 1361 1357
f 107 1270 1268
f 103 1246 1244
f 104 1251 1249
f 110 1287 1285
f 113 1305 1303
f 118 1335 1333
f 154 1552 1550
f 141 1474 1472
f 162 1600 1598
f 121 1353 1351
f 142 1480 1478
f 129 1402 1400
f 130 1407 1405
f 144 1491 1489
f 146 1503 1501
f 151 1534 1532
f 131 1413 1411
f 136 1443 1441
f 161 1593 1591
f 126 1384 1382
f 116 1324 1322
f 108 1276 1274
f 106 1264 1262
f 112 1300 1298
f 115 1318 1316
f 119 1342 1340
f 156 1563 1561
f 139 1461 1459
f 160 1587 1585
f 120 1348 1346
f 149 1522 1520
f 132 1419 1417
f 128 1396 1394
f 145 1498 1496
f 148 1516 1514
f 155 1558 1556
f 133 1426 1424
f 134 1432 1430
f 157 1569 1567
f 124 1371 1369
f 109 1281 1279
f 105 1257 1255
f 111 1293 1291
f 114 1311 1309
f 117 1329 1327
f 125 1377 1375
f 152 1539 1537
f 137 1450 1448
f 158 1576 1574
f 123 1366 1364
f 143 1485 1483
f 127 1389 1387
f 135 1438 1436
f 147 1509 1507
f 150 1527 1525
f 153 1545 1543
f 140 1467 1465
f 138 1456 1454
f 159 1582 1580
f 122 1360 1358
f 107 1271 1267
f 103 1247 1243
f 104 1254 1250
f 110 1290 1286
f 113 1308 1304
f 118 1338 1334
f 154 1553 1549
f 141 1475 1471
f 162 1601 1597
f 121 1356 1352
f 142 1481 1477
f 129 1403 1399
f 130 1410 1406
f 144 1494 1490
f 146 1506 1502
f 151 1535 1531
f 131 1416 1412
f 136 1446 1442
f 161 1596 1592
f 126 1385 1381
f 44 894 890
f 43 887 884
f 45 899 896
f 46 905 902
f 47 912 908
f 52 941 938
f 70 1050 1046
f 99 1224 1220
f 95 1200 1196
f 81 1115 1112
f 59 984 980
f 58 977 974
f 60 989 986
f 61 995 992
f 62 1002 998
f 65 1019 1016
f 57 971 968
f 77 1091 1088
f 86 1146 1142
f 88 1158 1154
f 98 1217 1214
f 68 1037 1034
f 48 918 914
f 78 1098 1094
f 93 1188 1184
f 69 1044 1040
f 101 1236 1232
f 97 1212 1208
f 82 1122 1118
f 50 930 926
f 89 1163 1160
f 64 1013 1010
f 53 948 944
f 74 1074 1070
f 84 1134 1130
f 90 1170 1166
f 63 1008 1004
f 55 960 956
f 76 1086 1082
f 87 1151 1148
f 72 1061 1058
f 49 923 920
f 79 1103 1100
f 96 1205 1202
f 102 1241 1238
f 91 1175 1172
f 67 1032 1028
f 56 966 962
f 75 1080 1076
f 83 1127 1124
f 66 1025 1022
f 54 953 950
f 73 1067 1064
f 85 1139 1136
f 92 1182 1178
f 71 1056 1052
f 100 1229 1226
f 94 1193 1190
f 80 1109 1106
f 51 936 932
f 116 1325 1321
f 108 1277 1273
f 106 1265 1261
f 112 1301 1297
f 115 1319 1315
f 119 1343 1339
f 156 1566 1562
f 139 1464 1460
f 160 1590 1586
f 120 1349 1345
f 149 1523 1519
f 132 1422 1418
f 128 1397 1393
f 145 1499 1495
f 148 1517 1513
f 155 1559 1555
f 133 1427 1423
f 134 1433 1429
f 157 1572 1568
f 124 1374 1370
f 44 892 894
f 43 885 887
f 45 897 899
f 46 903 905
f 47 910 912
f 52 939 941
f 70 1048 1050
f 99 1222 1224
f 95 1198 1200
f 81 1113 1115
f 59 982 984
f 58 975 977
f 60 987 989
f 61 993 995
f 62 1000 1002
f 65 1017 1019
f 57 969 971
f 77 1089 1091
f 86 1144 1146
f 88 1156 1158
f 98 1215 1217
f 68 1035 1037
f 48 916 918
f 78 1096 1098
f 93 1186 1188
f 69 1042 1044
f 101 1234 1236
f 97 1210 1212
f 82 1120 1122
f 50 928 930
f 89 1161 1163
f 64 1011 1013
f 53 946 948
f 74 1072 1074
f 84 1132 1134
f 90 1168 1170
f 63 1006 1008
f 55 958 960
f 76 1084 1086
f 87 1149 1151
f 72 1059 1061
f 49 921 923
f 79 1101 1103
f 96 1203 1205
f 102 1239 1241
f 91 1173 1175
f 67 1030 1032
f 56 964 966
f 75 1078 1080
f 83 1125 1127
f 66 1023 1025
f 54 951 953
f 73 1065 1067
f 85 1137 1139
f 92 1180 1182
f 71 1054 1056
f 100 1227 1229
f 94 1191 1193
f 80 1107 1109
f 51 934 936
f 116 1326 1325
f 108 1278 1277
f 106 1266 1265
f 112 1302 1301
f 115 1320 1319
f 119 1344 1343
f 156 1565 1566
f 139 1463 1464
f 160 1589 1590
f 120 1350 1349
f 149 1524 1523
f 132 1421 1422
f 128 1398 1397
f 145 1500 1499
f 148 1518 1517
f 155 1560 1559
f 133 1428 1427
f 134 1434 1433
f 157 1571 1572
f 124 1373 1374
f 44 889 892
f 43 883 885
f 45 895 897
f 46 901 903
f 47 907 910
f 52 937 939
f 70 1045 1048
f 99 1219 1222
f 95 1195 1198
f 81 1111 1113
f 59 979 982
f 58 973 975
f 60 985 987
f 61 991 993
f 62 997 1000
f 65 1015 1017
f 57 967 969
f 77 1087 1089
f 86 1141 1144
f 88 1153 1156
f 98 1213 1215
f 68 1033 1035
f 48 913 916
f 78 1093 1096
f 93 1183 1186
f 69 1039 1042
f 101 1231 1234
f 97 1207 1210
f 82 1117 1120
f 50 925 928
f 89 1159 1161
f 64 1009 1011
f 53 943 946
f 74 1069 1072
f 84 1129 1132
f 90 1165 1168
f 63 1003 1006
f 55 955 958
f 76 1081 1084
f 87 1147 1149
f 72 1057 1059
f 49 919 921
f 79 1099 1101
f 96 1201 1203
f 102 1237 1239
f 91 1171 1173
f 67 1027 1030
f 56 961 964
f 75 1075 1078
f 83 1123 1125
f 66 1021 1023
f 54 949 951
f 73 1063 1065
f 85 1135 1137
f 92 1177 1180
f 71 1051 1054
f 100 1225 1227
f 94 1189 1191
f 80 1105 1107
f 51 931 934
f 116 1322 1326
f 108 1274 1278
f 106 1262 1266
f 112 1298 1302
f 115 1316 1320
f 119 1340 1344
f 156 1561 1565
f 139 1459 1463
f 160 1585 1589
f 120 1346 1350
f 149 1520 1524
f 132 1417 1421
f 128 1394 1398
f 145 1496 1500
f 148 1514 1518
f 155 1556 1560
f 133 1424 1428
f 134 1430 1434
f 157 1567 1571
f 124 1369 1373
f 47 908 911
f 44 890 893
f 43 884 888
f 45 896 900
f 46 902 906
f 49 920 924
f 72 1058 1062
f 102 1238 1242
f 96 1202 1206
f 79 1100 1104
f 62 998 1001
f 59 980 983
f 58 974 978
f 60 986 990
f 61 992 996
f 66 1022 1026
f 54 950 954
f 73 1064 1068
f 85 1136 1140
f 92 1178 1181
f 101 1232 1235
f 69 1040 1043
f 50 926 929
f 82 1118 1121
f 97 1208 1211
f 71 1052 1055
f 100 1226 1230
f 94 1190 1194
f 80 1106 1110
f 51 932 935
f 90 1166 1169
f 63 1004 1007
f 55 956 959
f 76 1082 1085
f 87 1148 1152
f 91 1172 1176
f 67 1028 1031
f 56 962 965
f 75 1076 1079
f 83 1124 1128
f 68 1034 1038
f 48 914 917
f 78 1094 1097
f 93 1184 1187
f 98 1214 1218
f 88 1154 1157
f 65 1016 1020
f 57 968 972
f 77 1088 1092
f 86 1142 1145
f 64 1010 1014
f 53 944 947
f 74 1070 1073
f 84 1130 1133
f 89 1160 1164
f 70 1046 1049
f 99 1220 1223
f 95 1196 1199
f 81 1112 1116
f 52 938 942
f 109 1279 1283
f 105 1255 1259
f 111 1291 1295
f 114 1309 1313
f 117 1327 1331
f 125 1375 1379
f 152 1537 1541
f 137 1448 1452
f 158 1574 1578
f 123 1364 1368
f 143 1483 1487
f 127 1387 1391
f 135 1436 1440
f 147 1507 1511
f 150 1525 1529
f 153 1543 1547
f 140 1465 1469
f 138 1454 1458
f 159 1580 1584
f 122 1358 1362
f 107 1267 1269
f 103 1243 1245
f 104 1250 1252
f 110 1286 1288
f 113 1304 1306
f 118 1334 1336
f 154 1549 1551
f 141 1471 1473
f 162 1597 1599
f 121 1352 1354
f 142 1477 1479
f 129 1399 1401
f 130 1406 1408
f 144 1490 1492
f 146 1502 1504
f 151 1531 1533
f 131 1412 1414
f 136 1442 1444
f 161 1592 1594
f 126 1381 1383
f 116 1321 1323
f 108 1273 1275
f 106 1261 1263
f 112 1297 1299
f 115 1315 1317
f 119 1339 1341
f 156 1562 1564
f 139 1460 1462
f 160 1586 1588
f 120 1345 1347
f 149 1519 1521
f 132 1418 1420
f 128 1393 1395
f 145 1495 1497
f 148 1513 1515
f 155 1555 1557
f 133 1423 1425
f 134 1429 1431
f 157 1568 1570
f 124 1370 1372
f 109 1280 1282
f 105 1256 1258
f 111 1292 1294
f 114 1310 1312
f 117 1328 1330
f 125 1376 1378
f 152 1538 1540
f 137 1447 1449
f 158 1573 1575
f 123 1363 1365
f 143 1484 1486
f 127 1388 1390
f 135 1435 1437
f 147 1508 1510
f 150 1526 1528
f 153 1544 1546
f 140 1466 1468
f 138 1453 1455
f 159 1579 1581
f 122 1357 1359
f 107 1268 1272
f 103 1244 1248
f 104 1249 1253
f 110 1285 1289
f 113 1303 1307
f 118 1333 1337
f 154 1550 1554
f 141 1472 1476
f 162 1598 1602
f 121 1351 1355
f 142 1478 1482
f 129 1400 1404
f 130 1405 1409
f 144 1489 1493
f 146 1501 1505
f 151 1532 1536
f 131 1411 1415
f 136 1441 1445
f 161 1591 1595
f 126 1382 1386
f 47 911 909
f 44 893 891
f 43 888 886
f 45 900 898
f 46 906 904
f 49 924 922
f 72 1062 1060
f 102 1242 1240
f 96 1206 1204
f 79 1104 1102
f 62 1001 999
f 59 983 981
f 58 978 976
f 60 990 988
f 61 996 994
f 66 1026 1024
f 54 954 952
f 73 1068 1066
f 85 1140 1138
f 92 1181 1179
f 101 1235 1233
f 69 1043 1041
f 50 929 927
f 82 1121 1119
f 97 1211 1209
f 71 1055 1053
f 100 1230 1228
f 94 1194 1192
f 80 1110 1108
f 51 935 933
f 90 1169 1167
f 63 1007 1005
f 55 959 957
f 76 1085 1083
f 87 1152 1150
f 91 1176 1174
f 67 1031 1029
f 56 965 963
f 75 1079 1077
f 83 1128 1126
f 68 1038 1036
f 48 917 915
f 78 1097 1095
f 93 1187 1185
f 98 1218 1216
f 88 1157 1155
f 65 1020 1018
f 57 972 970
f 77 1092 1090
f 86 1145 1143
f 64 1014 1012
f 53 947 945
f 74 1073 1071
f 84 1133 1131
f 89 1164 1162
f 70 1049 1047
f 99 1223 1221
f 95 1199 1197
f 81 1116 1114
f 52 942 940
f 109 1283 1284
f 105 1259 1260
f 111 1295 1296
f 114 1313 1314
f 117 1331 1332
f 125 1379 1380
f 152 1541 1542
f 137 1452 1451
f 158 1578 1577
f 123 1368 1367
f 143 1487 1488
f 127 1391 1392
f 135 1440 1439
f 147 1511 1512
f 150 1529 1530
f 153 1547 1548
f 140 1469 1470
f 138 1458 1457
f 159 1584 1583
f 122 1362 1361
f 407 1609 1616
f 403 1605 1608
f 404 1611 1606
f 410 1614 1612
f 413 1617 1615
f 422 1631 1624
f 486 1688 1692
f 573 1775 1782
f 561 1763 1765
f 512 1719 1714
f 452 1654 1661
f 448 1650 1653
f 449 1656 1651
f 455 1659 1657
f 458 1662 1660
f 470 1672 1675
f 437 1646 1639
f 494 1706 1696
f 531 1735 1733
f 539 1741 1751
f 568 1770 1779
f 478 1680 1683
f 419 1621 1626
f 509 1711 1721
f 554 1756 1766
f 482 1684 1689
f 576 1780 1778
f 558 1767 1760
f 516 1722 1718
f 425 1627 1629
f 542 1744 1747
f 463 1668 1665
f 434 1636 1641
f 497 1699 1704
f 528 1730 1737
f 546 1748 1750
f 464 1666 1676
f 440 1642 1644
f 500 1705 1702
f 524 1736 1726
f 479 1691 1681
f 418 1623 1620
f 508 1713 1710
f 553 1764 1755
f 569 1781 1771
f 538 1749 1740
f 471 1677 1673
f 443 1645 1647
f 501 1703 1707
f 523 1725 1734
f 467 1674 1669
f 433 1638 1635
f 493 1695 1698
f 527 1732 1729
f 543 1752 1745
f 485 1690 1687
f 572 1777 1774
f 557 1759 1762
f 515 1717 1720
f 428 1630 1632
f 591 2191 2189
f 587 1885 1883
f 588 1901 1903
f 594 2279 2281
f 597 2315 2317
f 600 2171 2173
f 634 2160 2158
f 619 2016 2012
f 639 2214 2210
f 602 1919 1924
f 624 2137 2135
f 608 1978 1973
f 610 1991 1996
f 627 2225 2227
f 630 2302 2304
f 635 2178 2176
f 615 2153 2155
f 617 2009 2014
f 637 2207 2212
f 604 1926 1922
f 416 1857 1864
f 408 1803 1810
f 406 1786 1795
f 412 1822 1831
f 415 1840 1849
f 424 1876 1887
f 492 2182 2193
f 582 2312 2321
f 565 2276 2285
f 514 1898 1907
f 461 2091 2098
f 453 2037 2044
f 451 1952 1961
f 457 2056 2067
f 460 2074 2083
f 475 2128 2139
f 439 1966 1975
f 496 1988 1997
f 533 2222 2231
f 551 2293 2298
f 579 2185 2190
f 483 1879 1884
f 426 1893 1900
f 521 2271 2278
f 566 2307 2314
f 489 2163 2170
f 578 2150 2159
f 560 2006 2015
f 518 2204 2213
f 429 1911 1918
f 547 2131 2136
f 465 1969 1977
f 441 1983 1990
f 504 2217 2224
f 537 2290 2301
f 550 2168 2177
f 476 2145 2152
f 444 2001 2008
f 502 2199 2206
f 526 1916 1925
f 481 1808 1817
f 420 1789 1797
f 510 1825 1833
f 555 1843 1851
f 571 1862 1871
f 540 1933 1941
f 473 2110 2119
f 447 2020 2029
f 507 2236 2247
f 534 2257 2262
f 469 2042 2051
f 435 1947 1954
f 498 2059 2064
f 529 2077 2085
f 545 2096 2105
f 487 2113 2121
f 574 2023 2031
f 562 2239 2244
f 520 2254 2265
f 432 1930 1939
f 589 1818 1814
f 583 1798 1793
f 586 1834 1829
f 593 1852 1847
f 596 1872 1868
f 599 1942 1937
f 633 2120 2124
f 620 2030 2034
f 640 2248 2250
f 603 2263 2261
f 622 2052 2050
f 607 1955 1960
f 612 2065 2063
f 626 2086 2081
f 629 2106 2102
f 631 2122 2117
f 614 2032 2027
f 618 2245 2243
f 641 2266 2268
f 605 1940 1944
f 409 1813 1804
f 405 1792 1785
f 411 1828 1821
f 414 1846 1839
f 417 1867 1858
f 431 1936 1929
f 488 2123 2114
f 575 2033 2024
f 563 2249 2240
f 519 2260 2253
f 454 2049 2038
f 450 1959 1951
f 456 2062 2055
f 459 2080 2073
f 462 2101 2092
f 472 2116 2109
f 446 2026 2019
f 506 2242 2235
f 535 2267 2258
f 541 1943 1934
f 570 1869 1861
f 480 1815 1807
f 421 1799 1790
f 511 1835 1826
f 556 1853 1844
f 484 1889 1880
f 580 2195 2186
f 567 2319 2308
f 522 2283 2272
f 427 1905 1894
f 544 2103 2095
f 468 2046 2041
f 436 1957 1948
f 499 2069 2060
f 530 2087 2078
f 548 2141 2132
f 466 1979 1970
f 442 1993 1984
f 505 2229 2218
f 536 2296 2289
f 491 2188 2181
f 423 1882 1875
f 513 1902 1897
f 564 2280 2275
f 581 2316 2311
f 549 2172 2167
f 477 2157 2146
f 445 2011 2002
f 503 2209 2200
f 525 1923 1915
f 474 2134 2127
f 438 1972 1965
f 495 1995 1987
f 532 2226 2221
f 552 2303 2294
f 490 2175 2164
f 577 2154 2149
f 559 2013 2005
f 517 2211 2203
f 430 1921 1912
f 590 1865 1870
f 584 1811 1816
f 585 1796 1800
f 592 1832 1836
f 595 1850 1854
f 598 1888 1890
f 636 2194 2196
f 621 2322 2320
f 642 2286 2284
f 601 1908 1906
f 623 2099 2104
f 611 2045 2047
f 609 1962 1958
f 625 2068 2070
f 628 2084 2088
f 632 2140 2142
f 613 1976 1980
f 616 1998 1994
f 638 2232 2230
f 606 2299 2297
f 407 2330 2329
f 403 2324 2323
f 404 2325 2326
f 410 2332 2333
f 413 2335 2336
f 422 2344 2345
f 486 2410 2409
f 573 2497 2496
f 561 2486 2485
f 512 2434 2435
f 452 2375 2374
f 448 2369 2368
f 449 2370 2371
f 455 2377 2378
f 458 2380 2381
f 470 2393 2392
f 437 2359 2360
f 494 2415 2416
f 531 2455 2456
f 539 2461 2460
f 568 2489 2488
f 478 2399 2398
f 419 2341 2340
f 509 2431 2430
f 554 2476 2475
f 482 2405 2404
f 576 2500 2501
f 558 2481 2482
f 516 2439 2440
f 425 2348 2347
f 542 2465 2464
f 463 2383 2384
f 434 2356 2355
f 497 2420 2419
f 528 2452 2451
f 546 2471 2470
f 464 2386 2385
f 440 2363 2362
f 500 2422 2423
f 524 2445 2446
f 479 2400 2401
f 418 2338 2339
f 508 2428 2429
f 553 2473 2474
f 569 2490 2491
f 538 2458 2459
f 471 2394 2395
f 443 2366 2365
f 501 2425 2424
f 523 2444 2443
f 467 2389 2390
f 433 2353 2354
f 493 2414 2413
f 527 2449 2450
f 543 2466 2467
f 485 2407 2408
f 572 2494 2495
f 557 2480 2479
f 515 2438 2437
f 428 2351 2350
f 591 2510 2511
f 587 2504 2505
f 588 2508 2507
f 594 2514 2513
f 597 2517 2516
f 600 2520 2519
f 634 2554 2556
f 619 2539 2540
f 639 2560 2561
f 602 2523 2521
f 624 2543 2544
f 608 2527 2529
f 610 2532 2530
f 627 2547 2546
f 630 2550 2549
f 635 2552 2553
f 615 2535 2534
f 617 2538 2536
f 637 2558 2557
f 604 2524 2525
f 167 1607 647
f 164 1603 644
f 163 1604 643
f 165 1610 645
f 166 1613 646
f 169 1622 649
f 192 1686 672
f 222 1773 702
f 216 1761 696
f 199 1712 679
f 182 1652 662
f 179 1648 659
f 178 1649 658
f 180 1655 660
f 181 1658 661
f 186 1670 666
f 174 1637 654
f 193 1694 673
f 205 1731 685
f 212 1739 692
f 221 1768 701
f 189 1678 669
f 170 1619 650
f 202 1709 682
f 217 1754 697
f 191 1682 671
f 220 1776 700
f 214 1758 694
f 200 1716 680
f 171 1625 651
f 210 1742 690
f 183 1663 663
f 175 1634 655
f 196 1697 676
f 207 1728 687
f 211 1746 691
f 187 1664 667
f 176 1640 656
f 195 1700 675
f 203 1724 683
f 188 1679 668
f 168 1618 648
f 198 1708 678
f 213 1753 693
f 218 1769 698
f 208 1738 688
f 185 1671 665
f 177 1643 657
f 197 1701 677
f 206 1723 686
f 184 1667 664
f 173 1633 653
f 194 1693 674
f 204 1727 684
f 209 1743 689
f 190 1685 670
f 219 1772 699
f 215 1757 695
f 201 1715 681
f 172 1628 652
f 357 2187 837
f 255 1881 735
f 262 1899 742
f 388 2277 868
f 400 2313 880
f 352 2169 832
f 347 2156 827
f 298 2010 778
f 364 2208 844
f 269 1917 749
f 339 2133 819
f 285 1971 765
f 293 1989 773
f 370 2223 850
f 396 2300 876
f 353 2174 833
f 346 2151 826
f 299 2007 779
f 365 2205 845
f 268 1920 748
f 249 1855 729
f 231 1801 711
f 226 1784 706
f 238 1820 718
f 244 1838 724
f 257 1874 737
f 359 2180 839
f 402 2310 882
f 390 2274 870
f 264 1896 744
f 327 2089 807
f 309 2035 789
f 282 1950 762
f 317 2054 797
f 322 2072 802
f 341 2126 821
f 286 1964 766
f 294 1986 774
f 372 2220 852
f 394 2291 874
f 358 2183 838
f 256 1877 736
f 261 1891 741
f 387 2269 867
f 399 2305 879
f 351 2161 831
f 348 2148 828
f 300 2004 780
f 366 2202 846
f 267 1909 747
f 340 2129 820
f 287 1967 767
f 291 1981 771
f 369 2215 849
f 395 2288 875
f 354 2166 834
f 345 2143 825
f 297 1999 777
f 363 2197 843
f 270 1914 750
f 234 1806 714
f 227 1787 707
f 239 1823 719
f 245 1841 725
f 252 1860 732
f 275 1931 755
f 334 2108 814
f 304 2018 784
f 377 2234 857
f 382 2255 862
f 312 2040 792
f 279 1945 759
f 316 2057 796
f 323 2075 803
f 330 2094 810
f 335 2111 815
f 305 2021 785
f 376 2237 856
f 383 2252 863
f 274 1928 754
f 232 1812 712
f 225 1791 705
f 237 1827 717
f 243 1845 723
f 250 1866 730
f 273 1935 753
f 336 2118 816
f 306 2028 786
f 378 2246 858
f 381 2259 861
f 311 2048 791
f 281 1953 761
f 315 2061 795
f 321 2079 801
f 328 2100 808
f 333 2115 813
f 303 2025 783
f 375 2241 855
f 384 2264 864
f 276 1938 756
f 229 1802 709
f 223 1783 703
f 235 1819 715
f 241 1837 721
f 247 1856 727
f 271 1927 751
f 332 2112 812
f 302 2022 782
f 374 2238 854
f 379 2251 859
f 307 2036 787
f 278 1949 758
f 313 2053 793
f 319 2071 799
f 325 2090 805
f 331 2107 811
f 301 2017 781
f 373 2233 853
f 380 2256 860
f 272 1932 752
f 248 1859 728
f 230 1805 710
f 224 1788 704
f 236 1824 716
f 242 1842 722
f 254 1878 734
f 356 2184 836
f 397 2306 877
f 385 2270 865
f 259 1892 739
f 326 2093 806
f 308 2039 788
f 277 1946 757
f 314 2058 794
f 320 2076 800
f 338 2130 818
f 284 1968 764
f 289 1982 769
f 367 2216 847
f 391 2287 871
f 355 2179 835
f 253 1873 733
f 260 1895 740
f 386 2273 866
f 398 2309 878
f 350 2165 830
f 343 2144 823
f 295 2000 775
f 361 2198 841
f 266 1913 746
f 337 2125 817
f 283 1963 763
f 290 1985 770
f 368 2219 848
f 392 2292 872
f 349 2162 829
f 344 2147 824
f 296 2003 776
f 362 2201 842
f 265 1910 745
f 251 1863 731
f 233 1809 713
f 228 1794 708
f 240 1830 720
f 246 1848 726
f 258 1886 738
f 360 2192 840
f 401 2318 881
f 389 2282 869
f 263 1904 743
f 329 2097 809
f 310 2043 790
f 280 1956 760
f 318 2066 798
f 324 2082 804
f 342 2138 822
f 288 1974 768
f 292 1992 772
f 371 2228 851
f 393 2295 873
f 409 2331 1269
f 405 2327 1245
f 411 2328 1252
f 414 2334 1288
f 417 2337 1306
f 431 2346 1336
f 488 2412 1551
f 575 2499 1473
f 563 2487 1599
f 519 2436 1354
f 454 2376 1479
f 450 2372 1401
f 456 2373 1408
f 459 2379 1492
f 462 2382 1504
f 472 2396 1533
f 446 2361 1414
f 506 2418 1444
f 535 2457 1594
f 541 2463 1383
f 570 2492 1323
f 480 2402 1275
f 421 2343 1263
f 511 2433 1299
f 556 2478 1317
f 484 2406 1341
f 580 2502 1564
f 567 2484 1462
f 522 2442 1588
f 427 2349 1347
f 544 2468 1521
f 468 2387 1420
f 436 2358 1395
f 499 2421 1497
f 530 2454 1515
f 548 2472 1557
f 466 2388 1425
f 442 2364 1431
f 505 2426 1570
f 536 2448 1372
f 491 2403 1282
f 423 2342 1258
f 513 2432 1294
f 564 2477 1312
f 581 2493 1330
f 549 2462 1378
f 477 2397 1540
f 445 2367 1449
f 503 2427 1575
f 525 2447 1365
f 474 2391 1486
f 438 2357 1390
f 495 2417 1437
f 532 2453 1510
f 552 2469 1528
f 490 2411 1546
f 577 2498 1468
f 559 2483 1455
f 517 2441 1581
f 430 2352 1359
f 590 2509 1272
f 584 2503 1248
f 585 2506 1253
f 592 2512 1289
f 595 2515 1307
f 598 2518 1337
f 636 2555 1554
f 621 2541 1476
f 642 2562 1602
f 601 2522 1355
f 623 2542 1482
f 611 2528 1404
f 609 2531 1409
f 625 2545 1493
f 628 2548 1505
f 632 2551 1536
f 613 2533 1415
f 616 2537 1445
f 638 2559 1595
f 606 2526 1386
f 407 1616 909
f 403 1608 891
f 404 1606 886
f 410 1612 898
f 413 1615 904
f 422 1624 922
f 486 1692 1060
f 573 1782 1240
f 561 1765 1204
f 512 1714 1102
f 452 1661 999
f 448 1653 981
f 449 1651 976
f 455 1657 988
f 458 1660 994
f 470 1675 1024
f 437 1639 952
f 494 1696 1066
f 531 1733 1138
f 539 1751 1179
f 568 1779 1233
f 478 1683 1041
f 419 1626 927
f 509 1721 1119
f 554 1766 1209
f 482 1689 1053
f 576 1778 1228
f 558 1760 1192
f 516 1718 1108
f 425 1629 933
f 542 1747 1167
f 463 1665 1005
f 434 1641 957
f 497 1704 1083
f 528 1737 1150
f 546 1750 1174
f 464 1676 1029
f 440 1644 963
f 500 1702 1077
f 524 1726 1126
f 479 1681 1036
f 418 1620 915
f 508 1710 1095
f 553 1755 1185
f 569 1771 1216
f 538 1740 1155
f 471 1673 1018
f 443 1647 970
f 501 1707 1090
f 523 1734 1143
f 467 1669 1012
f 433 1635 945
f 493 1698 1071
f 527 1729 1131
f 543 1745 1162
f 485 1687 1047
f 572 1774 1221
f 557 1762 1197
f 515 1720 1114
f 428 1632 940
f 591 2189 1284
f 587 1883 1260
f 588 1903 1296
f 594 2281 1314
f 597 2317 1332
f 600 2173 1380
f 634 2158 1542
f 619 2012 1451
f 639 2210 1577
f 602 1924 1367
f 624 2135 1488
f 608 1973 1392
f 610 1996 1439
f 627 2227 1512
f 630 2304 1530
f 635 2176 1548
f 615 2155 1470
f 617 2014 1457
f 637 2212 1583
f 604 1922 1361
f 416 1864 1270
f 408 1810 1246
f 406 1795 1251
f 412 1831 1287
f 415 1849 1305
f 424 1887 1335
f 492 2193 1552
f 582 2321 1474
f 565 2285 1600
f 514 1907 1353
f 461 2098 1480
f 453 2044 1402
f 451 1961 1407
f 457 2067 1491
f 460 2083 1503
f 475 2139 1534
f 439 1975 1413
f 496 1997 1443
f 533 2231 1593
f 551 2298 1384
f 579 2190 1324
f 483 1884 1276
f 426 1900 1264
f 521 2278 1300
f 566 2314 1318
f 489 2170 1342
f 578 2159 1563
f 560 2015 1461
f 518 2213 1587
f 429 1918 1348
f 547 2136 1522
f 465 1977 1419
f 441 1990 1396
f 504 2224 1498
f 537 2301 1516
f 550 2177 1558
f 476 2152 1426
f 444 2008 1432
f 502 2206 1569
f 526 1925 1371
f 481 1817 1281
f 420 1797 1257
f 510 1833 1293
f 555 1851 1311
f 571 1871 1329
f 540 1941 1377
f 473 2119 1539
f 447 2029 1450
f 507 2247 1576
f 534 2262 1366
f 469 2051 1485
f 435 1954 1389
f 498 2064 1438
f 529 2085 1509
f 545 2105 1527
f 487 2121 1545
f 574 2031 1467
f 562 2244 1456
f 520 2265 1582
f 432 1939 1360
f 589 1814 1271
f 583 1793 1247
f 586 1829 1254
f 593 1847 1290
f 596 1868 1308
f 599 1937 1338
f 633 2124 1553
f 620 2034 1475
f 640 2250 1601
f 603 2261 1356
f 622 2050 1481
f 607 1960 1403
f 612 2063 1410
f 626 2081 1494
f 629 2102 1506
f 631 2117 1535
f 614 2027 1416
f 618 2243 1446
f 641 2268 1596
f 605 1944 1385
f 409 1804 894
f 405 1785 887
f 411 1821 899
f 414 1839 905
f 417 1858 912
f 431 1929 941
f 488 2114 1050
f 575 2024 1224
f 563 2240 1200
f 519 2253 1115
f 454 2038 984
f 450 1951 977
f 456 2055 989
f 459 2073 995
f 462 2092 1002
f 472 2109 1019
f 446 2019 971
f 506 2235 1091
f 535 2258 1146
f 541 1934 1158
f 570 1861 1217
f 480 1807 1037
f 421 1790 918
f 511 1826 1098
f 556 1844 1188
f 484 1880 1044
f 580 2186 1236
f 567 2308 1212
f 522 2272 1122
f 427 1894 930
f 544 2095 1163
f 468 2041 1013
f 436 1948 948
f 499 2060 1074
f 530 2078 1134
f 548 2132 1170
f 466 1970 1008
f 442 1984 960
f 505 2218 1086
f 536 2289 1151
f 491 2181 1061
f 423 1875 923
f 513 1897 1103
f 564 2275 1205
f 581 2311 1241
f 549 2167 1175
f 477 2146 1032
f 445 2002 966
f 503 2200 1080
f 525 1915 1127
f 474 2127 1025
f 438 1965 953
f 495 1987 1067
f 532 2221 1139
f 552 2294 1182
f 490 2164 1056
f 577 2149 1229
f 559 2005 1193
f 517 2203 1109
f 430 1912 936
f 590 1870 1325
f 584 1816 1277
f 585 1800 1265
f 592 1836 1301
f 595 1854 1319
f 598 1890 1343
f 636 2196 1566
f 621 2320 1464
f 642 2284 1590
f 601 1906 1349
f 623 2104 1523
f 611 2047 1422
f 609 1958 1397
f 625 2070 1499
f 628 2088 1517
f 632 2142 1559
f 613 1980 1427
f 616 1994 1433
f 638 2230 1572
f 606 2297 1374
f 407 2329 892
f 403 2323 885
f 404 2326 897
f 410 2333 903
f 413 2336 910
f 422 2345 939
f 486 2409 1048
f 573 2496 1222
f 561 2485 1198
f 512 2435 1113
f 452 2374 982
f 448 2368 975
f 449 2371 987
f 455 2378 993
f 458 2381 1000
f 470 2392 1017
f 437 2360 969
f 494 2416 1089
f 531 2456 1144
f 539 2460 1156
f 568 2488 1215
f 478 2398 1035
f 419 2340 916
f 509 2430 1096
f 554 2475 1186
f 482 2404 1042
f 576 2501 1234
f 558 2482 1210
f 516 2440 1120
f 425 2347 928
f 542 2464 1161
f 463 2384 1011
f 434 2355 946
f 497 2419 1072
f 528 2451 1132
f 546 2470 1168
f 464 2385 1006
f 440 2362 958
f 500 2423 1084
f 524 2446 1149
f 479 2401 1059
f 418 2339 921
f 508 2429 1101
f 553 2474 1203
f 569 2491 1239
f 538 2459 1173
f 471 2395 1030
f 443 2365 964
f 501 2424 1078
f 523 2443 1125
f 467 2390 1023
f 433 2354 951
f 493 2413 1065
f 527 2450 1137
f 543 2467 1180
f 485 2408 1054
f 572 2495 1227
f 557 2479 1191
f 515 2437 1107
f 428 2350 934
f 591 2511 1326
f 587 2505 1278
f 588 2507 1266
f 594 2513 1302
f 597 2516 1320
f 600 2519 1344
f 634 2556 1565
f 619 2540 1463
f 639 2561 1589
f 602 2521 1350
f 624 2544 1524
f 608 2529 1421
f 610 2530 1398
f 627 2546 1500
f 630 2549 1518
f 635 2553 1560
f 615 2534 1428
f 617 2536 1434
f 637 2557 1571
f 604 2525 1373
f 164 1609 889
f 163 1605 883
f 165 1611 895
f 166 1614 901
f 167 1617 907
f 172 1631 937
f 190 1688 1045
f 219 1775 1219
f 215 1763 1195
f 201 1719 1111
f 179 1654 979
f 178 1650 973
f 180 1656 985
f 181 1659 991
f 182 1662 997
f 185 1672 1015
f 177 1646 967
f 197 1706 1087
f 206 1735 1141
f 208 1741 1153
f 218 1770 1213
f 188 1680 1033
f 168 1621 913
f 198 1711 1093
f 213 1756 1183
f 189 1684 1039
f 221 1780 1231
f 217 1767 1207
f 202 1722 1117
f 170 1627 925
f 209 1744 1159
f 184 1668 1009
f 173 1636 943
f 194 1699 1069
f 204 1730 1129
f 210 1748 1165
f 183 1666 1003
f 175 1642 955
f 196 1705 1081
f 207 1736 1147
f 192 1691 1057
f 169 1623 919
f 199 1713 1099
f 216 1764 1201
f 222 1781 1237
f 211 1749 1171
f 187 1677 1027
f 176 1645 961
f 195 1703 1075
f 203 1725 1123
f 186 1674 1021
f 174 1638 949
f 193 1695 1063
f 205 1732 1135
f 212 1752 1177
f 191 1690 1051
f 220 1777 1225
f 214 1759 1189
f 200 1717 1105
f 171 1630 931
f 358 2191 1322
f 256 1885 1274
f 261 1901 1262
f 387 2279 1298
f 399 2315 1316
f 351 2171 1340
f 348 2160 1561
f 300 2016 1459
f 366 2214 1585
f 267 1919 1346
f 340 2137 1520
f 287 1978 1417
f 291 1991 1394
f 369 2225 1496
f 395 2302 1514
f 354 2178 1556
f 345 2153 1424
f 297 2009 1430
f 363 2207 1567
f 270 1926 1369
f 247 1857 908
f 229 1803 890
f 223 1786 884
f 235 1822 896
f 241 1840 902
f 253 1876 920
f 355 2182 1058
f 398 2312 1238
f 386 2276 1202
f 260 1898 1100
f 325 2091 998
f 307 2037 980
f 278 1952 974
f 313 2056 986
f 319 2074 992
f 337 2128 1022
f 283 1966 950
f 290 1988 1064
f 368 2222 1136
f 392 2293 1178
f 356 2185 1232
f 254 1879 1040
f 259 1893 926
f 385 2271 1118
f 397 2307 1208
f 349 2163 1052
f 344 2150 1226
f 296 2006 1190
f 362 2204 1106
f 265 1911 932
f 338 2131 1166
f 284 1969 1004
f 289 1983 956
f 367 2217 1082
f 391 2290 1148
f 350 2168 1172
f 343 2145 1028
f 295 2001 962
f 361 2199 1076
f 266 1916 1124
f 230 1808 1034
f 224 1789 914
f 236 1825 1094
f 242 1843 1184
f 248 1862 1214
f 272 1933 1154
f 331 2110 1016
f 301 2020 968
f 373 2236 1088
f 380 2257 1142
f 308 2042 1010
f 277 1947 944
f 314 2059 1070
f 320 2077 1130
f 326 2096 1160
f 332 2113 1046
f 302 2023 1220
f 374 2239 1196
f 379 2254 1112
f 271 1930 938
f 234 1818 1279
f 227 1798 1255
f 239 1834 1291
f 245 1852 1309
f 252 1872 1327
f 275 1942 1375
f 334 2120 1537
f 304 2030 1448
f 377 2248 1574
f 382 2263 1364
f 312 2052 1483
f 279 1955 1387
f 316 2065 1436
f 323 2086 1507
f 330 2106 1525
f 335 2122 1543
f 305 2032 1465
f 376 2245 1454
f 383 2266 1580
f 274 1940 1358
f 232 1813 1267
f 225 1792 1243
f 237 1828 1250
f 243 1846 1286
f 250 1867 1304
f 273 1936 1334
f 336 2123 1549
f 306 2033 1471
f 378 2249 1597
f 381 2260 1352
f 311 2049 1477
f 281 1959 1399
f 315 2062 1406
f 321 2080 1490
f 328 2101 1502
f 333 2116 1531
f 303 2026 1412
f 375 2242 1442
f 384 2267 1592
f 276 1943 1381
f 251 1869 1321
f 233 1815 1273
f 228 1799 1261
f 240 1835 1297
f 246 1853 1315
f 258 1889 1339
f 360 2195 1562
f 401 2319 1460
f 389 2283 1586
f 263 1905 1345
f 329 2103 1519
f 310 2046 1418
f 280 1957 1393
f 318 2069 1495
f 324 2087 1513
f 342 2141 1555
f 288 1979 1423
f 292 1993 1429
f 371 2229 1568
f 393 2296 1370
f 357 2188 1280
f 255 1882 1256
f 262 1902 1292
f 388 2280 1310
f 400 2316 1328
f 352 2172 1376
f 347 2157 1538
f 298 2011 1447
f 364 2209 1573
f 269 1923 1363
f 339 2134 1484
f 285 1972 1388
f 293 1995 1435
f 370 2226 1508
f 396 2303 1526
f 353 2175 1544
f 346 2154 1466
f 299 2013 1453
f 365 2211 1579
f 268 1921 1357
f 249 1865 1268
f 231 1811 1244
f 226 1796 1249
f 238 1832 1285
f 244 1850 1303
f 257 1888 1333
f 359 2194 1550
f 402 2322 1472
f 390 2286 1598
f 264 1908 1351
f 327 2099 1478
f 309 2045 1400
f 282 1962 1405
f 317 2068 1489
f 322 2084 1501
f 341 2140 1532
f 286 1976 1411
f 294 1998 1441
f 372 2232 1591
f 394 2299 1382
f 416 2330 911
f 408 2324 893
f 406 2325 888
f 412 2332 900
f 415 2335 906
f 424 2344 924
f 492 2410 1062
f 582 2497 1242
f 565 2486 1206
f 514 2434 1104
f 461 2375 1001
f 453 2369 983
f 451 2370 978
f 457 2377 990
f 460 2380 996
f 475 2393 1026
f 439 2359 954
f 496 2415 1068
f 533 2455 1140
f 551 2461 1181
f 579 2489 1235
f 483 2399 1043
f 426 2341 929
f 521 2431 1121
f 566 2476 1211
f 489 2405 1055
f 578 2500 1230
f 560 2481 1194
f 518 2439 1110
f 429 2348 935
f 547 2465 1169
f 465 2383 1007
f 441 2356 959
f 504 2420 1085
f 537 2452 1152
f 550 2471 1176
f 476 2386 1031
f 444 2363 965
f 502 2422 1079
f 526 2445 1128
f 481 2400 1038
f 420 2338 917
f 510 2428 1097
f 555 2473 1187
f 571 2490 1218
f 540 2458 1157
f 473 2394 1020
f 447 2366 972
f 507 2425 1092
f 534 2444 1145
f 469 2389 1014
f 435 2353 947
f 498 2414 1073
f 529 2449 1133
f 545 2466 1164
f 487 2407 1049
f 574 2494 1223
f 562 2480 1199
f 520 2438 1116
f 432 2351 942
f 589 2510 1283
f 583 2504 1259
f 586 2508 1295
f 593 2514 1313
f 596 2517 1331
f 599 2520 1379
f 633 2554 1541
f 620 2539 1452
f 640 2560 1578
f 603 2523 1368
f 622 2543 1487
f 607 2527 1391
f 612 2532 1440
f 626 2547 1511
f 629 2550 1529
f 631 2552 1547
f 614 2535 1469
f 618 2538 1458
f 641 2558 1584
f 605 2524 1362
f 164 1607 1609
f 163 1603 1605
f 165 1604 1611
f 166 1610 1614
f 167 1613 1617
f 172 1622 1631
f 190 1686 1688
f 219 1773 1775
f 215 1761 1763
f 201 1712 1719
f 179 1652 1654
f 178 1648 1650
f 180 1649 1656
f 181 1655 1659
f 182 1658 1662
f 185 1670 1672
f 177 1637 1646
f 197 1694 1706
f 206 1731 1735
f 208 1739 1741
f 218 1768 1770
f 188 1678 1680
f 168 1619 1621
f 198 1709 1711
f 213 1754 1756
f 189 1682 1684
f 221 1776 1780
f 217 1758 1767
f 202 1716 1722
f 170 1625 1627
f 209 1742 1744
f 184 1663 1668
f 173 1634 1636
f 194 1697 1699
f 204 1728 1730
f 210 1746 1748
f 183 1664 1666
f 175 1640 1642
f 196 1700 1705
f 207 1724 1736
f 192 1679 1691
f 169 1618 1623
f 199 1708 1713
f 216 1753 1764
f 222 1769 1781
f 211 1738 1749
f 187 1671 1677
f 176 1643 1645
f 195 1701 1703
f 203 1723 1725
f 186 1667 1674
f 174 1633 1638
f 193 1693 1695
f 205 1727 1732
f 212 1743 1752
f 191 1685 1690
f 220 1772 1777
f 214 1757 1759
f 200 1715 1717
f 171 1628 1630
f 358 2187 2191
f 256 1881 1885
f 261 1899 1901
f 387 2277 2279
f 399 2313 2315
f 351 2169 2171
f 348 2156 2160
f 300 2010 2016
f 366 2208 2214
f 267 1917 1919
f 340 2133 2137
f 287 1971 1978
f 291 1989 1991
f 369 2223 2225
f 395 2300 2302
f 354 2174 2178
f 345 2151 2153
f 297 2007 2009
f 363 2205 2207
f 270 1920 1926
f 247 1855 1857
f 229 1801 1803
f 223 1784 1786
f 235 1820 1822
f 241 1838 1840
f 253 1874 1876
f 355 2180 2182
f 398 2310 2312
f 386 2274 2276
f 260 1896 1898
f 325 2089 2091
f 307 2035 2037
f 278 1950 1952
f 313 2054 2056
f 319 2072 2074
f 337 2126 2128
f 283 1964 1966
f 290 1986 1988
f 368 2220 2222
f 392 2291 2293
f 356 2183 2185
f 254 1877 1879
f 259 1891 1893
f 385 2269 2271
f 397 2305 2307
f 349 2161 2163
f 344 2148 2150
f 296 2004 2006
f 362 2202 2204
f 265 1909 1911
f 338 2129 2131
f 284 1967 1969
f 289 1981 1983
f 367 2215 2217
f 391 2288 2290
f 350 2166 2168
f 343 2143 2145
f 295 1999 2001
f 361 2197 2199
f 266 1914 1916
f 230 1806 1808
f 224 1787 1789
f 236 1823 1825
f 242 1841 1843
f 248 1860 1862
f 272 1931 1933
f 331 2108 2110
f 301 2018 2020
f 373 2234 2236
f 380 2255 2257
f 308 2040 2042
f 277 1945 1947
f 314 2057 2059
f 320 2075 2077
f 326 2094 2096
f 332 2111 2113
f 302 2021 2023
f 374 2237 2239
f 379 2252 2254
f 271 1928 1930
f 234 1812 1818
f 227 1791 1798
f 239 1827 1834
f 245 1845 1852
f 252 1866 1872
f 275 1935 1942
f 334 2118 2120
f 304 2028 2030
f 377 2246 2248
f 382 2259 2263
f 312 2048 2052
f 279 1953 1955
f 316 2061 2065
f 323 2079 2086
f 330 2100 2106
f 335 2115 2122
f 305 2025 2032
f 376 2241 2245
f 383 2264 2266
f 274 1938 1940
f 232 1802 1813
f 225 1783 1792
f 237 1819 1828
f 243 1837 1846
f 250 1856 1867
f 273 1927 1936
f 336 2112 2123
f 306 2022 2033
f 378 2238 2249
f 381 2251 2260
f 311 2036 2049
f 281 1949 1959
f 315 2053 2062
f 321 2071 2080
f 328 2090 2101
f 333 2107 2116
f 303 2017 2026
f 375 2233 2242
f 384 2256 2267
f 276 1932 1943
f 251 1859 1869
f 233 1805 1815
f 228 1788 1799
f 240 1824 1835
f 246 1842 1853
f 258 1878 1889
f 360 2184 2195
f 401 2306 2319
f 389 2270 2283
f 263 1892 1905
f 329 2093 2103
f 310 2039 2046
f 280 1946 1957
f 318 2058 2069
f 324 2076 2087
f 342 2130 2141
f 288 1968 1979
f 292 1982 1993
f 371 2216 2229
f 393 2287 2296
f 357 2179 2188
f 255 1873 1882
f 262 1895 1902
f 388 2273 2280
f 400 2309 2316
f 352 2165 2172
f 347 2144 2157
f 298 2000 2011
f 364 2198 2209
f 269 1913 1923
f 339 2125 2134
f 285 1963 1972
f 293 1985 1995
f 370 2219 2226
f 396 2292 2303
f 353 2162 2175
f 346 2147 2154
f 299 2003 2013
f 365 2201 2211
f 268 1910 1921
f 249 1863 1865
f 231 1809 1811
f 226 1794 1796
f 238 1830 1832
f 244 1848 1850
f 257 1886 1888
f 359 2192 2194
f 402 2318 2322
f 390 2282 2286
f 264 1904 1908
f 327 2097 2099
f 309 2043 2045
f 282 1956 1962
f 317 2066 2068
f 322 2082 2084
f 341 2138 2140
f 286 1974 1976
f 294 1992 1998
f 372 2228 2232
f 394 2295 2299
f 416 2331 2330
f 408 2327 2324
f 406 2328 2325
f 412 2334 2332
f 415 2337 2335
f 424 2346 2344
f 492 2412 2410
f 582 2499 2497
f 565 2487 2486
f 514 2436 2434
f 461 2376 2375
f 453 2372 2369
f 451 2373 2370
f 457 2379 2377
f 460 2382 2380
f 475 2396 2393
f 439 2361 2359
f 496 2418 2415
f 533 2457 2455
f 551 2463 2461
f 579 2492 2489
f 483 2402 2399
f 426 2343 2341
f 521 2433 2431
f 566 2478 2476
f 489 2406 2405
f 578 2502 2500
f 560 2484 2481
f 518 2442 2439
f 429 2349 2348
f 547 2468 2465
f 465 2387 2383
f 441 2358 2356
f 504 2421 2420
f 537 2454 2452
f 550 2472 2471
f 476 2388 2386
f 444 2364 2363
f 502 2426 2422
f 526 2448 2445
f 481 2403 2400
f 420 2342 2338
f 510 2432 2428
f 555 2477 2473
f 571 2493 2490
f 540 2462 2458
f 473 2397 2394
f 447 2367 2366
f 507 2427 2425
f 534 2447 2444
f 469 2391 2389
f 435 2357 2353
f 498 2417 2414
f 529 2453 2449
f 545 2469 2466
f 487 2411 2407
f 574 2498 2494
f 562 2483 2480
f 520 2441 2438
f 432 2352 2351
f 589 2509 2510
f 583 2503 2504
f 586 2506 2508
f 593 2512 2514
f 596 2515 2517
f 599 2518 2520
f 633 2555 2554
f 620 2541 2539
f 640 2562 2560
f 603 2522 2523
f 622 2542 2543
f 607 2528 2527
f 612 2531 2532
f 626 2545 2547
f 629 2548 2550
f 631 2551 2552
f 614 2533 2535
f 618 2537 2538
f 641 2559 2558
f 605 2526 2524
f 164 644 1607
f 163 643 1603
f 165 645 1604
f 166 646 1610
f 167 647 1613
f 172 652 1622
f 190 670 1686
f 219 699 1773
f 215 695 1761
f 201 681 1712
f 179 659 1652
f 178 658 1648
f 180 660 1649
f 181 661 1655
f 182 662 1658
f 185 665 1670
f 177 657 1637
f 197 677 1694
f 206 686 1731
f 208 688 1739
f 218 698 1768
f 188 668 1678
f 168 648 1619
f 198 678 1709
f 213 693 1754
f 189 669 1682
f 221 701 1776
f 217 697 1758
f 202 682 1716
f 170 650 1625
f 209 689 1742
f 184 664 1663
f 173 653 1634
f 194 674 1697
f 204 684 1728
f 210 690 1746
f 183 663 1664
f 175 655 1640
f 196 676 1700
f 207 687 1724
f 192 672 1679
f 169 649 1618
f 199 679 1708
f 216 696 1753
f 222 702 1769
f 211 691 1738
f 187 667 1671
f 176 656 1643
f 195 675 1701
f 203 683 1723
f 186 666 1667
f 174 654 1633
f 193 673 1693
f 205 685 1727
f 212 692 1743
f 191 671 1685
f 220 700 1772
f 214 694 1757
f 200 680 1715
f 171 651 1628
f 358 838 2187
f 256 736 1881
f 261 741 1899
f 387 867 2277
f 399 879 2313
f 351 831 2169
f 348 828 2156
f 300 780 2010
f 366 846 2208
f 267 747 1917
f 340 820 2133
f 287 767 1971
f 291 771 1989
f 369 849 2223
f 395 875 2300
f 354 834 2174
f 345 825 2151
f 297 777 2007
f 363 843 2205
f 270 750 1920
f 247 727 1855
f 229 709 1801
f 223 703 1784
f 235 715 1820
f 241 721 1838
f 253 733 1874
f 355 835 2180
f 398 878 2310
f 386 866 2274
f 260 740 1896
f 325 805 2089
f 307 787 2035
f 278 758 1950
f 313 793 2054
f 319 799 2072
f 337 817 2126
f 283 763 1964
f 290 770 1986
f 368 848 2220
f 392 872 2291
f 356 836 2183
f 254 734 1877
f 259 739 1891
f 385 865 2269
f 397 877 2305
f 349 829 2161
f 344 824 2148
f 296 776 2004
f 362 842 2202
f 265 745 1909
f 338 818 2129
f 284 764 1967
f 289 769 1981
f 367 847 2215
f 391 871 2288
f 350 830 2166
f 343 823 2143
f 295 775 1999
f 361 841 2197
f 266 746 1914
f 230 710 1806
f 224 704 1787
f 236 716 1823
f 242 722 1841
f 248 728 1860
f 272 752 1931
f 331 811 2108
f 301 781 2018
f 373 853 2234
f 380 860 2255
f 308 788 2040
f 277 757 1945
f 314 794 2057
f 320 800 2075
f 326 806 2094
f 332 812 2111
f 302 782 2021
f 374 854 2237
f 379 859 2252
f 271 751 1928
f 234 714 1812
f 227 707 1791
f 239 719 1827
f 245 725 1845
f 252 732 1866
f 275 755 1935
f 334 814 2118
f 304 784 2028
f 377 857 2246
f 382 862 2259
f 312 792 2048
f 279 759 1953
f 316 796 2061
f 323 803 2079
f 330 810 2100
f 335 815 2115
f 305 785 2025
f 376 856 2241
f 383 863 2264
f 274 754 1938
f 232 712 1802
f 225 705 1783
f 237 717 1819
f 243 723 1837
f 250 730 1856
f 273 753 1927
f 336 816 2112
f 306 786 2022
f 378 858 2238
f 381 861 2251
f 311 791 2036
f 281 761 1949
f 315 795 2053
f 321 801 2071
f 328 808 2090
f 333 813 2107
f 303 783 2017
f 375 855 2233
f 384 864 2256
f 276 756 1932
f 251 731 1859
f 233 713 1805
f 228 708 1788
f 240 720 1824
f 246 726 1842
f 258 738 1878
f 360 840 2184
f 401 881 2306
f 389 869 2270
f 263 743 1892
f 329 809 2093
f 310 790 2039
f 280 760 1946
f 318 798 2058
f 324 804 2076
f 342 822 2130
f 288 768 1968
f 292 772 1982
f 371 851 2216
f 393 873 2287
f 357 837 2179
f 255 735 1873
f 262 742 1895
f 388 868 2273
f 400 880 2309
f 352 832 2165
f 347 827 2144
f 298 778 2000
f 364 844 2198
f 269 749 1913
f 339 819 2125
f 285 765 1963
f 293 773 1985
f 370 850 2219
f 396 876 2292
f 353 833 2162
f 346 826 2147
f 299 779 2003
f 365 845 2201
f 268 748 1910
f 249 729 1863
f 231 711 1809
f 226 706 1794
f 238 718 1830
f 244 724 1848
f 257 737 1886
f 359 839 2192
f 402 882 2318
f 390 870 2282
f 264 744 1904
f 327 807 2097
f 309 789 2043
f 282 762 1956
f 317 797 2066
f 322 802 2082
f 341 821 2138
f 286 766 1974
f 294 774 1992
f 372 852 2228
f 394 874 2295
f 416 1270 2331
f 408 1246 2327
f 406 1251 2328
f 412 1287 2334
f 415 1305 2337
f 424 1335 2346
f 492 1552 2412
f 582 1474 2499
f 565 1600 2487
f 514 1353 2436
f 461 1480 2376
f 453 1402 2372
f 451 1407 2373
f 457 1491 2379
f 460 1503 2382
f 475 1534 2396
f 439 1413 2361
f 496 1443 2418
f 533 1593 2457
f 551 1384 2463
f 579 1324 2492
f 483 1276 2402
f 426 1264 2343
f 521 1300 2433
f 566 1318 2478
f 489 1342 2406
f 578 1563 2502
f 560 1461 2484
f 518 1587 2442
f 429 1348 2349
f 547 1522 2468
f 465 1419 2387
f 441 1396 2358
f 504 1498 2421
f 537 1516 2454
f 550 1558 2472
f 476 1426 2388
f 444 1432 2364
f 502 1569 2426
f 526 1371 2448
f 481 1281 2403
f 420 1257 2342
f 510 1293 2432
f 555 1311 2477
f 571 1329 2493
f 540 1377 2462
f 473 1539 2397
f 447 1450 2367
f 507 1576 2427
f 534 1366 2447
f 469 1485 2391
f 435 1389 2357
f 498 1438 2417
f 529 1509 2453
f 545 1527 2469
f 487 1545 2411
f 574 1467 2498
f 562 1456 2483
f 520 1582 2441
f 432 1360 2352
f 589 1271 2509
f 583 1247 2503
f 586 1254 2506
f 593 1290 2512
f 596 1308 2515
f 599 1338 2518
f 633 1553 2555
f 620 1475 2541
f 640 1601 2562
f 603 1356 2522
f 622 1481 2542
f 607 1403 2528
f 612 1410 2531
f 626 1494 2545
f 629 1506 2548
f 631 1535 2551
f 614 1416 2533
f 618 1446 2537
f 641 1596 2559
f 605 1385 2526
f 167 907 1616
f 164 889 1608
f 163 883 1606
f 165 895 1612
f 166 901 1615
f 169 919 1624
f 192 1057 1692
f 222 1237 1782
f 216 1201 1765
f 199 1099 1714
f 182 997 1661
f 179 979 1653
f 178 973 1651
f 180 985 1657
f 181 991 1660
f 186 1021 1675
f 174 949 1639
f 193 1063 1696
f 205 1135 1733
f 212 1177 1751
f 221 1231 1779
f 189 1039 1683
f 170 925 1626
f 202 1117 1721
f 217 1207 1766
f 191 1051 1689
f 220 1225 1778
f 214 1189 1760
f 200 1105 1718
f 171 931 1629
f 210 1165 1747
f 183 1003 1665
f 175 955 1641
f 196 1081 1704
f 207 1147 1737
f 211 1171 1750
f 187 1027 1676
f 176 961 1644
f 195 1075 1702
f 203 1123 1726
f 188 1033 1681
f 168 913 1620
f 198 1093 1710
f 213 1183 1755
f 218 1213 1771
f 208 1153 1740
f 185 1015 1673
f 177 967 1647
f 197 1087 1707
f 206 1141 1734
f 184 1009 1669
f 173 943 1635
f 194 1069 1698
f 204 1129 1729
f 209 1159 1745
f 190 1045 1687
f 219 1219 1774
f 215 1195 1762
f 201 1111 1720
f 172 937 1632
f 357 1280 2189
f 255 1256 1883
f 262 1292 1903
f 388 1310 2281
f 400 1328 2317
f 352 1376 2173
f 347 1538 2158
f 298 1447 2012
f 364 1573 2210
f 269 1363 1924
f 339 1484 2135
f 285 1388 1973
f 293 1435 1996
f 370 1508 2227
f 396 1526 2304
f 353 1544 2176
f 346 1466 2155
f 299 1453 2014
f 365 1579 2212
f 268 1357 1922
f 249 1268 1864
f 231 1244 1810
f 226 1249 1795
f 238 1285 1831
f 244 1303 1849
f 257 1333 1887
f 359 1550 2193
f 402 1472 2321
f 390 1598 2285
f 264 1351 1907
f 327 1478 2098
f 309 1400 2044
f 282 1405 1961
f 317 1489 2067
f 322 1501 2083
f 341 1532 2139
f 286 1411 1975
f 294 1441 1997
f 372 1591 2231
f 394 1382 2298
f 358 1322 2190
f 256 1274 1884
f 261 1262 1900
f 387 1298 2278
f 399 1316 2314
f 351 1340 2170
f 348 1561 2159
f 300 1459 2015
f 366 1585 2213
f 267 1346 1918
f 340 1520 2136
f 287 1417 1977
f 291 1394 1990
f 369 1496 2224
f 395 1514 2301
f 354 1556 2177
f 345 1424 2152
f 297 1430 2008
f 363 1567 2206
f 270 1369 1925
f 234 1279 1817
f 227 1255 1797
f 239 1291 1833
f 245 1309 1851
f 252 1327 1871
f 275 1375 1941
f 334 1537 2119
f 304 1448 2029
f 377 1574 2247
f 382 1364 2262
f 312 1483 2051
f 279 1387 1954
f 316 1436 2064
f 323 1507 2085
f 330 1525 2105
f 335 1543 2121
f 305 1465 2031
f 376 1454 2244
f 383 1580 2265
f 274 1358 1939
f 232 1267 1814
f 225 1243 1793
f 237 1250 1829
f 243 1286 1847
f 250 1304 1868
f 273 1334 1937
f 336 1549 2124
f 306 1471 2034
f 378 1597 2250
f 381 1352 2261
f 311 1477 2050
f 281 1399 1960
f 315 1406 2063
f 321 1490 2081
f 328 1502 2102
f 333 1531 2117
f 303 1412 2027
f 375 1442 2243
f 384 1592 2268
f 276 1381 1944
f 229 890 1804
f 223 884 1785
f 235 896 1821
f 241 902 1839
f 247 908 1858
f 271 938 1929
f 332 1046 2114
f 302 1220 2024
f 374 1196 2240
f 379 1112 2253
f 307 980 2038
f 278 974 1951
f 313 986 2055
f 319 992 2073
f 325 998 2092
f 331 1016 2109
f 301 968 2019
f 373 1088 2235
f 380 1142 2258
f 272 1154 1934
f 248 1214 1861
f 230 1034 1807
f 224 914 1790
f 236 1094 1826
f 242 1184 1844
f 254 1040 1880
f 356 1232 2186
f 397 1208 2308
f 385 1118 2272
f 259 926 1894
f 326 1160 2095
f 308 1010 2041
f 277 944 1948
f 314 1070 2060
f 320 1130 2078
f 338 1166 2132
f 284 1004 1970
f 289 956 1984
f 367 1082 2218
f 391 1148 2289
f 355 1058 2181
f 253 920 1875
f 260 1100 1897
f 386 1202 2275
f 398 1238 2311
f 350 1172 2167
f 343 1028 2146
f 295 962 2002
f 361 1076 2200
f 266 1124 1915
f 337 1022 2127
f 283 950 1965
f 290 1064 1987
f 368 1136 2221
f 392 1178 2294
f 349 1052 2164
f 344 1226 2149
f 296 1190 2005
f 362 1106 2203
f 265 932 1912
f 251 1321 1870
f 233 1273 1816
f 228 1261 1800
f 240 1297 1836
f 246 1315 1854
f 258 1339 1890
f 360 1562 2196
f 401 1460 2320
f 389 1586 2284
f 263 1345 1906
f 329 1519 2104
f 310 1418 2047
f 280 1393 1958
f 318 1495 2070
f 324 1513 2088
f 342 1555 2142
f 288 1423 1980
f 292 1429 1994
f 371 1568 2230
f 393 1370 2297
f 409 894 2329
f 405 887 2323
f 411 899 2326
f 414 905 2333
f 417 912 2336
f 431 941 2345
f 488 1050 2409
f 575 1224 2496
f 563 1200 2485
f 519 1115 2435
f 454 984 2374
f 450 977 2368
f 456 989 2371
f 459 995 2378
f 462 1002 2381
f 472 1019 2392
f 446 971 2360
f 506 1091 2416
f 535 1146 2456
f 541 1158 2460
f 570 1217 2488
f 480 1037 2398
f 421 918 2340
f 511 1098 2430
f 556 1188 2475
f 484 1044 2404
f 580 1236 2501
f 567 1212 2482
f 522 1122 2440
f 427 930 2347
f 544 1163 2464
f 468 1013 2384
f 436 948 2355
f 499 1074 2419
f 530 1134 2451
f 548 1170 2470
f 466 1008 2385
f 442 960 2362
f 505 1086 2423
f 536 1151 2446
f 491 1061 2401
f 423 923 2339
f 513 1103 2429
f 564 1205 2474
f 581 1241 2491
f 549 1175 2459
f 477 1032 2395
f 445 966 2365
f 503 1080 2424
f 525 1127 2443
f 474 1025 2390
f 438 953 2354
f 495 1067 2413
f 532 1139 2450
f 552 1182 2467
f 490 1056 2408
f 577 1229 2495
f 559 1193 2479
f 517 1109 2437
f 430 936 2350
f 590 1325 2511
f 584 1277 2505
f 585 1265 2507
f 592 1301 2513
f 595 1319 2516
f 598 1343 2519
f 636 1566 2556
f 621 1464 2540
f 642 1590 2561
f 601 1349 2521
f 623 1523 2544
f 611 1422 2529
f 609 1397 2530
f 625 1499 2546
f 628 1517 2549
f 632 1559 2553
f 613 1427 2534
f 616 1433 2536
f 638 1572 2557
f 606 1374 2525
f 407 892 1609
f 403 885 1605
f 404 897 1611
f 410 903 1614
f 413 910 1617
f 422 939 1631
f 486 1048 1688
f 573 1222 1775
f 561 1198 1763
f 512 1113 1719
f 452 982 1654
f 448 975 1650
f 449 987 1656
f 455 993 1659
f 458 1000 1662
f 470 1017 1672
f 437 969 1646
f 494 1089 1706
f 531 1144 1735
f 539 1156 1741
f 568 1215 1770
f 478 1035 1680
f 419 916 1621
f 509 1096 1711
f 554 1186 1756
f 482 1042 1684
f 576 1234 1780
f 558 1210 1767
f 516 1120 1722
f 425 928 1627
f 542 1161 1744
f 463 1011 1668
f 434 946 1636
f 497 1072 1699
f 528 1132 1730
f 546 1168 1748
f 464 1006 1666
f 440 958 1642
f 500 1084 1705
f 524 1149 1736
f 479 1059 1691
f 418 921 1623
f 508 1101 1713
f 553 1203 1764
f 569 1239 1781
f 538 1173 1749
f 471 1030 1677
f 443 964 1645
f 501 1078 1703
f 523 1125 1725
f 467 1023 1674
f 433 951 1638
f 493 1065 1695
f 527 1137 1732
f 543 1180 1752
f 485 1054 1690
f 572 1227 1777
f 557 1191 1759
f 515 1107 1717
f 428 934 1630
f 591 1326 2191
f 587 1278 1885
f 588 1266 1901
f 594 1302 2279
f 597 1320 2315
f 600 1344 2171
f 634 1565 2160
f 619 1463 2016
f 639 1589 2214
f 602 1350 1919
f 624 1524 2137
f 608 1421 1978
f 610 1398 1991
f 627 1500 2225
f 630 1518 2302
f 635 1560 2178
f 615 1428 2153
f 617 1434 2009
f 637 1571 2207
f 604 1373 1926
f 416 911 1857
f 408 893 1803
f 406 888 1786
f 412 900 1822
f 415 906 1840
f 424 924 1876
f 492 1062 2182
f 582 1242 2312
f 565 1206 2276
f 514 1104 1898
f 461 1001 2091
f 453 983 2037
f 451 978 1952
f 457 990 2056
f 460 996 2074
f 475 1026 2128
f 439 954 1966
f 496 1068 1988
f 533 1140 2222
f 551 1181 2293
f 579 1235 2185
f 483 1043 1879
f 426 929 1893
f 521 1121 2271
f 566 1211 2307
f 489 1055 2163
f 578 1230 2150
f 560 1194 2006
f 518 1110 2204
f 429 935 1911
f 547 1169 2131
f 465 1007 1969
f 441 959 1983
f 504 1085 2217
f 537 1152 2290
f 550 1176 2168
f 476 1031 2145
f 444 965 2001
f 502 1079 2199
f 526 1128 1916
f 481 1038 1808
f 420 917 1789
f 510 1097 1825
f 555 1187 1843
f 571 1218 1862
f 540 1157 1933
f 473 1020 2110
f 447 972 2020
f 507 1092 2236
f 534 1145 2257
f 469 1014 2042
f 435 947 1947
f 498 1073 2059
f 529 1133 2077
f 545 1164 2096
f 487 1049 2113
f 574 1223 2023
f 562 1199 2239
f 520 1116 2254
f 432 942 1930
f 589 1283 1818
f 583 1259 1798
f 586 1295 1834
f 593 1313 1852
f 596 1331 1872
f 599 1379 1942
f 633 1541 2120
f 620 1452 2030
f 640 1578 2248
f 603 1368 2263
f 622 1487 2052
f 607 1391 1955
f 612 1440 2065
f 626 1511 2086
f 629 1529 2106
f 631 1547 2122
f 614 1469 2032
f 618 1458 2245
f 641 1584 2266
f 605 1362 1940
f 409 1269 1813
f 405 1245 1792
f 411 1252 1828
f 414 1288 1846
f 417 1306 1867
f 431 1336 1936
f 488 1551 2123
f 575 1473 2033
f 563 1599 2249
f 519 1354 2260
f 454 1479 2049
f 450 1401 1959
f 456 1408 2062
f 459 1492 2080
f 462 1504 2101
f 472 1533 2116
f 446 1414 2026
f 506 1444 2242
f 535 1594 2267
f 541 1383 1943
f 570 1323 1869
f 480 1275 1815
f 421 1263 1799
f 511 1299 1835
f 556 1317 1853
f 484 1341 1889
f 580 1564 2195
f 567 1462 2319
f 522 1588 2283
f 427 1347 1905
f 544 1521 2103
f 468 1420 2046
f 436 1395 1957
f 499 1497 2069
f 530 1515 2087
f 548 1557 2141
f 466 1425 1979
f 442 1431 1993
f 505 1570 2229
f 536 1372 2296
f 491 1282 2188
f 423 1258 1882
f 513 1294 1902
f 564 1312 2280
f 581 1330 2316
f 549 1378 2172
f 477 1540 2157
f 445 1449 2011
f 503 1575 2209
f 525 1365 1923
f 474 1486 2134
f 438 1390 1972
f 495 1437 1995
f 532 1510 2226
f 552 1528 2303
f 490 1546 2175
f 577 1468 2154
f 559 1455 2013
f 517 1581 2211
f 430 1359 1921
f 590 1272 1865
f 584 1248 1811
f 585 1253 1796
f 592 1289 1832
f 595 1307 1850
f 598 1337 1888
f 636 1554 2194
f 621 1476 2322
f 642 1602 2286
f 601 1355 1908
f 623 1482 2099
f 611 1404 2045
f 609 1409 1962
f 625 1493 2068
f 628 1505 2084
f 632 1536 2140
f 613 1415 1976
f 616 1445 1998
f 638 1595 2232
f 606 1386 2299
f 407 909 2330
f 403 891 2324
f 404 886 2325
f 410 898 2332
f 413 904 2335
f 422 922 2344
f 486 1060 2410
f 573 1240 2497
f 561 1204 2486
f 512 1102 2434
f 452 999 2375
f 448 981 2369
f 449 976 2370
f 455 988 2377
f 458 994 2380
f 470 1024 2393
f 437 952 2359
f 494 1066 2415
f 531 1138 2455
f 539 1179 2461
f 568 1233 2489
f 478 1041 2399
f 419 927 2341
f 509 1119 2431
f 554 1209 2476
f 482 1053 2405
f 576 1228 2500
f 558 1192 2481
f 516 1108 2439
f 425 933 2348
f 542 1167 2465
f 463 1005 2383
f 434 957 2356
f 497 1083 2420
f 528 1150 2452
f 546 1174 2471
f 464 1029 2386
f 440 963 2363
f 500 1077 2422
f 524 1126 2445
f 479 1036 2400
f 418 915 2338
f 508 1095 2428
f 553 1185 2473
f 569 1216 2490
f 538 1155 2458
f 471 1018 2394
f 443 970 2366
f 501 1090 2425
f 523 1143 2444
f 467 1012 2389
f 433 945 2353
f 493 1071 2414
f 527 1131 2449
f 543 1162 2466
f 485 1047 2407
f 572 1221 2494
f 557 1197 2480
f 515 1114 2438
f 428 940 2351
f 591 1284 2510
f 587 1260 2504
f 588 1296 2508
f 594 1314 2514
f 597 1332 2517
f 600 1380 2520
f 634 1542 2554
f 619 1451 2539
f 639 1577 2560
f 602 1367 2523
f 624 1488 2543
f 608 1392 2527
f 610 1439 2532
f 627 1512 2547
f 630 1530 2550
f 635 1548 2552
f 615 1470 2535
f 617 1457 2538
f 637 1583 2558
f 604 1361 2524
f 167 1616 1607
f 164 1608 1603
f 163 1606 1604
f 165 1612 1610
f 166 1615 1613
f 169 1624 1622
f 192 1692 1686
f 222 1782 1773
f 216 1765 1761
f 199 1714 1712
f 182 1661 1652
f 179 1653 1648
f 178 1651 1649
f 180 1657 1655
f 181 1660 1658
f 186 1675 1670
f 174 1639 1637
f 193 1696 1694
f 205 1733 1731
f 212 1751 1739
f 221 1779 1768
f 189 1683 1678
f 170 1626 1619
f 202 1721 1709
f 217 1766 1754
f 191 1689 1682
f 220 1778 1776
f 214 1760 1758
f 200 1718 1716
f 171 1629 1625
f 210 1747 1742
f 183 1665 1663
f 175 1641 1634
f 196 1704 1697
f 207 1737 1728
f 211 1750 1746
f 187 1676 1664
f 176 1644 1640
f 195 1702 1700
f 203 1726 1724
f 188 1681 1679
f 168 1620 1618
f 198 1710 1708
f 213 1755 1753
f 218 1771 1769
f 208 1740 1738
f 185 1673 1671
f 177 1647 1643
f 197 1707 1701
f 206 1734 1723
f 184 1669 1667
f 173 1635 1633
f 194 1698 1693
f 204 1729 1727
f 209 1745 1743
f 190 1687 1685
f 219 1774 1772
f 215 1762 1757
f 201 1720 1715
f 172 1632 1628
f 357 2189 2187
f 255 1883 1881
f 262 1903 1899
f 388 2281 2277
f 400 2317 2313
f 352 2173 2169
f 347 2158 2156
f 298 2012 2010
f 364 2210 2208
f 269 1924 1917
f 339 2135 2133
f 285 1973 1971
f 293 1996 1989
f 370 2227 2223
f 396 2304 2300
f 353 2176 2174
f 346 2155 2151
f 299 2014 2007
f 365 2212 2205
f 268 1922 1920
f 249 1864 1855
f 231 1810 1801
f 226 1795 1784
f 238 1831 1820
f 244 1849 1838
f 257 1887 1874
f 359 2193 2180
f 402 2321 2310
f 390 2285 2274
f 264 1907 1896
f 327 2098 2089
f 309 2044 2035
f 282 1961 1950
f 317 2067 2054
f 322 2083 2072
f 341 2139 2126
f 286 1975 1964
f 294 1997 1986
f 372 2231 2220
f 394 2298 2291
f 358 2190 2183
f 256 1884 1877
f 261 1900 1891
f 387 2278 2269
f 399 2314 2305
f 351 2170 2161
f 348 2159 2148
f 300 2015 2004
f 366 2213 2202
f 267 1918 1909
f 340 2136 2129
f 287 1977 1967
f 291 1990 1981
f 369 2224 2215
f 395 2301 2288
f 354 2177 2166
f 345 2152 2143
f 297 2008 1999
f 363 2206 2197
f 270 1925 1914
f 234 1817 1806
f 227 1797 1787
f 239 1833 1823
f 245 1851 1841
f 252 1871 1860
f 275 1941 1931
f 334 2119 2108
f 304 2029 2018
f 377 2247 2234
f 382 2262 2255
f 312 2051 2040
f 279 1954 1945
f 316 2064 2057
f 323 2085 2075
f 330 2105 2094
f 335 2121 2111
f 305 2031 2021
f 376 2244 2237
f 383 2265 2252
f 274 1939 1928
f 232 1814 1812
f 225 1793 1791
f 237 1829 1827
f 243 1847 1845
f 250 1868 1866
f 273 1937 1935
f 336 2124 2118
f 306 2034 2028
f 378 2250 2246
f 381 2261 2259
f 311 2050 2048
f 281 1960 1953
f 315 2063 2061
f 321 2081 2079
f 328 2102 2100
f 333 2117 2115
f 303 2027 2025
f 375 2243 2241
f 384 2268 2264
f 276 1944 1938
f 229 1804 1802
f 223 1785 1783
f 235 1821 1819
f 241 1839 1837
f 247 1858 1856
f 271 1929 1927
f 332 2114 2112
f 302 2024 2022
f 374 2240 2238
f 379 2253 2251
f 307 2038 2036
f 278 1951 1949
f 313 2055 2053
f 319 2073 2071
f 325 2092 2090
f 331 2109 2107
f 301 2019 2017
f 373 2235 2233
f 380 2258 2256
f 272 1934 1932
f 248 1861 1859
f 230 1807 1805
f 224 1790 1788
f 236 1826 1824
f 242 1844 1842
f 254 1880 1878
f 356 2186 2184
f 397 2308 2306
f 385 2272 2270
f 259 1894 1892
f 326 2095 2093
f 308 2041 2039
f 277 1948 1946
f 314 2060 2058
f 320 2078 2076
f 338 2132 2130
f 284 1970 1968
f 289 1984 1982
f 367 2218 2216
f 391 2289 2287
f 355 2181 2179
f 253 1875 1873
f 260 1897 1895
f 386 2275 2273
f 398 2311 2309
f 350 2167 2165
f 343 2146 2144
f 295 2002 2000
f 361 2200 2198
f 266 1915 1913
f 337 2127 2125
f 283 1965 1963
f 290 1987 1985
f 368 2221 2219
f 392 2294 2292
f 349 2164 2162
f 344 2149 2147
f 296 2005 2003
f 362 2203 2201
f 265 1912 1910
f 251 1870 1863
f 233 1816 1809
f 228 1800 1794
f 240 1836 1830
f 246 1854 1848
f 258 1890 1886
f 360 2196 2192
f 401 2320 2318
f 389 2284 2282
f 263 1906 1904
f 329 2104 2097
f 310 2047 2043
f 280 1958 1956
f 318 2070 2066
f 324 2088 2082
f 342 2142 2138
f 288 1980 1974
f 292 1994 1992
f 371 2230 2228
f 393 2297 2295
f 409 2329 2331
f 405 2323 2327
f 411 2326 2328
f 414 2333 2334
f 417 2336 2337
f 431 2345 2346
f 488 2409 2412
f 575 2496 2499
f 563 2485 2487
f 519 2435 2436
f 454 2374 2376
f 450 2368 2372
f 456 2371 2373
f 459 2378 2379
f 462 2381 2382
f 472 2392 2396
f 446 2360 2361
f 506 2416 2418
f 535 2456 2457
f 541 2460 2463
f 570 2488 2492
f 480 2398 2402
f 421 2340 2343
f 511 2430 2433
f 556 2475 2478
f 484 2404 2406
f 580 2501 2502
f 567 2482 2484
f 522 2440 2442
f 427 2347 2349
f 544 2464 2468
f 468 2384 2387
f 436 2355 2358
f 499 2419 2421
f 530 2451 2454
f 548 2470 2472
f 466 2385 2388
f 442 2362 2364
f 505 2423 2426
f 536 2446 2448
f 491 2401 2403
f 423 2339 2342
f 513 2429 2432
f 564 2474 2477
f 581 2491 2493
f 549 2459 2462
f 477 2395 2397
f 445 2365 2367
f 503 2424 2427
f 525 2443 2447
f 474 2390 2391
f 438 2354 2357
f 495 2413 2417
f 532 2450 2453
f 552 2467 2469
f 490 2408 2411
f 577 2495 2498
f 559 2479 2483
f 517 2437 2441
f 430 2350 2352
f 590 2511 2509
f 584 2505 2503
f 585 2507 2506
f 592 2513 2512
f 595 2516 2515
f 598 2519 2518
f 636 2556 2555
f 621 2540 2541
f 642 2561 2562
f 601 2521 2522
f 623 2544 2542
f 611 2529 2528
f 609 2530 2531
f 625 2546 2545
f 628 2549 2548
f 632 2553 2551
f 613 2534 2533
f 616 2536 2537
f 638 2557 2559
f 606 2525 2526
f 1607 644 647
f 1603 643 644
f 1604 645 643
f 1610 646 645
f 1613 647 646
f 1622 652 649
f 1686 670 672
f 1773 699 702
f 1761 695 696
f 1712 681 679
f 1652 659 662
f 1648 658 659
f 1649 660 658
f 1655 661 660
f 1658 662 661
f 1670 665 666
f 1637 657 654
f 1694 677 673
f 1731 686 685
f 1739 688 692
f 1768 698 701
f 1678 668 669
f 1619 648 650
f 1709 678 682
f 1754 693 697
f 1682 669 671
f 1776 701 700
f 1758 697 694
f 1716 682 680
f 1625 650 651
f 1742 689 690
f 1663 664 663
f 1634 653 655
f 1697 674 676
f 1728 684 687
f 1746 690 691
f 1664 663 667
f 1640 655 656
f 1700 676 675
f 1724 687 683
f 1679 672 668
f 1618 649 648
f 1708 679 678
f 1753 696 693
f 1769 702 698
f 1738 691 688
f 1671 667 665
f 1643 656 657
f 1701 675 677
f 1723 683 686
f 1667 666 664
f 1633 654 653
f 1693 673 674
f 1727 685 684
f 1743 692 689
f 1685 671 670
f 1772 700 699
f 1757 694 695
f 1715 680 681
f 1628 651 652
f 2187 838 837
f 1881 736 735
f 1899 741 742
f 2277 867 868
f 2313 879 880
f 2169 831 832
f 2156 828 827
f 2010 780 778
f 2208 846 844
f 1917 747 749
f 2133 820 819
f 1971 767 765
f 1989 771 773
f 2223 849 850
f 2300 875 876
f 2174 834 833
f 2151 825 826
f 2007 777 779
f 2205 843 845
f 1920 750 748
f 1855 727 729
f 1801 709 711
f 1784 703 706
f 1820 715 718
f 1838 721 724
f 1874 733 737
f 2180 835 839
f 2310 878 882
f 2274 866 870
f 1896 740 744
f 2089 805 807
f 2035 787 789
f 1950 758 762
f 2054 793 797
f 2072 799 802
f 2126 817 821
f 1964 763 766
f 1986 770 774
f 2220 848 852
f 2291 872 874
f 2183 836 838
f 1877 734 736
f 1891 739 741
f 2269 865 867
f 2305 877 879
f 2161 829 831
f 2148 824 828
f 2004 776 780
f 2202 842 846
f 1909 745 747
f 2129 818 820
f 1967 764 767
f 1981 769 771
f 2215 847 849
f 2288 871 875
f 2166 830 834
f 2143 823 825
f 1999 775 777
f 2197 841 843
f 1914 746 750
f 1806 710 714
f 1787 704 707
f 1823 716 719
f 1841 722 725
f 1860 728 732
f 1931 752 755
f 2108 811 814
f 2018 781 784
f 2234 853 857
f 2255 860 862
f 2040 788 792
f 1945 757 759
f 2057 794 796
f 2075 800 803
f 2094 806 810
f 2111 812 815
f 2021 782 785
f 2237 854 856
f 2252 859 863
f 1928 751 754
f 1812 714 712
f 1791 707 705
f 1827 719 717
f 1845 725 723
f 1866 732 730
f 1935 755 753
f 2118 814 816
f 2028 784 786
f 2246 857 858
f 2259 862 861
f 2048 792 791
f 1953 759 761
f 2061 796 795
f 2079 803 801
f 2100 810 808
f 2115 815 813
f 2025 785 783
f 2241 856 855
f 2264 863 864
f 1938 754 756
f 1802 712 709
f 1783 705 703
f 1819 717 715
f 1837 723 721
f 1856 730 727
f 1927 753 751
f 2112 816 812
f 2022 786 782
f 2238 858 854
f 2251 861 859
f 2036 791 787
f 1949 761 758
f 2053 795 793
f 2071 801 799
f 2090 808 805
f 2107 813 811
f 2017 783 781
f 2233 855 853
f 2256 864 860
f 1932 756 752
f 1859 731 728
f 1805 713 710
f 1788 708 704
f 1824 720 716
f 1842 726 722
f 1878 738 734
f 2184 840 836
f 2306 881 877
f 2270 869 865
f 1892 743 739
f 2093 809 806
f 2039 790 788
f 1946 760 757
f 2058 798 794
f 2076 804 800
f 2130 822 818
f 1968 768 764
f 1982 772 769
f 2216 851 847
f 2287 873 871
f 2179 837 835
f 1873 735 733
f 1895 742 740
f 2273 868 866
f 2309 880 878
f 2165 832 830
f 2144 827 823
f 2000 778 775
f 2198 844 841
f 1913 749 746
f 2125 819 817
f 1963 765 763
f 1985 773 770
f 2219 850 848
f 2292 876 872
f 2162 833 829
f 2147 826 824
f 2003 779 776
f 2201 845 842
f 1910 748 745
f 1863 729 731
f 1809 711 713
f 1794 706 708
f 1830 718 720
f 1848 724 726
f 1886 737 738
f 2192 839 840
f 2318 882 881
f 2282 870 869
f 1904 744 743
f 2097 807 809
f 2043 789 790
f 1956 762 760
f 2066 797 798
f 2082 802 804
f 2138 821 822
f 1974 766 768
f 1992 774 772
f 2228 852 851
f 2295 874 873
f 2331 1270 1269
f 2327 1246 1245
f 2328 1251 1252
f 2334 1287 1288
f 2337 1305 1306
f 2346 1335 1336
f 2412 1552 1551
f 2499 1474 1473
f 2487 1600 1599
f 2436 1353 1354
f 2376 1480 1479
f 2372 1402 1401
f 2373 1407 1408
f 2379 1491 1492
f 2382 1503 1504
f 2396 1534 1533
f 2361 1413 1414
f 2418 1443 1444
f 2457 1593 1594
f 2463 1384 1383
f 2492 1324 1323
f 2402 1276 1275
f 2343 1264 1263
f 2433 1300 1299
f 2478 1318 1317
f 2406 1342 1341
f 2502 1563 1564
f 2484 1461 1462
f 2442 1587 1588
f 2349 1348 1347
f 2468 1522 1521
f 2387 1419 1420
f 2358 1396 1395
f 2421 1498 1497
f 2454 1516 1515
f 2472 1558 1557
f 2388 1426 1425
f 2364 1432 1431
f 2426 1569 1570
f 2448 1371 1372
f 2403 1281 1282
f 2342 1257 1258
f 2432 1293 1294
f 2477 1311 1312
f 2493 1329 1330
f 2462 1377 1378
f 2397 1539 1540
f 2367 1450 1449
f 2427 1576 1575
f 2447 1366 1365
f 2391 1485 1486
f 2357 1389 1390
f 2417 1438 1437
f 2453 1509 1510
f 2469 1527 1528
f 2411 1545 1546
f 2498 1467 1468
f 2483 1456 1455
f 2441 1582 1581
f 2352 1360 1359
f 2509 1271 1272
f 2503 1247 1248
f 2506 1254 1253
f 2512 1290 1289
f 2515 1308 1307
f 2518 1338 1337
f 2555 1553 1554
f 2541 1475 1476
f 2562 1601 1602
f 2522 1356 1355
f 2542 1481 1482
f 2528 1403 1404
f 2531 1410 1409
f 2545 1494 1493
f 2548 1506 1505
f 2551 1535 1536
f 2533 1416 1415
f 2537 1446 1445
f 2559 1596 1595
f 2526 1385 1386
f 1616 907 909
f 1608 889 891
f 1606 883 886
f 1612 895 898
f 1615 901 904
f 1624 919 922
f 1692 1057 1060
f 1782 1237 1240
f 1765 1201 1204
f 1714 1099 1102
f 1661 997 999
f 1653 979 981
f 1651 973 976
f 1657 985 988
f 1660 991 994
f 1675 1021 1024
f 1639 949 952
f 1696 1063 1066
f 1733 1135 1138
f 1751 1177 1179
f 1779 1231 1233
f 1683 1039 1041
f 1626 925 927
f 1721 1117 1119
f 1766 1207 1209
f 1689 1051 1053
f 1778 1225 1228
f 1760 1189 1192
f 1718 1105 1108
f 1629 931 933
f 1747 1165 1167
f 1665 1003 1005
f 1641 955 957
f 1704 1081 1083
f 1737 1147 1150
f 1750 1171 1174
f 1676 1027 1029
f 1644 961 963
f 1702 1075 1077
f 1726 1123 1126
f 1681 1033 1036
f 1620 913 915
f 1710 1093 1095
f 1755 1183 1185
f 1771 1213 1216
f 1740 1153 1155
f 1673 1015 1018
f 1647 967 970
f 1707 1087 1090
f 1734 1141 1143
f 1669 1009 1012
f 1635 943 945
f 1698 1069 1071
f 1729 1129 1131
f 1745 1159 1162
f 1687 1045 1047
f 1774 1219 1221
f 1762 1195 1197
f 1720 1111 1114
f 1632 937 940
f 2189 1280 1284
f 1883 1256 1260
f 1903 1292 1296
f 2281 1310 1314
f 2317 1328 1332
f 2173 1376 1380
f 2158 1538 1542
f 2012 1447 1451
f 2210 1573 1577
f 1924 1363 1367
f 2135 1484 1488
f 1973 1388 1392
f 1996 1435 1439
f 2227 1508 1512
f 2304 1526 1530
f 2176 1544 1548
f 2155 1466 1470
f 2014 1453 1457
f 2212 1579 1583
f 1922 1357 1361
f 1864 1268 1270
f 1810 1244 1246
f 1795 1249 1251
f 1831 1285 1287
f 1849 1303 1305
f 1887 1333 1335
f 2193 1550 1552
f 2321 1472 1474
f 2285 1598 1600
f 1907 1351 1353
f 2098 1478 1480
f 2044 1400 1402
f 1961 1405 1407
f 2067 1489 1491
f 2083 1501 1503
f 2139 1532 1534
f 1975 1411 1413
f 1997 1441 1443
f 2231 1591 1593
f 2298 1382 1384
f 2190 1322 1324
f 1884 1274 1276
f 1900 1262 1264
f 2278 1298 1300
f 2314 1316 1318
f 2170 1340 1342
f 2159 1561 1563
f 2015 1459 1461
f 2213 1585 1587
f 1918 1346 1348
f 2136 1520 1522
f 1977 1417 1419
f 1990 1394 1396
f 2224 1496 1498
f 2301 1514 1516
f 2177 1556 1558
f 2152 1424 1426
f 2008 1430 1432
f 2206 1567 1569
f 1925 1369 1371
f 1817 1279 1281
f 1797 1255 1257
f 1833 1291 1293
f 1851 1309 1311
f 1871 1327 1329
f 1941 1375 1377
f 2119 1537 1539
f 2029 1448 1450
f 2247 1574 1576
f 2262 1364 1366
f 2051 1483 1485
f 1954 1387 1389
f 2064 1436 1438
f 2085 1507 1509
f 2105 1525 1527
f 2121 1543 1545
f 2031 1465 1467
f 2244 1454 1456
f 2265 1580 1582
f 1939 1358 1360
f 1814 1267 1271
f 1793 1243 1247
f 1829 1250 1254
f 1847 1286 1290
f 1868 1304 1308
f 1937 1334 1338
f 2124 1549 1553
f 2034 1471 1475
f 2250 1597 1601
f 2261 1352 1356
f 2050 1477 1481
f 1960 1399 1403
f 2063 1406 1410
f 2081 1490 1494
f 2102 1502 1506
f 2117 1531 1535
f 2027 1412 1416
f 2243 1442 1446
f 2268 1592 1596
f 1944 1381 1385
f 1804 890 894
f 1785 884 887
f 1821 896 899
f 1839 902 905
f 1858 908 912
f 1929 938 941
f 2114 1046 1050
f 2024 1220 1224
f 2240 1196 1200
f 2253 1112 1115
f 2038 980 984
f 1951 974 977
f 2055 986 989
f 2073 992 995
f 2092 998 1002
f 2109 1016 1019
f 2019 968 971
f 2235 1088 1091
f 2258 1142 1146
f 1934 1154 1158
f 1861 1214 1217
f 1807 1034 1037
f 1790 914 918
f 1826 1094 1098
f 1844 1184 1188
f 1880 1040 1044
f 2186 1232 1236
f 2308 1208 1212
f 2272 1118 1122
f 1894 926 930
f 2095 1160 1163
f 2041 1010 1013
f 1948 944 948
f 2060 1070 1074
f 2078 1130 1134
f 2132 1166 1170
f 1970 1004 1008
f 1984 956 960
f 2218 1082 1086
f 2289 1148 1151
f 2181 1058 1061
f 1875 920 923
f 1897 1100 1103
f 2275 1202 1205
f 2311 1238 1241
f 2167 1172 1175
f 2146 1028 1032
f 2002 962 966
f 2200 1076 1080
f 1915 1124 1127
f 2127 1022 1025
f 1965 950 953
f 1987 1064 1067
f 2221 1136 1139
f 2294 1178 1182
f 2164 1052 1056
f 2149 1226 1229
f 2005 1190 1193
f 2203 1106 1109
f 1912 932 936
f 1870 1321 1325
f 1816 1273 1277
f 1800 1261 1265
f 1836 1297 1301
f 1854 1315 1319
f 1890 1339 1343
f 2196 1562 1566
f 2320 1460 1464
f 2284 1586 1590
f 1906 1345 1349
f 2104 1519 1523
f 2047 1418 1422
f 1958 1393 1397
f 2070 1495 1499
f 2088 1513 1517
f 2142 1555 1559
f 1980 1423 1427
f 1994 1429 1433
f 2230 1568 1572
f 2297 1370 1374
f 2329 894 892
f 2323 887 885
f 2326 899 897
f 2333 905 903
f 2336 912 910
f 2345 941 939
f 2409 1050 1048
f 2496 1224 1222
f 2485 1200 1198
f 2435 1115 1113
f 2374 984 982
f 2368 977 975
f 2371 989 987
f 2378 995 993
f 2381 1002 1000
f 2392 1019 1017
f 2360 971 969
f 2416 1091 1089
f 2456 1146 1144
f 2460 1158 1156
f 2488 1217 1215
f 2398 1037 1035
f 2340 918 916
f 2430 1098 1096
f 2475 1188 1186
f 2404 1044 1042
f 2501 1236 1234
f 2482 1212 1210
f 2440 1122 1120
f 2347 930 928
f 2464 1163 1161
f 2384 1013 1011
f 2355 948 946
f 2419 1074 1072
f 2451 1134 1132
f 2470 1170 1168
f 2385 1008 1006
f 2362 960 958
f 2423 1086 1084
f 2446 1151 1149
f 2401 1061 1059
f 2339 923 921
f 2429 1103 1101
f 2474 1205 1203
f 2491 1241 1239
f 2459 1175 1173
f 2395 1032 1030
f 2365 966 964
f 2424 1080 1078
f 2443 1127 1125
f 2390 1025 1023
f 2354 953 951
f 2413 1067 1065
f 2450 1139 1137
f 2467 1182 1180
f 2408 1056 1054
f 2495 1229 1227
f 2479 1193 1191
f 2437 1109 1107
f 2350 936 934
f 2511 1325 1326
f 2505 1277 1278
f 2507 1265 1266
f 2513 1301 1302
f 2516 1319 1320
f 2519 1343 1344
f 2556 1566 1565
f 2540 1464 1463
f 2561 1590 1589
f 2521 1349 1350
f 2544 1523 1524
f 2529 1422 1421
f 2530 1397 1398
f 2546 1499 1500
f 2549 1517 1518
f 2553 1559 1560
f 2534 1427 1428
f 2536 1433 1434
f 2557 1572 1571
f 2525 1374 1373
f 1609 892 889
f 1605 885 883
f 1611 897 895
f 1614 903 901
f 1617 910 907
f 1631 939 937
f 1688 1048 1045
f 1775 1222 1219
f 1763 1198 1195
f 1719 1113 1111
f 1654 982 979
f 1650 975 973
f 1656 987 985
f 1659 993 991
f 1662 1000 997
f 1672 1017 1015
f 1646 969 967
f 1706 1089 1087
f 1735 1144 1141
f 1741 1156 1153
f 1770 1215 1213
f 1680 1035 1033
f 1621 916 913
f 1711 1096 1093
f 1756 1186 1183
f 1684 1042 1039
f 1780 1234 1231
f 1767 1210 1207
f 1722 1120 1117
f 1627 928 925
f 1744 1161 1159
f 1668 1011 1009
f 1636 946 943
f 1699 1072 1069
f 1730 1132 1129
f 1748 1168 1165
f 1666 1006 1003
f 1642 958 955
f 1705 1084 1081
f 1736 1149 1147
f 1691 1059 1057
f 1623 921 919
f 1713 1101 1099
f 1764 1203 1201
f 1781 1239 1237
f 1749 1173 1171
f 1677 1030 1027
f 1645 964 961
f 1703 1078 1075
f 1725 1125 1123
f 1674 1023 1021
f 1638 951 949
f 1695 1065 1063
f 1732 1137 1135
f 1752 1180 1177
f 1690 1054 1051
f 1777 1227 1225
f 1759 1191 1189
f 1717 1107 1105
f 1630 934 931
f 2191 1326 1322
f 1885 1278 1274
f 1901 1266 1262
f 2279 1302 1298
f 2315 1320 1316
f 2171 1344 1340
f 2160 1565 1561
f 2016 1463 1459
f 2214 1589 1585
f 1919 1350 1346
f 2137 1524 1520
f 1978 1421 1417
f 1991 1398 1394
f 2225 1500 1496
f 2302 1518 1514
f 2178 1560 1556
f 2153 1428 1424
f 2009 1434 1430
f 2207 1571 1567
f 1926 1373 1369
f 1857 911 908
f 1803 893 890
f 1786 888 884
f 1822 900 896
f 1840 906 902
f 1876 924 920
f 2182 1062 1058
f 2312 1242 1238
f 2276 1206 1202
f 1898 1104 1100
f 2091 1001 998
f 2037 983 980
f 1952 978 974
f 2056 990 986
f 2074 996 992
f 2128 1026 1022
f 1966 954 950
f 1988 1068 1064
f 2222 1140 1136
f 2293 1181 1178
f 2185 1235 1232
f 1879 1043 1040
f 1893 929 926
f 2271 1121 1118
f 2307 1211 1208
f 2163 1055 1052
f 2150 1230 1226
f 2006 1194 1190
f 2204 1110 1106
f 1911 935 932
f 2131 1169 1166
f 1969 1007 1004
f 1983 959 956
f 2217 1085 1082
f 2290 1152 1148
f 2168 1176 1172
f 2145 1031 1028
f 2001 965 962
f 2199 1079 1076
f 1916 1128 1124
f 1808 1038 1034
f 1789 917 914
f 1825 1097 1094
f 1843 1187 1184
f 1862 1218 1214
f 1933 1157 1154
f 2110 1020 1016
f 2020 972 968
f 2236 1092 1088
f 2257 1145 1142
f 2042 1014 1010
f 1947 947 944
f 2059 1073 1070
f 2077 1133 1130
f 2096 1164 1160
f 2113 1049 1046
f 2023 1223 1220
f 2239 1199 1196
f 2254 1116 1112
f 1930 942 938
f 1818 1283 1279
f 1798 1259 1255
f 1834 1295 1291
f 1852 1313 1309
f 1872 1331 1327
f 1942 1379 1375
f 2120 1541 1537
f 2030 1452 1448
f 2248 1578 1574
f 2263 1368 1364
f 2052 1487 1483
f 1955 1391 1387
f 2065 1440 1436
f 2086 1511 1507
f 2106 1529 1525
f 2122 1547 1543
f 2032 1469 1465
f 2245 1458 1454
f 2266 1584 1580
f 1940 1362 1358
f 1813 1269 1267
f 1792 1245 1243
f 1828 1252 1250
f 1846 1288 1286
f 1867 1306 1304
f 1936 1336 1334
f 2123 1551 1549
f 2033 1473 1471
f 2249 1599 1597
f 2260 1354 1352
f 2049 1479 1477
f 1959 1401 1399
f 2062 1408 1406
f 2080 1492 1490
f 2101 1504 1502
f 2116 1533 1531
f 2026 1414 1412
f 2242 1444 1442
f 2267 1594 1592
f 1943 1383 1381
f 1869 1323 1321
f 1815 1275 1273
f 1799 1263 1261
f 1835 1299 1297
f 1853 1317 1315
f 1889 1341 1339
f 2195 1564 1562
f 2319 1462 1460
f 2283 1588 1586
f 1905 1347 1345
f 2103 1521 1519
f 2046 1420 1418
f 1957 1395 1393
f 2069 1497 1495
f 2087 1515 1513
f 2141 1557 1555
f 1979 1425 1423
f 1993 1431 1429
f 2229 1570 1568
f 2296 1372 1370
f 2188 1282 1280
f 1882 1258 1256
f 1902 1294 1292
f 2280 1312 1310
f 2316 1330 1328
f 2172 1378 1376
f 2157 1540 1538
f 2011 1449 1447
f 2209 1575 1573
f 1923 1365 1363
f 2134 1486 1484
f 1972 1390 1388
f 1995 1437 1435
f 2226 1510 1508
f 2303 1528 1526
f 2175 1546 1544
f 2154 1468 1466
f 2013 1455 1453
f 2211 1581 1579
f 1921 1359 1357
f 1865 1272 1268
f 1811 1248 1244
f 1796 1253 1249
f 1832 1289 1285
f 1850 1307 1303
f 1888 1337 1333
f 2194 1554 1550
f 2322 1476 1472
f 2286 1602 1598
f 1908 1355 1351
f 2099 1482 1478
f 2045 1404 1400
f 1962 1409 1405
f 2068 1493 1489
f 2084 1505 1501
f 2140 1536 1532
f 1976 1415 1411
f 1998 1445 1441
f 2232 1595 1591
f 2299 1386 1382
f 2330 909 911
f 2324 891 893
f 2325 886 888
f 2332 898 900
f 2335 904 906
f 2344 922 924
f 2410 1060 1062
f 2497 1240 1242
f 2486 1204 1206
f 2434 1102 1104
f 2375 999 1001
f 2369 981 983
f 2370 976 978
f 2377 988 990
f 2380 994 996
f 2393 1024 1026
f 2359 952 954
f 2415 1066 1068
f 2455 1138 1140
f 2461 1179 1181
f 2489 1233 1235
f 2399 1041 1043
f 2341 927 929
f 2431 1119 1121
f 2476 1209 1211
f 2405 1053 1055
f 2500 1228 1230
f 2481 1192 1194
f 2439 1108 1110
f 2348 933 935
f 2465 1167 1169
f 2383 1005 1007
f 2356 957 959
f 2420 1083 1085
f 2452 1150 1152
f 2471 1174 1176
f 2386 1029 1031
f 2363 963 965
f 2422 1077 1079
f 2445 1126 1128
f 2400 1036 1038
f 2338 915 917
f 2428 1095 1097
f 2473 1185 1187
f 2490 1216 1218
f 2458 1155 1157
f 2394 1018 1020
f 2366 970 972
f 2425 1090 1092
f 2444 1143 1145
f 2389 1012 1014
f 2353 945 947
f 2414 1071 1073
f 2449 1131 1133
f 2466 1162 1164
f 2407 1047 1049
f 2494 1221 1223
f 2480 1197 1199
f 2438 1114 1116
f 2351 940 942
f 2510 1284 1283
f 2504 1260 1259
f 2508 1296 1295
f 2514 1314 1313
f 2517 1332 1331
f 2520 1380 1379
f 2554 1542 1541
f 2539 1451 1452
f 2560 1577 1578
f 2523 1367 1368
f 2543 1488 1487
f 2527 1392 1391
f 2532 1439 1440
f 2547 1512 1511
f 2550 1530 1529
f 2552 1548 1547
f 2535 1470 1469
f 2538 1457 1458
f 2558 1583 1584
f 2524 1361 1362
f 1607 1616 1609
f 1603 1608 1605
f 1604 1606 1611
f 1610 1612 1614
f 1613 1615 1617
f 1622 1624 1631
f 1686 1692 1688
f 1773 1782 1775
f 1761 1765 1763
f 1712 1714 1719
f 1652 1661 1654
f 1648 1653 1650
f 1649 1651 1656
f 1655 1657 1659
f 1658 1660 1662
f 1670 1675 1672
f 1637 1639 1646
f 1694 1696 1706
f 1731 1733 1735
f 1739 1751 1741
f 1768 1779 1770
f 1678 1683 1680
f 1619 1626 1621
f 1709 1721 1711
f 1754 1766 1756
f 1682 1689 1684
f 1776 1778 1780
f 1758 1760 1767
f 1716 1718 1722
f 1625 1629 1627
f 1742 1747 1744
f 1663 1665 1668
f 1634 1641 1636
f 1697 1704 1699
f 1728 1737 1730
f 1746 1750 1748
f 1664 1676 1666
f 1640 1644 1642
f 1700 1702 1705
f 1724 1726 1736
f 1679 1681 1691
f 1618 1620 1623
f 1708 1710 1713
f 1753 1755 1764
f 1769 1771 1781
f 1738 1740 1749
f 1671 1673 1677
f 1643 1647 1645
f 1701 1707 1703
f 1723 1734 1725
f 1667 1669 1674
f 1633 1635 1638
f 1693 1698 1695
f 1727 1729 1732
f 1743 1745 1752
f 1685 1687 1690
f 1772 1774 1777
f 1757 1762 1759
f 1715 1720 1717
f 1628 1632 1630
f 2187 2189 2191
f 1881 1883 1885
f 1899 1903 1901
f 2277 2281 2279
f 2313 2317 2315
f 2169 2173 2171
f 2156 2158 2160
f 2010 2012 2016
f 2208 2210 2214
f 1917 1924 1919
f 2133 2135 2137
f 1971 1973 1978
f 1989 1996 1991
f 2223 2227 2225
f 2300 2304 2302
f 2174 2176 2178
f 2151 2155 2153
f 2007 2014 2009
f 2205 2212 2207
f 1920 1922 1926
f 1855 1864 1857
f 1801 1810 1803
f 1784 1795 1786
f 1820 1831 1822
f 1838 1849 1840
f 1874 1887 1876
f 2180 2193 2182
f 2310 2321 2312
f 2274 2285 2276
f 1896 1907 1898
f 2089 2098 2091
f 2035 2044 2037
f 1950 1961 1952
f 2054 2067 2056
f 2072 2083 2074
f 2126 2139 2128
f 1964 1975 1966
f 1986 1997 1988
f 2220 2231 2222
f 2291 2298 2293
f 2183 2190 2185
f 1877 1884 1879
f 1891 1900 1893
f 2269 2278 2271
f 2305 2314 2307
f 2161 2170 2163
f 2148 2159 2150
f 2004 2015 2006
f 2202 2213 2204
f 1909 1918 1911
f 2129 2136 2131
f 1967 1977 1969
f 1981 1990 1983
f 2215 2224 2217
f 2288 2301 2290
f 2166 2177 2168
f 2143 2152 2145
f 1999 2008 2001
f 2197 2206 2199
f 1914 1925 1916
f 1806 1817 1808
f 1787 1797 1789
f 1823 1833 1825
f 1841 1851 1843
f 1860 1871 1862
f 1931 1941 1933
f 2108 2119 2110
f 2018 2029 2020
f 2234 2247 2236
f 2255 2262 2257
f 2040 2051 2042
f 1945 1954 1947
f 2057 2064 2059
f 2075 2085 2077
f 2094 2105 2096
f 2111 2121 2113
f 2021 2031 2023
f 2237 2244 2239
f 2252 2265 2254
f 1928 1939 1930
f 1812 1814 1818
f 1791 1793 1798
f 1827 1829 1834
f 1845 1847 1852
f 1866 1868 1872
f 1935 1937 1942
f 2118 2124 2120
f 2028 2034 2030
f 2246 2250 2248
f 2259 2261 2263
f 2048 2050 2052
f 1953 1960 1955
f 2061 2063 2065
f 2079 2081 2086
f 2100 2102 2106
f 2115 2117 2122
f 2025 2027 2032
f 2241 2243 2245
f 2264 2268 2266
f 1938 1944 1940
f 1802 1804 1813
f 1783 1785 1792
f 1819 1821 1828
f 1837 1839 1846
f 1856 1858 1867
f 1927 1929 1936
f 2112 2114 2123
f 2022 2024 2033
f 2238 2240 2249
f 2251 2253 2260
f 2036 2038 2049
f 1949 1951 1959
f 2053 2055 2062
f 2071 2073 2080
f 2090 2092 2101
f 2107 2109 2116
f 2017 2019 2026
f 2233 2235 2242
f 2256 2258 2267
f 1932 1934 1943
f 1859 1861 1869
f 1805 1807 1815
f 1788 1790 1799
f 1824 1826 1835
f 1842 1844 1853
f 1878 1880 1889
f 2184 2186 2195
f 2306 2308 2319
f 2270 2272 2283
f 1892 1894 1905
f 2093 2095 2103
f 2039 2041 2046
f 1946 1948 1957
f 2058 2060 2069
f 2076 2078 2087
f 2130 2132 2141
f 1968 1970 1979
f 1982 1984 1993
f 2216 2218 2229
f 2287 2289 2296
f 2179 2181 2188
f 1873 1875 1882
f 1895 1897 1902
f 2273 2275 2280
f 2309 2311 2316
f 2165 2167 2172
f 2144 2146 2157
f 2000 2002 2011
f 2198 2200 2209
f 1913 1915 1923
f 2125 2127 2134
f 1963 1965 1972
f 1985 1987 1995
f 2219 2221 2226
f 2292 2294 2303
f 2162 2164 2175
f 2147 2149 2154
f 2003 2005 2013
f 2201 2203 2211
f 1910 1912 1921
f 1863 1870 1865
f 1809 1816 1811
f 1794 1800 1796
f 1830 1836 1832
f 1848 1854 1850
f 1886 1890 1888
f 2192 2196 2194
f 2318 2320 2322
f 2282 2284 2286
f 1904 1906 1908
f 2097 2104 2099
f 2043 2047 2045
f 1956 1958 1962
f 2066 2070 2068
f 2082 2088 2084
f 2138 2142 2140
f 1974 1980 1976
f 1992 1994 1998
f 2228 2230 2232
f 2295 2297 2299
f 2331 2329 2330
f 2327 2323 2324
f 2328 2326 2325
f 2334 2333 2332
f 2337 2336 2335
f 2346 2345 2344
f 2412 2409 2410
f 2499 2496 2497
f 2487 2485 2486
f 2436 2435 2434
f 2376 2374 2375
f 2372 2368 2369
f 2373 2371 2370
f 2379 2378 2377
f 2382 2381 2380
f 2396 2392 2393
f 2361 2360 2359
f 2418 2416 2415
f 2457 2456 2455
f 2463 2460 2461
f 2492 2488 2489
f 2402 2398 2399
f 2343 2340 2341
f 2433 2430 2431
f 2478 2475 2476
f 2406 2404 2405
f 2502 2501 2500
f 2484 2482 2481
f 2442 2440 2439
f 2349 2347 2348
f 2468 2464 2465
f 2387 2384 2383
f 2358 2355 2356
f 2421 2419 2420
f 2454 2451 2452
f 2472 2470 2471
f 2388 2385 2386
f 2364 2362 2363
f 2426 2423 2422
f 2448 2446 2445
f 2403 2401 2400
f 2342 2339 2338
f 2432 2429 2428
f 2477 2474 2473
f 2493 2491 2490
f 2462 2459 2458
f 2397 2395 2394
f 2367 2365 2366
f 2427 2424 2425
f 2447 2443 2444
f 2391 2390 2389
f 2357 2354 2353
f 2417 2413 2414
f 2453 2450 2449
f 2469 2467 2466
f 2411 2408 2407
f 2498 2495 2494
f 2483 2479 2480
f 2441 2437 2438
f 2352 2350 2351
f 2509 2511 2510
f 2503 2505 2504
f 2506 2507 2508
f 2512 2513 2514
f 2515 2516 2517
f 2518 2519 2520
f 2555 2556 2554
f 2541 2540 2539
f 2562 2561 2560
f 2522 2521 2523
f 2542 2544 2543
f 2528 2529 2527
f 2531 2530 2532
f 2545 2546 2547
f 2548 2549 2550
f 2551 2553 2552
f 2533 2534 2535
f 2537 2536 2538
f 2559 2557 2558
f 2526 2525 2524