v -0.349286 0.480421 -0.012367
v 0.349112 0.480105 -0.012280
v -0.365594 -0.567283 0.007553
v 0.365836 -0.566990 0.007306
v 0.000103 -0.448884 0.706715
v -0.000000 0.320827 0.630257
v 0.000016 -0.313312 -0.627156
v 0.000256 0.422889 -0.706264
v 0.624315 0.001624 -0.396172
v 0.645359 -0.000640 0.397360
v -0.624300 0.001639 -0.396172
v -0.645363 -0.000636 0.397342
v 0.000015 0.552191 -0.039647
v -0.205427 0.408560 0.323440
v -0.214596 0.659123 -0.447425
v -0.539455 0.302127 -0.208869
v -0.568814 0.299137 0.220667
v 0.205526 0.408573 0.323683
v 0.214414 0.658587 -0.447554
v 0.539864 0.301852 -0.209483
v 0.568875 0.299158 0.220634
v -0.000067 -0.653976 0.013833
v -0.249588 -0.674910 0.457728
v -0.210245 -0.515605 -0.334249
v -0.548105 -0.289875 -0.205269
v -0.559624 -0.317637 0.223062
v 0.249324 -0.675076 0.457624
v 0.209657 -0.515839 -0.334025
v 0.547715 -0.289950 -0.205360
v 0.559686 -0.317670 0.222788
v 0.000012 -0.001844 0.729632
v 0.357980 -0.222992 0.594175
v -0.357554 -0.223018 0.594403
v 0.360189 0.206845 0.586314
v -0.360185 0.206813 0.586309
v -0.000038 0.012323 -0.739287
v 0.355655 -0.204542 -0.586755
v -0.355595 -0.204587 -0.586743
v 0.371886 0.221767 -0.629008
v -0.371329 0.221976 -0.628697
v 0.736391 -0.000224 0.011894
v -0.736375 -0.000214 0.011910
v -0.169936 0.530661 -0.029142
v -0.289203 0.457093 0.136310
v -0.288900 0.541343 -0.197196
v -0.453573 0.428569 -0.101470
v -0.461560 0.399888 0.096241
v 0.169553 0.531109 -0.028825
v 0.289146 0.457251 0.136252
v 0.288982 0.541470 -0.198154
v 0.453061 0.428608 -0.101507
v 0.461601 0.399863 0.096324
v -0.204878 -0.672148 0.003059
v -0.303451 -0.562155 0.190467
v -0.356558 -0.663915 -0.183752
v -0.446571 -0.440033 -0.082252
v -0.466004 -0.456493 0.118210
v 0.204261 -0.672043 0.003080
v 0.303397 -0.561923 0.190624
v 0.357007 -0.665058 -0.184386
v 0.446204 -0.439781 -0.082088
v 0.466622 -0.456763 0.118473
v -0.142663 -0.663517 0.699974
v 0.141500 -0.663950 0.699132
v -0.000068 -0.230366 0.764273
v 0.187922 -0.365722 0.696295
v -0.187847 -0.365871 0.695772
v -0.101816 0.359014 0.512961
v 0.101754 0.359059 0.512995
v -0.000031 0.213800 0.694153
v 0.170008 0.290536 0.635854
v -0.170019 0.290520 0.635834
v -0.096653 -0.382444 -0.498089
v 0.096588 -0.382505 -0.498024
v -0.000013 -0.214863 -0.686181
v 0.167080 -0.279601 -0.634578
v -0.167100 -0.279609 -0.634599
v -0.131111 0.575732 -0.633114
v 0.131266 0.575755 -0.632999
v 0.000106 0.243722 -0.796864
v 0.191484 0.352488 -0.717284
v -0.191378 0.352717 -0.717619
v 0.615411 0.137532 -0.323524
v 0.609117 -0.144065 -0.321575
v 0.516005 -0.091335 -0.495507
v 0.527104 0.091901 -0.507246
v 0.687091 0.000194 -0.214016
v 0.625549 0.144948 0.323146
v 0.624461 -0.145605 0.320997
v 0.530401 -0.089741 0.497112
v 0.529484 0.092022 0.498718
v 0.716808 -0.000181 0.226679
v -0.615439 0.137468 -0.323574
v -0.609066 -0.144073 -0.321526
v -0.516034 -0.091332 -0.495547
v -0.527039 0.091747 -0.507326
v -0.687086 0.000145 -0.214003
v -0.625530 0.144928 0.323126
v -0.624422 -0.145659 0.321067
v -0.530326 -0.089798 0.497129
v -0.529490 0.092078 0.498732
v -0.716817 -0.000180 0.226682
v -0.090664 0.490733 0.129720
v -0.083617 0.604297 -0.231973
v 0.090785 0.490468 0.130218
v 0.083698 0.604456 -0.232116
v -0.407242 0.369332 0.296465
v 0.000185 0.423568 0.325489
v -0.307839 0.332847 0.493317
v -0.417886 0.498267 -0.335809
v 0.000260 0.701744 -0.453164
v -0.311797 0.444493 -0.543235
v -0.587232 0.308984 0.012711
v -0.468179 0.280767 -0.428316
v -0.668283 0.157682 -0.097319
v -0.489084 0.271470 0.425732
v -0.677100 0.162475 0.118593
v 0.407212 0.369320 0.296455
v 0.307832 0.332781 0.493305
v 0.418251 0.498280 -0.337233
v 0.311321 0.444369 -0.543153
v 0.587161 0.309066 0.012829
v 0.467983 0.280507 -0.428243
v 0.668294 0.157653 -0.097274
v 0.489070 0.271467 0.425736
v 0.677094 0.162477 0.118581
v -0.085554 -0.613141 0.221771
v -0.110702 -0.696764 -0.186299
v 0.085262 -0.612653 0.221806
v 0.110263 -0.695974 -0.185631
v -0.415887 -0.476017 0.339381
v 0.000060 -0.674521 0.468339
v -0.338517 -0.483622 0.569981
v -0.383983 -0.402379 -0.283494
v 0.000017 -0.526770 -0.339421
v -0.293545 -0.333142 -0.482358
v -0.586776 -0.310181 0.016532
v -0.477081 -0.256391 -0.425839
v -0.665628 -0.162632 -0.097733
v -0.479261 -0.294171 0.424727
v -0.675835 -0.165745 0.118011
v 0.415656 -0.476275 0.339755
v 0.338100 -0.484233 0.570568
v 0.384203 -0.402322 -0.283599
v 0.293453 -0.332816 -0.482083
v 0.586806 -0.310241 0.016577
v 0.477154 -0.256518 -0.425870
v 0.665620 -0.162741 -0.097647
v 0.478535 -0.294039 0.424468
v 0.675847 -0.165759 0.118018
v 0.196520 -0.112498 0.708561
v -0.196612 -0.112448 0.708641
v 0.195665 0.109111 0.687019
v -0.195571 0.109168 0.686960
v 0.384161 0.003371 0.626315
v -0.384064 0.003359 0.626255
v 0.190437 -0.105709 -0.678342
v -0.190098 -0.105506 -0.678064
v 0.222590 0.127591 -0.783102
v -0.222422 0.127947 -0.783076
v 0.377805 0.005169 -0.625086
v -0.377753 0.005268 -0.625388
v -0.271375 0.505569 -0.021209
v -0.325936 0.475214 0.054783
v -0.319711 0.502072 -0.090633
v -0.403046 0.462269 -0.050747
v -0.405048 0.446533 0.036947
v 0.271377 0.505725 -0.021435
v 0.325865 0.475252 0.054898
v 0.320106 0.501950 -0.090847
v 0.402524 0.462113 -0.050894
v 0.405059 0.446429 0.037137
v -0.300069 -0.621139 -0.000576
v -0.343873 -0.565487 0.082616
v -0.352576 -0.607629 -0.069765
v -0.405404 -0.517817 -0.032704
v -0.417759 -0.518025 0.058347
v 0.299495 -0.621072 -0.000689
v 0.344602 -0.565504 0.082127
v 0.352558 -0.607795 -0.069281
v 0.405535 -0.518040 -0.032787
v 0.417653 -0.517896 0.058536
v -0.058007 -0.529657 0.693448
v 0.058216 -0.529929 0.693829
v -0.000235 -0.351171 0.724668
v 0.086574 -0.417045 0.708637
v -0.087116 -0.416910 0.708837
v -0.045838 0.337628 0.586787
v 0.045834 0.337575 0.586767
v -0.000001 0.290452 0.666669
v 0.074843 0.311648 0.639086
v -0.074840 0.311636 0.639093
v -0.044376 -0.338711 -0.579395
v 0.044461 -0.338545 -0.579618
v 0.000002 -0.281113 -0.664839
v 0.073814 -0.301793 -0.636745
v -0.073794 -0.301818 -0.636776
v -0.055791 0.490413 -0.675124
v 0.055112 0.489814 -0.673713
v 0.000264 0.343058 -0.747836
v 0.086421 0.394904 -0.715379
v -0.086406 0.395050 -0.715835
v 0.629438 0.060703 -0.369699
v 0.623115 -0.060847 -0.366476
v 0.583069 -0.036991 -0.445608
v 0.586758 0.039289 -0.447912
v 0.657590 0.000975 -0.322042
v 0.645619 0.062277 0.368846
v 0.645596 -0.062450 0.367984
v 0.602643 -0.038128 0.446900
v 0.601641 0.038525 0.447443
v 0.681838 -0.000489 0.323862
v -0.629458 0.060731 -0.369683
v -0.623026 -0.060858 -0.366428
v -0.583008 -0.037066 -0.445569
v -0.586796 0.039313 -0.447883
v -0.657589 0.000947 -0.322040
v -0.645601 0.062259 0.368850
v -0.645580 -0.062449 0.367930
v -0.602632 -0.038146 0.446887
v -0.601662 0.038534 0.447434
v -0.681869 -0.000506 0.323863
v -0.068432 0.548506 -0.034212
v 0.068388 0.548455 -0.034196
v -0.035232 0.531587 0.030591
v -0.029948 0.574618 -0.122226
v 0.035221 0.531587 0.030598
v 0.029883 0.574639 -0.122136
v -0.249192 0.433627 0.227011
v -0.156104 0.383483 0.421469
v -0.147823 0.449443 0.228400
v -0.310347 0.391883 0.316904
v -0.102071 0.419918 0.325693
v -0.261501 0.370024 0.414962
v -0.263194 0.605944 -0.320758
v -0.185486 0.638803 -0.541046
v -0.159390 0.675600 -0.354608
v -0.382824 0.633102 -0.417761
v -0.153703 0.811104 -0.459225
v -0.285962 0.566379 -0.502879
v -0.497849 0.374740 -0.154264
v -0.582809 0.220182 -0.267243
v -0.462982 0.383115 -0.267630
v -0.569815 0.306449 -0.095691
v -0.506618 0.296046 -0.321696
v -0.610260 0.230241 -0.152684
v -0.519000 0.351474 0.159683
v -0.603725 0.230866 0.274847
v -0.494546 0.340228 0.263791
v -0.585709 0.305980 0.116128
v -0.535830 0.288260 0.325438
v -0.629952 0.239532 0.170840
v 0.249169 0.433522 0.227020
v 0.156022 0.383441 0.421245
v 0.147711 0.448904 0.228451
v 0.101796 0.419759 0.325316
v 0.310325 0.391976 0.316832
v 0.261550 0.370062 0.415002
v 0.263524 0.606233 -0.321925
v 0.185591 0.638673 -0.540844
v 0.159007 0.675607 -0.354597
v 0.154016 0.810835 -0.459606
v 0.383640 0.632590 -0.419529
v 0.284432 0.565222 -0.503708
v 0.497424 0.374606 -0.154746
v 0.582759 0.220247 -0.266908
v 0.462804 0.383125 -0.267922
v 0.569824 0.306649 -0.095460
v 0.506831 0.295502 -0.321560
v 0.610247 0.230322 -0.152518
v 0.519060 0.351465 0.159697
v 0.603696 0.230891 0.274842
v 0.494537 0.340233 0.263783
v 0.585727 0.305970 0.116104
v 0.535816 0.288247 0.325394
v 0.629939 0.239527 0.170822
v -0.100122 -0.667297 0.007762
v 0.099433 -0.666993 0.007790
v -0.043232 -0.637313 0.107968
v -0.062466 -0.656377 -0.073728
v 0.042765 -0.637843 0.107817
v 0.061907 -0.656204 -0.073516
v -0.262155 -0.573519 0.325553
v -0.228647 -0.787421 0.620609
v -0.145947 -0.613285 0.358044
v -0.331145 -0.555689 0.403057
v -0.124283 -0.721251 0.473092
v -0.318896 -0.615330 0.539604
v -0.291901 -0.623144 -0.285233
v -0.150721 -0.438896 -0.412288
v -0.170748 -0.644811 -0.285669
v -0.300257 -0.463922 -0.311161
v -0.106661 -0.529173 -0.341705
v -0.247373 -0.409581 -0.400223
v -0.496715 -0.361512 -0.140524
v -0.588528 -0.222624 -0.269565
v -0.468580 -0.344804 -0.249240
v -0.574723 -0.300908 -0.091445
v -0.519968 -0.274936 -0.321046
v -0.616694 -0.233086 -0.153132
v -0.513241 -0.390229 0.172983
v -0.597338 -0.235019 0.271723
v -0.488238 -0.395230 0.279336
v -0.580451 -0.316943 0.119970
v -0.523695 -0.310168 0.325483
v -0.627387 -0.243999 0.169837
v 0.262511 -0.574006 0.325589
v 0.227018 -0.788857 0.619823
v 0.146127 -0.613440 0.358306
v 0.124009 -0.721227 0.472682
v 0.331302 -0.555890 0.403317
v 0.318939 -0.616057 0.539890
v 0.293174 -0.624022 -0.287246
v 0.150597 -0.439159 -0.412091
v 0.170002 -0.644529 -0.285271
v 0.106525 -0.528866 -0.341484
v 0.300204 -0.463732 -0.311213
v 0.247263 -0.409080 -0.400120
v 0.496612 -0.361379 -0.140477
v 0.588487 -0.222568 -0.269481
v 0.468372 -0.344724 -0.249256
v 0.574572 -0.301288 -0.091502
v 0.519927 -0.274951 -0.321099
v 0.616644 -0.233025 -0.153124
v 0.513215 -0.390244 0.172999
v 0.597306 -0.234929 0.271723
v 0.488253 -0.395030 0.279188
v 0.580620 -0.316868 0.119983
v 0.523987 -0.310213 0.325381
v 0.627320 -0.244042 0.169744
v 0.000133 -0.110322 0.774713
v 0.000058 0.108830 0.715988
v 0.099631 -0.057571 0.730423
v -0.099701 -0.057011 0.730770
v 0.099010 0.053907 0.712860
v -0.099096 0.053780 0.712519
v 0.275358 -0.297067 0.650784
v 0.445427 -0.151954 0.544524
v 0.345602 -0.348405 0.579797
v 0.422065 -0.264811 0.515393
v 0.282532 -0.170229 0.658599
v 0.374484 -0.105217 0.614312
v -0.275388 -0.297033 0.650340
v -0.445224 -0.152356 0.544598
v -0.346046 -0.348339 0.579496
v -0.422069 -0.264475 0.514987
v -0.282027 -0.170327 0.657807
v -0.374703 -0.105627 0.614271
v 0.267373 0.254986 0.618021
v 0.448545 0.151188 0.546984
v 0.340233 0.286258 0.550840
v 0.429861 0.245301 0.514387
v 0.281413 0.159968 0.643351
v 0.374895 0.105880 0.611313
v -0.267360 0.254978 0.618029
v -0.448566 0.151221 0.547018
v -0.340229 0.286257 0.550833
v -0.429866 0.245310 0.514405
v -0.281412 0.159960 0.643316
v -0.374886 0.105894 0.611332
v 0.000139 -0.106426 -0.702899
v -0.000085 0.129891 -0.789914
v 0.098830 -0.047459 -0.712735
v -0.098779 -0.047272 -0.713017
v 0.106685 0.070268 -0.763533
v -0.106809 0.070418 -0.763157
v 0.264101 -0.247838 -0.617555
v 0.438282 -0.148226 -0.542615
v 0.333403 -0.272756 -0.551032
v 0.422030 -0.234031 -0.515895
v 0.277378 -0.160407 -0.637516
v 0.368752 -0.105866 -0.606433
v -0.264055 -0.247862 -0.617537
v -0.438258 -0.148241 -0.542584
v -0.333385 -0.272726 -0.551058
v -0.422002 -0.233998 -0.515956
v -0.277320 -0.160524 -0.637418
v -0.368774 -0.105703 -0.606485
v 0.285644 0.291312 -0.684345
v 0.455802 0.153396 -0.570535
v 0.338491 0.328699 -0.584671
v 0.421761 0.253837 -0.529345
v 0.312331 0.184442 -0.724952
v 0.388298 0.116466 -0.645562
v -0.285715 0.291553 -0.685103
v -0.455752 0.153309 -0.570831
v -0.338540 0.328975 -0.584454
v -0.421411 0.254481 -0.529237
v -0.312358 0.184483 -0.724954
v -0.388579 0.116725 -0.645865
v 0.717662 0.000009 -0.098077
v 0.729455 -0.000169 0.119722
v 0.715101 0.080248 -0.042369
v 0.718074 0.081698 0.065296
v 0.709041 -0.082929 -0.042361
v 0.713986 -0.083727 0.065485
v -0.717603 -0.000030 -0.098086
v -0.729439 -0.000170 0.119715
v -0.715070 0.080246 -0.042335
v -0.718091 0.081692 0.065297
v -0.709097 -0.082930 -0.042301
v -0.713979 -0.083738 0.065482
v -0.229896 0.500065 0.055600
v -0.224597 0.536775 -0.112905
v -0.127481 0.517376 0.046977
v -0.114291 0.561561 -0.118094
v -0.380954 0.430714 0.122998
v -0.189298 0.476967 0.137219
v -0.348242 0.412254 0.216520
v -0.376197 0.487542 -0.155563
v -0.185347 0.581639 -0.223413
v -0.364733 0.542790 -0.275624
v -0.467956 0.413479 0.000773
v -0.426355 0.452265 -0.214991
v -0.523584 0.369252 -0.043940
v -0.440263 0.385556 0.194149
v -0.529149 0.361056 0.058171
v 0.229856 0.500086 0.055762
v 0.224200 0.536877 -0.112927
v 0.127430 0.517438 0.047125
v 0.114402 0.561694 -0.117977
v 0.380981 0.430684 0.123140
v 0.189153 0.476946 0.137183
v 0.348264 0.412362 0.216641
v 0.376484 0.487464 -0.156052
v 0.185685 0.581958 -0.223705
v 0.366542 0.544624 -0.277230
v 0.467882 0.413417 0.000920
v 0.426067 0.452296 -0.215668
v 0.523615 0.369118 -0.043856
v 0.440203 0.385563 0.194157
v 0.529221 0.361034 0.058301
v -0.243240 -0.597546 0.089524
v -0.297834 -0.746391 -0.078421
v -0.134711 -0.623683 0.094306
v -0.161572 -0.765769 -0.080232
v -0.405702 -0.522888 0.160135
v -0.191007 -0.588363 0.211912
v -0.366334 -0.528753 0.275514
v -0.386875 -0.526852 -0.129126
v -0.234298 -0.784181 -0.222606
v -0.357849 -0.516583 -0.231061
v -0.464422 -0.447884 0.017071
v -0.420180 -0.428097 -0.183651
v -0.517346 -0.372993 -0.034362
v -0.449485 -0.466430 0.226020
v -0.524108 -0.382530 0.069510
v 0.243289 -0.597076 0.089380
v 0.297465 -0.747158 -0.078425
v 0.134778 -0.623645 0.094670
v 0.159968 -0.763734 -0.080691
v 0.405871 -0.522899 0.160013
v 0.191136 -0.587991 0.211841
v 0.366286 -0.528989 0.275664
v 0.386845 -0.527179 -0.128947
v 0.233418 -0.784401 -0.222578
v 0.357583 -0.516919 -0.230975
v 0.463848 -0.447987 0.017085
v 0.420437 -0.428360 -0.183746
v 0.517086 -0.372823 -0.034129
v 0.449501 -0.466432 0.225957
v 0.523718 -0.382508 0.069345
v -0.000857 -0.616655 0.656433
v -0.179988 -0.508832 0.696915
v -0.066070 -0.692988 0.586871
v -0.285779 -0.619438 0.675739
v 0.179146 -0.509086 0.696781
v 0.065330 -0.692773 0.586341
v 0.285179 -0.620078 0.676417
v 0.095783 -0.294891 0.729138
v -0.095125 -0.294681 0.728286
v 0.098549 -0.172130 0.745695
v -0.098501 -0.172193 0.745412
v 0.282849 -0.441356 0.663510
v 0.190541 -0.234794 0.701014
v -0.283144 -0.441219 0.662882
v -0.190798 -0.234849 0.701348
v -0.000019 0.362502 0.513565
v -0.142467 0.329770 0.585845
v -0.051731 0.390665 0.422269
v -0.205300 0.349199 0.508113
v 0.142466 0.329754 0.585841
v 0.051819 0.390466 0.422337
v 0.205326 0.349112 0.508124
v 0.088671 0.256700 0.673170
v -0.088687 0.256712 0.673130
v 0.095341 0.160652 0.693923
v -0.095274 0.160706 0.693966
v 0.243213 0.313905 0.575370
v 0.186233 0.213069 0.666214
v -0.243205 0.313868 0.575394
v -0.186251 0.213087 0.666217
v 0.000171 -0.389302 -0.499036
v -0.138329 -0.325543 -0.581227
v -0.050609 -0.451573 -0.417663
v -0.194664 -0.363190 -0.492664
v 0.138309 -0.325514 -0.581186
v 0.050631 -0.451479 -0.417472
v 0.194526 -0.363350 -0.492660
v 0.088677 -0.254687 -0.672680
v -0.088680 -0.254693 -0.672656
v 0.095086 -0.167080 -0.688929
v -0.094936 -0.166849 -0.688973
v 0.236144 -0.303190 -0.570073
v 0.183048 -0.214124 -0.661514
v -0.236094 -0.303186 -0.570003
v -0.182997 -0.213997 -0.661413
v 0.000153 0.589385 -0.633820
v -0.167063 0.461940 -0.672287
v -0.069335 0.668015 -0.555767
v -0.231169 0.520422 -0.598535
v 0.167209 0.462036 -0.672292
v 0.069677 0.667841 -0.555380
v 0.230824 0.520489 -0.598569
v 0.105402 0.298085 -0.772495
v -0.105395 0.298447 -0.772376
v 0.116661 0.190189 -0.820985
v -0.116754 0.190103 -0.820655
v 0.258004 0.402326 -0.638340
v 0.222218 0.249909 -0.786219
v -0.257940 0.401925 -0.637930
v -0.222134 0.250219 -0.786333
v 0.575950 0.119482 -0.420544
v 0.659760 0.070850 -0.269310
v 0.552245 0.205763 -0.376795
v 0.641727 0.149175 -0.211585
v 0.564994 -0.121534 -0.413897
v 0.653817 -0.072855 -0.267319
v 0.550877 -0.207544 -0.376994
v 0.638803 -0.154179 -0.211725
v 0.529322 0.001631 -0.512118
v 0.500043 -0.183547 -0.469156
v 0.451732 -0.048390 -0.562144
v 0.504733 0.183338 -0.475138
v 0.460006 0.054039 -0.574784
v 0.688821 0.076542 -0.155770
v 0.682510 -0.078988 -0.155352
v 0.583593 0.124689 0.416155
v 0.682900 0.073648 0.274886
v 0.564047 0.216057 0.376105
v 0.660714 0.157642 0.223011
v 0.583884 -0.123331 0.413545
v 0.681778 -0.074393 0.274643
v 0.558215 -0.218738 0.370411
v 0.658910 -0.159350 0.221630
v 0.544434 0.001077 0.517622
v 0.504410 -0.190850 0.461259
v 0.468968 -0.045789 0.573380
v 0.509637 0.186962 0.465489
v 0.467271 0.051385 0.573491
v 0.708287 0.079717 0.172449
v 0.704805 -0.080937 0.172384
v -0.575847 0.119280 -0.420722
v -0.659771 0.070847 -0.269331
v -0.552220 0.205723 -0.376865
v -0.641737 0.149161 -0.211577
v -0.565073 -0.121499 -0.413893
v -0.653887 -0.072823 -0.267325
v -0.550853 -0.207545 -0.376952
v -0.638352 -0.154036 -0.211489
v -0.529346 0.001680 -0.512081
v -0.499985 -0.183499 -0.469089
v -0.451702 -0.048477 -0.562127
v -0.504427 0.183303 -0.475106
v -0.460592 0.054081 -0.575068
v -0.688801 0.076523 -0.155783
v -0.682474 -0.078829 -0.155284
v -0.583576 0.124686 0.416168
v -0.682903 0.073655 0.274882
v -0.564055 0.216061 0.376094
v -0.660752 0.157652 0.223029
v -0.583991 -0.123426 0.413660
v -0.681784 -0.074374 0.274630
v -0.558414 -0.218763 0.370835
v -0.658965 -0.159354 0.221669
v -0.544389 0.001076 0.517627
v -0.504326 -0.190733 0.461445
v -0.468927 -0.045916 0.573406
v -0.509680 0.186974 0.465502
v -0.467285 0.051370 0.573513
v -0.708268 0.079683 0.172447
v -0.704823 -0.080963 0.172352
v 0.000059 0.496856 0.122702
v -0.048618 0.457377 0.226202
v 0.000046 0.612491 -0.233362
v -0.056995 0.674841 -0.349803
v 0.048663 0.457696 0.226206
v 0.056842 0.674820 -0.349848
v -0.363780 0.351468 0.399128
v -0.454790 0.325629 0.367761
v -0.403498 0.308660 0.465942
v -0.376339 0.491675 -0.451564
v -0.427535 0.384593 -0.379090
v -0.386810 0.362745 -0.484108
v -0.633095 0.238216 -0.040142
v -0.639424 0.241725 0.066236
v -0.683520 0.163141 0.012599
v 0.363762 0.351416 0.399129
v 0.454790 0.325639 0.367734
v 0.403520 0.308675 0.465947
v 0.375788 0.490635 -0.452063
v 0.427520 0.384257 -0.379316
v 0.387066 0.361995 -0.484348
v 0.633038 0.238203 -0.040151
v 0.639458 0.241734 0.066232
v 0.683558 0.163129 0.012583
v 0.000144 -0.627952 0.227015
v -0.047541 -0.640606 0.352735
v 0.000170 -0.616431 -0.156990
v -0.056955 -0.599288 -0.260663
v 0.047463 -0.640466 0.352519
v 0.056668 -0.599441 -0.260026
v -0.376122 -0.483914 0.454786
v -0.448040 -0.391070 0.385236
v -0.401142 -0.378477 0.487980
v -0.340984 -0.368823 -0.382391
v -0.433858 -0.321598 -0.357706
v -0.388866 -0.296655 -0.460564
v -0.637695 -0.241476 -0.040000
v -0.639410 -0.245002 0.066182
v -0.682341 -0.168203 0.012195
v 0.375461 -0.484196 0.455002
v 0.447973 -0.391233 0.385102
v 0.401517 -0.378537 0.488455
v 0.341074 -0.368705 -0.382591
v 0.433789 -0.321943 -0.357563
v 0.388826 -0.296676 -0.460455
v 0.637697 -0.241411 -0.039949
v 0.639439 -0.244978 0.066236
v 0.682334 -0.168195 0.012169
v 0.199429 0.000769 0.701479
v 0.291599 -0.052452 0.668511
v -0.199440 0.000972 0.701968
v -0.291704 -0.052550 0.668812
v 0.293705 0.056610 0.667533
v -0.293670 0.056536 0.667531
v 0.199909 0.011128 -0.712398
v 0.286361 -0.048570 -0.658792
v -0.200338 0.011558 -0.712338
v -0.286693 -0.048949 -0.658937
v 0.299436 0.066799 -0.693211
v -0.299065 0.066864 -0.692868
v -0.315588 0.492469 -0.016047
v -0.340391 0.478966 0.018155
v -0.336403 0.489152 -0.046134
v -0.375090 0.473041 -0.028741
v -0.377193 0.466659 0.010616
v 0.315320 0.492130 -0.016123
v 0.340270 0.478849 0.018180
v 0.336691 0.489305 -0.045988
v 0.374548 0.472807 -0.028753
v 0.377117 0.466488 0.010721
v -0.337517 -0.591541 0.003782
v -0.357651 -0.567257 0.039201
v -0.358340 -0.582438 -0.025851
v -0.385567 -0.548052 -0.010470
v -0.389632 -0.544587 0.029539
v 0.338118 -0.591926 0.004157
v 0.357782 -0.567099 0.039059
v 0.358301 -0.582774 -0.026918
v 0.385132 -0.547680 -0.010769
v 0.388898 -0.544541 0.030043
v -0.024743 -0.483843 0.700918
v 0.024573 -0.484074 0.700610
v -0.000365 -0.405622 0.714199
v 0.038620 -0.435515 0.708308
v -0.039178 -0.435342 0.708885
v -0.020260 0.328699 0.613879
v 0.020259 0.328713 0.613870
v -0.000002 0.309879 0.648583
v 0.032857 0.317506 0.635852
v -0.032855 0.317493 0.635860
v -0.019802 -0.323830 -0.610270
v 0.019877 -0.323838 -0.610258
v 0.000001 -0.300396 -0.647140
v 0.032414 -0.309032 -0.633460
v -0.032417 -0.309076 -0.633450
v -0.023911 0.452724 -0.691918
v 0.023938 0.452177 -0.691746
v 0.000110 0.387488 -0.724169
v 0.038214 0.411345 -0.710764
v -0.038040 0.411528 -0.711271
v 0.629493 0.027607 -0.386447
v 0.627486 -0.024747 -0.385604
v 0.608611 -0.014659 -0.419749
v 0.609792 0.017957 -0.420228
v 0.642218 0.001625 -0.366191
v 0.649219 0.026373 0.387058
v 0.649167 -0.027428 0.386632
v 0.629490 -0.017102 0.421082
v 0.629304 0.016052 0.421379
v 0.662618 -0.000630 0.366030
v -0.629486 0.027634 -0.386457
v -0.627482 -0.024769 -0.385592
v -0.608584 -0.014645 -0.419743
v -0.609794 0.017981 -0.420241
v -0.642215 0.001632 -0.366169
v -0.649221 0.026364 0.387055
v -0.649143 -0.027413 0.386636
v -0.629474 -0.017077 0.421073
v -0.629318 0.016063 0.421347
v -0.662623 -0.000634 0.366011
v -0.032655 0.551414 -0.037952
v 0.032585 0.551436 -0.037915
v -0.017338 0.541394 -0.003369
v -0.014691 0.563931 -0.077779
v 0.017258 0.541401 -0.003375
v 0.014737 0.563928 -0.077741
v -0.227861 0.421202 0.274733
v -0.181452 0.396190 0.372721
v -0.176792 0.428895 0.276290
v -0.257594 0.400815 0.320928
v -0.153534 0.415210 0.324966
v -0.233941 0.389058 0.370211
v -0.240911 0.638030 -0.387234
v -0.204017 0.664892 -0.496169
v -0.200936 0.701197 -0.402792
v -0.288980 0.627528 -0.426506
v -0.217586 0.792858 -0.471664
v -0.258327 0.618534 -0.476487
v -0.518375 0.340142 -0.181438
v -0.561035 0.261692 -0.237952
v -0.501589 0.340700 -0.238107
v -0.555400 0.304317 -0.152234
v -0.523408 0.299530 -0.265788
v -0.576525 0.265667 -0.180856
v -0.545305 0.326298 0.190796
v -0.588528 0.268039 0.248705
v -0.533824 0.322012 0.243559
v -0.579342 0.302993 0.168190
v -0.554792 0.294817 0.273425
v -0.601546 0.272337 0.196359
v 0.227772 0.421240 0.274621
v 0.181337 0.395923 0.372384
v 0.176831 0.428769 0.276395
v 0.153469 0.415155 0.325040
v 0.257721 0.400825 0.320873
v 0.233897 0.389292 0.369985
v 0.240690 0.637935 -0.387968
v 0.204079 0.664873 -0.496185
v 0.201361 0.701612 -0.402194
v 0.217843 0.793296 -0.470794
v 0.289137 0.626497 -0.427320
v 0.258532 0.618245 -0.476774
v 0.518462 0.340329 -0.181756
v 0.561014 0.261452 -0.237794
v 0.501880 0.340442 -0.238434
v 0.555252 0.304311 -0.152407
v 0.523713 0.299843 -0.265781
v 0.575839 0.265715 -0.180981
v 0.545298 0.326312 0.190797
v 0.588539 0.268079 0.248661
v 0.533827 0.321990 0.243531
v 0.579327 0.303004 0.168190
v 0.554792 0.294836 0.273360
v 0.601579 0.272322 0.196309
v -0.050304 -0.657847 0.011814
v 0.049796 -0.657983 0.011882
v -0.023264 -0.647392 0.059756
v -0.027644 -0.656231 -0.030325
v 0.022727 -0.647601 0.059801
v 0.027291 -0.656291 -0.030397
v -0.248665 -0.600674 0.400408
v -0.268952 -0.773058 0.527795
v -0.196563 -0.649687 0.411059
v -0.289384 -0.602290 0.439435
v -0.198105 -0.761037 0.463622
v -0.294897 -0.662124 0.503646
v -0.247313 -0.568350 -0.308526
v -0.178745 -0.472393 -0.369940
v -0.193425 -0.582279 -0.312896
v -0.257487 -0.493951 -0.324288
v -0.159358 -0.526606 -0.340179
v -0.226719 -0.456093 -0.362375
v -0.522353 -0.324816 -0.172306
v -0.571013 -0.256453 -0.238397
v -0.508993 -0.317263 -0.228484
v -0.561159 -0.296045 -0.148021
v -0.534912 -0.282821 -0.263417
v -0.584793 -0.262248 -0.180036
v -0.536875 -0.355056 0.198465
v -0.580013 -0.277681 0.247328
v -0.523201 -0.355441 0.250582
v -0.571788 -0.318174 0.171486
v -0.542896 -0.314828 0.274543
v -0.595363 -0.281021 0.196095
v 0.248792 -0.600923 0.400699
v 0.268293 -0.773537 0.527306
v 0.196634 -0.649886 0.411200
v 0.198287 -0.760956 0.463807
v 0.289248 -0.602450 0.439682
v 0.294747 -0.662522 0.503868
v 0.247470 -0.568504 -0.308395
v 0.178623 -0.472646 -0.369674
v 0.193110 -0.582505 -0.312922
v 0.158792 -0.526826 -0.340319
v 0.257177 -0.493879 -0.324220
v 0.226727 -0.456150 -0.362501
v 0.523354 -0.324509 -0.172579
v 0.570949 -0.256591 -0.238418
v 0.509787 -0.317135 -0.228623
v 0.561064 -0.296018 -0.148050
v 0.534791 -0.282765 -0.263338
v 0.584790 -0.262414 -0.179971
v 0.536897 -0.354957 0.198382
v 0.580024 -0.277544 0.247124
v 0.523379 -0.355269 0.250791
v 0.571760 -0.318004 0.171419
v 0.542794 -0.314650 0.274585
v 0.595298 -0.281017 0.196019
v -0.000149 -0.056577 0.744557
v 0.000135 0.053413 0.721681
v 0.049864 -0.029183 0.732655
v -0.049597 -0.029689 0.733040
v 0.049689 0.026130 0.722285
v -0.049685 0.025938 0.722812
v 0.316548 -0.259643 0.622176
v 0.400992 -0.186844 0.568604
v 0.350680 -0.284248 0.585842
v 0.391305 -0.244877 0.556574
v 0.322545 -0.197248 0.628873
v 0.366327 -0.163087 0.604608
v -0.316160 -0.259607 0.622024
v -0.401528 -0.186659 0.568716
v -0.351134 -0.284612 0.585462
v -0.391597 -0.245197 0.556410
v -0.321625 -0.197444 0.628254
v -0.366496 -0.163091 0.604130
v 0.314400 0.232253 0.603610
v 0.405488 0.180532 0.568320
v 0.351822 0.251989 0.571543
v 0.397006 0.228725 0.553640
v 0.321401 0.183683 0.615937
v 0.367303 0.156615 0.598594
v -0.314406 0.232254 0.603614
v -0.405496 0.180533 0.568309
v -0.351813 0.252003 0.571537
v -0.397005 0.228729 0.553637
v -0.321411 0.183705 0.615956
v -0.367324 0.156640 0.598630
v -0.000163 -0.046833 -0.717393
v 0.000035 0.071027 -0.765465
v 0.050332 -0.017439 -0.726673
v -0.050326 -0.017511 -0.726959
v 0.052336 0.041475 -0.750704
v -0.052141 0.041325 -0.751266
v 0.311178 -0.228336 -0.604329
v 0.397845 -0.176984 -0.565666
v 0.346013 -0.241866 -0.571766
v 0.389982 -0.220062 -0.553364
v 0.319266 -0.187499 -0.615990
v 0.362559 -0.158115 -0.597031
v -0.311110 -0.228389 -0.604313
v -0.397776 -0.177028 -0.565599
v -0.345995 -0.241871 -0.571809
v -0.389932 -0.220053 -0.553346
v -0.319195 -0.187374 -0.615901
v -0.362647 -0.158092 -0.597009
v 0.328618 0.257127 -0.657295
v 0.413820 0.187875 -0.599188
v 0.355047 0.274500 -0.607039
v 0.397018 0.238794 -0.579094
v 0.344776 0.204361 -0.679073
v 0.389353 0.170663 -0.649256
v -0.328390 0.256856 -0.657614
v -0.413666 0.187518 -0.599326
v -0.354270 0.274549 -0.607035
v -0.396726 0.238897 -0.578649
v -0.344749 0.204436 -0.679098
v -0.389166 0.170541 -0.649283
v 0.730569 -0.000044 -0.041859
v 0.733561 -0.000265 0.065471
v 0.731688 0.040284 -0.014973
v 0.731647 0.040648 0.038454
v 0.728701 -0.041301 -0.014561
v 0.729100 -0.041792 0.038768
v -0.730572 -0.000058 -0.041863
v -0.733585 -0.000268 0.065469
v -0.731664 0.040290 -0.014957
v -0.731650 0.040649 0.038470
v -0.728712 -0.041355 -0.014581
v -0.729089 -0.041806 0.038755
v -0.222347 0.518961 -0.025763
v -0.114656 0.541853 -0.031167
v -0.199700 0.516403 0.013898
v -0.195901 0.533798 -0.070331
v -0.147361 0.525652 0.009582
v -0.140866 0.545915 -0.072487
v -0.307743 0.467024 0.094142
v -0.269084 0.445510 0.180764
v -0.259748 0.479291 0.096146
v -0.335887 0.444196 0.131277
v -0.239264 0.467445 0.137837
v -0.318468 0.434416 0.176340
v -0.303472 0.518710 -0.141340
v -0.276242 0.570948 -0.257117
v -0.255370 0.538988 -0.155794
v -0.334596 0.515315 -0.178305
v -0.238430 0.563499 -0.212342
v -0.325102 0.543023 -0.237407
v -0.429571 0.447873 -0.075402
v -0.476424 0.404570 -0.127884
v -0.415375 0.458069 -0.129404
v -0.464856 0.421317 -0.048362
v -0.439648 0.438150 -0.157328
v -0.490404 0.399398 -0.072383
v -0.433409 0.423911 0.065721
v -0.490631 0.375744 0.127882
v -0.423047 0.416059 0.111297
v -0.466210 0.406287 0.048450
v -0.452593 0.392946 0.144655
v -0.495717 0.381233 0.078142
v 0.222415 0.519459 -0.025718
v 0.114802 0.541761 -0.031116
v 0.199575 0.515936 0.013584
v 0.195926 0.533927 -0.070520
v 0.147234 0.525853 0.009728
v 0.140868 0.545734 -0.072506
v 0.307730 0.467102 0.094287
v 0.269128 0.445510 0.180524
v 0.259633 0.479344 0.096339
v 0.335886 0.444205 0.131321
v 0.239549 0.467795 0.138009
v 0.318316 0.434453 0.176242
v 0.303515 0.518993 -0.142099
v 0.276864 0.571521 -0.258155
v 0.255618 0.539276 -0.156132
v 0.334870 0.515592 -0.178895
v 0.238879 0.563831 -0.212982
v 0.325571 0.543184 -0.238894
v 0.428969 0.447549 -0.075406
v 0.476466 0.404541 -0.127855
v 0.415572 0.458358 -0.129822
v 0.464597 0.421069 -0.048409
v 0.439486 0.438139 -0.157795
v 0.490249 0.399363 -0.072338
v 0.433413 0.423857 0.065830
v 0.490710 0.375772 0.127947
v 0.423090 0.416022 0.111426
v 0.466148 0.406276 0.048629
v 0.452599 0.392906 0.144701
v 0.495686 0.381272 0.078258
v -0.255873 -0.652767 0.001693
v -0.151433 -0.674514 0.004381
v -0.219017 -0.625849 0.038803
v -0.248292 -0.720305 -0.030336
v -0.166526 -0.639832 0.041589
v -0.187884 -0.719984 -0.036839
v -0.324881 -0.562806 0.133348
v -0.281640 -0.565009 0.254241
v -0.271902 -0.577764 0.141543
v -0.357081 -0.544406 0.176267
v -0.248249 -0.576514 0.202864
v -0.335511 -0.546610 0.235722
v -0.351692 -0.637963 -0.121380
v -0.339081 -0.664509 -0.250882
v -0.335599 -0.725548 -0.138821
v -0.366422 -0.586027 -0.154746
v -0.316931 -0.742087 -0.210136
v -0.356146 -0.588364 -0.211242
v -0.425082 -0.480909 -0.056594
v -0.470960 -0.400483 -0.110503
v -0.413202 -0.478435 -0.104710
v -0.456995 -0.444489 -0.032648
v -0.434170 -0.435365 -0.132532
v -0.481355 -0.405823 -0.058921
v -0.442310 -0.487983 0.088794
v -0.489362 -0.423948 0.146193
v -0.438226 -0.491895 0.140470
v -0.468112 -0.452421 0.067473
v -0.460056 -0.461332 0.171132
v -0.493929 -0.419604 0.094440
v 0.255508 -0.653051 0.001819
v 0.150817 -0.674033 0.004015
v 0.218960 -0.625940 0.038732
v 0.247674 -0.720896 -0.030280
v 0.166521 -0.639716 0.041772
v 0.186762 -0.719598 -0.036918
v 0.325036 -0.563003 0.133138
v 0.281765 -0.564870 0.254471
v 0.272013 -0.578515 0.141443
v 0.356274 -0.544335 0.176393
v 0.248361 -0.576522 0.202825
v 0.335671 -0.546430 0.235578
v 0.352220 -0.638566 -0.121480
v 0.338507 -0.664647 -0.250670
v 0.334979 -0.725785 -0.138853
v 0.366449 -0.586727 -0.154638
v 0.316623 -0.742423 -0.210159
v 0.355302 -0.588783 -0.210900
v 0.425445 -0.480828 -0.056692
v 0.470339 -0.400065 -0.110296
v 0.413237 -0.478446 -0.104723
v 0.456651 -0.444439 -0.032441
v 0.434181 -0.435159 -0.132635
v 0.481258 -0.405857 -0.058777
v 0.442295 -0.487828 0.088705
v 0.489534 -0.423995 0.146384
v 0.438143 -0.491701 0.140484
v 0.468241 -0.452296 0.067395
v 0.460056 -0.461323 0.171288
v 0.494214 -0.419836 0.094287
v -0.097913 -0.585502 0.689232
v -0.186205 -0.751151 0.679859
v -0.068788 -0.630084 0.666068
v -0.166589 -0.585555 0.697668
v -0.104252 -0.694151 0.647557
v -0.221331 -0.662407 0.700182
v 0.097481 -0.585573 0.689340
v 0.184835 -0.752770 0.679253
v 0.068281 -0.629985 0.665322
v 0.165909 -0.586034 0.698042
v 0.103503 -0.693810 0.646330
v 0.220423 -0.663431 0.700155
v 0.000185 -0.292060 0.740577
v 0.000014 -0.166173 0.825359
v 0.048192 -0.262599 0.744907
v -0.047903 -0.262343 0.744844
v 0.049024 -0.200917 0.764473
v -0.048737 -0.200780 0.764446
v 0.137722 -0.393880 0.705394
v 0.234284 -0.332913 0.678367
v 0.185476 -0.435554 0.695961
v 0.141054 -0.329261 0.711127
v 0.237405 -0.403780 0.683941
v 0.189442 -0.298897 0.698660
v -0.137941 -0.393921 0.705736
v -0.234556 -0.333164 0.677772
v -0.185802 -0.435465 0.695747
v -0.141303 -0.329386 0.711277
v -0.237758 -0.403986 0.683916
v -0.189103 -0.299214 0.697574
v -0.073575 0.347744 0.553019
v -0.129390 0.371011 0.468283
v -0.050632 0.361605 0.513115
v -0.123846 0.344372 0.552744
v -0.077381 0.374523 0.469199
v -0.153751 0.354875 0.512472
v 0.073603 0.347765 0.553051
v 0.129349 0.371014 0.468099
v 0.050593 0.361692 0.513149
v 0.123855 0.344322 0.552748
v 0.077366 0.374525 0.468979
v 0.153759 0.354909 0.512519
v -0.000003 0.257993 0.681761
v -0.000028 0.162420 0.704656
v 0.045079 0.236121 0.685292
v -0.045121 0.236130 0.685343
v 0.046834 0.187006 0.695307
v -0.046853 0.186994 0.695354
v 0.121240 0.302637 0.638984
v 0.219188 0.274744 0.629077
v 0.157663 0.312813 0.612953
v 0.130413 0.275235 0.657299
v 0.207533 0.302787 0.608220
v 0.179464 0.257505 0.653391
v -0.121246 0.302640 0.638993
v -0.219186 0.274713 0.629061
v -0.157660 0.312788 0.612950
v -0.130427 0.275256 0.657285
v -0.207537 0.302768 0.608201
v -0.179470 0.257533 0.653380
v -0.070284 -0.358941 -0.539616
v -0.123225 -0.409177 -0.455282
v -0.048363 -0.387224 -0.498916
v -0.118341 -0.352219 -0.540038
v -0.073973 -0.416030 -0.457222
v -0.145504 -0.374343 -0.496345
v 0.070176 -0.358985 -0.539854
v 0.123265 -0.409338 -0.455029
v 0.048290 -0.387269 -0.498692
v 0.118480 -0.351951 -0.540315
v 0.074140 -0.415341 -0.457288
v 0.145397 -0.374706 -0.496073
v 0.000016 -0.253996 -0.678062
v -0.000005 -0.162683 -0.692890
v 0.045767 -0.237362 -0.681999
v -0.045681 -0.237358 -0.681999
v 0.047077 -0.190561 -0.688377
v -0.047172 -0.190507 -0.688491
v 0.119488 -0.292157 -0.638014
v 0.215624 -0.264738 -0.627549
v 0.154445 -0.303179 -0.611613
v 0.128887 -0.267670 -0.656394
v 0.202957 -0.291069 -0.605813
v 0.176665 -0.251210 -0.650976
v -0.119468 -0.292162 -0.638044
v -0.215638 -0.264768 -0.627570
v -0.154349 -0.303189 -0.611638
v -0.128856 -0.267726 -0.656342
v -0.202900 -0.291056 -0.605826
v -0.176555 -0.251316 -0.650906
v -0.091578 0.532286 -0.654959
v -0.164302 0.612136 -0.597181
v -0.065933 0.585510 -0.633305
v -0.151754 0.518899 -0.654103
v -0.103475 0.629057 -0.603179
v -0.191991 0.557471 -0.628217
v 0.091641 0.532111 -0.654992
v 0.164679 0.612138 -0.597266
v 0.066098 0.585610 -0.633194
v 0.152459 0.519285 -0.654513
v 0.103597 0.629024 -0.603123
v 0.192360 0.557412 -0.628031
v 0.000175 0.295175 -0.774228
v -0.000029 0.188745 -0.806261
v 0.054469 0.270663 -0.787025
v -0.054763 0.270972 -0.787981
v 0.057777 0.218020 -0.809922
v -0.057675 0.217929 -0.809582
v 0.138462 0.375759 -0.718396
v 0.241125 0.324595 -0.706864
v 0.178924 0.405746 -0.691606
v 0.151121 0.325435 -0.748148
v 0.228189 0.379239 -0.681638
v 0.207821 0.302449 -0.752251
v -0.138351 0.375801 -0.718069
v -0.241482 0.324580 -0.707368
v -0.179537 0.406252 -0.692537
v -0.150889 0.325693 -0.748281
v -0.227838 0.379102 -0.681559
v -0.207746 0.302236 -0.752040
v 0.624731 0.097935 -0.348361
v 0.601198 0.178579 -0.296055
v 0.598454 0.129492 -0.374453
v 0.638963 0.104405 -0.296103
v 0.587374 0.171030 -0.350777
v 0.628229 0.143983 -0.268261
v 0.615877 -0.101335 -0.344108
v 0.600976 -0.185706 -0.297420
v 0.587668 -0.133586 -0.369097
v 0.632833 -0.108590 -0.294112
v 0.581775 -0.177418 -0.349281
v 0.624415 -0.149659 -0.267721
v 0.551140 -0.063151 -0.470623
v 0.477766 -0.119743 -0.519229
v 0.541285 -0.107610 -0.455884
v 0.524238 -0.044507 -0.506111
v 0.507720 -0.138244 -0.482986
v 0.485092 -0.071147 -0.529555
v 0.558364 0.064110 -0.476727
v 0.493349 0.121748 -0.539314
v 0.551357 0.106919 -0.464384
v 0.531406 0.047054 -0.513510
v 0.517867 0.136979 -0.494094
v 0.497902 0.074684 -0.544982
v 0.671900 0.000460 -0.270004
v 0.702449 0.000086 -0.156078
v 0.676625 0.036335 -0.242244
v 0.673551 -0.036585 -0.241428
v 0.691716 0.037719 -0.185083
v 0.688354 -0.038256 -0.184502
v 0.636349 0.102606 0.346538
v 0.615200 0.188529 0.299477
v 0.606402 0.136408 0.371246
v 0.655426 0.109619 0.298704
v 0.595360 0.180364 0.348981
v 0.643962 0.151887 0.273692
v 0.636654 -0.102488 0.345309
v 0.611374 -0.190260 0.296378
v 0.606430 -0.135830 0.368735
v 0.655121 -0.110145 0.297742
v 0.592309 -0.181542 0.345209
v 0.642598 -0.153226 0.272014
v 0.569318 -0.062279 0.472604
v 0.489110 -0.119453 0.521184
v 0.557582 -0.108051 0.455839
v 0.541246 -0.042748 0.511757
v 0.517077 -0.139363 0.479198
v 0.502641 -0.068256 0.538050
v 0.567334 0.064258 0.473451
v 0.489326 0.121042 0.522765
v 0.556940 0.109437 0.457625
v 0.539538 0.045583 0.512430
v 0.518732 0.139272 0.482040
v 0.500526 0.072614 0.538744
v 0.700676 -0.000361 0.276526
v 0.723458 -0.000166 0.173773
v 0.705367 0.037032 0.251236
v 0.704462 -0.037692 0.251549
v 0.717167 0.038931 0.199882
v 0.715255 -0.039527 0.200107
v -0.624728 0.097915 -0.348362
v -0.601279 0.178522 -0.296102
v -0.598432 0.129360 -0.374540
v -0.638879 0.104410 -0.296070
v -0.587378 0.170970 -0.350765
v -0.628227 0.143951 -0.268239
v -0.615806 -0.101293 -0.344073
v -0.601060 -0.185820 -0.297450
v -0.587727 -0.133591 -0.369188
v -0.632708 -0.108551 -0.293980
v -0.581750 -0.177420 -0.349251
v -0.624365 -0.149588 -0.267704
v -0.551200 -0.063136 -0.470696
v -0.477757 -0.119737 -0.519215
v -0.541247 -0.107716 -0.455836
v -0.524271 -0.044509 -0.506110
v -0.507706 -0.138219 -0.482983
v -0.485118 -0.071127 -0.529510
v -0.558340 0.064164 -0.476735
v -0.493240 0.121398 -0.539369
v -0.551315 0.106764 -0.464476
v -0.531434 0.047067 -0.513522
v -0.517942 0.136944 -0.494253
v -0.497710 0.074481 -0.544892
v -0.671950 0.000432 -0.270024
v -0.702423 0.000020 -0.156063
v -0.676593 0.036315 -0.242241
v -0.673692 -0.036605 -0.241488
v -0.691684 0.037702 -0.185079
v -0.688590 -0.038314 -0.184577
v -0.636354 0.102586 0.346535
v -0.615225 0.188525 0.299467
v -0.606384 0.136407 0.371252
v -0.655427 0.109614 0.298688
v -0.595301 0.180314 0.348949
v -0.643960 0.151879 0.273690
v -0.636595 -0.102503 0.345260
v -0.611388 -0.190246 0.296439
v -0.606342 -0.135940 0.368863
v -0.655105 -0.110166 0.297709
v -0.592283 -0.181578 0.345462
v -0.642608 -0.153234 0.271990
v -0.569309 -0.062357 0.472691
v -0.489089 -0.119379 0.521490
v -0.557560 -0.108206 0.455817
v -0.541218 -0.042873 0.511795
v -0.517050 -0.139366 0.479288
v -0.502670 -0.068432 0.538123
v -0.567373 0.064276 0.473457
v -0.489373 0.121035 0.522734
v -0.556963 0.109415 0.457604
v -0.539578 0.045600 0.512374
v -0.518787 0.139291 0.482047
v -0.500549 0.072627 0.538679
v -0.700700 -0.000374 0.276529
v -0.723416 -0.000161 0.173764
v -0.705379 0.037049 0.251238
v -0.704431 -0.037714 0.251530
v -0.717159 0.038937 0.199880
v -0.715249 -0.039548 0.200102
v -0.061607 0.512299 0.078295
v -0.118958 0.469603 0.179835
v -0.108884 0.505335 0.086449
v -0.139377 0.484646 0.134523
v -0.044108 0.495447 0.124736
v -0.070614 0.474527 0.177126
v -0.052696 0.587423 -0.173014
v -0.118785 0.631187 -0.293614
v -0.096222 0.580035 -0.171414
v -0.132343 0.595136 -0.229696
v -0.040942 0.610547 -0.232910
v -0.071619 0.637589 -0.293305
v 0.061539 0.512424 0.078063
v 0.118973 0.469354 0.179709
v 0.109082 0.505000 0.086453
v 0.139232 0.484449 0.134321
v 0.044142 0.495025 0.125150
v 0.070754 0.474762 0.176980
v 0.052678 0.587379 -0.173059
v 0.118891 0.631165 -0.293723
v 0.096212 0.580005 -0.171445
v 0.132387 0.595326 -0.229734
v 0.041136 0.610400 -0.233080
v 0.071535 0.637568 -0.293440
v -0.359702 0.381348 0.308255
v -0.452117 0.355726 0.281472
v -0.378736 0.390827 0.257178
v -0.425138 0.377751 0.244903
v -0.386942 0.360559 0.348305
v -0.432658 0.347889 0.333551
v -0.050744 0.422610 0.325570
v 0.050403 0.422688 0.325282
v -0.025739 0.406562 0.374238
v 0.025964 0.406834 0.373909
v -0.025030 0.440446 0.275606
v 0.024928 0.440842 0.275716
v -0.286818 0.351549 0.457099
v -0.325389 0.311786 0.524319
v -0.257060 0.341891 0.502124
v -0.276454 0.323477 0.536325
v -0.337345 0.342197 0.447661
v -0.356448 0.321618 0.480736
v -0.454321 0.600879 -0.380960
v -0.422368 0.432896 -0.297423
v -0.403782 0.535071 -0.309919
v -0.414882 0.471810 -0.273997
v -0.409422 0.508230 -0.399128
v -0.406430 0.440197 -0.354832
v -0.074607 0.716634 -0.452210
v 0.074495 0.716703 -0.452322
v -0.035926 0.693980 -0.505161
v 0.036062 0.693974 -0.505300
v -0.033531 0.694216 -0.401996
v 0.033467 0.694027 -0.402009
v -0.301010 0.506868 -0.524262
v -0.323918 0.385217 -0.562823
v -0.271554 0.483096 -0.570696
v -0.284826 0.423998 -0.591274
v -0.341279 0.467005 -0.495995
v -0.347891 0.403616 -0.512865
v -0.580422 0.308182 -0.040562
v -0.588419 0.308069 0.064495
v -0.556213 0.339421 -0.015382
v -0.559609 0.337177 0.036289
v -0.611183 0.275422 -0.013029
v -0.615081 0.276812 0.039835
v -0.489088 0.289801 -0.375943
v -0.445843 0.268847 -0.478923
v -0.509853 0.242198 -0.401778
v -0.487334 0.231491 -0.452749
v -0.447934 0.331518 -0.403934
v -0.427114 0.321262 -0.455812
v -0.641395 0.194543 -0.124718
v -0.692665 0.119486 -0.069985
v -0.655507 0.153675 -0.154296
v -0.680418 0.116684 -0.126547
v -0.652497 0.198631 -0.068337
v -0.678845 0.161051 -0.041500
v -0.514368 0.281272 0.376924
v -0.460712 0.259658 0.471712
v -0.528219 0.246418 0.401785
v -0.500792 0.233437 0.447835
v -0.473714 0.301157 0.398854
v -0.447649 0.292259 0.447494
v -0.654837 0.202253 0.144876
v -0.699130 0.122439 0.092078
v -0.671370 0.161031 0.171221
v -0.693376 0.121102 0.145225
v -0.660127 0.203580 0.092365
v -0.681278 0.163210 0.065693
v 0.359694 0.381334 0.308246
v 0.452107 0.355716 0.281423
v 0.378718 0.390791 0.257172
v 0.425116 0.377693 0.244892
v 0.386924 0.360528 0.348299
v 0.432649 0.347911 0.333526
v 0.286839 0.351541 0.457134
v 0.325390 0.311811 0.524289
v 0.257048 0.341847 0.502124
v 0.276476 0.323494 0.536338
v 0.337329 0.342134 0.447687
v 0.356458 0.321599 0.480707
v 0.454483 0.601005 -0.383707
v 0.422168 0.432816 -0.297801
v 0.405412 0.536059 -0.310731
v 0.415385 0.472427 -0.275079
v 0.409051 0.507343 -0.399645
v 0.406722 0.439814 -0.355278
v 0.300612 0.505681 -0.524299
v 0.323482 0.384845 -0.562506
v 0.271186 0.482724 -0.570751
v 0.284549 0.423681 -0.590880
v 0.340896 0.466330 -0.496498
v 0.348351 0.403647 -0.513625
v 0.580611 0.308159 -0.040491
v 0.588411 0.308069 0.064542
v 0.556280 0.339350 -0.015283
v 0.559550 0.337221 0.036468
v 0.611253 0.275498 -0.012996
v 0.615086 0.276841 0.039869
v 0.489085 0.289419 -0.376219
v 0.445234 0.268359 -0.479140
v 0.510065 0.242509 -0.401867
v 0.487162 0.231385 -0.452313
v 0.447685 0.331680 -0.403618
v 0.427021 0.320785 -0.455665
v 0.641379 0.194530 -0.124716
v 0.692657 0.119517 -0.069947
v 0.655525 0.153647 -0.154256
v 0.680425 0.116676 -0.126541
v 0.652477 0.198606 -0.068321
v 0.678838 0.161069 -0.041470
v 0.514357 0.281235 0.376910
v 0.460727 0.259736 0.471759
v 0.528213 0.246458 0.401809
v 0.500795 0.233430 0.447814
v 0.473757 0.301172 0.398850
v 0.447644 0.292237 0.447485
v 0.654833 0.202267 0.144868
v 0.699117 0.122434 0.092066
v 0.671346 0.161022 0.171206
v 0.693404 0.121111 0.145220
v 0.660127 0.203589 0.092358
v 0.681275 0.163200 0.065676
v -0.063250 -0.625066 0.161588
v -0.112231 -0.607072 0.288294
v -0.107088 -0.614830 0.154477
v -0.135247 -0.600955 0.217648
v -0.042369 -0.623852 0.225641
v -0.064522 -0.619157 0.289089
v -0.087532 -0.679576 -0.126781
v -0.140361 -0.686976 -0.243755
v -0.126836 -0.760005 -0.142912
v -0.159675 -0.772784 -0.215570
v -0.063911 -0.639232 -0.165914
v -0.086985 -0.641661 -0.222626
v 0.063252 -0.625404 0.161626
v 0.112546 -0.607093 0.288376
v 0.107099 -0.614707 0.154573
v 0.135332 -0.600766 0.217685
v 0.042413 -0.623886 0.225807
v 0.064911 -0.619538 0.289039
v 0.086967 -0.678937 -0.126267
v 0.139354 -0.686474 -0.242803
v 0.126264 -0.758353 -0.142043
v 0.158022 -0.772162 -0.214762
v 0.063414 -0.639025 -0.165588
v 0.086181 -0.641474 -0.222311
v -0.373734 -0.514221 0.370323
v -0.454770 -0.437901 0.309268
v -0.392232 -0.505426 0.309676
v -0.435130 -0.472020 0.282703
v -0.394755 -0.479537 0.396651
v -0.432492 -0.435902 0.363849
v -0.060050 -0.688245 0.471033
v 0.060621 -0.688191 0.471028
v -0.032802 -0.673554 0.523058
v 0.032762 -0.672953 0.523004
v -0.027076 -0.662806 0.411187
v 0.027412 -0.662993 0.411415
v -0.332319 -0.552983 0.560628
v -0.341997 -0.414773 0.575159
v -0.317419 -0.551222 0.624750
v -0.313623 -0.468477 0.620478
v -0.357771 -0.487351 0.513107
v -0.367766 -0.427269 0.525918
v -0.340799 -0.430892 -0.296944
v -0.426665 -0.373036 -0.267612
v -0.363237 -0.451001 -0.250922
v -0.403094 -0.416408 -0.233864
v -0.363125 -0.386378 -0.332868
v -0.407913 -0.360338 -0.319511
v -0.053450 -0.527939 -0.340241
v 0.053387 -0.527984 -0.340505
v -0.026058 -0.489540 -0.379006
v 0.026139 -0.489358 -0.378641
v -0.028158 -0.562879 -0.300153
v 0.027463 -0.562865 -0.300261
v -0.269852 -0.369312 -0.440282
v -0.316744 -0.300960 -0.522641
v -0.243877 -0.349664 -0.487751
v -0.267282 -0.316407 -0.530271
v -0.317804 -0.350588 -0.432194
v -0.342280 -0.315030 -0.473896
v -0.582800 -0.305685 -0.036644
v -0.584683 -0.313949 0.068328
v -0.552609 -0.341109 -0.008813
v -0.554771 -0.345829 0.043324
v -0.614569 -0.275933 -0.011469
v -0.614795 -0.278902 0.041222
v -0.500707 -0.266045 -0.375580
v -0.451147 -0.246096 -0.473400
v -0.515962 -0.233685 -0.402946
v -0.490502 -0.223048 -0.450535
v -0.459205 -0.287506 -0.395736
v -0.434604 -0.277149 -0.445237
v -0.643147 -0.199988 -0.125337
v -0.687102 -0.123379 -0.070207
v -0.652320 -0.158450 -0.154595
v -0.674646 -0.120465 -0.126607
v -0.654600 -0.204083 -0.068739
v -0.676878 -0.166391 -0.041830
v -0.502863 -0.303640 0.375755
v -0.451230 -0.280830 0.470825
v -0.520653 -0.256929 0.396754
v -0.492253 -0.242587 0.442881
v -0.463381 -0.343582 0.405271
v -0.438773 -0.334289 0.454369
v -0.654152 -0.205804 0.143906
v -0.696038 -0.125160 0.091905
v -0.670148 -0.163597 0.170316
v -0.690612 -0.123215 0.144846
v -0.659758 -0.207331 0.091735
v -0.680302 -0.167367 0.065273
v 0.373026 -0.513744 0.369994
v 0.454616 -0.437818 0.309217
v 0.392805 -0.506186 0.310149
v 0.435096 -0.471807 0.282450
v 0.394377 -0.478824 0.396505
v 0.432485 -0.436145 0.363655
v 0.332127 -0.553689 0.561201
v 0.341869 -0.414766 0.575392
v 0.317345 -0.551322 0.625109
v 0.313425 -0.468768 0.620851
v 0.357877 -0.487709 0.513372
v 0.367080 -0.427609 0.526351
v 0.340772 -0.430977 -0.296827
v 0.426517 -0.372811 -0.267620
v 0.363356 -0.451350 -0.251152
v 0.403026 -0.416387 -0.233780
v 0.363151 -0.385484 -0.332807
v 0.408170 -0.359947 -0.319667
v 0.269740 -0.369487 -0.440378
v 0.316811 -0.301026 -0.522629
v 0.244072 -0.349061 -0.488108
v 0.267257 -0.316408 -0.530146
v 0.317822 -0.350785 -0.432389
v 0.342244 -0.314752 -0.473622
v 0.582805 -0.305781 -0.036749
v 0.584804 -0.313924 0.068443
v 0.552916 -0.341103 -0.008818
v 0.555342 -0.345741 0.043464
v 0.614543 -0.275975 -0.011455
v 0.614803 -0.278846 0.041253
v 0.500778 -0.266096 -0.375533
v 0.451124 -0.246190 -0.473394
v 0.515974 -0.233800 -0.402948
v 0.490483 -0.223052 -0.450525
v 0.459279 -0.287562 -0.395703
v 0.434645 -0.277167 -0.445314
v 0.643058 -0.199880 -0.125350
v 0.687145 -0.123372 -0.070196
v 0.652446 -0.158261 -0.154597
v 0.674751 -0.120448 -0.126562
v 0.654555 -0.204013 -0.068745
v 0.676769 -0.166322 -0.041926
v 0.502540 -0.303311 0.375663
v 0.451630 -0.281117 0.471180
v 0.520691 -0.256584 0.396816
v 0.492298 -0.242986 0.442989
v 0.463443 -0.343600 0.405166
v 0.439096 -0.335070 0.454785
v 0.654161 -0.205821 0.143931
v 0.696026 -0.125156 0.091897
v 0.670121 -0.163631 0.170310
v 0.690593 -0.123214 0.144858
v 0.659773 -0.207313 0.091748
v 0.680308 -0.167339 0.065249
v 0.148966 -0.084435 0.722688
v 0.240316 -0.141617 0.684581
v 0.149193 -0.141992 0.730906
v 0.194055 -0.172054 0.707447
v 0.198844 -0.054830 0.706937
v 0.244213 -0.082328 0.688293
v -0.149088 -0.084706 0.722632
v -0.240270 -0.141887 0.684959
v -0.149057 -0.141933 0.731102
v -0.194057 -0.172263 0.707512
v -0.198780 -0.054789 0.706857
v -0.244209 -0.082462 0.688493
v 0.147451 0.081495 0.699912
v 0.240657 0.136006 0.669369
v 0.145143 0.134945 0.691200
v 0.191061 0.161769 0.676440
v 0.198195 0.055350 0.694778
v 0.246317 0.083269 0.680957
v -0.147640 0.081336 0.699761
v -0.240699 0.135963 0.669372
v -0.145044 0.135024 0.691209
v -0.191092 0.161765 0.676395
v -0.198079 0.055214 0.694484
v -0.246291 0.083237 0.680906
v 0.381188 -0.049887 0.622357
v 0.381524 0.054894 0.622045
v 0.427877 -0.022086 0.601501
v 0.427636 0.028398 0.601503
v 0.338721 -0.023520 0.648932
v 0.339379 0.029885 0.648664
v -0.381208 -0.049855 0.622614
v -0.381443 0.054870 0.622027
v -0.427891 -0.022097 0.601548
v -0.427523 0.028361 0.601520
v -0.338762 -0.023491 0.648998
v -0.339297 0.029855 0.648676
v 0.145077 -0.076605 -0.696440
v 0.234132 -0.133536 -0.658187
v 0.142372 -0.136003 -0.684928
v 0.186551 -0.161913 -0.668568
v 0.194317 -0.047442 -0.692207
v 0.238146 -0.076293 -0.669758
v -0.145279 -0.076591 -0.696954
v -0.234235 -0.133502 -0.658132
v -0.142321 -0.135906 -0.684787
v -0.186834 -0.162459 -0.668519
v -0.194374 -0.047210 -0.692309
v -0.238440 -0.077207 -0.670061
v 0.163175 0.099522 -0.774540
v 0.274637 0.160104 -0.766841
v 0.173125 0.158395 -0.813692
v 0.228551 0.191330 -0.800872
v 0.208795 0.069409 -0.742017
v 0.261165 0.098417 -0.734514
v -0.163219 0.099130 -0.774571
v -0.274795 0.160152 -0.766973
v -0.173129 0.158397 -0.814193
v -0.228437 0.191342 -0.800757
v -0.208691 0.069571 -0.741995
v -0.260760 0.098396 -0.734386
v 0.374860 -0.051178 -0.616732
v 0.382418 0.060979 -0.635217
v 0.416060 -0.023086 -0.594071
v 0.419684 0.030661 -0.601397
v 0.333791 -0.021495 -0.645106
v 0.338526 0.035600 -0.657607
v -0.374901 -0.051377 -0.616952
v -0.382728 0.061190 -0.635497
v -0.415812 -0.023170 -0.593957
v -0.420222 0.030620 -0.601607
v -0.333299 -0.021587 -0.644298
v -0.338573 0.036008 -0.657692
v -0.297857 0.491891 0.018747
v -0.294226 0.505151 -0.056876
v -0.250519 0.505008 0.017019
v -0.247000 0.520188 -0.065102
v -0.366128 0.460056 0.048100
v -0.279932 0.488792 0.056744
v -0.352283 0.453114 0.088504
v -0.362111 0.482480 -0.073539
v -0.274333 0.519972 -0.103968
v -0.347889 0.496423 -0.123296
v -0.410418 0.454497 -0.004844
v -0.389616 0.472613 -0.101227
v -0.438229 0.439525 -0.025515
v -0.394082 0.438722 0.078982
v -0.438391 0.431251 0.020576
v 0.297825 0.491825 0.018702
v 0.294229 0.505094 -0.057066
v 0.250451 0.504994 0.017003
v 0.246906 0.519766 -0.065239
v 0.366065 0.459987 0.048232
v 0.279709 0.488740 0.056951
v 0.352289 0.453065 0.088654
v 0.362557 0.482663 -0.073243
v 0.274660 0.520162 -0.103876
v 0.347924 0.496476 -0.123579
v 0.410317 0.454284 -0.004596
v 0.389605 0.472645 -0.101465
v 0.438095 0.439397 -0.025384
v 0.394140 0.438657 0.079175
v 0.438270 0.431192 0.020815
v -0.317582 -0.588903 0.041330
v -0.327986 -0.624159 -0.035094
v -0.270295 -0.607178 0.038166
v -0.293162 -0.672265 -0.037066
v -0.389799 -0.546301 0.072406
v -0.295200 -0.582874 0.087498
v -0.376210 -0.545124 0.121937
v -0.378599 -0.558930 -0.053234
v -0.327606 -0.669700 -0.079764
v -0.372033 -0.573069 -0.101071
v -0.412252 -0.515962 0.012714
v -0.396539 -0.522334 -0.079640
v -0.434204 -0.481937 -0.008673
v -0.415227 -0.520542 0.107281
v -0.440180 -0.484193 0.039696
v 0.317593 -0.588545 0.041251
v 0.327586 -0.624276 -0.035286
v 0.270434 -0.606918 0.038083
v 0.292577 -0.672596 -0.037025
v 0.389919 -0.546039 0.072379
v 0.295579 -0.583049 0.087223
v 0.376556 -0.544706 0.121659
v 0.378600 -0.559081 -0.053070
v 0.326871 -0.669928 -0.080152
v 0.372340 -0.573636 -0.101477
v 0.412023 -0.515999 0.012763
v 0.397063 -0.522686 -0.079431
v 0.434006 -0.481866 -0.008627
v 0.415224 -0.520261 0.107417
v 0.440228 -0.484170 0.039487
v -0.000174 -0.530773 0.691295
v -0.076602 -0.474953 0.701730
v -0.032371 -0.578935 0.679820
v -0.118628 -0.524151 0.696821
v 0.076589 -0.475388 0.701828
v 0.032400 -0.579100 0.679945
v 0.118172 -0.524278 0.697921
v 0.044007 -0.381613 0.718101
v -0.044422 -0.381459 0.717413
v 0.046391 -0.323092 0.729500
v -0.046978 -0.322932 0.729043
v 0.130686 -0.459243 0.701268
v 0.091879 -0.356565 0.717344
v -0.131199 -0.459256 0.701166
v -0.092203 -0.356653 0.717323
v -0.000001 0.338720 0.586950
v -0.062823 0.325681 0.615027
v -0.024387 0.349488 0.553022
v -0.093237 0.334648 0.587014
v 0.062822 0.325670 0.615029
v 0.024378 0.349487 0.553022
v 0.093230 0.334591 0.587020
v 0.038954 0.301876 0.655786
v -0.038958 0.301859 0.655781
v 0.042621 0.275294 0.672203
v -0.042624 0.275305 0.672194
v 0.109027 0.320454 0.615218
v 0.083028 0.290767 0.658553
v -0.109026 0.320430 0.615226
v -0.083033 0.290752 0.658559
v 0.000009 -0.340277 -0.579272
v -0.061486 -0.319882 -0.611194
v -0.023283 -0.362400 -0.539473
v -0.090382 -0.333631 -0.580435
v 0.061496 -0.319863 -0.611150
v 0.023379 -0.362592 -0.539604
v 0.090447 -0.333579 -0.580572
v 0.038718 -0.291616 -0.653975
v -0.038680 -0.291627 -0.654010
v 0.042787 -0.268892 -0.670494
v -0.042796 -0.268850 -0.670499
v 0.106899 -0.312847 -0.613252
v 0.082412 -0.281112 -0.657329
v -0.106854 -0.312864 -0.613285
v -0.082364 -0.281105 -0.657345
v -0.000197 0.493771 -0.673802
v -0.073657 0.442844 -0.693694
v -0.030273 0.538786 -0.654710
v -0.111586 0.479492 -0.674770
v 0.073639 0.442542 -0.693565
v 0.030500 0.539255 -0.655289
v 0.111390 0.478855 -0.674165
v 0.045116 0.367512 -0.733271
v -0.045140 0.367629 -0.733517
v 0.050048 0.320623 -0.759867
v -0.050457 0.320510 -0.760109
v 0.126184 0.426776 -0.694629
v 0.096419 0.347035 -0.741422
v -0.126667 0.427381 -0.694587
v -0.096296 0.347579 -0.741881
v 0.608538 0.052056 -0.410138
v 0.647687 0.031991 -0.346285
v 0.604491 0.089522 -0.394027
v 0.646075 0.066655 -0.322601
v 0.603206 -0.050871 -0.407189
v 0.645148 -0.030220 -0.345135
v 0.594976 -0.091171 -0.388713
v 0.640511 -0.068009 -0.320204
v 0.587940 0.001674 -0.451911
v 0.573685 -0.078570 -0.430832
v 0.559535 -0.019573 -0.480908
v 0.581916 0.078473 -0.436304
v 0.562021 0.022366 -0.483050
v 0.661861 0.034553 -0.296661
v 0.659324 -0.034120 -0.295755
v 0.625963 0.052311 0.410503
v 0.667687 0.031560 0.346159
v 0.617430 0.093166 0.392490
v 0.664570 0.068971 0.323334
v 0.626609 -0.052172 0.409734
v 0.667353 -0.032485 0.345833
v 0.618250 -0.092110 0.390994
v 0.664239 -0.069409 0.322798
v 0.604707 -0.000162 0.452233
v 0.595407 -0.078744 0.432778
v 0.575092 -0.020075 0.482640
v 0.593501 0.080287 0.433844
v 0.574396 0.021054 0.482977
v 0.686834 0.034809 0.300200
v 0.686119 -0.035618 0.300105
v -0.608606 0.052072 -0.410118
v -0.647684 0.032000 -0.346294
v -0.604492 0.089487 -0.394061
v -0.646040 0.066709 -0.322636
v -0.603245 -0.050867 -0.407243
v -0.645168 -0.030242 -0.345116
v -0.595141 -0.091189 -0.388930
v -0.640523 -0.067995 -0.320237
v -0.587928 0.001673 -0.451910
v -0.573616 -0.078563 -0.430729
v -0.559513 -0.019545 -0.480902
v -0.581910 0.078432 -0.436359
v -0.562069 0.022467 -0.483036
v -0.661840 0.034547 -0.296669
v -0.659390 -0.034128 -0.295795
v -0.625956 0.052300 0.410503
v -0.667683 0.031555 0.346162
v -0.617409 0.093157 0.392493
v -0.664545 0.068966 0.323324
v -0.626616 -0.052157 0.409731
v -0.667334 -0.032478 0.345823
v -0.618245 -0.092199 0.391014
v -0.664228 -0.069399 0.322775
v -0.604691 -0.000143 0.452233
v -0.595379 -0.078850 0.432886
v -0.575083 -0.020089 0.482651
v -0.593534 0.080301 0.433900
v -0.574400 0.021064 0.482967
v -0.686834 0.034816 0.300202
v -0.686153 -0.035595 0.300109
v -0.053963 0.539722 -0.000604
v -0.043141 0.561179 -0.072877
v -0.095779 0.535480 0.004422
v -0.080045 0.556097 -0.068792
v 0.053962 0.539804 -0.000563
v 0.043011 0.561168 -0.072823
v 0.095795 0.535475 0.004489
v 0.079886 0.555803 -0.068720
v 0.000037 0.531310 0.030809
v -0.077255 0.526696 0.038031
v -0.019052 0.517352 0.069899
v 0.000015 0.576515 -0.125525
v -0.052849 0.567924 -0.108617
v -0.017464 0.591188 -0.176701
v 0.077242 0.526835 0.038007
v 0.019030 0.517609 0.069893
v 0.052671 0.567814 -0.108466
v 0.017669 0.591853 -0.177088
v -0.198248 0.442004 0.228387
v -0.279296 0.412434 0.271816
v -0.219058 0.455205 0.182262
v -0.299577 0.423739 0.223305
v -0.129052 0.401360 0.373546
v -0.209099 0.377557 0.419602
v -0.103504 0.387803 0.421734
v -0.182293 0.366025 0.467529
v -0.125598 0.434628 0.276506
v -0.169042 0.464060 0.181777
v -0.097803 0.454393 0.227502
v -0.287045 0.380943 0.366423
v -0.330361 0.402400 0.266325
v -0.338883 0.371557 0.359899
v -0.077200 0.404902 0.373789
v -0.074935 0.438281 0.276397
v -0.234104 0.359456 0.462269
v -0.314742 0.361558 0.410087
v -0.206975 0.636365 -0.339843
v -0.312386 0.614666 -0.366212
v -0.222879 0.595255 -0.273802
v -0.320333 0.579355 -0.300029
v -0.166770 0.712882 -0.503990
v -0.232961 0.601587 -0.523166
v -0.132838 0.661589 -0.550923
v -0.210576 0.578750 -0.572985
v -0.173893 0.811605 -0.409982
v -0.169414 0.616384 -0.287104
v -0.112535 0.690653 -0.353950
v -0.327547 0.593938 -0.461161
v -0.378790 0.596804 -0.342973
v -0.408157 0.581911 -0.460107
v -0.107511 0.707881 -0.502946
v -0.100707 0.732949 -0.404304
v -0.255498 0.542840 -0.548881
v -0.339967 0.534475 -0.482678
v -0.481077 0.378932 -0.211270
v -0.534204 0.340176 -0.124954
v -0.461027 0.412009 -0.184056
v -0.512701 0.372113 -0.098170
v -0.546072 0.256765 -0.294173
v -0.596340 0.225464 -0.210141
v -0.569822 0.213818 -0.323574
v -0.614414 0.184617 -0.239557
v -0.484587 0.340216 -0.294422
v -0.444135 0.421739 -0.241335
v -0.444722 0.386172 -0.323466
v -0.590052 0.269120 -0.123981
v -0.547535 0.340025 -0.068925
v -0.602678 0.272877 -0.067449
v -0.530054 0.250593 -0.349385
v -0.466681 0.338127 -0.349652
v -0.627897 0.189815 -0.182202
v -0.623659 0.234775 -0.095504
v -0.509255 0.346458 0.211663
v -0.553619 0.330450 0.138774
v -0.482038 0.369876 0.178472
v -0.525373 0.356197 0.108560
v -0.571748 0.262597 0.300889
v -0.619389 0.236356 0.223027
v -0.584806 0.223882 0.325976
v -0.632634 0.194933 0.248649
v -0.517000 0.315889 0.295865
v -0.468789 0.363109 0.229667
v -0.475541 0.332881 0.315620
v -0.609381 0.274583 0.143895
v -0.558742 0.334360 0.087501
v -0.614116 0.276397 0.091848
v -0.551230 0.255186 0.352097
v -0.496473 0.308687 0.347688
v -0.646953 0.200104 0.197161
v -0.636204 0.241200 0.118520
v 0.198437 0.441892 0.228404
v 0.279396 0.412594 0.271850
v 0.219184 0.455131 0.182123
v 0.299607 0.423859 0.223322
v 0.129255 0.401296 0.373733
v 0.209120 0.377632 0.419575
v 0.103591 0.387751 0.422222
v 0.182335 0.366141 0.467592
v 0.125573 0.435132 0.276895
v 0.168757 0.462985 0.181609
v 0.097715 0.454572 0.227390
v 0.077202 0.404857 0.373983
v 0.074990 0.439585 0.276700
v 0.287107 0.381053 0.366394
v 0.330327 0.402441 0.266271
v 0.338894 0.371557 0.359912
v 0.234081 0.359509 0.462279
v 0.314720 0.361522 0.410123
v 0.206868 0.636082 -0.340238
v 0.313414 0.616600 -0.367433
v 0.222743 0.594580 -0.274813
v 0.321505 0.580824 -0.301667
v 0.167137 0.713126 -0.504025
v 0.233326 0.600987 -0.523481
v 0.133015 0.661611 -0.550947
v 0.210593 0.578750 -0.573319
v 0.172581 0.811418 -0.409648
v 0.169639 0.616716 -0.287174
v 0.112145 0.690339 -0.354026
v 0.108010 0.707608 -0.503527
v 0.100272 0.733044 -0.404678
v 0.326692 0.592989 -0.462818
v 0.382886 0.603104 -0.345238
v 0.406273 0.577941 -0.459716
v 0.255016 0.542788 -0.549243
v 0.338971 0.532877 -0.483714
v 0.480854 0.378822 -0.211145
v 0.534376 0.339959 -0.124791
v 0.460859 0.411718 -0.184709
v 0.512752 0.372097 -0.097991
v 0.546553 0.256830 -0.294434
v 0.596284 0.225451 -0.209920
v 0.569677 0.213810 -0.323340
v 0.614342 0.184605 -0.239500
v 0.484547 0.340138 -0.294762
v 0.444676 0.421786 -0.241876
v 0.444711 0.385975 -0.324198
v 0.590657 0.269509 -0.123442
v 0.547567 0.340136 -0.068762
v 0.602725 0.272831 -0.067508
v 0.529881 0.250758 -0.349017
v 0.466593 0.337711 -0.349652
v 0.627867 0.189916 -0.182201
v 0.623530 0.234751 -0.095568
v 0.509247 0.346477 0.211646
v 0.553647 0.330458 0.138790
v 0.482052 0.369894 0.178451
v 0.525412 0.356164 0.108591
v 0.571742 0.262597 0.300875
v 0.619379 0.236392 0.223001
v 0.584816 0.223883 0.325978
v 0.632622 0.194960 0.248641
v 0.516983 0.315878 0.295828
v 0.468787 0.363122 0.229614
v 0.475563 0.332925 0.315607
v 0.609386 0.274590 0.143881
v 0.558807 0.334379 0.087556
v 0.614153 0.276366 0.091814
v 0.551226 0.255178 0.352096
v 0.496482 0.308676 0.347661
v 0.646937 0.200109 0.197126
v 0.636213 0.241215 0.118518
v -0.069181 -0.648544 0.055231
v -0.080229 -0.673534 -0.034483
v -0.116928 -0.647691 0.048711
v -0.131734 -0.701202 -0.037051
v 0.068823 -0.649339 0.054957
v 0.079735 -0.673300 -0.034231
v 0.116742 -0.647770 0.048732
v 0.131021 -0.700211 -0.037428
v -0.000038 -0.638276 0.111184
v -0.082713 -0.633941 0.095603
v -0.021505 -0.630681 0.166496
v -0.000066 -0.641838 -0.069415
v -0.108681 -0.706036 -0.082635
v -0.034613 -0.632826 -0.112385
v 0.083010 -0.633706 0.096005
v 0.021016 -0.630679 0.166090
v 0.108282 -0.704672 -0.082277
v 0.034308 -0.632822 -0.112078
v -0.203473 -0.590736 0.348984
v -0.298881 -0.570281 0.367784
v -0.225105 -0.579159 0.271389
v -0.315235 -0.553641 0.299554
v -0.169414 -0.807389 0.539065
v -0.303540 -0.715666 0.588655
v -0.128542 -0.781344 0.623191
v -0.268669 -0.715191 0.664030
v -0.139096 -0.672536 0.415233
v -0.167121 -0.593165 0.283222
v -0.094363 -0.629917 0.356988
v -0.322084 -0.583187 0.469510
v -0.346596 -0.538328 0.338012
v -0.356966 -0.526745 0.431778
v -0.095716 -0.727874 0.535799
v -0.082078 -0.668683 0.413534
v -0.316700 -0.636283 0.619115
v -0.343979 -0.541415 0.494905
v -0.236027 -0.658260 -0.299931
v -0.293664 -0.535718 -0.294471
v -0.279334 -0.725916 -0.271201
v -0.336808 -0.573068 -0.264293
v -0.128864 -0.483499 -0.376092
v -0.199284 -0.425809 -0.406704
v -0.101078 -0.447634 -0.415900
v -0.172424 -0.398910 -0.451745
v -0.137783 -0.579003 -0.308503
v -0.203980 -0.739991 -0.275542
v -0.112767 -0.620181 -0.271106
v -0.273025 -0.434655 -0.353804
v -0.332118 -0.495216 -0.274682
v -0.318207 -0.410873 -0.344300
v -0.078009 -0.487822 -0.378081
v -0.082541 -0.569826 -0.303981
v -0.221300 -0.385686 -0.446551
v -0.294432 -0.389869 -0.392156
v -0.483225 -0.354324 -0.194887
v -0.535210 -0.331040 -0.116798
v -0.458100 -0.393856 -0.162855
v -0.508271 -0.367607 -0.086946
v -0.556726 -0.250399 -0.296592
v -0.602718 -0.227814 -0.211390
v -0.572189 -0.216587 -0.325645
v -0.615219 -0.190222 -0.240682
v -0.494850 -0.308172 -0.285082
v -0.443174 -0.384628 -0.215446
v -0.452020 -0.334015 -0.303692
v -0.598498 -0.267688 -0.122248
v -0.547118 -0.335709 -0.061725
v -0.608600 -0.272077 -0.065885
v -0.538473 -0.242932 -0.351908
v -0.479533 -0.297806 -0.342395
v -0.629431 -0.195033 -0.183084
v -0.628850 -0.237709 -0.095682
v -0.503095 -0.393647 0.225935
v -0.546214 -0.352980 0.146465
v -0.481476 -0.428497 0.199462
v -0.520516 -0.386687 0.120813
v -0.562339 -0.272657 0.298208
v -0.613911 -0.240362 0.220924
v -0.577766 -0.227492 0.321854
v -0.629140 -0.197155 0.246330
v -0.506212 -0.353815 0.302737
v -0.470195 -0.433579 0.254186
v -0.469741 -0.394400 0.332488
v -0.605215 -0.281748 0.144812
v -0.552441 -0.349747 0.094717
v -0.612096 -0.281150 0.093189
v -0.541979 -0.265513 0.348134
v -0.485642 -0.349538 0.354473
v -0.644851 -0.202782 0.195457
v -0.634635 -0.245036 0.118259
v 0.203697 -0.590625 0.349385
v 0.298891 -0.570175 0.368472
v 0.225208 -0.578979 0.271497
v 0.315269 -0.553565 0.299831
v 0.169080 -0.806847 0.539039
v 0.303127 -0.716682 0.588567
v 0.126464 -0.779654 0.621206
v 0.268093 -0.717336 0.663741
v 0.139311 -0.672366 0.415394
v 0.167237 -0.593063 0.283379
v 0.094680 -0.630009 0.357111
v 0.095802 -0.727811 0.535215
v 0.082123 -0.669009 0.413589
v 0.322338 -0.584254 0.469310
v 0.346363 -0.537997 0.337722
v 0.356997 -0.526578 0.431815
v 0.316158 -0.637005 0.619576
v 0.343494 -0.542093 0.495519
v 0.235127 -0.657490 -0.299644
v 0.294080 -0.536651 -0.294989
v 0.278791 -0.726090 -0.271525
v 0.336116 -0.572558 -0.263754
v 0.128881 -0.483624 -0.376072
v 0.199352 -0.426082 -0.406634
v 0.100917 -0.447742 -0.416040
v 0.172330 -0.399453 -0.451420
v 0.137465 -0.579236 -0.309397
v 0.202858 -0.739799 -0.275767
v 0.111981 -0.620113 -0.270621
v 0.077647 -0.487829 -0.377809
v 0.082564 -0.569950 -0.303646
v 0.272809 -0.434290 -0.353976
v 0.331963 -0.495186 -0.274610
v 0.318249 -0.410949 -0.344415
v 0.221238 -0.385732 -0.446739
v 0.294465 -0.390282 -0.392283
v 0.483335 -0.354086 -0.194853
v 0.535542 -0.330778 -0.116643
v 0.457761 -0.393280 -0.162596
v 0.508193 -0.367598 -0.086833
v 0.556651 -0.250468 -0.296621
v 0.602762 -0.227811 -0.211390
v 0.572260 -0.216571 -0.325622
v 0.615144 -0.190108 -0.240614
v 0.494682 -0.308282 -0.285061
v 0.443135 -0.384407 -0.215194
v 0.452163 -0.334026 -0.303665
v 0.598431 -0.267783 -0.122271
v 0.546842 -0.335847 -0.061814
v 0.608526 -0.272147 -0.065928
v 0.538507 -0.243006 -0.351830
v 0.479427 -0.297695 -0.342256
v 0.629294 -0.194989 -0.182945
v 0.628860 -0.237701 -0.095676
v 0.502999 -0.393465 0.225865
v 0.546520 -0.353010 0.146525
v 0.481333 -0.428526 0.199518
v 0.520118 -0.386626 0.120661
v 0.562172 -0.272485 0.297862
v 0.613864 -0.240373 0.220985
v 0.577822 -0.227452 0.321590
v 0.629082 -0.197148 0.246388
v 0.506129 -0.353748 0.302684
v 0.470099 -0.433427 0.253938
v 0.469437 -0.394347 0.332349
v 0.605194 -0.281734 0.144747
v 0.552145 -0.349857 0.094842
v 0.612069 -0.281066 0.093269
v 0.542135 -0.265418 0.348067
v 0.485751 -0.349626 0.354626
v 0.644757 -0.202825 0.195389
v 0.634636 -0.245015 0.118274
v 0.049909 -0.084392 0.748658
v -0.049831 -0.084734 0.748857
v 0.049609 -0.141360 0.767729
v -0.049472 -0.141119 0.767477
v 0.049133 0.080810 0.715143
v -0.049102 0.080990 0.714882
v 0.048197 0.135062 0.705957
v -0.048072 0.135067 0.705943
v 0.099087 -0.001199 0.720325
v 0.099323 -0.113541 0.741348
v 0.149230 -0.028376 0.714957
v -0.099790 -0.001163 0.720552
v -0.099347 -0.113357 0.741292
v -0.149229 -0.028555 0.715422
v 0.097503 0.107906 0.703868
v 0.149115 0.026959 0.707882
v -0.097542 0.107894 0.703710
v -0.148723 0.026972 0.708125
v 0.312966 -0.325012 0.618515
v 0.278146 -0.232235 0.653501
v 0.275733 -0.365720 0.652517
v 0.234084 -0.266833 0.677444
v 0.433639 -0.208161 0.529426
v 0.412352 -0.129727 0.581977
v 0.475483 -0.172597 0.503938
v 0.459458 -0.097299 0.561618
v 0.383155 -0.305445 0.545919
v 0.312084 -0.393949 0.618346
v 0.374812 -0.366233 0.536141
v 0.463475 -0.226686 0.487239
v 0.411936 -0.321627 0.501772
v 0.328445 -0.137385 0.636343
v 0.236870 -0.202979 0.680366
v 0.286664 -0.110902 0.663375
v 0.422371 -0.074651 0.594051
v 0.333825 -0.079530 0.642868
v -0.312725 -0.324967 0.617799
v -0.278260 -0.232349 0.653251
v -0.276224 -0.365702 0.651888
v -0.234687 -0.266194 0.677573
v -0.433200 -0.207998 0.529293
v -0.412889 -0.129502 0.582549
v -0.475676 -0.172304 0.503765
v -0.459578 -0.097284 0.561678
v -0.382634 -0.305200 0.545726
v -0.312277 -0.393616 0.618179
v -0.375279 -0.366064 0.535905
v -0.463269 -0.226576 0.486985
v -0.412149 -0.321862 0.502039
v -0.328198 -0.137700 0.635665
v -0.236926 -0.203024 0.680745
v -0.286677 -0.110528 0.663390
v -0.422390 -0.074577 0.594326
v -0.333820 -0.079670 0.642805
v 0.304927 0.271721 0.586733
v 0.274986 0.210174 0.631727
v 0.256929 0.289160 0.599516
v 0.227923 0.235705 0.645101
v 0.439488 0.200640 0.531908
v 0.413255 0.129339 0.580939
v 0.479597 0.169595 0.506895
v 0.458443 0.101199 0.561928
v 0.386474 0.268508 0.534663
v 0.292460 0.301505 0.564626
v 0.372907 0.298046 0.509959
v 0.470917 0.217726 0.491000
v 0.418246 0.281258 0.492696
v 0.328188 0.132967 0.628021
v 0.234679 0.187797 0.657713
v 0.288059 0.108706 0.656129
v 0.421591 0.078730 0.593456
v 0.334917 0.081696 0.640254
v -0.304919 0.271738 0.586725
v -0.274989 0.210223 0.631736
v -0.256936 0.289172 0.599506
v -0.227907 0.235753 0.645099
v -0.439489 0.200639 0.531904
v -0.413251 0.129354 0.580925
v -0.479456 0.169500 0.506784
v -0.458466 0.101213 0.561909
v -0.386465 0.268514 0.534656
v -0.292460 0.301492 0.564636
v -0.372915 0.298049 0.509963
v -0.470897 0.217761 0.491029
v -0.418247 0.281263 0.492684
v -0.328188 0.132969 0.628026
v -0.234720 0.187852 0.657729
v -0.288076 0.108686 0.656165
v -0.421566 0.078726 0.593457
v -0.334895 0.081677 0.640270
v 0.049081 -0.076737 -0.708716
v -0.049405 -0.076632 -0.708331
v 0.047862 -0.135547 -0.696646
v -0.047786 -0.135087 -0.696240
v 0.054811 0.100253 -0.779470
v -0.054725 0.100375 -0.778944
v 0.057206 0.159323 -0.804256
v -0.057089 0.159305 -0.802517
v 0.102094 0.011908 -0.734195
v 0.096458 -0.106877 -0.697696
v 0.149115 -0.017509 -0.713583
v -0.102128 0.011870 -0.734164
v -0.096180 -0.106617 -0.697882
v -0.149417 -0.017943 -0.714761
v 0.113063 0.128067 -0.802000
v 0.154636 0.041238 -0.739995
v -0.112973 0.128972 -0.800502
v -0.154911 0.040722 -0.739851
v 0.299975 -0.260744 -0.586743
v 0.272773 -0.211191 -0.630128
v 0.252009 -0.277042 -0.598028
v 0.224890 -0.232282 -0.641926
v 0.431680 -0.195123 -0.531858
v 0.403988 -0.127625 -0.575089
v 0.471315 -0.168036 -0.508664
v 0.444986 -0.098950 -0.552684
v 0.378662 -0.254618 -0.534937
v 0.285787 -0.288828 -0.562689
v 0.363062 -0.284398 -0.508821
v 0.462871 -0.210712 -0.494207
v 0.408107 -0.266206 -0.492491
v 0.324040 -0.134293 -0.623518
v 0.230514 -0.187842 -0.650215
v 0.281306 -0.105492 -0.646636
v 0.410920 -0.076461 -0.585401
v 0.328484 -0.078304 -0.633275
v -0.299957 -0.260693 -0.586702
v -0.272686 -0.211120 -0.630014
v -0.251971 -0.277015 -0.597975
v -0.224783 -0.232348 -0.641825
v -0.431603 -0.195163 -0.531770
v -0.404014 -0.127519 -0.575087
v -0.471238 -0.168099 -0.508612
v -0.445048 -0.098833 -0.552724
v -0.378616 -0.254569 -0.534940
v -0.285685 -0.288776 -0.562655
v -0.363003 -0.284371 -0.508769
v -0.462837 -0.210763 -0.494215
v -0.408050 -0.266170 -0.492419
v -0.323780 -0.134018 -0.623488
v -0.230464 -0.187426 -0.650225
v -0.281761 -0.105522 -0.646976
v -0.410931 -0.076212 -0.585403
v -0.329060 -0.078504 -0.633458
v 0.312416 0.310396 -0.634379
v 0.301101 0.238370 -0.709542
v 0.270536 0.345667 -0.659541
v 0.257667 0.272375 -0.738462
v 0.438801 0.203080 -0.550866
v 0.429362 0.137424 -0.615648
v 0.480264 0.168636 -0.523076
v 0.464161 0.105066 -0.579315
v 0.379393 0.291120 -0.556973
v 0.298003 0.365896 -0.611658
v 0.363308 0.345493 -0.534685
v 0.463294 0.218234 -0.501897
v 0.403785 0.307071 -0.506643
v 0.351362 0.150436 -0.684657
v 0.272073 0.218960 -0.765268
v 0.307636 0.125864 -0.712895
v 0.424045 0.084131 -0.608448
v 0.345127 0.092902 -0.672075
v -0.312803 0.310568 -0.634440
v -0.300873 0.238561 -0.709638
v -0.270865 0.345870 -0.659728
v -0.257848 0.272786 -0.738957
v -0.438778 0.203380 -0.550743
v -0.429046 0.136901 -0.615468
v -0.480171 0.168893 -0.523201
v -0.463858 0.104647 -0.579199
v -0.379457 0.291652 -0.556564
v -0.297632 0.366174 -0.611597
v -0.363175 0.346338 -0.534389
v -0.463325 0.218007 -0.502181
v -0.404109 0.307055 -0.506315
v -0.351345 0.150224 -0.684631
v -0.272062 0.219038 -0.765180
v -0.307234 0.125688 -0.713255
v -0.424542 0.084477 -0.609194
v -0.345062 0.092818 -0.672306
v 0.720650 0.039691 -0.070035
v 0.717496 -0.040646 -0.069779
v 0.707100 0.038866 -0.127103
v 0.703763 -0.039626 -0.126764
v 0.728634 0.040750 0.092325
v 0.726201 -0.041618 0.092548
v 0.723061 0.040140 0.146484
v 0.720935 -0.040780 0.146620
v 0.720760 0.081391 0.011726
v 0.702898 0.078606 -0.098408
v 0.702054 0.121778 -0.014847
v 0.714003 0.081194 0.119022
v 0.702041 0.122517 0.038731
v 0.716159 -0.083965 0.012049
v 0.696820 -0.081105 -0.098228
v 0.697549 -0.125999 -0.014966
v 0.710288 -0.082771 0.119061
v 0.698663 -0.126037 0.038654
v -0.720625 0.039707 -0.070003
v -0.717499 -0.040701 -0.069759
v -0.707078 0.038892 -0.127068
v -0.703842 -0.039641 -0.126741
v -0.728642 0.040741 0.092321
v -0.726176 -0.041623 0.092553
v -0.722985 0.040099 0.146458
v -0.720958 -0.040822 0.146623
v -0.720734 0.081382 0.011731
v -0.702900 0.078643 -0.098421
v -0.702050 0.121786 -0.014827
v -0.713989 0.081193 0.119030
v -0.702042 0.122521 0.038756
v -0.716136 -0.084000 0.012019
v -0.696980 -0.081087 -0.098274
v -0.697455 -0.125979 -0.014943
v -0.710328 -0.082779 0.119051
v -0.698627 -0.126047 0.038665
v -0.178586 0.508905 0.052206
v -0.209345 0.489620 0.095149
v -0.171462 0.550715 -0.118435
v -0.204328 0.556733 -0.165772
v -0.158700 0.497830 0.092030
v -0.149999 0.570307 -0.171019
v -0.365449 0.421905 0.168925
v -0.410624 0.408209 0.158373
v -0.395430 0.399701 0.206931
v -0.366315 0.509020 -0.213915
v -0.403406 0.473569 -0.186091
v -0.396042 0.496914 -0.245784
v -0.497404 0.393536 -0.020616
v -0.498439 0.387253 0.028950
v -0.528713 0.365446 0.007653
v 0.178567 0.508957 0.052371
v 0.209397 0.489577 0.095430
v 0.171405 0.550908 -0.118358
v 0.204346 0.556508 -0.165989
v 0.158730 0.497747 0.092040
v 0.150008 0.570341 -0.170823
v 0.365515 0.421878 0.168932
v 0.410665 0.408135 0.158494
v 0.395441 0.399649 0.206949
v 0.367189 0.509870 -0.214322
v 0.403330 0.473410 -0.186617
v 0.396607 0.497311 -0.247521
v 0.497416 0.393535 -0.020550
v 0.498443 0.387250 0.029137
v 0.528720 0.365393 0.007802
v -0.188428 -0.611322 0.091588
v -0.216835 -0.590969 0.147384
v -0.229609 -0.785396 -0.079424
v -0.276337 -0.786875 -0.152362
v -0.160599 -0.603212 0.151545
v -0.193498 -0.799984 -0.148332
v -0.389174 -0.525542 0.216793
v -0.428603 -0.496322 0.194866
v -0.413400 -0.500902 0.251881
v -0.375009 -0.526686 -0.180601
v -0.399889 -0.474918 -0.154384
v -0.384119 -0.466953 -0.204174
v -0.489469 -0.410307 -0.007662
v -0.494039 -0.415138 0.043124
v -0.522782 -0.377721 0.017974
v 0.188509 -0.611256 0.091624
v 0.216612 -0.590844 0.147358
v 0.227954 -0.785826 -0.079489
v 0.275675 -0.787160 -0.152379
v 0.160649 -0.603051 0.151597
v 0.191280 -0.799850 -0.147751
v 0.389440 -0.525571 0.216569
v 0.428488 -0.496203 0.194843
v 0.413328 -0.500784 0.251736
v 0.374492 -0.526744 -0.180710
v 0.399930 -0.475165 -0.154749
v 0.384368 -0.467508 -0.204618
v 0.489391 -0.410388 -0.007867
v 0.494021 -0.415281 0.043055
v 0.522302 -0.377800 0.017755
v -0.035621 -0.642524 0.623208
v 0.035223 -0.642511 0.623062
v -0.236023 -0.567272 0.697711
v -0.239065 -0.481314 0.690349
v 0.000148 -0.640068 0.569119
v -0.287873 -0.525914 0.671811
v 0.235295 -0.567506 0.697718
v 0.238674 -0.481541 0.690384
v 0.287354 -0.526085 0.672278
v 0.096732 -0.232917 0.738184
v 0.143717 -0.265475 0.717952
v -0.096927 -0.233032 0.738185
v -0.143763 -0.265579 0.718689
v 0.145721 -0.203102 0.724243
v -0.146033 -0.203169 0.725216
v -0.025759 0.376158 0.468428
v 0.025752 0.376104 0.468362
v -0.174851 0.339390 0.550270
v -0.192631 0.322742 0.581677
v 0.000026 0.391216 0.422148
v -0.225717 0.332367 0.544187
v 0.174832 0.339283 0.550285
v 0.192634 0.322764 0.581654
v 0.225696 0.332300 0.544175
v 0.092526 0.211324 0.684088
v 0.137012 0.235812 0.670908
v -0.092570 0.211323 0.684095
v -0.137032 0.235768 0.670843
v 0.141364 0.186558 0.680819
v -0.141317 0.186494 0.680775
v -0.024703 -0.419232 -0.458119
v 0.024734 -0.419278 -0.458336
v -0.167063 -0.342636 -0.538238
v -0.186622 -0.315740 -0.575863
v -0.000032 -0.452943 -0.418054
v -0.216179 -0.331213 -0.533384
v 0.167015 -0.342555 -0.538266
v 0.186583 -0.315647 -0.575846
v 0.216222 -0.331278 -0.533224
v 0.092997 -0.218948 -0.682764
v 0.135700 -0.236576 -0.669632
v -0.093031 -0.219005 -0.682745
v -0.135632 -0.236659 -0.669552
v 0.140015 -0.194213 -0.677989
v -0.140027 -0.194064 -0.678114
v -0.035279 0.638782 -0.606965
v 0.035500 0.638760 -0.606919
v -0.209687 0.499398 -0.648857
v -0.219610 0.438309 -0.664461
v -0.000059 0.676124 -0.562060
v -0.246095 0.461312 -0.619219
v 0.209984 0.499169 -0.648603
v 0.219897 0.438389 -0.664592
v 0.246080 0.461298 -0.619230
v 0.114176 0.248079 -0.807173
v 0.164711 0.276230 -0.785819
v -0.114024 0.247874 -0.806993
v -0.164567 0.276074 -0.785564
v 0.173288 0.221246 -0.814097
v -0.173395 0.221228 -0.814125
v 0.567169 0.162024 -0.400916
v 0.543241 0.150618 -0.448348
v 0.652539 0.109296 -0.240682
v 0.674269 0.074038 -0.213242
v 0.529843 0.195615 -0.427117
v 0.666425 0.113253 -0.183775
v 0.558121 -0.165467 -0.396303
v 0.533322 -0.152383 -0.440722
v 0.646622 -0.113149 -0.239470
v 0.668505 -0.076472 -0.212360
v 0.526170 -0.196276 -0.424565
v 0.661769 -0.117409 -0.183284
v 0.491502 -0.022328 -0.537856
v 0.495084 0.026492 -0.542431
v 0.456457 0.002794 -0.569288
v 0.573953 0.170523 0.396852
v 0.547783 0.156196 0.440742
v 0.672563 0.114949 0.248878
v 0.699796 0.077147 0.224638
v 0.538513 0.203117 0.422376
v 0.686923 0.119016 0.197774
v 0.570908 -0.170434 0.392422
v 0.544574 -0.156353 0.436509
v 0.671599 -0.116068 0.248201
v 0.697527 -0.078137 0.224723
v 0.533132 -0.206115 0.417245
v 0.684878 -0.120636 0.197319
v 0.509991 -0.020918 0.548295
v 0.508823 0.025001 0.548703
v 0.471678 0.002811 0.577803
v -0.567046 0.161840 -0.401009
v -0.543203 0.150460 -0.448421
v -0.652555 0.109323 -0.240724
v -0.674212 0.074000 -0.213265
v -0.529830 0.195705 -0.427078
v -0.666439 0.113269 -0.183803
v -0.558126 -0.165494 -0.396307
v -0.533321 -0.152474 -0.440848
v -0.646787 -0.113188 -0.239455
v -0.668017 -0.076216 -0.212020
v -0.526163 -0.196225 -0.424477
v -0.661133 -0.117169 -0.183445
v -0.491450 -0.022383 -0.537804
v -0.494840 0.026324 -0.542411
v -0.456067 0.003053 -0.569247
v -0.573963 0.170549 0.396867
v -0.547817 0.156186 0.440769
v -0.672564 0.114950 0.248877
v -0.699810 0.077137 0.224637
v -0.538480 0.203115 0.422386
v -0.686939 0.119015 0.197775
v -0.571243 -0.170558 0.392465
v -0.544680 -0.156211 0.436652
v -0.671619 -0.116098 0.248192
v -0.697495 -0.078140 0.224700
v -0.532297 -0.206163 0.416999
v -0.684862 -0.120639 0.197291
v -0.509857 -0.021015 0.548388
v -0.508807 0.025019 0.548683
v -0.471539 0.002757 0.577893
v -0.023305 0.476860 0.174907
v 0.023322 0.477177 0.175019
v -0.000228 0.458698 0.225623
v -0.024073 0.639694 -0.291402
v 0.024170 0.639731 -0.291481
v -0.000039 0.669184 -0.347791
v -0.410898 0.339826 0.385327
v -0.385335 0.331056 0.434575
v -0.431030 0.317810 0.418505
v -0.394251 0.436550 -0.411189
v -0.371597 0.421530 -0.462573
v -0.409013 0.375991 -0.432770
v -0.639325 0.241150 0.013766
v -0.661023 0.202181 -0.013418
v -0.662478 0.203492 0.039719
v 0.410919 0.339844 0.385314
v 0.385359 0.331069 0.434550
v 0.431066 0.317803 0.418478
v 0.394410 0.435708 -0.411920
v 0.371870 0.421313 -0.463007
v 0.409096 0.375866 -0.432866
v 0.639259 0.241177 0.013797
v 0.660977 0.202180 -0.013379
v 0.662480 0.203504 0.039714
v -0.021772 -0.629974 0.289190
v 0.022000 -0.629656 0.289241
v -0.000080 -0.643855 0.351240
v -0.031492 -0.611106 -0.209681
v 0.031397 -0.610975 -0.209591
v -0.000042 -0.591030 -0.256746
v -0.411157 -0.435001 0.418511
v -0.389680 -0.433051 0.472674
v -0.425486 -0.385733 0.437597
v -0.387422 -0.345802 -0.370898
v -0.365057 -0.330917 -0.421854
v -0.412159 -0.309335 -0.409566
v -0.641279 -0.243976 0.013687
v -0.662436 -0.207231 -0.013944
v -0.662887 -0.207767 0.039200
v 0.410835 -0.434949 0.418504
v 0.389577 -0.433648 0.473249
v 0.425318 -0.385895 0.437800
v 0.387574 -0.345493 -0.370827
v 0.365394 -0.330294 -0.422365
v 0.412003 -0.309468 -0.409274
v 0.641253 -0.243890 0.013722
v 0.662394 -0.207205 -0.013890
v 0.662887 -0.207729 0.039168
v 0.248590 -0.024765 0.691838
v 0.248989 0.029680 0.688169
v 0.295543 0.003531 0.672756
v -0.248439 -0.024713 0.691754
v -0.248868 0.029619 0.688123
v -0.295429 0.003509 0.672771
v 0.243739 -0.018754 -0.685103
v 0.251012 0.039201 -0.706721
v 0.291994 0.008693 -0.674240
v -0.243762 -0.018983 -0.685472
v -0.250668 0.039510 -0.706868
v -0.292068 0.008685 -0.674242
f 1 647 644
f 1 644 643
f 1 643 645
f 1 645 646
f 1 646 647
f 2 649 652
f 6 672 670
f 12 702 699
f 11 696 695
f 8 679 681
f 4 662 659
f 4 659 658
f 4 658 660
f 4 660 661
f 4 661 662
f 5 666 665
f 3 654 657
f 7 673 677
f 9 685 686
f 10 692 688
f 12 701 698
f 6 669 668
f 2 650 648
f 8 682 678
f 11 697 693
f 6 671 669
f 12 700 701
f 11 694 697
f 8 680 682
f 2 651 650
f 10 690 689
f 5 663 664
f 3 655 653
f 7 676 674
f 9 687 684
f 10 691 690
f 5 667 663
f 3 656 655
f 7 675 676
f 9 683 687
f 6 668 672
f 2 648 649
f 8 678 679
f 11 693 696
f 12 698 702
f 10 688 691
f 5 665 667
f 3 657 656
f 7 677 675
f 9 686 683
f 5 664 666
f 3 653 654
f 7 674 673
f 9 684 685
f 10 689 692
f 6 670 671
f 12 699 700
f 11 695 694
f 8 681 680
f 2 652 651
f 35 837 838
f 18 735 736
f 19 742 741
f 40 868 867
f 42 880 879
f 34 832 831
f 33 827 828
f 25 778 780
f 36 844 846
f 20 749 747
f 32 819 820
f 23 765 767
f 24 773 771
f 37 850 849
f 41 876 875
f 34 833 834
f 33 826 825
f 25 779 777
f 36 845 843
f 20 748 750
f 17 729 727
f 14 711 709
f 13 706 703
f 15 718 715
f 16 724 721
f 18 737 733
f 35 839 835
f 42 882 878
f 40 870 866
f 19 744 740
f 30 807 805
f 27 789 787
f 22 762 758
f 28 797 793
f 29 802 799
f 32 821 817
f 23 766 763
f 24 774 770
f 37 852 848
f 41 874 872
f 35 838 836
f 18 736 734
f 19 741 739
f 40 867 865
f 42 879 877
f 34 831 829
f 33 828 824
f 25 780 776
f 36 846 842
f 20 747 745
f 32 820 818
f 23 767 764
f 24 771 769
f 37 849 847
f 41 875 871
f 34 834 830
f 33 825 823
f 25 777 775
f 36 843 841
f 20 750 746
f 14 714 710
f 13 707 704
f 15 719 716
f 16 725 722
f 17 732 728
f 21 755 752
f 31 814 811
f 26 784 781
f 38 857 853
f 39 862 860
f 27 792 788
f 22 759 757
f 28 796 794
f 29 803 800
f 30 810 806
f 31 815 812
f 26 785 782
f 38 856 854
f 39 863 859
f 21 754 751
f 14 712 714
f 13 705 707
f 15 717 719
f 16 723 725
f 17 730 732
f 21 753 755
f 31 816 814
f 26 786 784
f 38 858 857
f 39 861 862
f 27 791 792
f 22 761 759
f 28 795 796
f 29 801 803
f 30 808 810
f 31 813 815
f 26 783 785
f 38 855 856
f 39 864 863
f 21 756 754
f 14 709 712
f 13 703 705
f 15 715 717
f 16 721 723
f 17 727 730
f 21 751 753
f 31 812 816
f 26 782 786
f 38 854 858
f 39 859 861
f 27 787 791
f 22 758 761
f 28 793 795
f 29 799 801
f 30 805 808
f 31 811 813
f 26 781 783
f 38 853 855
f 39 860 864
f 21 752 756
f 17 728 731
f 14 710 713
f 13 704 708
f 15 716 720
f 16 722 726
f 18 734 738
f 35 836 840
f 42 877 881
f 40 865 869
f 19 739 743
f 30 806 809
f 27 788 790
f 22 757 760
f 28 794 798
f 29 800 804
f 32 818 822
f 23 764 768
f 24 769 772
f 37 847 851
f 41 871 873
f 35 835 837
f 18 733 735
f 19 740 742
f 40 866 868
f 42 878 880
f 34 830 832
f 33 823 827
f 25 775 778
f 36 841 844
f 20 746 749
f 32 817 819
f 23 763 765
f 24 770 773
f 37 848 850
f 41 872 876
f 34 829 833
f 33 824 826
f 25 776 779
f 36 842 845
f 20 745 748
f 17 731 729
f 14 713 711
f 13 708 706
f 15 720 718
f 16 726 724
f 18 738 737
f 35 840 839
f 42 881 882
f 40 869 870
f 19 743 744
f 30 809 807
f 27 790 789
f 22 760 762
f 28 798 797
f 29 804 802
f 32 822 821
f 23 768 766
f 24 772 774
f 37 851 852
f 41 873 874
f 107 1269 1270
f 103 1245 1246
f 104 1252 1251
f 110 1288 1287
f 113 1306 1305
f 118 1336 1335
f 154 1551 1552
f 141 1473 1474
f 162 1599 1600
f 121 1354 1353
f 142 1479 1480
f 129 1401 1402
f 130 1408 1407
f 144 1492 1491
f 146 1504 1503
f 151 1533 1534
f 131 1414 1413
f 136 1444 1443
f 161 1594 1593
f 126 1383 1384
f 116 1323 1324
f 108 1275 1276
f 106 1263 1264
f 112 1299 1300
f 115 1317 1318
f 119 1341 1342
f 156 1564 1563
f 139 1462 1461
f 160 1588 1587
f 120 1347 1348
f 149 1521 1522
f 132 1420 1419
f 128 1395 1396
f 145 1497 1498
f 148 1515 1516
f 155 1557 1558
f 133 1425 1426
f 134 1431 1432
f 157 1570 1569
f 124 1372 1371
f 109 1282 1281
f 105 1258 1257
f 111 1294 1293
f 114 1312 1311
f 117 1330 1329
f 125 1378 1377
f 152 1540 1539
f 137 1449 1450
f 158 1575 1576
f 123 1365 1366
f 143 1486 1485
f 127 1390 1389
f 135 1437 1438
f 147 1510 1509
f 150 1528 1527
f 153 1546 1545
f 140 1468 1467
f 138 1455 1456
f 159 1581 1582
f 122 1359 1360
f 107 1272 1271
f 103 1248 1247
f 104 1253 1254
f 110 1289 1290
f 113 1307 1308
f 118 1337 1338
f 154 1554 1553
f 141 1476 1475
f 162 1602 1601
f 121 1355 1356
f 142 1482 1481
f 129 1404 1403
f 130 1409 1410
f 144 1493 1494
f 146 1505 1506
f 151 1536 1535
f 131 1415 1416
f 136 1445 1446
f 161 1595 1596
f 126 1386 1385
f 47 909 907
f 44 891 889
f 43 886 883
f 45 898 895
f 46 904 901
f 49 922 919
f 72 1060 1057
f 102 1240 1237
f 96 1204 1201
f 79 1102 1099
f 62 999 997
f 59 981 979
f 58 976 973
f 60 988 985
f 61 994 991
f 66 1024 1021
f 54 952 949
f 73 1066 1063
f 85 1138 1135
f 92 1179 1177
f 101 1233 1231
f 69 1041 1039
f 50 927 925
f 82 1119 1117
f 97 1209 1207
f 71 1053 1051
f 100 1228 1225
f 94 1192 1189
f 80 1108 1105
f 51 933 931
f 90 1167 1165
f 63 1005 1003
f 55 957 955
f 76 1083 1081
f 87 1150 1147
f 91 1174 1171
f 67 1029 1027
f 56 963 961
f 75 1077 1075
f 83 1126 1123
f 68 1036 1033
f 48 915 913
f 78 1095 1093
f 93 1185 1183
f 98 1216 1213
f 88 1155 1153
f 65 1018 1015
f 57 970 967
f 77 1090 1087
f 86 1143 1141
f 64 1012 1009
f 53 945 943
f 74 1071 1069
f 84 1131 1129
f 89 1162 1159
f 70 1047 1045
f 99 1221 1219
f 95 1197 1195
f 81 1114 1111
f 52 940 937
f 109 1284 1280
f 105 1260 1256
f 111 1296 1292
f 114 1314 1310
f 117 1332 1328
f 125 1380 1376
f 152 1542 1538
f 137 1451 1447
f 158 1577 1573
f 123 1367 1363
f 143 1488 1484
f 127 1392 1388
f 135 1439 1435
f 147 1512 1508
f 150 1530 1526
f 153 1548 1544
f 140 1470 1466
f 138 1457 1453
f 159 1583 1579
f 122 1361 1357
f 107 1270 1268
f 103 1246 1244
f 104 1251 1249
f 110 1287 1285
f 113 1305 1303
f 118 1335 1333
f 154 1552 1550
f 141 1474 1472
f 162 1600 1598
f 121 1353 1351
f 142 1480 1478
f 129 1402 1400
f 130 1407 1405
f 144 1491 1489
f 146 1503 1501
f 151 1534 1532
f 131 1413 1411
f 136 1443 1441
f 161 1593 1591
f 126 1384 1382
f 116 1324 1322
f 108 1276 1274
f 106 1264 1262
f 112 1300 1298
f 115 1318 1316
f 119 1342 1340
f 156 1563 1561
f 139 1461 1459
f 160 1587 1585
f 120 1348 1346
f 149 1522 1520
f 132 1419 1417
f 128 1396 1394
f 145 1498 1496
f 148 1516 1514
f 155 1558 1556
f 133 1426 1424
f 134 1432 1430
f 157 1569 1567
f 124 1371 1369
f 109 1281 1279
f 105 1257 1255
f 111 1293 1291
f 114 1311 1309
f 117 1329 1327
f 125 1377 1375
f 152 1539 1537
f 137 1450 1448
f 158 1576 1574
f 123 1366 1364
f 143 1485 1483
f 127 1389 1387
f 135 1438 1436
f 147 1509 1507
f 150 1527 1525
f 153 1545 1543
f 140 1467 1465
f 138 1456 1454
f 159 1582 1580
f 122 1360 1358
f 107 1271 1267
f 103 1247 1243
f 104 1254 1250
f 110 1290 1286
f 113 1308 1304
f 118 1338 1334
f 154 1553 1549
f 141 1475 1471
f 162 1601 1597
f 121 1356 1352
f 142 1481 1477
f 129 1403 1399
f 130 1410 1406
f 144 1494 1490
f 146 1506 1502
f 151 1535 1531
f 131 1416 1412
f 136 1446 1442
f 161 1596 1592
f 126 1385 1381
f 44 894 890
f 43 887 884
f 45 899 896
f 46 905 902
f 47 912 908
f 52 941 938
f 70 1050 1046
f 99 1224 1220
f 95 1200 1196
f 81 1115 1112
f 59 984 980
f 58 977 974
f 60 989 986
f 61 995 992
f 62 1002 998
f 65 1019 1016
f 57 971 968
f 77 1091 1088
f 86 1146 1142
f 88 1158 1154
f 98 1217 1214
f 68 1037 1034
f 48 918 914
f 78 1098 1094
f 93 1188 1184
f 69 1044 1040
f 101 1236 1232
f 97 1212 1208
f 82 1122 1118
f 50 930 926
f 89 1163 1160
f 64 1013 1010
f 53 948 944
f 74 1074 1070
f 84 1134 1130
f 90 1170 1166
f 63 1008 1004
f 55 960 956
f 76 1086 1082
f 87 1151 1148
f 72 1061 1058
f 49 923 920
f 79 1103 1100
f 96 1205 1202
f 102 1241 1238
f 91 1175 1172
f 67 1032 1028
f 56 966 962
f 75 1080 1076
f 83 1127 1124
f 66 1025 1022
f 54 953 950
f 73 1067 1064
f 85 1139 1136
f 92 1182 1178
f 71 1056 1052
f 100 1229 1226
f 94 1193 1190
f 80 1109 1106
f 51 936 932
f 116 1325 1321
f 108 1277 1273
f 106 1265 1261
f 112 1301 1297
f 115 1319 1315
f 119 1343 1339
f 156 1566 1562
f 139 1464 1460
f 160 1590 1586
f 120 1349 1345
f 149 1523 1519
f 132 1422 1418
f 128 1397 1393
f 145 1499 1495
f 148 1517 1513
f 155 1559 1555
f 133 1427 1423
f 134 1433 1429
f 157 1572 1568
f 124 1374 1370
f 44 892 894
f 43 885 887
f 45 897 899
f 46 903 905
f 47 910 912
f 52 939 941
f 70 1048 1050
f 99 1222 1224
f 95 1198 1200
f 81 1113 1115
f 59 982 984
f 58 975 977
f 60 987 989
f 61 993 995
f 62 1000 1002
f 65 1017 1019
f 57 969 971
f 77 1089 1091
f 86 1144 1146
f 88 1156 1158
f 98 1215 1217
f 68 1035 1037
f 48 916 918
f 78 1096 1098
f 93 1186 1188
f 69 1042 1044
f 101 1234 1236
f 97 1210 1212
f 82 1120 1122
f 50 928 930
f 89 1161 1163
f 64 1011 1013
f 53 946 948
f 74 1072 1074
f 84 1132 1134
f 90 1168 1170
f 63 1006 1008
f 55 958 960
f 76 1084 1086
f 87 1149 1151
f 72 1059 1061
f 49 921 923
f 79 1101 1103
f 96 1203 1205
f 102 1239 1241
f 91 1173 1175
f 67 1030 1032
f 56 964 966
f 75 1078 1080
f 83 1125 1127
f 66 1023 1025
f 54 951 953
f 73 1065 1067
f 85 1137 1139
f 92 1180 1182
f 71 1054 1056
f 100 1227 1229
f 94 1191 1193
f 80 1107 1109
f 51 934 936
f 116 1326 1325
f 108 1278 1277
f 106 1266 1265
f 112 1302 1301
f 115 1320 1319
f 119 1344 1343
f 156 1565 1566
f 139 1463 1464
f 160 1589 1590
f 120 1350 1349
f 149 1524 1523
f 132 1421 1422
f 128 1398 1397
f 145 1500 1499
f 148 1518 1517
f 155 1560 1559
f 133 1428 1427
f 134 1434 1433
f 157 1571 1572
f 124 1373 1374
f 44 889 892
f 43 883 885
f 45 895 897
f 46 901 903
f 47 907 910
f 52 937 939
f 70 1045 1048
f 99 1219 1222
f 95 1195 1198
f 81 1111 1113
f 59 979 982
f 58 973 975
f 60 985 987
f 61 991 993
f 62 997 1000
f 65 1015 1017
f 57 967 969
f 77 1087 1089
f 86 1141 1144
f 88 1153 1156
f 98 1213 1215
f 68 1033 1035
f 48 913 916
f 78 1093 1096
f 93 1183 1186
f 69 1039 1042
f 101 1231 1234
f 97 1207 1210
f 82 1117 1120
f 50 925 928
f 89 1159 1161
f 64 1009 1011
f 53 943 946
f 74 1069 1072
f 84 1129 1132
f 90 1165 1168
f 63 1003 1006
f 55 955 958
f 76 1081 1084
f 87 1147 1149
f 72 1057 1059
f 49 919 921
f 79 1099 1101
f 96 1201 1203
f 102 1237 1239
f 91 1171 1173
f 67 1027 1030
f 56 961 964
f 75 1075 1078
f 83 1123 1125
f 66 1021 1023
f 54 949 951
f 73 1063 1065
f 85 1135 1137
f 92 1177 1180
f 71 1051 1054
f 100 1225 1227
f 94 1189 1191
f 80 1105 1107
f 51 931 934
f 116 1322 1326
f 108 1274 1278
f 106 1262 1266
f 112 1298 1302
f 115 1316 1320
f 119 1340 1344
f 156 1561 1565
f 139 1459 1463
f 160 1585 1589
f 120 1346 1350
f 149 1520 1524
f 132 1417 1421
f 128 1394 1398
f 145 1496 1500
f 148 1514 1518
f 155 1556 1560
f 133 1424 1428
f 134 1430 1434
f 157 1567 1571
f 124 1369 1373
f 47 908 911
f 44 890 893
f 43 884 888
f 45 896 900
f 46 902 906
f 49 920 924
f 72 1058 1062
f 102 1238 1242
f 96 1202 1206
f 79 1100 1104
f 62 998 1001
f 59 980 983
f 58 974 978
f 60 986 990
f 61 992 996
f 66 1022 1026
f 54 950 954
f 73 1064 1068
f 85 1136 1140
f 92 1178 1181
f 101 1232 1235
f 69 1040 1043
f 50 926 929
f 82 1118 1121
f 97 1208 1211
f 71 1052 1055
f 100 1226 1230
f 94 1190 1194
f 80 1106 1110
f 51 932 935
f 90 1166 1169
f 63 1004 1007
f 55 956 959
f 76 1082 1085
f 87 1148 1152
f 91 1172 1176
f 67 1028 1031
f 56 962 965
f 75 1076 1079
f 83 1124 1128
f 68 1034 1038
f 48 914 917
f 78 1094 1097
f 93 1184 1187
f 98 1214 1218
f 88 1154 1157
f 65 1016 1020
f 57 968 972
f 77 1088 1092
f 86 1142 1145
f 64 1010 1014
f 53 944 947
f 74 1070 1073
f 84 1130 1133
f 89 1160 1164
f 70 1046 1049
f 99 1220 1223
f 95 1196 1199
f 81 1112 1116
f 52 938 942
f 109 1279 1283
f 105 1255 1259
f 111 1291 1295
f 114 1309 1313
f 117 1327 1331
f 125 1375 1379
f 152 1537 1541
f 137 1448 1452
f 158 1574 1578
f 123 1364 1368
f 143 1483 1487
f 127 1387 1391
f 135 1436 1440
f 147 1507 1511
f 150 1525 1529
f 153 1543 1547
f 140 1465 1469
f 138 1454 1458
f 159 1580 1584
f 122 1358 1362
f 107 1267 1269
f 103 1243 1245
f 104 1250 1252
f 110 1286 1288
f 113 1304 1306
f 118 1334 1336
f 154 1549 1551
f 141 1471 1473
f 162 1597 1599
f 121 1352 1354
f 142 1477 1479
f 129 1399 1401
f 130 1406 1408
f 144 1490 1492
f 146 1502 1504
f 151 1531 1533
f 131 1412 1414
f 136 1442 1444
f 161 1592 1594
f 126 1381 1383
f 116 1321 1323
f 108 1273 1275
f 106 1261 1263
f 112 1297 1299
f 115 1315 1317
f 119 1339 1341
f 156 1562 1564
f 139 1460 1462
f 160 1586 1588
f 120 1345 1347
f 149 1519 1521
f 132 1418 1420
f 128 1393 1395
f 145 1495 1497
f 148 1513 1515
f 155 1555 1557
f 133 1423 1425
f 134 1429 1431
f 157 1568 1570
f 124 1370 1372
f 109 1280 1282
f 105 1256 1258
f 111 1292 1294
f 114 1310 1312
f 117 1328 1330
f 125 1376 1378
f 152 1538 1540
f 137 1447 1449
f 158 1573 1575
f 123 1363 1365
f 143 1484 1486
f 127 1388 1390
f 135 1435 1437
f 147 1508 1510
f 150 1526 1528
f 153 1544 1546
f 140 1466 1468
f 138 1453 1455
f 159 1579 1581
f 122 1357 1359
f 107 1268 1272
f 103 1244 1248
f 104 1249 1253
f 110 1285 1289
f 113 1303 1307
f 118 1333 1337
f 154 1550 1554
f 141 1472 1476
f 162 1598 1602
f 121 1351 1355
f 142 1478 1482
f 129 1400 1404
f 130 1405 1409
f 144 1489 1493
f 146 1501 1505
f 151 1532 1536
f 131 1411 1415
f 136 1441 1445
f 161 1591 1595
f 126 1382 1386
f 47 911 909
f 44 893 891
f 43 888 886
f 45 900 898
f 46 906 904
f 49 924 922
f 72 1062 1060
f 102 1242 1240
f 96 1206 1204
f 79 1104 1102
f 62 1001 999
f 59 983 981
f 58 978 976
f 60 990 988
f 61 996 994
f 66 1026 1024
f 54 954 952
f 73 1068 1066
f 85 1140 1138
f 92 1181 1179
f 101 1235 1233
f 69 1043 1041
f 50 929 927
f 82 1121 1119
f 97 1211 1209
f 71 1055 1053
f 100 1230 1228
f 94 1194 1192
f 80 1110 1108
f 51 935 933
f 90 1169 1167
f 63 1007 1005
f 55 959 957
f 76 1085 1083
f 87 1152 1150
f 91 1176 1174
f 67 1031 1029
f 56 965 963
f 75 1079 1077
f 83 1128 1126
f 68 1038 1036
f 48 917 915
f 78 1097 1095
f 93 1187 1185
f 98 1218 1216
f 88 1157 1155
f 65 1020 1018
f 57 972 970
f 77 1092 1090
f 86 1145 1143
f 64 1014 1012
f 53 947 945
f 74 1073 1071
f 84 1133 1131
f 89 1164 1162
f 70 1049 1047
f 99 1223 1221
f 95 1199 1197
f 81 1116 1114
f 52 942 940
f 109 1283 1284
f 105 1259 1260
f 111 1295 1296
f 114 1313 1314
f 117 1331 1332
f 125 1379 1380
f 152 1541 1542
f 137 1452 1451
f 158 1578 1577
f 123 1368 1367
f 143 1487 1488
f 127 1391 1392
f 135 1440 1439
f 147 1511 1512
f 150 1529 1530
f 153 1547 1548
f 140 1469 1470
f 138 1458 1457
f 159 1584 1583
f 122 1362 1361
f 407 1609 1616
f 403 1605 1608
f 404 1611 1606
f 410 1614 1612
f 413 1617 1615
f 422 1631 1624
f 486 1688 1692
f 573 1775 1782
f 561 1763 1765
f 512 1719 1714
f 452 1654 1661
f 448 1650 1653
f 449 1656 1651
f 455 1659 1657
f 458 1662 1660
f 470 1672 1675
f 437 1646 1639
f 494 1706 1696
f 531 1735 1733
f 539 1741 1751
f 568 1770 1779
f 478 1680 1683
f 419 1621 1626
f 509 1711 1721
f 554 1756 1766
f 482 1684 1689
f 576 1780 1778
f 558 1767 1760
f 516 1722 1718
f 425 1627 1629
f 542 1744 1747
f 463 1668 1665
f 434 1636 1641
f 497 1699 1704
f 528 1730 1737
f 546 1748 1750
f 464 1666 1676
f 440 1642 1644
f 500 1705 1702
f 524 1736 1726
f 479 1691 1681
f 418 1623 1620
f 508 1713 1710
f 553 1764 1755
f 569 1781 1771
f 538 1749 1740
f 471 1677 1673
f 443 1645 1647
f 501 1703 1707
f 523 1725 1734
f 467 1674 1669
f 433 1638 1635
f 493 1695 1698
f 527 1732 1729
f 543 1752 1745
f 485 1690 1687
f 572 1777 1774
f 557 1759 1762
f 515 1717 1720
f 428 1630 1632
f 591 2191 2189
f 587 1885 1883
f 588 1901 1903
f 594 2279 2281
f 597 2315 2317
f 600 2171 2173
f 634 2160 2158
f 619 2016 2012
f 639 2214 2210
f 602 1919 1924
f 624 2137 2135
f 608 1978 1973
f 610 1991 1996
f 627 2225 2227
f 630 2302 2304
f 635 2178 2176
f 615 2153 2155
f 617 2009 2014
f 637 2207 2212
f 604 1926 1922
f 416 1857 1864
f 408 1803 1810
f 406 1786 1795
f 412 1822 1831
f 415 1840 1849
f 424 1876 1887
f 492 2182 2193
f 582 2312 2321
f 565 2276 2285
f 514 1898 1907
f 461 2091 2098
f 453 2037 2044
f 451 1952 1961
f 457 2056 2067
f 460 2074 2083
f 475 2128 2139
f 439 1966 1975
f 496 1988 1997
f 533 2222 2231
f 551 2293 2298
f 579 2185 2190
f 483 1879 1884
f 426 1893 1900
f 521 2271 2278
f 566 2307 2314
f 489 2163 2170
f 578 2150 2159
f 560 2006 2015
f 518 2204 2213
f 429 1911 1918
f 547 2131 2136
f 465 1969 1977
f 441 1983 1990
f 504 2217 2224
f 537 2290 2301
f 550 2168 2177
f 476 2145 2152
f 444 2001 2008
f 502 2199 2206
f 526 1916 1925
f 481 1808 1817
f 420 1789 1797
f 510 1825 1833
f 555 1843 1851
f 571 1862 1871
f 540 1933 1941
f 473 2110 2119
f 447 2020 2029
f 507 2236 2247
f 534 2257 2262
f 469 2042 2051
f 435 1947 1954
f 498 2059 2064
f 529 2077 2085
f 545 2096 2105
f 487 2113 2121
f 574 2023 2031
f 562 2239 2244
f 520 2254 2265
f 432 1930 1939
f 589 1818 1814
f 583 1798 1793
f 586 1834 1829
f 593 1852 1847
f 596 1872 1868
f 599 1942 1937
f 633 2120 2124
f 620 2030 2034
f 640 2248 2250
f 603 2263 2261
f 622 2052 2050
f 607 1955 1960
f 612 2065 2063
f 626 2086 2081
f 629 2106 2102
f 631 2122 2117
f 614 2032 2027
f 618 2245 2243
f 641 2266 2268
f 605 1940 1944
f 409 1813 1804
f 405 1792 1785
f 411 1828 1821
f 414 1846 1839
f 417 1867 1858
f 431 1936 1929
f 488 2123 2114
f 575 2033 2024
f 563 2249 2240
f 519 2260 2253
f 454 2049 2038
f 450 1959 1951
f 456 2062 2055
f 459 2080 2073
f 462 2101 2092
f 472 2116 2109
f 446 2026 2019
f 506 2242 2235
f 535 2267 2258
f 541 1943 1934
f 570 1869 1861
f 480 1815 1807
f 421 1799 1790
f 511 1835 1826
f 556 1853 1844
f 484 1889 1880
f 580 2195 2186
f 567 2319 2308
f 522 2283 2272
f 427 1905 1894
f 544 2103 2095
f 468 2046 2041
f 436 1957 1948
f 499 2069 2060
f 530 2087 2078
f 548 2141 2132
f 466 1979 1970
f 442 1993 1984
f 505 2229 2218
f 536 2296 2289
f 491 2188 2181
f 423 1882 1875
f 513 1902 1897
f 564 2280 2275
f 581 2316 2311
f 549 2172 2167
f 477 2157 2146
f 445 2011 2002
f 503 2209 2200
f 525 1923 1915
f 474 2134 2127
f 438 1972 1965
f 495 1995 1987
f 532 2226 2221
f 552 2303 2294
f 490 2175 2164
f 577 2154 2149
f 559 2013 2005
f 517 2211 2203
f 430 1921 1912
f 590 1865 1870
f 584 1811 1816
f 585 1796 1800
f 592 1832 1836
f 595 1850 1854
f 598 1888 1890
f 636 2194 2196
f 621 2322 2320
f 642 2286 2284
f 601 1908 1906
f 623 2099 2104
f 611 2045 2047
f 609 1962 1958
f 625 2068 2070
f 628 2084 2088
f 632 2140 2142
f 613 1976 1980
f 616 1998 1994
f 638 2232 2230
f 606 2299 2297
f 407 2330 2329
f 403 2324 2323
f 404 2325 2326
f 410 2332 2333
f 413 2335 2336
f 422 2344 2345
f 486 2410 2409
f 573 2497 2496
f 561 2486 2485
f 512 2434 2435
f 452 2375 2374
f 448 2369 2368
f 449 2370 2371
f 455 2377 2378
f 458 2380 2381
f 470 2393 2392
f 437 2359 2360
f 494 2415 2416
f 531 2455 2456
f 539 2461 2460
f 568 2489 2488
f 478 2399 2398
f 419 2341 2340
f 509 2431 2430
f 554 2476 2475
f 482 2405 2404
f 576 2500 2501
f 558 2481 2482
f 516 2439 2440
f 425 2348 2347
f 542 2465 2464
f 463 2383 2384
f 434 2356 2355
f 497 2420 2419
f 528 2452 2451
f 546 2471 2470
f 464 2386 2385
f 440 2363 2362
f 500 2422 2423
f 524 2445 2446
f 479 2400 2401
f 418 2338 2339
f 508 2428 2429
f 553 2473 2474
f 569 2490 2491
f 538 2458 2459
f 471 2394 2395
f 443 2366 2365
f 501 2425 2424
f 523 2444 2443
f 467 2389 2390
f 433 2353 2354
f 493 2414 2413
f 527 2449 2450
f 543 2466 2467
f 485 2407 2408
f 572 2494 2495
f 557 2480 2479
f 515 2438 2437
f 428 2351 2350
f 591 2510 2511
f 587 2504 2505
f 588 2508 2507
f 594 2514 2513
f 597 2517 2516
f 600 2520 2519
f 634 2554 2556
f 619 2539 2540
f 639 2560 2561
f 602 2523 2521
f 624 2543 2544
f 608 2527 2529
f 610 2532 2530
f 627 2547 2546
f 630 2550 2549
f 635 2552 2553
f 615 2535 2534
f 617 2538 2536
f 637 2558 2557
f 604 2524 2525
f 167 1607 647
f 164 1603 644
f 163 1604 643
f 165 1610 645
f 166 1613 646
f 169 1622 649
f 192 1686 672
f 222 1773 702
f 216 1761 696
f 199 1712 679
f 182 1652 662
f 179 1648 659
f 178 1649 658
f 180 1655 660
f 181 1658 661
f 186 1670 666
f 174 1637 654
f 193 1694 673
f 205 1731 685
f 212 1739 692
f 221 1768 701
f 189 1678 669
f 170 1619 650
f 202 1709 682
f 217 1754 697
f 191 1682 671
f 220 1776 700
f 214 1758 694
f 200 1716 680
f 171 1625 651
f 210 1742 690
f 183 1663 663
f 175 1634 655
f 196 1697 676
f 207 1728 687
f 211 1746 691
f 187 1664 667
f 176 1640 656
f 195 1700 675
f 203 1724 683
f 188 1679 668
f 168 1618 648
f 198 1708 678
f 213 1753 693
f 218 1769 698
f 208 1738 688
f 185 1671 665
f 177 1643 657
f 197 1701 677
f 206 1723 686
f 184 1667 664
f 173 1633 653
f 194 1693 674
f 204 1727 684
f 209 1743 689
f 190 1685 670
f 219 1772 699
f 215 1757 695
f 201 1715 681
f 172 1628 652
f 357 2187 837
f 255 1881 735
f 262 1899 742
f 388 2277 868
f 400 2313 880
f 352 2169 832
f 347 2156 827
f 298 2010 778
f 364 2208 844
f 269 1917 749
f 339 2133 819
f 285 1971 765
f 293 1989 773
f 370 2223 850
f 396 2300 876
f 353 2174 833
f 346 2151 826
f 299 2007 779
f 365 2205 845
f 268 1920 748
f 249 1855 729
f 231 1801 711
f 226 1784 706
f 238 1820 718
f 244 1838 724
f 257 1874 737
f 359 2180 839
f 402 2310 882
f 390 2274 870
f 264 1896 744
f 327 2089 807
f 309 2035 789
f 282 1950 762
f 317 2054 797
f 322 2072 802
f 341 2126 821
f 286 1964 766
f 294 1986 774
f 372 2220 852
f 394 2291 874
f 358 2183 838
f 256 1877 736
f 261 1891 741
f 387 2269 867
f 399 2305 879
f 351 2161 831
f 348 2148 828
f 300 2004 780
f 366 2202 846
f 267 1909 747
f 340 2129 820
f 287 1967 767
f 291 1981 771
f 369 2215 849
f 395 2288 875
f 354 2166 834
f 345 2143 825
f 297 1999 777
f 363 2197 843
f 270 1914 750
f 234 1806 714
f 227 1787 707
f 239 1823 719
f 245 1841 725
f 252 1860 732
f 275 1931 755
f 334 2108 814
f 304 2018 784
f 377 2234 857
f 382 2255 862
f 312 2040 792
f 279 1945 759
f 316 2057 796
f 323 2075 803
f 330 2094 810
f 335 2111 815
f 305 2021 785
f 376 2237 856
f 383 2252 863
f 274 1928 754
f 232 1812 712
f 225 1791 705
f 237 1827 717
f 243 1845 723
f 250 1866 730
f 273 1935 753
f 336 2118 816
f 306 2028 786
f 378 2246 858
f 381 2259 861
f 311 2048 791
f 281 1953 761
f 315 2061 795
f 321 2079 801
f 328 2100 808
f 333 2115 813
f 303 2025 783
f 375 2241 855
f 384 2264 864
f 276 1938 756
f 229 1802 709
f 223 1783 703
f 235 1819 715
f 241 1837 721
f 247 1856 727
f 271 1927 751
f 332 2112 812
f 302 2022 782
f 374 2238 854
f 379 2251 859
f 307 2036 787
f 278 1949 758
f 313 2053 793
f 319 2071 799
f 325 2090 805
f 331 2107 811
f 301 2017 781
f 373 2233 853
f 380 2256 860
f 272 1932 752
f 248 1859 728
f 230 1805 710
f 224 1788 704
f 236 1824 716
f 242 1842 722
f 254 1878 734
f 356 2184 836
f 397 2306 877
f 385 2270 865
f 259 1892 739
f 326 2093 806
f 308 2039 788
f 277 1946 757
f 314 2058 794
f 320 2076 800
f 338 2130 818
f 284 1968 764
f 289 1982 769
f 367 2216 847
f 391 2287 871
f 355 2179 835
f 253 1873 733
f 260 1895 740
f 386 2273 866
f 398 2309 878
f 350 2165 830
f 343 2144 823
f 295 2000 775
f 361 2198 841
f 266 1913 746
f 337 2125 817
f 283 1963 763
f 290 1985 770
f 368 2219 848
f 392 2292 872
f 349 2162 829
f 344 2147 824
f 296 2003 776
f 362 2201 842
f 265 1910 745
f 251 1863 731
f 233 1809 713
f 228 1794 708
f 240 1830 720
f 246 1848 726
f 258 1886 738
f 360 2192 840
f 401 2318 881
f 389 2282 869
f 263 1904 743
f 329 2097 809
f 310 2043 790
f 280 1956 760
f 318 2066 798
f 324 2082 804
f 342 2138 822
f 288 1974 768
f 292 1992 772
f 371 2228 851
f 393 2295 873
f 409 2331 1269
f 405 2327 1245
f 411 2328 1252
f 414 2334 1288
f 417 2337 1306
f 431 2346 1336
f 488 2412 1551
f 575 2499 1473
f 563 2487 1599
f 519 2436 1354
f 454 2376 1479
f 450 2372 1401
f 456 2373 1408
f 459 2379 1492
f 462 2382 1504
f 472 2396 1533
f 446 2361 1414
f 506 2418 1444
f 535 2457 1594
f 541 2463 1383
f 570 2492 1323
f 480 2402 1275
f 421 2343 1263
f 511 2433 1299
f 556 2478 1317
f 484 2406 1341
f 580 2502 1564
f 567 2484 1462
f 522 2442 1588
f 427 2349 1347
f 544 2468 1521
f 468 2387 1420
f 436 2358 1395
f 499 2421 1497
f 530 2454 1515
f 548 2472 1557
f 466 2388 1425
f 442 2364 1431
f 505 2426 1570
f 536 2448 1372
f 491 2403 1282
f 423 2342 1258
f 513 2432 1294
f 564 2477 1312
f 581 2493 1330
f 549 2462 1378
f 477 2397 1540
f 445 2367 1449
f 503 2427 1575
f 525 2447 1365
f 474 2391 1486
f 438 2357 1390
f 495 2417 1437
f 532 2453 1510
f 552 2469 1528
f 490 2411 1546
f 577 2498 1468
f 559 2483 1455
f 517 2441 1581
f 430 2352 1359
f 590 2509 1272
f 584 2503 1248
f 585 2506 1253
f 592 2512 1289
f 595 2515 1307
f 598 2518 1337
f 636 2555 1554
f 621 2541 1476
f 642 2562 1602
f 601 2522 1355
f 623 2542 1482
f 611 2528 1404
f 609 2531 1409
f 625 2545 1493
f 628 2548 1505
f 632 2551 1536
f 613 2533 1415
f 616 2537 1445
f 638 2559 1595
f 606 2526 1386
f 407 1616 909
f 403 1608 891
f 404 1606 886
f 410 1612 898
f 413 1615 904
f 422 1624 922
f 486 1692 1060
f 573 1782 1240
f 561 1765 1204
f 512 1714 1102
f 452 1661 999
f 448 1653 981
f 449 1651 976
f 455 1657 988
f 458 1660 994
f 470 1675 1024
f 437 1639 952
f 494 1696 1066
f 531 1733 1138
f 539 1751 1179
f 568 1779 1233
f 478 1683 1041
f 419 1626 927
f 509 1721 1119
f 554 1766 1209
f 482 1689 1053
f 576 1778 1228
f 558 1760 1192
f 516 1718 1108
f 425 1629 933
f 542 1747 1167
f 463 1665 1005
f 434 1641 957
f 497 1704 1083
f 528 1737 1150
f 546 1750 1174
f 464 1676 1029
f 440 1644 963
f 500 1702 1077
f 524 1726 1126
f 479 1681 1036
f 418 1620 915
f 508 1710 1095
f 553 1755 1185
f 569 1771 1216
f 538 1740 1155
f 471 1673 1018
f 443 1647 970
f 501 1707 1090
f 523 1734 1143
f 467 1669 1012
f 433 1635 945
f 493 1698 1071
f 527 1729 1131
f 543 1745 1162
f 485 1687 1047
f 572 1774 1221
f 557 1762 1197
f 515 1720 1114
f 428 1632 940
f 591 2189 1284
f 587 1883 1260
f 588 1903 1296
f 594 2281 1314
f 597 2317 1332
f 600 2173 1380
f 634 2158 1542
f 619 2012 1451
f 639 2210 1577
f 602 1924 1367
f 624 2135 1488
f 608 1973 1392
f 610 1996 1439
f 627 2227 1512
f 630 2304 1530
f 635 2176 1548
f 615 2155 1470
f 617 2014 1457
f 637 2212 1583
f 604 1922 1361
f 416 1864 1270
f 408 1810 1246
f 406 1795 1251
f 412 1831 1287
f 415 1849 1305
f 424 1887 1335
f 492 2193 1552
f 582 2321 1474
f 565 2285 1600
f 514 1907 1353
f 461 2098 1480
f 453 2044 1402
f 451 1961 1407
f 457 2067 1491
f 460 2083 1503
f 475 2139 1534
f 439 1975 1413
f 496 1997 1443
f 533 2231 1593
f 551 2298 1384
f 579 2190 1324
f 483 1884 1276
f 426 1900 1264
f 521 2278 1300
f 566 2314 1318
f 489 2170 1342
f 578 2159 1563
f 560 2015 1461
f 518 2213 1587
f 429 1918 1348
f 547 2136 1522
f 465 1977 1419
f 441 1990 1396
f 504 2224 1498
f 537 2301 1516
f 550 2177 1558
f 476 2152 1426
f 444 2008 1432
f 502 2206 1569
f 526 1925 1371
f 481 1817 1281
f 420 1797 1257
f 510 1833 1293
f 555 1851 1311
f 571 1871 1329
f 540 1941 1377
f 473 2119 1539
f 447 2029 1450
f 507 2247 1576
f 534 2262 1366
f 469 2051 1485
f 435 1954 1389
f 498 2064 1438
f 529 2085 1509
f 545 2105 1527
f 487 2121 1545
f 574 2031 1467
f 562 2244 1456
f 520 2265 1582
f 432 1939 1360
f 589 1814 1271
f 583 1793 1247
f 586 1829 1254
f 593 1847 1290
f 596 1868 1308
f 599 1937 1338
f 633 2124 1553
f 620 2034 1475
f 640 2250 1601
f 603 2261 1356
f 622 2050 1481
f 607 1960 1403
f 612 2063 1410
f 626 2081 1494
f 629 2102 1506
f 631 2117 1535
f 614 2027 1416
f 618 2243 1446
f 641 2268 1596
f 605 1944 1385
f 409 1804 894
f 405 1785 887
f 411 1821 899
f 414 1839 905
f 417 1858 912
f 431 1929 941
f 488 2114 1050
f 575 2024 1224
f 563 2240 1200
f 519 2253 1115
f 454 2038 984
f 450 1951 977
f 456 2055 989
f 459 2073 995
f 462 2092 1002
f 472 2109 1019
f 446 2019 971
f 506 2235 1091
f 535 2258 1146
f 541 1934 1158
f 570 1861 1217
f 480 1807 1037
f 421 1790 918
f 511 1826 1098
f 556 1844 1188
f 484 1880 1044
f 580 2186 1236
f 567 2308 1212
f 522 2272 1122
f 427 1894 930
f 544 2095 1163
f 468 2041 1013
f 436 1948 948
f 499 2060 1074
f 530 2078 1134
f 548 2132 1170
f 466 1970 1008
f 442 1984 960
f 505 2218 1086
f 536 2289 1151
f 491 2181 1061
f 423 1875 923
f 513 1897 1103
f 564 2275 1205
f 581 2311 1241
f 549 2167 1175
f 477 2146 1032
f 445 2002 966
f 503 2200 1080
f 525 1915 1127
f 474 2127 1025
f 438 1965 953
f 495 1987 1067
f 532 2221 1139
f 552 2294 1182
f 490 2164 1056
f 577 2149 1229
f 559 2005 1193
f 517 2203 1109
f 430 1912 936
f 590 1870 1325
f 584 1816 1277
f 585 1800 1265
f 592 1836 1301
f 595 1854 1319
f 598 1890 1343
f 636 2196 1566
f 621 2320 1464
f 642 2284 1590
f 601 1906 1349
f 623 2104 1523
f 611 2047 1422
f 609 1958 1397
f 625 2070 1499
f 628 2088 1517
f 632 2142 1559
f 613 1980 1427
f 616 1994 1433
f 638 2230 1572
f 606 2297 1374
f 407 2329 892
f 403 2323 885
f 404 2326 897
f 410 2333 903
f 413 2336 910
f 422 2345 939
f 486 2409 1048
f 573 2496 1222
f 561 2485 1198
f 512 2435 1113
f 452 2374 982
f 448 2368 975
f 449 2371 987
f 455 2378 993
f 458 2381 1000
f 470 2392 1017
f 437 2360 969
f 494 2416 1089
f 531 2456 1144
f 539 2460 1156
f 568 2488 1215
f 478 2398 1035
f 419 2340 916
f 509 2430 1096
f 554 2475 1186
f 482 2404 1042
f 576 2501 1234
f 558 2482 1210
f 516 2440 1120
f 425 2347 928
f 542 2464 1161
f 463 2384 1011
f 434 2355 946
f 497 2419 1072
f 528 2451 1132
f 546 2470 1168
f 464 2385 1006
f 440 2362 958
f 500 2423 1084
f 524 2446 1149
f 479 2401 1059
f 418 2339 921
f 508 2429 1101
f 553 2474 1203
f 569 2491 1239
f 538 2459 1173
f 471 2395 1030
f 443 2365 964
f 501 2424 1078
f 523 2443 1125
f 467 2390 1023
f 433 2354 951
f 493 2413 1065
f 527 2450 1137
f 543 2467 1180
f 485 2408 1054
f 572 2495 1227
f 557 2479 1191
f 515 2437 1107
f 428 2350 934
f 591 2511 1326
f 587 2505 1278
f 588 2507 1266
f 594 2513 1302
f 597 2516 1320
f 600 2519 1344
f 634 2556 1565
f 619 2540 1463
f 639 2561 1589
f 602 2521 1350
f 624 2544 1524
f 608 2529 1421
f 610 2530 1398
f 627 2546 1500
f 630 2549 1518
f 635 2553 1560
f 615 2534 1428
f 617 2536 1434
f 637 2557 1571
f 604 2525 1373
f 164 1609 889
f 163 1605 883
f 165 1611 895
f 166 1614 901
f 167 1617 907
f 172 1631 937
f 190 1688 1045
f 219 1775 1219
f 215 1763 1195
f 201 1719 1111
f 179 1654 979
f 178 1650 973
f 180 1656 985
f 181 1659 991
f 182 1662 997
f 185 1672 1015
f 177 1646 967
f 197 1706 1087
f 206 1735 1141
f 208 1741 1153
f 218 1770 1213
f 188 1680 1033
f 168 1621 913
f 198 1711 1093
f 213 1756 1183
f 189 1684 1039
f 221 1780 1231
f 217 1767 1207
f 202 1722 1117
f 170 1627 925
f 209 1744 1159
f 184 1668 1009
f 173 1636 943
f 194 1699 1069
f 204 1730 1129
f 210 1748 1165
f 183 1666 1003
f 175 1642 955
f 196 1705 1081
f 207 1736 1147
f 192 1691 1057
f 169 1623 919
f 199 1713 1099
f 216 1764 1201
f 222 1781 1237
f 211 1749 1171
f 187 1677 1027
f 176 1645 961
f 195 1703 1075
f 203 1725 1123
f 186 1674 1021
f 174 1638 949
f 193 1695 1063
f 205 1732 1135
f 212 1752 1177
f 191 1690 1051
f 220 1777 1225
f 214 1759 1189
f 200 1717 1105
f 171 1630 931
f 358 2191 1322
f 256 1885 1274
f 261 1901 1262
f 387 2279 1298
f 399 2315 1316
f 351 2171 1340
f 348 2160 1561
f 300 2016 1459
f 366 2214 1585
f 267 1919 1346
f 340 2137 1520
f 287 1978 1417
f 291 1991 1394
f 369 2225 1496
f 395 2302 1514
f 354 2178 1556
f 345 2153 1424
f 297 2009 1430
f 363 2207 1567
f 270 1926 1369
f 247 1857 908
f 229 1803 890
f 223 1786 884
f 235 1822 896
f 241 1840 902
f 253 1876 920
f 355 2182 1058
f 398 2312 1238
f 386 2276 1202
f 260 1898 1100
f 325 2091 998
f 307 2037 980
f 278 1952 974
f 313 2056 986
f 319 2074 992
f 337 2128 1022
f 283 1966 950
f 290 1988 1064
f 368 2222 1136
f 392 2293 1178
f 356 2185 1232
f 254 1879 1040
f 259 1893 926
f 385 2271 1118
f 397 2307 1208
f 349 2163 1052
f 344 2150 1226
f 296 2006 1190
f 362 2204 1106
f 265 1911 932
f 338 2131 1166
f 284 1969 1004
f 289 1983 956
f 367 2217 1082
f 391 2290 1148
f 350 2168 1172
f 343 2145 1028
f 295 2001 962
f 361 2199 1076
f 266 1916 1124
f 230 1808 1034
f 224 1789 914
f 236 1825 1094
f 242 1843 1184
f 248 1862 1214
f 272 1933 1154
f 331 2110 1016
f 301 2020 968
f 373 2236 1088
f 380 2257 1142
f 308 2042 1010
f 277 1947 944
f 314 2059 1070
f 320 2077 1130
f 326 2096 1160
f 332 2113 1046
f 302 2023 1220
f 374 2239 1196
f 379 2254 1112
f 271 1930 938
f 234 1818 1279
f 227 1798 1255
f 239 1834 1291
f 245 1852 1309
f 252 1872 1327
f 275 1942 1375
f 334 2120 1537
f 304 2030 1448
f 377 2248 1574
f 382 2263 1364
f 312 2052 1483
f 279 1955 1387
f 316 2065 1436
f 323 2086 1507
f 330 2106 1525
f 335 2122 1543
f 305 2032 1465
f 376 2245 1454
f 383 2266 1580
f 274 1940 1358
f 232 1813 1267
f 225 1792 1243
f 237 1828 1250
f 243 1846 1286
f 250 1867 1304
f 273 1936 1334
f 336 2123 1549
f 306 2033 1471
f 378 2249 1597
f 381 2260 1352
f 311 2049 1477
f 281 1959 1399
f 315 2062 1406
f 321 2080 1490
f 328 2101 1502
f 333 2116 1531
f 303 2026 1412
f 375 2242 1442
f 384 2267 1592
f 276 1943 1381
f 251 1869 1321
f 233 1815 1273
f 228 1799 1261
f 240 1835 1297
f 246 1853 1315
f 258 1889 1339
f 360 2195 1562
f 401 2319 1460
f 389 2283 1586
f 263 1905 1345
f 329 2103 1519
f 310 2046 1418
f 280 1957 1393
f 318 2069 1495
f 324 2087 1513
f 342 2141 1555
f 288 1979 1423
f 292 1993 1429
f 371 2229 1568
f 393 2296 1370
f 357 2188 1280
f 255 1882 1256
f 262 1902 1292
f 388 2280 1310
f 400 2316 1328
f 352 2172 1376
f 347 2157 1538
f 298 2011 1447
f 364 2209 1573
f 269 1923 1363
f 339 2134 1484
f 285 1972 1388
f 293 1995 1435
f 370 2226 1508
f 396 2303 1526
f 353 2175 1544
f 346 2154 1466
f 299 2013 1453
f 365 2211 1579
f 268 1921 1357
f 249 1865 1268
f 231 1811 1244
f 226 1796 1249
f 238 1832 1285
f 244 1850 1303
f 257 1888 1333
f 359 2194 1550
f 402 2322 1472
f 390 2286 1598
f 264 1908 1351
f 327 2099 1478
f 309 2045 1400
f 282 1962 1405
f 317 2068 1489
f 322 2084 1501
f 341 2140 1532
f 286 1976 1411
f 294 1998 1441
f 372 2232 1591
f 394 2299 1382
f 416 2330 911
f 408 2324 893
f 406 2325 888
f 412 2332 900
f 415 2335 906
f 424 2344 924
f 492 2410 1062
f 582 2497 1242
f 565 2486 1206
f 514 2434 1104
f 461 2375 1001
f 453 2369 983
f 451 2370 978
f 457 2377 990
f 460 2380 996
f 475 2393 1026
f 439 2359 954
f 496 2415 1068
f 533 2455 1140
f 551 2461 1181
f 579 2489 1235
f 483 2399 1043
f 426 2341 929
f 521 2431 1121
f 566 2476 1211
f 489 2405 1055
f 578 2500 1230
f 560 2481 1194
f 518 2439 1110
f 429 2348 935
f 547 2465 1169
f 465 2383 1007
f 441 2356 959
f 504 2420 1085
f 537 2452 1152
f 550 2471 1176
f 476 2386 1031
f 444 2363 965
f 502 2422 1079
f 526 2445 1128
f 481 2400 1038
f 420 2338 917
f 510 2428 1097
f 555 2473 1187
f 571 2490 1218
f 540 2458 1157
f 473 2394 1020
f 447 2366 972
f 507 2425 1092
f 534 2444 1145
f 469 2389 1014
f 435 2353 947
f 498 2414 1073
f 529 2449 1133
f 545 2466 1164
f 487 2407 1049
f 574 2494 1223
f 562 2480 1199
f 520 2438 1116
f 432 2351 942
f 589 2510 1283
f 583 2504 1259
f 586 2508 1295
f 593 2514 1313
f 596 2517 1331
f 599 2520 1379
f 633 2554 1541
f 620 2539 1452
f 640 2560 1578
f 603 2523 1368
f 622 2543 1487
f 607 2527 1391
f 612 2532 1440
f 626 2547 1511
f 629 2550 1529
f 631 2552 1547
f 614 2535 1469
f 618 2538 1458
f 641 2558 1584
f 605 2524 1362
f 164 1607 1609
f 163 1603 1605
f 165 1604 1611
f 166 1610 1614
f 167 1613 1617
f 172 1622 1631
f 190 1686 1688
f 219 1773 1775
f 215 1761 1763
f 201 1712 1719
f 179 1652 1654
f 178 1648 1650
f 180 1649 1656
f 181 1655 1659
f 182 1658 1662
f 185 1670 1672
f 177 1637 1646
f 197 1694 1706
f 206 1731 1735
f 208 1739 1741
f 218 1768 1770
f 188 1678 1680
f 168 1619 1621
f 198 1709 1711
f 213 1754 1756
f 189 1682 1684
f 221 1776 1780
f 217 1758 1767
f 202 1716 1722
f 170 1625 1627
f 209 1742 1744
f 184 1663 1668
f 173 1634 1636
f 194 1697 1699
f 204 1728 1730
f 210 1746 1748
f 183 1664 1666
f 175 1640 1642
f 196 1700 1705
f 207 1724 1736
f 192 1679 1691
f 169 1618 1623
f 199 1708 1713
f 216 1753 1764
f 222 1769 1781
f 211 1738 1749
f 187 1671 1677
f 176 1643 1645
f 195 1701 1703
f 203 1723 1725
f 186 1667 1674
f 174 1633 1638
f 193 1693 1695
f 205 1727 1732
f 212 1743 1752
f 191 1685 1690
f 220 1772 1777
f 214 1757 1759
f 200 1715 1717
f 171 1628 1630
f 358 2187 2191
f 256 1881 1885
f 261 1899 1901
f 387 2277 2279
f 399 2313 2315
f 351 2169 2171
f 348 2156 2160
f 300 2010 2016
f 366 2208 2214
f 267 1917 1919
f 340 2133 2137
f 287 1971 1978
f 291 1989 1991
f 369 2223 2225
f 395 2300 2302
f 354 2174 2178
f 345 2151 2153
f 297 2007 2009
f 363 2205 2207
f 270 1920 1926
f 247 1855 1857
f 229 1801 1803
f 223 1784 1786
f 235 1820 1822
f 241 1838 1840
f 253 1874 1876
f 355 2180 2182
f 398 2310 2312
f 386 2274 2276
f 260 1896 1898
f 325 2089 2091
f 307 2035 2037
f 278 1950 1952
f 313 2054 2056
f 319 2072 2074
f 337 2126 2128
f 283 1964 1966
f 290 1986 1988
f 368 2220 2222
f 392 2291 2293
f 356 2183 2185
f 254 1877 1879
f 259 1891 1893
f 385 2269 2271
f 397 2305 2307
f 349 2161 2163
f 344 2148 2150
f 296 2004 2006
f 362 2202 2204
f 265 1909 1911
f 338 2129 2131
f 284 1967 1969
f 289 1981 1983
f 367 2215 2217
f 391 2288 2290
f 350 2166 2168
f 343 2143 2145
f 295 1999 2001
f 361 2197 2199
f 266 1914 1916
f 230 1806 1808
f 224 1787 1789
f 236 1823 1825
f 242 1841 1843
f 248 1860 1862
f 272 1931 1933
f 331 2108 2110
f 301 2018 2020
f 373 2234 2236
f 380 2255 2257
f 308 2040 2042
f 277 1945 1947
f 314 2057 2059
f 320 2075 2077
f 326 2094 2096
f 332 2111 2113
f 302 2021 2023
f 374 2237 2239
f 379 2252 2254
f 271 1928 1930
f 234 1812 1818
f 227 1791 1798
f 239 1827 1834
f 245 1845 1852
f 252 1866 1872
f 275 1935 1942
f 334 2118 2120
f 304 2028 2030
f 377 2246 2248
f 382 2259 2263
f 312 2048 2052
f 279 1953 1955
f 316 2061 2065
f 323 2079 2086
f 330 2100 2106
f 335 2115 2122
f 305 2025 2032
f 376 2241 2245
f 383 2264 2266
f 274 1938 1940
f 232 1802 1813
f 225 1783 1792
f 237 1819 1828
f 243 1837 1846
f 250 1856 1867
f 273 1927 1936
f 336 2112 2123
f 306 2022 2033
f 378 2238 2249
f 381 2251 2260
f 311 2036 2049
f 281 1949 1959
f 315 2053 2062
f 321 2071 2080
f 328 2090 2101
f 333 2107 2116
f 303 2017 2026
f 375 2233 2242
f 384 2256 2267
f 276 1932 1943
f 251 1859 1869
f 233 1805 1815
f 228 1788 1799
f 240 1824 1835
f 246 1842 1853
f 258 1878 1889
f 360 2184 2195
f 401 2306 2319
f 389 2270 2283
f 263 1892 1905
f 329 2093 2103
f 310 2039 2046
f 280 1946 1957
f 318 2058 2069
f 324 2076 2087
f 342 2130 2141
f 288 1968 1979
f 292 1982 1993
f 371 2216 2229
f 393 2287 2296
f 357 2179 2188
f 255 1873 1882
f 262 1895 1902
f 388 2273 2280
f 400 2309 2316
f 352 2165 2172
f 347 2144 2157
f 298 2000 2011
f 364 2198 2209
f 269 1913 1923
f 339 2125 2134
f 285 1963 1972
f 293 1985 1995
f 370 2219 2226
f 396 2292 2303
f 353 2162 2175
f 346 2147 2154
f 299 2003 2013
f 365 2201 2211
f 268 1910 1921
f 249 1863 1865
f 231 1809 1811
f 226 1794 1796
f 238 1830 1832
f 244 1848 1850
f 257 1886 1888
f 359 2192 2194
f 402 2318 2322
f 390 2282 2286
f 264 1904 1908
f 327 2097 2099
f 309 2043 2045
f 282 1956 1962
f 317 2066 2068
f 322 2082 2084
f 341 2138 2140
f 286 1974 1976
f 294 1992 1998
f 372 2228 2232
f 394 2295 2299
f 416 2331 2330
f 408 2327 2324
f 406 2328 2325
f 412 2334 2332
f 415 2337 2335
f 424 2346 2344
f 492 2412 2410
f 582 2499 2497
f 565 2487 2486
f 514 2436 2434
f 461 2376 2375
f 453 2372 2369
f 451 2373 2370
f 457 2379 2377
f 460 2382 2380
f 475 2396 2393
f 439 2361 2359
f 496 2418 2415
f 533 2457 2455
f 551 2463 2461
f 579 2492 2489
f 483 2402 2399
f 426 2343 2341
f 521 2433 2431
f 566 2478 2476
f 489 2406 2405
f 578 2502 2500
f 560 2484 2481
f 518 2442 2439
f 429 2349 2348
f 547 2468 2465
f 465 2387 2383
f 441 2358 2356
f 504 2421 2420
f 537 2454 2452
f 550 2472 2471
f 476 2388 2386
f 444 2364 2363
f 502 2426 2422
f 526 2448 2445
f 481 2403 2400
f 420 2342 2338
f 510 2432 2428
f 555 2477 2473
f 571 2493 2490
f 540 2462 2458
f 473 2397 2394
f 447 2367 2366
f 507 2427 2425
f 534 2447 2444
f 469 2391 2389
f 435 2357 2353
f 498 2417 2414
f 529 2453 2449
f 545 2469 2466
f 487 2411 2407
f 574 2498 2494
f 562 2483 2480
f 520 2441 2438
f 432 2352 2351
f 589 2509 2510
f 583 2503 2504
f 586 2506 2508
f 593 2512 2514
f 596 2515 2517
f 599 2518 2520
f 633 2555 2554
f 620 2541 2539
f 640 2562 2560
f 603 2522 2523
f 622 2542 2543
f 607 2528 2527
f 612 2531 2532
f 626 2545 2547
f 629 2548 2550
f 631 2551 2552
f 614 2533 2535
f 618 2537 2538
f 641 2559 2558
f 605 2526 2524
f 164 644 1607
f 163 643 1603
f 165 645 1604
f 166 646 1610
f 167 647 1613
f 172 652 1622
f 190 670 1686
f 219 699 1773
f 215 695 1761
f 201 681 1712
f 179 659 1652
f 178 658 1648
f 180 660 1649
f 181 661 1655
f 182 662 1658
f 185 665 1670
f 177 657 1637
f 197 677 1694
f 206 686 1731
f 208 688 1739
f 218 698 1768
f 188 668 1678
f 168 648 1619
f 198 678 1709
f 213 693 1754
f 189 669 1682
f 221 701 1776
f 217 697 1758
f 202 682 1716
f 170 650 1625
f 209 689 1742
f 184 664 1663
f 173 653 1634
f 194 674 1697
f 204 684 1728
f 210 690 1746
f 183 663 1664
f 175 655 1640
f 196 676 1700
f 207 687 1724
f 192 672 1679
f 169 649 1618
f 199 679 1708
f 216 696 1753
f 222 702 1769
f 211 691 1738
f 187 667 1671
f 176 656 1643
f 195 675 1701
f 203 683 1723
f 186 666 1667
f 174 654 1633
f 193 673 1693
f 205 685 1727
f 212 692 1743
f 191 671 1685
f 220 700 1772
f 214 694 1757
f 200 680 1715
f 171 651 1628
f 358 838 2187
f 256 736 1881
f 261 741 1899
f 387 867 2277
f 399 879 2313
f 351 831 2169
f 348 828 2156
f 300 780 2010
f 366 846 2208
f 267 747 1917
f 340 820 2133
f 287 767 1971
f 291 771 1989
f 369 849 2223
f 395 875 2300
f 354 834 2174
f 345 825 2151
f 297 777 2007
f 363 843 2205
f 270 750 1920
f 247 727 1855
f 229 709 1801
f 223 703 1784
f 235 715 1820
f 241 721 1838
f 253 733 1874
f 355 835 2180
f 398 878 2310
f 386 866 2274
f 260 740 1896
f 325 805 2089
f 307 787 2035
f 278 758 1950
f 313 793 2054
f 319 799 2072
f 337 817 2126
f 283 763 1964
f 290 770 1986
f 368 848 2220
f 392 872 2291
f 356 836 2183
f 254 734 1877
f 259 739 1891
f 385 865 2269
f 397 877 2305
f 349 829 2161
f 344 824 2148
f 296 776 2004
f 362 842 2202
f 265 745 1909
f 338 818 2129
f 284 764 1967
f 289 769 1981
f 367 847 2215
f 391 871 2288
f 350 830 2166
f 343 823 2143
f 295 775 1999
f 361 841 2197
f 266 746 1914
f 230 710 1806
f 224 704 1787
f 236 716 1823
f 242 722 1841
f 248 728 1860
f 272 752 1931
f 331 811 2108
f 301 781 2018
f 373 853 2234
f 380 860 2255
f 308 788 2040
f 277 757 1945
f 314 794 2057
f 320 800 2075
f 326 806 2094
f 332 812 2111
f 302 782 2021
f 374 854 2237
f 379 859 2252
f 271 751 1928
f 234 714 1812
f 227 707 1791
f 239 719 1827
f 245 725 1845
f 252 732 1866
f 275 755 1935
f 334 814 2118
f 304 784 2028
f 377 857 2246
f 382 862 2259
f 312 792 2048
f 279 759 1953
f 316 796 2061
f 323 803 2079
f 330 810 2100
f 335 815 2115
f 305 785 2025
f 376 856 2241
f 383 863 2264
f 274 754 1938
f 232 712 1802
f 225 705 1783
f 237 717 1819
f 243 723 1837
f 250 730 1856
f 273 753 1927
f 336 816 2112
f 306 786 2022
f 378 858 2238
f 381 861 2251
f 311 791 2036
f 281 761 1949
f 315 795 2053
f 321 801 2071
f 328 808 2090
f 333 813 2107
f 303 783 2017
f 375 855 2233
f 384 864 2256
f 276 756 1932
f 251 731 1859
f 233 713 1805
f 228 708 1788
f 240 720 1824
f 246 726 1842
f 258 738 1878
f 360 840 2184
f 401 881 2306
f 389 869 2270
f 263 743 1892
f 329 809 2093
f 310 790 2039
f 280 760 1946
f 318 798 2058
f 324 804 2076
f 342 822 2130
f 288 768 1968
f 292 772 1982
f 371 851 2216
f 393 873 2287
f 357 837 2179
f 255 735 1873
f 262 742 1895
f 388 868 2273
f 400 880 2309
f 352 832 2165
f 347 827 2144
f 298 778 2000
f 364 844 2198
f 269 749 1913
f 339 819 2125
f 285 765 1963
f 293 773 1985
f 370 850 2219
f 396 876 2292
f 353 833 2162
f 346 826 2147
f 299 779 2003
f 365 845 2201
f 268 748 1910
f 249 729 1863
f 231 711 1809
f 226 706 1794
f 238 718 1830
f 244 724 1848
f 257 737 1886
f 359 839 2192
f 402 882 2318
f 390 870 2282
f 264 744 1904
f 327 807 2097
f 309 789 2043
f 282 762 1956
f 317 797 2066
f 322 802 2082
f 341 821 2138
f 286 766 1974
f 294 774 1992
f 372 852 2228
f 394 874 2295
f 416 1270 2331
f 408 1246 2327
f 406 1251 2328
f 412 1287 2334
f 415 1305 2337
f 424 1335 2346
f 492 1552 2412
f 582 1474 2499
f 565 1600 2487
f 514 1353 2436
f 461 1480 2376
f 453 1402 2372
f 451 1407 2373
f 457 1491 2379
f 460 1503 2382
f 475 1534 2396
f 439 1413 2361
f 496 1443 2418
f 533 1593 2457
f 551 1384 2463
f 579 1324 2492
f 483 1276 2402
f 426 1264 2343
f 521 1300 2433
f 566 1318 2478
f 489 1342 2406
f 578 1563 2502
f 560 1461 2484
f 518 1587 2442
f 429 1348 2349
f 547 1522 2468
f 465 1419 2387
f 441 1396 2358
f 504 1498 2421
f 537 1516 2454
f 550 1558 2472
f 476 1426 2388
f 444 1432 2364
f 502 1569 2426
f 526 1371 2448
f 481 1281 2403
f 420 1257 2342
f 510 1293 2432
f 555 1311 2477
f 571 1329 2493
f 540 1377 2462
f 473 1539 2397
f 447 1450 2367
f 507 1576 2427
f 534 1366 2447
f 469 1485 2391
f 435 1389 2357
f 498 1438 2417
f 529 1509 2453
f 545 1527 2469
f 487 1545 2411
f 574 1467 2498
f 562 1456 2483
f 520 1582 2441
f 432 1360 2352
f 589 1271 2509
f 583 1247 2503
f 586 1254 2506
f 593 1290 2512
f 596 1308 2515
f 599 1338 2518
f 633 1553 2555
f 620 1475 2541
f 640 1601 2562
f 603 1356 2522
f 622 1481 2542
f 607 1403 2528
f 612 1410 2531
f 626 1494 2545
f 629 1506 2548
f 631 1535 2551
f 614 1416 2533
f 618 1446 2537
f 641 1596 2559
f 605 1385 2526
f 167 907 1616
f 164 889 1608
f 163 883 1606
f 165 895 1612
f 166 901 1615
f 169 919 1624
f 192 1057 1692
f 222 1237 1782
f 216 1201 1765
f 199 1099 1714
f 182 997 1661
f 179 979 1653
f 178 973 1651
f 180 985 1657
f 181 991 1660
f 186 1021 1675
f 174 949 1639
f 193 1063 1696
f 205 1135 1733
f 212 1177 1751
f 221 1231 1779
f 189 1039 1683
f 170 925 1626
f 202 1117 1721
f 217 1207 1766
f 191 1051 1689
f 220 1225 1778
f 214 1189 1760
f 200 1105 1718
f 171 931 1629
f 210 1165 1747
f 183 1003 1665
f 175 955 1641
f 196 1081 1704
f 207 1147 1737
f 211 1171 1750
f 187 1027 1676
f 176 961 1644
f 195 1075 1702
f 203 1123 1726
f 188 1033 1681
f 168 913 1620
f 198 1093 1710
f 213 1183 1755
f 218 1213 1771
f 208 1153 1740
f 185 1015 1673
f 177 967 1647
f 197 1087 1707
f 206 1141 1734
f 184 1009 1669
f 173 943 1635
f 194 1069 1698
f 204 1129 1729
f 209 1159 1745
f 190 1045 1687
f 219 1219 1774
f 215 1195 1762
f 201 1111 1720
f 172 937 1632
f 357 1280 2189
f 255 1256 1883
f 262 1292 1903
f 388 1310 2281
f 400 1328 2317
f 352 1376 2173
f 347 1538 2158
f 298 1447 2012
f 364 1573 2210
f 269 1363 1924
f 339 1484 2135
f 285 1388 1973
f 293 1435 1996
f 370 1508 2227
f 396 1526 2304
f 353 1544 2176
f 346 1466 2155
f 299 1453 2014
f 365 1579 2212
f 268 1357 1922
f 249 1268 1864
f 231 1244 1810
f 226 1249 1795
f 238 1285 1831
f 244 1303 1849
f 257 1333 1887
f 359 1550 2193
f 402 1472 2321
f 390 1598 2285
f 264 1351 1907
f 327 1478 2098
f 309 1400 2044
f 282 1405 1961
f 317 1489 2067
f 322 1501 2083
f 341 1532 2139
f 286 1411 1975
f 294 1441 1997
f 372 1591 2231
f 394 1382 2298
f 358 1322 2190
f 256 1274 1884
f 261 1262 1900
f 387 1298 2278
f 399 1316 2314
f 351 1340 2170
f 348 1561 2159
f 300 1459 2015
f 366 1585 2213
f 267 1346 1918
f 340 1520 2136
f 287 1417 1977
f 291 1394 1990
f 369 1496 2224
f 395 1514 2301
f 354 1556 2177
f 345 1424 2152
f 297 1430 2008
f 363 1567 2206
f 270 1369 1925
f 234 1279 1817
f 227 1255 1797
f 239 1291 1833
f 245 1309 1851
f 252 1327 1871
f 275 1375 1941
f 334 1537 2119
f 304 1448 2029
f 377 1574 2247
f 382 1364 2262
f 312 1483 2051
f 279 1387 1954
f 316 1436 2064
f 323 1507 2085
f 330 1525 2105
f 335 1543 2121
f 305 1465 2031
f 376 1454 2244
f 383 1580 2265
f 274 1358 1939
f 232 1267 1814
f 225 1243 1793
f 237 1250 1829
f 243 1286 1847
f 250 1304 1868
f 273 1334 1937
f 336 1549 2124
f 306 1471 2034
f 378 1597 2250
f 381 1352 2261
f 311 1477 2050
f 281 1399 1960
f 315 1406 2063
f 321 1490 2081
f 328 1502 2102
f 333 1531 2117
f 303 1412 2027
f 375 1442 2243
f 384 1592 2268
f 276 1381 1944
f 229 890 1804
f 223 884 1785
f 235 896 1821
f 241 902 1839
f 247 908 1858
f 271 938 1929
f 332 1046 2114
f 302 1220 2024
f 374 1196 2240
f 379 1112 2253
f 307 980 2038
f 278 974 1951
f 313 986 2055
f 319 992 2073
f 325 998 2092
f 331 1016 2109
f 301 968 2019
f 373 1088 2235
f 380 1142 2258
f 272 1154 1934
f 248 1214 1861
f 230 1034 1807
f 224 914 1790
f 236 1094 1826
f 242 1184 1844
f 254 1040 1880
f 356 1232 2186
f 397 1208 2308
f 385 1118 2272
f 259 926 1894
f 326 1160 2095
f 308 1010 2041
f 277 944 1948
f 314 1070 2060
f 320 1130 2078
f 338 1166 2132
f 284 1004 1970
f 289 956 1984
f 367 1082 2218
f 391 1148 2289
f 355 1058 2181
f 253 920 1875
f 260 1100 1897
f 386 1202 2275
f 398 1238 2311
f 350 1172 2167
f 343 1028 2146
f 295 962 2002
f 361 1076 2200
f 266 1124 1915
f 337 1022 2127
f 283 950 1965
f 290 1064 1987
f 368 1136 2221
f 392 1178 2294
f 349 1052 2164
f 344 1226 2149
f 296 1190 2005
f 362 1106 2203
f 265 932 1912
f 251 1321 1870
f 233 1273 1816
f 228 1261 1800
f 240 1297 1836
f 246 1315 1854
f 258 1339 1890
f 360 1562 2196
f 401 1460 2320
f 389 1586 2284
f 263 1345 1906
f 329 1519 2104
f 310 1418 2047
f 280 1393 1958
f 318 1495 2070
f 324 1513 2088
f 342 1555 2142
f 288 1423 1980
f 292 1429 1994
f 371 1568 2230
f 393 1370 2297
f 409 894 2329
f 405 887 2323
f 411 899 2326
f 414 905 2333
f 417 912 2336
f 431 941 2345
f 488 1050 2409
f 575 1224 2496
f 563 1200 2485
f 519 1115 2435
f 454 984 2374
f 450 977 2368
f 456 989 2371
f 459 995 2378
f 462 1002 2381
f 472 1019 2392
f 446 971 2360
f 506 1091 2416
f 535 1146 2456
f 541 1158 2460
f 570 1217 2488
f 480 1037 2398
f 421 918 2340
f 511 1098 2430
f 556 1188 2475
f 484 1044 2404
f 580 1236 2501
f 567 1212 2482
f 522 1122 2440
f 427 930 2347
f 544 1163 2464
f 468 1013 2384
f 436 948 2355
f 499 1074 2419
f 530 1134 2451
f 548 1170 2470
f 466 1008 2385
f 442 960 2362
f 505 1086 2423
f 536 1151 2446
f 491 1061 2401
f 423 923 2339
f 513 1103 2429
f 564 1205 2474
f 581 1241 2491
f 549 1175 2459
f 477 1032 2395
f 445 966 2365
f 503 1080 2424
f 525 1127 2443
f 474 1025 2390
f 438 953 2354
f 495 1067 2413
f 532 1139 2450
f 552 1182 2467
f 490 1056 2408
f 577 1229 2495
f 559 1193 2479
f 517 1109 2437
f 430 936 2350
f 590 1325 2511
f 584 1277 2505
f 585 1265 2507
f 592 1301 2513
f 595 1319 2516
f 598 1343 2519
f 636 1566 2556
f 621 1464 2540
f 642 1590 2561
f 601 1349 2521
f 623 1523 2544
f 611 1422 2529
f 609 1397 2530
f 625 1499 2546
f 628 1517 2549
f 632 1559 2553
f 613 1427 2534
f 616 1433 2536
f 638 1572 2557
f 606 1374 2525
f 407 892 1609
f 403 885 1605
f 404 897 1611
f 410 903 1614
f 413 910 1617
f 422 939 1631
f 486 1048 1688
f 573 1222 1775
f 561 1198 1763
f 512 1113 1719
f 452 982 1654
f 448 975 1650
f 449 987 1656
f 455 993 1659
f 458 1000 1662
f 470 1017 1672
f 437 969 1646
f 494 1089 1706
f 531 1144 1735
f 539 1156 1741
f 568 1215 1770
f 478 1035 1680
f 419 916 1621
f 509 1096 1711
f 554 1186 1756
f 482 1042 1684
f 576 1234 1780
f 558 1210 1767
f 516 1120 1722
f 425 928 1627
f 542 1161 1744
f 463 1011 1668
f 434 946 1636
f 497 1072 1699
f 528 1132 1730
f 546 1168 1748
f 464 1006 1666
f 440 958 1642
f 500 1084 1705
f 524 1149 1736
f 479 1059 1691
f 418 921 1623
f 508 1101 1713
f 553 1203 1764
f 569 1239 1781
f 538 1173 1749
f 471 1030 1677
f 443 964 1645
f 501 1078 1703
f 523 1125 1725
f 467 1023 1674
f 433 951 1638
f 493 1065 1695
f 527 1137 1732
f 543 1180 1752
f 485 1054 1690
f 572 1227 1777
f 557 1191 1759
f 515 1107 1717
f 428 934 1630
f 591 1326 2191
f 587 1278 1885
f 588 1266 1901
f 594 1302 2279
f 597 1320 2315
f 600 1344 2171
f 634 1565 2160
f 619 1463 2016
f 639 1589 2214
f 602 1350 1919
f 624 1524 2137
f 608 1421 1978
f 610 1398 1991
f 627 1500 2225
f 630 1518 2302
f 635 1560 2178
f 615 1428 2153
f 617 1434 2009
f 637 1571 2207
f 604 1373 1926
f 416 911 1857
f 408 893 1803
f 406 888 1786
f 412 900 1822
f 415 906 1840
f 424 924 1876
f 492 1062 2182
f 582 1242 2312
f 565 1206 2276
f 514 1104 1898
f 461 1001 2091
f 453 983 2037
f 451 978 1952
f 457 990 2056
f 460 996 2074
f 475 1026 2128
f 439 954 1966
f 496 1068 1988
f 533 1140 2222
f 551 1181 2293
f 579 1235 2185
f 483 1043 1879
f 426 929 1893
f 521 1121 2271
f 566 1211 2307
f 489 1055 2163
f 578 1230 2150
f 560 1194 2006
f 518 1110 2204
f 429 935 1911
f 547 1169 2131
f 465 1007 1969
f 441 959 1983
f 504 1085 2217
f 537 1152 2290
f 550 1176 2168
f 476 1031 2145
f 444 965 2001
f 502 1079 2199
f 526 1128 1916
f 481 1038 1808
f 420 917 1789
f 510 1097 1825
f 555 1187 1843
f 571 1218 1862
f 540 1157 1933
f 473 1020 2110
f 447 972 2020
f 507 1092 2236
f 534 1145 2257
f 469 1014 2042
f 435 947 1947
f 498 1073 2059
f 529 1133 2077
f 545 1164 2096
f 487 1049 2113
f 574 1223 2023
f 562 1199 2239
f 520 1116 2254
f 432 942 1930
f 589 1283 1818
f 583 1259 1798
f 586 1295 1834
f 593 1313 1852
f 596 1331 1872
f 599 1379 1942
f 633 1541 2120
f 620 1452 2030
f 640 1578 2248
f 603 1368 2263
f 622 1487 2052
f 607 1391 1955
f 612 1440 2065
f 626 1511 2086
f 629 1529 2106
f 631 1547 2122
f 614 1469 2032
f 618 1458 2245
f 641 1584 2266
f 605 1362 1940
f 409 1269 1813
f 405 1245 1792
f 411 1252 1828
f 414 1288 1846
f 417 1306 1867
f 431 1336 1936
f 488 1551 2123
f 575 1473 2033
f 563 1599 2249
f 519 1354 2260
f 454 1479 2049
f 450 1401 1959
f 456 1408 2062
f 459 1492 2080
f 462 1504 2101
f 472 1533 2116
f 446 1414 2026
f 506 1444 2242
f 535 1594 2267
f 541 1383 1943
f 570 1323 1869
f 480 1275 1815
f 421 1263 1799
f 511 1299 1835
f 556 1317 1853
f 484 1341 1889
f 580 1564 2195
f 567 1462 2319
f 522 1588 2283
f 427 1347 1905
f 544 1521 2103
f 468 1420 2046
f 436 1395 1957
f 499 1497 2069
f 530 1515 2087
f 548 1557 2141
f 466 1425 1979
f 442 1431 1993
f 505 1570 2229
f 536 1372 2296
f 491 1282 2188
f 423 1258 1882
f 513 1294 1902
f 564 1312 2280
f 581 1330 2316
f 549 1378 2172
f 477 1540 2157
f 445 1449 2011
f 503 1575 2209
f 525 1365 1923
f 474 1486 2134
f 438 1390 1972
f 495 1437 1995
f 532 1510 2226
f 552 1528 2303
f 490 1546 2175
f 577 1468 2154
f 559 1455 2013
f 517 1581 2211
f 430 1359 1921
f 590 1272 1865
f 584 1248 1811
f 585 1253 1796
f 592 1289 1832
f 595 1307 1850
f 598 1337 1888
f 636 1554 2194
f 621 1476 2322
f 642 1602 2286
f 601 1355 1908
f 623 1482 2099
f 611 1404 2045
f 609 1409 1962
f 625 1493 2068
f 628 1505 2084
f 632 1536 2140
f 613 1415 1976
f 616 1445 1998
f 638 1595 2232
f 606 1386 2299
f 407 909 2330
f 403 891 2324
f 404 886 2325
f 410 898 2332
f 413 904 2335
f 422 922 2344
f 486 1060 2410
f 573 1240 2497
f 561 1204 2486
f 512 1102 2434
f 452 999 2375
f 448 981 2369
f 449 976 2370
f 455 988 2377
f 458 994 2380
f 470 1024 2393
f 437 952 2359
f 494 1066 2415
f 531 1138 2455
f 539 1179 2461
f 568 1233 2489
f 478 1041 2399
f 419 927 2341
f 509 1119 2431
f 554 1209 2476
f 482 1053 2405
f 576 1228 2500
f 558 1192 2481
f 516 1108 2439
f 425 933 2348
f 542 1167 2465
f 463 1005 2383
f 434 957 2356
f 497 1083 2420
f 528 1150 2452
f 546 1174 2471
f 464 1029 2386
f 440 963 2363
f 500 1077 2422
f 524 1126 2445
f 479 1036 2400
f 418 915 2338
f 508 1095 2428
f 553 1185 2473
f 569 1216 2490
f 538 1155 2458
f 471 1018 2394
f 443 970 2366
f 501 1090 2425
f 523 1143 2444
f 467 1012 2389
f 433 945 2353
f 493 1071 2414
f 527 1131 2449
f 543 1162 2466
f 485 1047 2407
f 572 1221 2494
f 557 1197 2480
f 515 1114 2438
f 428 940 2351
f 591 1284 2510
f 587 1260 2504
f 588 1296 2508
f 594 1314 2514
f 597 1332 2517
f 600 1380 2520
f 634 1542 2554
f 619 1451 2539
f 639 1577 2560
f 602 1367 2523
f 624 1488 2543
f 608 1392 2527
f 610 1439 2532
f 627 1512 2547
f 630 1530 2550
f 635 1548 2552
f 615 1470 2535
f 617 1457 2538
f 637 1583 2558
f 604 1361 2524
f 167 1616 1607
f 164 1608 1603
f 163 1606 1604
f 165 1612 1610
f 166 1615 1613
f 169 1624 1622
f 192 1692 1686
f 222 1782 1773
f 216 1765 1761
f 199 1714 1712
f 182 1661 1652
f 179 1653 1648
f 178 1651 1649
f 180 1657 1655
f 181 1660 1658
f 186 1675 1670
f 174 1639 1637
f 193 1696 1694
f 205 1733 1731
f 212 1751 1739
f 221 1779 1768
f 189 1683 1678
f 170 1626 1619
f 202 1721 1709
f 217 1766 1754
f 191 1689 1682
f 220 1778 1776
f 214 1760 1758
f 200 1718 1716
f 171 1629 1625
f 210 1747 1742
f 183 1665 1663
f 175 1641 1634
f 196 1704 1697
f 207 1737 1728
f 211 1750 1746
f 187 1676 1664
f 176 1644 1640
f 195 1702 1700
f 203 1726 1724
f 188 1681 1679
f 168 1620 1618
f 198 1710 1708
f 213 1755 1753
f 218 1771 1769
f 208 1740 1738
f 185 1673 1671
f 177 1647 1643
f 197 1707 1701
f 206 1734 1723
f 184 1669 1667
f 173 1635 1633
f 194 1698 1693
f 204 1729 1727
f 209 1745 1743
f 190 1687 1685
f 219 1774 1772
f 215 1762 1757
f 201 1720 1715
f 172 1632 1628
f 357 2189 2187
f 255 1883 1881
f 262 1903 1899
f 388 2281 2277
f 400 2317 2313
f 352 2173 2169
f 347 2158 2156
f 298 2012 2010
f 364 2210 2208
f 269 1924 1917
f 339 2135 2133
f 285 1973 1971
f 293 1996 1989
f 370 2227 2223
f 396 2304 2300
f 353 2176 2174
f 346 2155 2151
f 299 2014 2007
f 365 2212 2205
f 268 1922 1920
f 249 1864 1855
f 231 1810 1801
f 226 1795 1784
f 238 1831 1820
f 244 1849 1838
f 257 1887 1874
f 359 2193 2180
f 402 2321 2310
f 390 2285 2274
f 264 1907 1896
f 327 2098 2089
f 309 2044 2035
f 282 1961 1950
f 317 2067 2054
f 322 2083 2072
f 341 2139 2126
f 286 1975 1964
f 294 1997 1986
f 372 2231 2220
f 394 2298 2291
f 358 2190 2183
f 256 1884 1877
f 261 1900 1891
f 387 2278 2269
f 399 2314 2305
f 351 2170 2161
f 348 2159 2148
f 300 2015 2004
f 366 2213 2202
f 267 1918 1909
f 340 2136 2129
f 287 1977 1967
f 291 1990 1981
f 369 2224 2215
f 395 2301 2288
f 354 2177 2166
f 345 2152 2143
f 297 2008 1999
f 363 2206 2197
f 270 1925 1914
f 234 1817 1806
f 227 1797 1787
f 239 1833 1823
f 245 1851 1841
f 252 1871 1860
f 275 1941 1931
f 334 2119 2108
f 304 2029 2018
f 377 2247 2234
f 382 2262 2255
f 312 2051 2040
f 279 1954 1945
f 316 2064 2057
f 323 2085 2075
f 330 2105 2094
f 335 2121 2111
f 305 2031 2021
f 376 2244 2237
f 383 2265 2252
f 274 1939 1928
f 232 1814 1812
f 225 1793 1791
f 237 1829 1827
f 243 1847 1845
f 250 1868 1866
f 273 1937 1935
f 336 2124 2118
f 306 2034 2028
f 378 2250 2246
f 381 2261 2259
f 311 2050 2048
f 281 1960 1953
f 315 2063 2061
f 321 2081 2079
f 328 2102 2100
f 333 2117 2115
f 303 2027 2025
f 375 2243 2241
f 384 2268 2264
f 276 1944 1938
f 229 1804 1802
f 223 1785 1783
f 235 1821 1819
f 241 1839 1837
f 247 1858 1856
f 271 1929 1927
f 332 2114 2112
f 302 2024 2022
f 374 2240 2238
f 379 2253 2251
f 307 2038 2036
f 278 1951 1949
f 313 2055 2053
f 319 2073 2071
f 325 2092 2090
f 331 2109 2107
f 301 2019 2017
f 373 2235 2233
f 380 2258 2256
f 272 1934 1932
f 248 1861 1859
f 230 1807 1805
f 224 1790 1788
f 236 1826 1824
f 242 1844 1842
f 254 1880 1878
f 356 2186 2184
f 397 2308 2306
f 385 2272 2270
f 259 1894 1892
f 326 2095 2093
f 308 2041 2039
f 277 1948 1946
f 314 2060 2058
f 320 2078 2076
f 338 2132 2130
f 284 1970 1968
f 289 1984 1982
f 367 2218 2216
f 391 2289 2287
f 355 2181 2179
f 253 1875 1873
f 260 1897 1895
f 386 2275 2273
f 398 2311 2309
f 350 2167 2165
f 343 2146 2144
f 295 2002 2000
f 361 2200 2198
f 266 1915 1913
f 337 2127 2125
f 283 1965 1963
f 290 1987 1985
f 368 2221 2219
f 392 2294 2292
f 349 2164 2162
f 344 2149 2147
f 296 2005 2003
f 362 2203 2201
f 265 1912 1910
f 251 1870 1863
f 233 1816 1809
f 228 1800 1794
f 240 1836 1830
f 246 1854 1848
f 258 1890 1886
f 360 2196 2192
f 401 2320 2318
f 389 2284 2282
f 263 1906 1904
f 329 2104 2097
f 310 2047 2043
f 280 1958 1956
f 318 2070 2066
f 324 2088 2082
f 342 2142 2138
f 288 1980 1974
f 292 1994 1992
f 371 2230 2228
f 393 2297 2295
f 409 2329 2331
f 405 2323 2327
f 411 2326 2328
f 414 2333 2334
f 417 2336 2337
f 431 2345 2346
f 488 2409 2412
f 575 2496 2499
f 563 2485 2487
f 519 2435 2436
f 454 2374 2376
f 450 2368 2372
f 456 2371 2373
f 459 2378 2379
f 462 2381 2382
f 472 2392 2396
f 446 2360 2361
f 506 2416 2418
f 535 2456 2457
f 541 2460 2463
f 570 2488 2492
f 480 2398 2402
f 421 2340 2343
f 511 2430 2433
f 556 2475 2478
f 484 2404 2406
f 580 2501 2502
f 567 2482 2484
f 522 2440 2442
f 427 2347 2349
f 544 2464 2468
f 468 2384 2387
f 436 2355 2358
f 499 2419 2421
f 530 2451 2454
f 548 2470 2472
f 466 2385 2388
f 442 2362 2364
f 505 2423 2426
f 536 2446 2448
f 491 2401 2403
f 423 2339 2342
f 513 2429 2432
f 564 2474 2477
f 581 2491 2493
f 549 2459 2462
f 477 2395 2397
f 445 2365 2367
f 503 2424 2427
f 525 2443 2447
f 474 2390 2391
f 438 2354 2357
f 495 2413 2417
f 532 2450 2453
f 552 2467 2469
f 490 2408 2411
f 577 2495 2498
f 559 2479 2483
f 517 2437 2441
f 430 2350 2352
f 590 2511 2509
f 584 2505 2503
f 585 2507 2506
f 592 2513 2512
f 595 2516 2515
f 598 2519 2518
f 636 2556 2555
f 621 2540 2541
f 642 2561 2562
f 601 2521 2522
f 623 2544 2542
f 611 2529 2528
f 609 2530 2531
f 625 2546 2545
f 628 2549 2548
f 632 2553 2551
f 613 2534 2533
f 616 2536 2537
f 638 2557 2559
f 606 2525 2526
f 1607 644 647
f 1603 643 644
f 1604 645 643
f 1610 646 645
f 1613 647 646
f 1622 652 649
f 1686 670 672
f 1773 699 702
f 1761 695 696
f 1712 681 679
f 1652 659 662
f 1648 658 659
f 1649 660 658
f 1655 661 660
f 1658 662 661
f 1670 665 666
f 1637 657 654
f 1694 677 673
f 1731 686 685
f 1739 688 692
f 1768 698 701
f 1678 668 669
f 1619 648 650
f 1709 678 682
f 1754 693 697
f 1682 669 671
f 1776 701 700
f 1758 697 694
f 1716 682 680
f 1625 650 651
f 1742 689 690
f 1663 664 663
f 1634 653 655
f 1697 674 676
f 1728 684 687
f 1746 690 691
f 1664 663 667
f 1640 655 656
f 1700 676 675
f 1724 687 683
f 1679 672 668
f 1618 649 648
f 1708 679 678
f 1753 696 693
f 1769 702 698
f 1738 691 688
f 1671 667 665
f 1643 656 657
f 1701 675 677
f 1723 683 686
f 1667 666 664
f 1633 654 653
f 1693 673 674
f 1727 685 684
f 1743 692 689
f 1685 671 670
f 1772 700 699
f 1757 694 695
f 1715 680 681
f 1628 651 652
f 2187 838 837
f 1881 736 735
f 1899 741 742
f 2277 867 868
f 2313 879 880
f 2169 831 832
f 2156 828 827
f 2010 780 778
f 2208 846 844
f 1917 747 749
f 2133 820 819
f 1971 767 765
f 1989 771 773
f 2223 849 850
f 2300 875 876
f 2174 834 833
f 2151 825 826
f 2007 777 779
f 2205 843 845
f 1920 750 748
f 1855 727 729
f 1801 709 711
f 1784 703 706
f 1820 715 718
f 1838 721 724
f 1874 733 737
f 2180 835 839
f 2310 878 882
f 2274 866 870
f 1896 740 744
f 2089 805 807
f 2035 787 789
f 1950 758 762
f 2054 793 797
f 2072 799 802
f 2126 817 821
f 1964 763 766
f 1986 770 774
f 2220 848 852
f 2291 872 874
f 2183 836 838
f 1877 734 736
f 1891 739 741
f 2269 865 867
f 2305 877 879
f 2161 829 831
f 2148 824 828
f 2004 776 780
f 2202 842 846
f 1909 745 747
f 2129 818 820
f 1967 764 767
f 1981 769 771
f 2215 847 849
f 2288 871 875
f 2166 830 834
f 2143 823 825
f 1999 775 777
f 2197 841 843
f 1914 746 750
f 1806 710 714
f 1787 704 707
f 1823 716 719
f 1841 722 725
f 1860 728 732
f 1931 752 755
f 2108 811 814
f 2018 781 784
f 2234 853 857
f 2255 860 862
f 2040 788 792
f 1945 757 759
f 2057 794 796
f 2075 800 803
f 2094 806 810
f 2111 812 815
f 2021 782 785
f 2237 854 856
f 2252 859 863
f 1928 751 754
f 1812 714 712
f 1791 707 705
f 1827 719 717
f 1845 725 723
f 1866 732 730
f 1935 755 753
f 2118 814 816
f 2028 784 786
f 2246 857 858
f 2259 862 861
f 2048 792 791
f 1953 759 761
f 2061 796 795
f 2079 803 801
f 2100 810 808
f 2115 815 813
f 2025 785 783
f 2241 856 855
f 2264 863 864
f 1938 754 756
f 1802 712 709
f 1783 705 703
f 1819 717 715
f 1837 723 721
f 1856 730 727
f 1927 753 751
f 2112 816 812
f 2022 786 782
f 2238 858 854
f 2251 861 859
f 2036 791 787
f 1949 761 758
f 2053 795 793
f 2071 801 799
f 2090 808 805
f 2107 813 811
f 2017 783 781
f 2233 855 853
f 2256 864 860
f 1932 756 752
f 1859 731 728
f 1805 713 710
f 1788 708 704
f 1824 720 716
f 1842 726 722
f 1878 738 734
f 2184 840 836
f 2306 881 877
f 2270 869 865
f 1892 743 739
f 2093 809 806
f 2039 790 788
f 1946 760 757
f 2058 798 794
f 2076 804 800
f 2130 822 818
f 1968 768 764
f 1982 772 769
f 2216 851 847
f 2287 873 871
f 2179 837 835
f 1873 735 733
f 1895 742 740
f 2273 868 866
f 2309 880 878
f 2165 832 830
f 2144 827 823
f 2000 778 775
f 2198 844 841
f 1913 749 746
f 2125 819 817
f 1963 765 763
f 1985 773 770
f 2219 850 848
f 2292 876 872
f 2162 833 829
f 2147 826 824
f 2003 779 776
f 2201 845 842
f 1910 748 745
f 1863 729 731
f 1809 711 713
f 1794 706 708
f 1830 718 720
f 1848 724 726
f 1886 737 738
f 2192 839 840
f 2318 882 881
f 2282 870 869
f 1904 744 743
f 2097 807 809
f 2043 789 790
f 1956 762 760
f 2066 797 798
f 2082 802 804
f 2138 821 822
f 1974 766 768
f 1992 774 772
f 2228 852 851
f 2295 874 873
f 2331 1270 1269
f 2327 1246 1245
f 2328 1251 1252
f 2334 1287 1288
f 2337 1305 1306
f 2346 1335 1336
f 2412 1552 1551
f 2499 1474 1473
f 2487 1600 1599
f 2436 1353 1354
f 2376 1480 1479
f 2372 1402 1401
f 2373 1407 1408
f 2379 1491 1492
f 2382 1503 1504
f 2396 1534 1533
f 2361 1413 1414
f 2418 1443 1444
f 2457 1593 1594
f 2463 1384 1383
f 2492 1324 1323
f 2402 1276 1275
f 2343 1264 1263
f 2433 1300 1299
f 2478 1318 1317
f 2406 1342 1341
f 2502 1563 1564
f 2484 1461 1462
f 2442 1587 1588
f 2349 1348 1347
f 2468 1522 1521
f 2387 1419 1420
f 2358 1396 1395
f 2421 1498 1497
f 2454 1516 1515
f 2472 1558 1557
f 2388 1426 1425
f 2364 1432 1431
f 2426 1569 1570
f 2448 1371 1372
f 2403 1281 1282
f 2342 1257 1258
f 2432 1293 1294
f 2477 1311 1312
f 2493 1329 1330
f 2462 1377 1378
f 2397 1539 1540
f 2367 1450 1449
f 2427 1576 1575
f 2447 1366 1365
f 2391 1485 1486
f 2357 1389 1390
f 2417 1438 1437
f 2453 1509 1510
f 2469 1527 1528
f 2411 1545 1546
f 2498 1467 1468
f 2483 1456 1455
f 2441 1582 1581
f 2352 1360 1359
f 2509 1271 1272
f 2503 1247 1248
f 2506 1254 1253
f 2512 1290 1289
f 2515 1308 1307
f 2518 1338 1337
f 2555 1553 1554
f 2541 1475 1476
f 2562 1601 1602
f 2522 1356 1355
f 2542 1481 1482
f 2528 1403 1404
f 2531 1410 1409
f 2545 1494 1493
f 2548 1506 1505
f 2551 1535 1536
f 2533 1416 1415
f 2537 1446 1445
f 2559 1596 1595
f 2526 1385 1386
f 1616 907 909
f 1608 889 891
f 1606 883 886
f 1612 895 898
f 1615 901 904
f 1624 919 922
f 1692 1057 1060
f 1782 1237 1240
f 1765 1201 1204
f 1714 1099 1102
f 1661 997 999
f 1653 979 981
f 1651 973 976
f 1657 985 988
f 1660 991 994
f 1675 1021 1024
f 1639 949 952
f 1696 1063 1066
f 1733 1135 1138
f 1751 1177 1179
f 1779 1231 1233
f 1683 1039 1041
f 1626 925 927
f 1721 1117 1119
f 1766 1207 1209
f 1689 1051 1053
f 1778 1225 1228
f 1760 1189 1192
f 1718 1105 1108
f 1629 931 933
f 1747 1165 1167
f 1665 1003 1005
f 1641 955 957
f 1704 1081 1083
f 1737 1147 1150
f 1750 1171 1174
f 1676 1027 1029
f 1644 961 963
f 1702 1075 1077
f 1726 1123 1126
f 1681 1033 1036
f 1620 913 915
f 1710 1093 1095
f 1755 1183 1185
f 1771 1213 1216
f 1740 1153 1155
f 1673 1015 1018
f 1647 967 970
f 1707 1087 1090
f 1734 1141 1143
f 1669 1009 1012
f 1635 943 945
f 1698 1069 1071
f 1729 1129 1131
f 1745 1159 1162
f 1687 1045 1047
f 1774 1219 1221
f 1762 1195 1197
f 1720 1111 1114
f 1632 937 940
f 2189 1280 1284
f 1883 1256 1260
f 1903 1292 1296
f 2281 1310 1314
f 2317 1328 1332
f 2173 1376 1380
f 2158 1538 1542
f 2012 1447 1451
f 2210 1573 1577
f 1924 1363 1367
f 2135 1484 1488
f 1973 1388 1392
f 1996 1435 1439
f 2227 1508 1512
f 2304 1526 1530
f 2176 1544 1548
f 2155 1466 1470
f 2014 1453 1457
f 2212 1579 1583
f 1922 1357 1361
f 1864 1268 1270
f 1810 1244 1246
f 1795 1249 1251
f 1831 1285 1287
f 1849 1303 1305
f 1887 1333 1335
f 2193 1550 1552
f 2321 1472 1474
f 2285 1598 1600
f 1907 1351 1353
f 2098 1478 1480
f 2044 1400 1402
f 1961 1405 1407
f 2067 1489 1491
f 2083 1501 1503
f 2139 1532 1534
f 1975 1411 1413
f 1997 1441 1443
f 2231 1591 1593
f 2298 1382 1384
f 2190 1322 1324
f 1884 1274 1276
f 1900 1262 1264
f 2278 1298 1300
f 2314 1316 1318
f 2170 1340 1342
f 2159 1561 1563
f 2015 1459 1461
f 2213 1585 1587
f 1918 1346 1348
f 2136 1520 1522
f 1977 1417 1419
f 1990 1394 1396
f 2224 1496 1498
f 2301 1514 1516
f 2177 1556 1558
f 2152 1424 1426
f 2008 1430 1432
f 2206 1567 1569
f 1925 1369 1371
f 1817 1279 1281
f 1797 1255 1257
f 1833 1291 1293
f 1851 1309 1311
f 1871 1327 1329
f 1941 1375 1377
f 2119 1537 1539
f 2029 1448 1450
f 2247 1574 1576
f 2262 1364 1366
f 2051 1483 1485
f 1954 1387 1389
f 2064 1436 1438
f 2085 1507 1509
f 2105 1525 1527
f 2121 1543 1545
f 2031 1465 1467
f 2244 1454 1456
f 2265 1580 1582
f 1939 1358 1360
f 1814 1267 1271
f 1793 1243 1247
f 1829 1250 1254
f 1847 1286 1290
f 1868 1304 1308
f 1937 1334 1338
f 2124 1549 1553
f 2034 1471 1475
f 2250 1597 1601
f 2261 1352 1356
f 2050 1477 1481
f 1960 1399 1403
f 2063 1406 1410
f 2081 1490 1494
f 2102 1502 1506
f 2117 1531 1535
f 2027 1412 1416
f 2243 1442 1446
f 2268 1592 1596
f 1944 1381 1385
f 1804 890 894
f 1785 884 887
f 1821 896 899
f 1839 902 905
f 1858 908 912
f 1929 938 941
f 2114 1046 1050
f 2024 1220 1224
f 2240 1196 1200
f 2253 1112 1115
f 2038 980 984
f 1951 974 977
f 2055 986 989
f 2073 992 995
f 2092 998 1002
f 2109 1016 1019
f 2019 968 971
f 2235 1088 1091
f 2258 1142 1146
f 1934 1154 1158
f 1861 1214 1217
f 1807 1034 1037
f 1790 914 918
f 1826 1094 1098
f 1844 1184 1188
f 1880 1040 1044
f 2186 1232 1236
f 2308 1208 1212
f 2272 1118 1122
f 1894 926 930
f 2095 1160 1163
f 2041 1010 1013
f 1948 944 948
f 2060 1070 1074
f 2078 1130 1134
f 2132 1166 1170
f 1970 1004 1008
f 1984 956 960
f 2218 1082 1086
f 2289 1148 1151
f 2181 1058 1061
f 1875 920 923
f 1897 1100 1103
f 2275 1202 1205
f 2311 1238 1241
f 2167 1172 1175
f 2146 1028 1032
f 2002 962 966
f 2200 1076 1080
f 1915 1124 1127
f 2127 1022 1025
f 1965 950 953
f 1987 1064 1067
f 2221 1136 1139
f 2294 1178 1182
f 2164 1052 1056
f 2149 1226 1229
f 2005 1190 1193
f 2203 1106 1109
f 1912 932 936
f 1870 1321 1325
f 1816 1273 1277
f 1800 1261 1265
f 1836 1297 1301
f 1854 1315 1319
f 1890 1339 1343
f 2196 1562 1566
f 2320 1460 1464
f 2284 1586 1590
f 1906 1345 1349
f 2104 1519 1523
f 2047 1418 1422
f 1958 1393 1397
f 2070 1495 1499
f 2088 1513 1517
f 2142 1555 1559
f 1980 1423 1427
f 1994 1429 1433
f 2230 1568 1572
f 2297 1370 1374
f 2329 894 892
f 2323 887 885
f 2326 899 897
f 2333 905 903
f 2336 912 910
f 2345 941 939
f 2409 1050 1048
f 2496 1224 1222
f 2485 1200 1198
f 2435 1115 1113
f 2374 984 982
f 2368 977 975
f 2371 989 987
f 2378 995 993
f 2381 1002 1000
f 2392 1019 1017
f 2360 971 969
f 2416 1091 1089
f 2456 1146 1144
f 2460 1158 1156
f 2488 1217 1215
f 2398 1037 1035
f 2340 918 916
f 2430 1098 1096
f 2475 1188 1186
f 2404 1044 1042
f 2501 1236 1234
f 2482 1212 1210
f 2440 1122 1120
f 2347 930 928
f 2464 1163 1161
f 2384 1013 1011
f 2355 948 946
f 2419 1074 1072
f 2451 1134 1132
f 2470 1170 1168
f 2385 1008 1006
f 2362 960 958
f 2423 1086 1084
f 2446 1151 1149
f 2401 1061 1059
f 2339 923 921
f 2429 1103 1101
f 2474 1205 1203
f 2491 1241 1239
f 2459 1175 1173
f 2395 1032 1030
f 2365 966 964
f 2424 1080 1078
f 2443 1127 1125
f 2390 1025 1023
f 2354 953 951
f 2413 1067 1065
f 2450 1139 1137
f 2467 1182 1180
f 2408 1056 1054
f 2495 1229 1227
f 2479 1193 1191
f 2437 1109 1107
f 2350 936 934
f 2511 1325 1326
f 2505 1277 1278
f 2507 1265 1266
f 2513 1301 1302
f 2516 1319 1320
f 2519 1343 1344
f 2556 1566 1565
f 2540 1464 1463
f 2561 1590 1589
f 2521 1349 1350
f 2544 1523 1524
f 2529 1422 1421
f 2530 1397 1398
f 2546 1499 1500
f 2549 1517 1518
f 2553 1559 1560
f 2534 1427 1428
f 2536 1433 1434
f 2557 1572 1571
f 2525 1374 1373
f 1609 892 889
f 1605 885 883
f 1611 897 895
f 1614 903 901
f 1617 910 907
f 1631 939 937
f 1688 1048 1045
f 1775 1222 1219
f 1763 1198 1195
f 1719 1113 1111
f 1654 982 979
f 1650 975 973
f 1656 987 985
f 1659 993 991
f 1662 1000 997
f 1672 1017 1015
f 1646 969 967
f 1706 1089 1087
f 1735 1144 1141
f 1741 1156 1153
f 1770 1215 1213
f 1680 1035 1033
f 1621 916 913
f 1711 1096 1093
f 1756 1186 1183
f 1684 1042 1039
f 1780 1234 1231
f 1767 1210 1207
f 1722 1120 1117
f 1627 928 925
f 1744 1161 1159
f 1668 1011 1009
f 1636 946 943
f 1699 1072 1069
f 1730 1132 1129
f 1748 1168 1165
f 1666 1006 1003
f 1642 958 955
f 1705 1084 1081
f 1736 1149 1147
f 1691 1059 1057
f 1623 921 919
f 1713 1101 1099
f 1764 1203 1201
f 1781 1239 1237
f 1749 1173 1171
f 1677 1030 1027
f 1645 964 961
f 1703 1078 1075
f 1725 1125 1123
f 1674 1023 1021
f 1638 951 949
f 1695 1065 1063
f 1732 1137 1135
f 1752 1180 1177
f 1690 1054 1051
f 1777 1227 1225
f 1759 1191 1189
f 1717 1107 1105
f 1630 934 931
f 2191 1326 1322
f 1885 1278 1274
f 1901 1266 1262
f 2279 1302 1298
f 2315 1320 1316
f 2171 1344 1340
f 2160 1565 1561
f 2016 1463 1459
f 2214 1589 1585
f 1919 1350 1346
f 2137 1524 1520
f 1978 1421 1417
f 1991 1398 1394
f 2225 1500 1496
f 2302 1518 1514
f 2178 1560 1556
f 2153 1428 1424
f 2009 1434 1430
f 2207 1571 1567
f 1926 1373 1369
f 1857 911 908
f 1803 893 890
f 1786 888 884
f 1822 900 896
f 1840 906 902
f 1876 924 920
f 2182 1062 1058
f 2312 1242 1238
f 2276 1206 1202
f 1898 1104 1100
f 2091 1001 998
f 2037 983 980
f 1952 978 974
f 2056 990 986
f 2074 996 992
f 2128 1026 1022
f 1966 954 950
f 1988 1068 1064
f 2222 1140 1136
f 2293 1181 1178
f 2185 1235 1232
f 1879 1043 1040
f 1893 929 926
f 2271 1121 1118
f 2307 1211 1208
f 2163 1055 1052
f 2150 1230 1226
f 2006 1194 1190
f 2204 1110 1106
f 1911 935 932
f 2131 1169 1166
f 1969 1007 1004
f 1983 959 956
f 2217 1085 1082
f 2290 1152 1148
f 2168 1176 1172
f 2145 1031 1028
f 2001 965 962
f 2199 1079 1076
f 1916 1128 1124
f 1808 1038 1034
f 1789 917 914
f 1825 1097 1094
f 1843 1187 1184
f 1862 1218 1214
f 1933 1157 1154
f 2110 1020 1016
f 2020 972 968
f 2236 1092 1088
f 2257 1145 1142
f 2042 1014 1010
f 1947 947 944
f 2059 1073 1070
f 2077 1133 1130
f 2096 1164 1160
f 2113 1049 1046
f 2023 1223 1220
f 2239 1199 1196
f 2254 1116 1112
f 1930 942 938
f 1818 1283 1279
f 1798 1259 1255
f 1834 1295 1291
f 1852 1313 1309
f 1872 1331 1327
f 1942 1379 1375
f 2120 1541 1537
f 2030 1452 1448
f 2248 1578 1574
f 2263 1368 1364
f 2052 1487 1483
f 1955 1391 1387
f 2065 1440 1436
f 2086 1511 1507
f 2106 1529 1525
f 2122 1547 1543
f 2032 1469 1465
f 2245 1458 1454
f 2266 1584 1580
f 1940 1362 1358
f 1813 1269 1267
f 1792 1245 1243
f 1828 1252 1250
f 1846 1288 1286
f 1867 1306 1304
f 1936 1336 1334
f 2123 1551 1549
f 2033 1473 1471
f 2249 1599 1597
f 2260 1354 1352
f 2049 1479 1477
f 1959 1401 1399
f 2062 1408 1406
f 2080 1492 1490
f 2101 1504 1502
f 2116 1533 1531
f 2026 1414 1412
f 2242 1444 1442
f 2267 1594 1592
f 1943 1383 1381
f 1869 1323 1321
f 1815 1275 1273
f 1799 1263 1261
f 1835 1299 1297
f 1853 1317 1315
f 1889 1341 1339
f 2195 1564 1562
f 2319 1462 1460
f 2283 1588 1586
f 1905 1347 1345
f 2103 1521 1519
f 2046 1420 1418
f 1957 1395 1393
f 2069 1497 1495
f 2087 1515 1513
f 2141 1557 1555
f 1979 1425 1423
f 1993 1431 1429
f 2229 1570 1568
f 2296 1372 1370
f 2188 1282 1280
f 1882 1258 1256
f 1902 1294 1292
f 2280 1312 1310
f 2316 1330 1328
f 2172 1378 1376
f 2157 1540 1538
f 2011 1449 1447
f 2209 1575 1573
f 1923 1365 1363
f 2134 1486 1484
f 1972 1390 1388
f 1995 1437 1435
f 2226 1510 1508
f 2303 1528 1526
f 2175 1546 1544
f 2154 1468 1466
f 2013 1455 1453
f 2211 1581 1579
f 1921 1359 1357
f 1865 1272 1268
f 1811 1248 1244
f 1796 1253 1249
f 1832 1289 1285
f 1850 1307 1303
f 1888 1337 1333
f 2194 1554 1550
f 2322 1476 1472
f 2286 1602 1598
f 1908 1355 1351
f 2099 1482 1478
f 2045 1404 1400
f 1962 1409 1405
f 2068 1493 1489
f 2084 1505 1501
f 2140 1536 1532
f 1976 1415 1411
f 1998 1445 1441
f 2232 1595 1591
f 2299 1386 1382
f 2330 909 911
f 2324 891 893
f 2325 886 888
f 2332 898 900
f 2335 904 906
f 2344 922 924
f 2410 1060 1062
f 2497 1240 1242
f 2486 1204 1206
f 2434 1102 1104
f 2375 999 1001
f 2369 981 983
f 2370 976 978
f 2377 988 990
f 2380 994 996
f 2393 1024 1026
f 2359 952 954
f 2415 1066 1068
f 2455 1138 1140
f 2461 1179 1181
f 2489 1233 1235
f 2399 1041 1043
f 2341 927 929
f 2431 1119 1121
f 2476 1209 1211
f 2405 1053 1055
f 2500 1228 1230
f 2481 1192 1194
f 2439 1108 1110
f 2348 933 935
f 2465 1167 1169
f 2383 1005 1007
f 2356 957 959
f 2420 1083 1085
f 2452 1150 1152
f 2471 1174 1176
f 2386 1029 1031
f 2363 963 965
f 2422 1077 1079
f 2445 1126 1128
f 2400 1036 1038
f 2338 915 917
f 2428 1095 1097
f 2473 1185 1187
f 2490 1216 1218
f 2458 1155 1157
f 2394 1018 1020
f 2366 970 972
f 2425 1090 1092
f 2444 1143 1145
f 2389 1012 1014
f 2353 945 947
f 2414 1071 1073
f 2449 1131 1133
f 2466 1162 1164
f 2407 1047 1049
f 2494 1221 1223
f 2480 1197 1199
f 2438 1114 1116
f 2351 940 942
f 2510 1284 1283
f 2504 1260 1259
f 2508 1296 1295
f 2514 1314 1313
f 2517 1332 1331
f 2520 1380 1379
f 2554 1542 1541
f 2539 1451 1452
f 2560 1577 1578
f 2523 1367 1368
f 2543 1488 1487
f 2527 1392 1391
f 2532 1439 1440
f 2547 1512 1511
f 2550 1530 1529
f 2552 1548 1547
f 2535 1470 1469
f 2538 1457 1458
f 2558 1583 1584
f 2524 1361 1362
f 1607 1616 1609
f 1603 1608 1605
f 1604 1606 1611
f 1610 1612 1614
f 1613 1615 1617
f 1622 1624 1631
f 1686 1692 1688
f 1773 1782 1775
f 1761 1765 1763
f 1712 1714 1719
f 1652 1661 1654
f 1648 1653 1650
f 1649 1651 1656
f 1655 1657 1659
f 1658 1660 1662
f 1670 1675 1672
f 1637 1639 1646
f 1694 1696 1706
f 1731 1733 1735
f 1739 1751 1741
f 1768 1779 1770
f 1678 1683 1680
f 1619 1626 1621
f 1709 1721 1711
f 1754 1766 1756
f 1682 1689 1684
f 1776 1778 1780
f 1758 1760 1767
f 1716 1718 1722
f 1625 1629 1627
f 1742 1747 1744
f 1663 1665 1668
f 1634 1641 1636
f 1697 1704 1699
f 1728 1737 1730
f 1746 1750 1748
f 1664 1676 1666
f 1640 1644 1642
f 1700 1702 1705
f 1724 1726 1736
f 1679 1681 1691
f 1618 1620 1623
f 1708 1710 1713
f 1753 1755 1764
f 1769 1771 1781
f 1738 1740 1749
f 1671 1673 1677
f 1643 1647 1645
f 1701 1707 1703
f 1723 1734 1725
f 1667 1669 1674
f 1633 1635 1638
f 1693 1698 1695
f 1727 1729 1732
f 1743 1745 1752
f 1685 1687 1690
f 1772 1774 1777
f 1757 1762 1759
f 1715 1720 1717
f 1628 1632 1630
f 2187 2189 2191
f 1881 1883 1885
f 1899 1903 1901
f 2277 2281 2279
f 2313 2317 2315
f 2169 2173 2171
f 2156 2158 2160
f 2010 2012 2016
f 2208 2210 2214
f 1917 1924 1919
f 2133 2135 2137
f 1971 1973 1978
f 1989 1996 1991
f 2223 2227 2225
f 2300 2304 2302
f 2174 2176 2178
f 2151 2155 2153
f 2007 2014 2009
f 2205 2212 2207
f 1920 1922 1926
f 1855 1864 1857
f 1801 1810 1803
f 1784 1795 1786
f 1820 1831 1822
f 1838 1849 1840
f 1874 1887 1876
f 2180 2193 2182
f 2310 2321 2312
f 2274 2285 2276
f 1896 1907 1898
f 2089 2098 2091
f 2035 2044 2037
f 1950 1961 1952
f 2054 2067 2056
f 2072 2083 2074
f 2126 2139 2128
f 1964 1975 1966
f 1986 1997 1988
f 2220 2231 2222
f 2291 2298 2293
f 2183 2190 2185
f 1877 1884 1879
f 1891 1900 1893
f 2269 2278 2271
f 2305 2314 2307
f 2161 2170 2163
f 2148 2159 2150
f 2004 2015 2006
f 2202 2213 2204
f 1909 1918 1911
f 2129 2136 2131
f 1967 1977 1969
f 1981 1990 1983
f 2215 2224 2217
f 2288 2301 2290
f 2166 2177 2168
f 2143 2152 2145
f 1999 2008 2001
f 2197 2206 2199
f 1914 1925 1916
f 1806 1817 1808
f 1787 1797 1789
f 1823 1833 1825
f 1841 1851 1843
f 1860 1871 1862
f 1931 1941 1933
f 2108 2119 2110
f 2018 2029 2020
f 2234 2247 2236
f 2255 2262 2257
f 2040 2051 2042
f 1945 1954 1947
f 2057 2064 2059
f 2075 2085 2077
f 2094 2105 2096
f 2111 2121 2113
f 2021 2031 2023
f 2237 2244 2239
f 2252 2265 2254
f 1928 1939 1930
f 1812 1814 1818
f 1791 1793 1798
f 1827 1829 1834
f 1845 1847 1852
f 1866 1868 1872
f 1935 1937 1942
f 2118 2124 2120
f 2028 2034 2030
f 2246 2250 2248
f 2259 2261 2263
f 2048 2050 2052
f 1953 1960 1955
f 2061 2063 2065
f 2079 2081 2086
f 2100 2102 2106
f 2115 2117 2122
f 2025 2027 2032
f 2241 2243 2245
f 2264 2268 2266
f 1938 1944 1940
f 1802 1804 1813
f 1783 1785 1792
f 1819 1821 1828
f 1837 1839 1846
f 1856 1858 1867
f 1927 1929 1936
f 2112 2114 2123
f 2022 2024 2033
f 2238 2240 2249
f 2251 2253 2260
f 2036 2038 2049
f 1949 1951 1959
f 2053 2055 2062
f 2071 2073 2080
f 2090 2092 2101
f 2107 2109 2116
f 2017 2019 2026
f 2233 2235 2242
f 2256 2258 2267
f 1932 1934 1943
f 1859 1861 1869
f 1805 1807 1815
f 1788 1790 1799
f 1824 1826 1835
f 1842 1844 1853
f 1878 1880 1889
f 2184 2186 2195
f 2306 2308 2319
f 2270 2272 2283
f 1892 1894 1905
f 2093 2095 2103
f 2039 2041 2046
f 1946 1948 1957
f 2058 2060 2069
f 2076 2078 2087
f 2130 2132 2141
f 1968 1970 1979
f 1982 1984 1993
f 2216 2218 2229
f 2287 2289 2296
f 2179 2181 2188
f 1873 1875 1882
f 1895 1897 1902
f 2273 2275 2280
f 2309 2311 2316
f 2165 2167 2172
f 2144 2146 2157
f 2000 2002 2011
f 2198 2200 2209
f 1913 1915 1923
f 2125 2127 2134
f 1963 1965 1972
f 1985 1987 1995
f 2219 2221 2226
f 2292 2294 2303
f 2162 2164 2175
f 2147 2149 2154
f 2003 2005 2013
f 2201 2203 2211
f 1910 1912 1921
f 1863 1870 1865
f 1809 1816 1811
f 1794 1800 1796
f 1830 1836 1832
f 1848 1854 1850
f 1886 1890 1888
f 2192 2196 2194
f 2318 2320 2322
f 2282 2284 2286
f 1904 1906 1908
f 2097 2104 2099
f 2043 2047 2045
f 1956 1958 1962
f 2066 2070 2068
f 2082 2088 2084
f 2138 2142 2140
f 1974 1980 1976
f 1992 1994 1998
f 2228 2230 2232
f 2295 2297 2299
f 2331 2329 2330
f 2327 2323 2324
f 2328 2326 2325
f 2334 2333 2332
f 2337 2336 2335
f 2346 2345 2344
f 2412 2409 2410
f 2499 2496 2497
f 2487 2485 2486
f 2436 2435 2434
f 2376 2374 2375
f 2372 2368 2369
f 2373 2371 2370
f 2379 2378 2377
f 2382 2381 2380
f 2396 2392 2393
f 2361 2360 2359
f 2418 2416 2415
f 2457 2456 2455
f 2463 2460 2461
f 2492 2488 2489
f 2402 2398 2399
f 2343 2340 2341
f 2433 2430 2431
f 2478 2475 2476
f 2406 2404 2405
f 2502 2501 2500
f 2484 2482 2481
f 2442 2440 2439
f 2349 2347 2348
f 2468 2464 2465
f 2387 2384 2383
f 2358 2355 2356
f 2421 2419 2420
f 2454 2451 2452
f 2472 2470 2471
f 2388 2385 2386
f 2364 2362 2363
f 2426 2423 2422
f 2448 2446 2445
f 2403 2401 2400
f 2342 2339 2338
f 2432 2429 2428
f 2477 2474 2473
f 2493 2491 2490
f 2462 2459 2458
f 2397 2395 2394
f 2367 2365 2366
f 2427 2424 2425
f 2447 2443 2444
f 2391 2390 2389
f 2357 2354 2353
f 2417 2413 2414
f 2453 2450 2449
f 2469 2467 2466
f 2411 2408 2407
f 2498 2495 2494
f 2483 2479 2480
f 2441 2437 2438
f 2352 2350 2351
f 2509 2511 2510
f 2503 2505 2504
f 2506 2507 2508
f 2512 2513 2514
f 2515 2516 2517
f 2518 2519 2520
f 2555 2556 2554
f 2541 2540 2539
f 2562 2561 2560
f 2522 2521 2523
f 2542 2544 2543
f 2528 2529 2527
f 2531 2530 2532
f 2545 2546 2547
f 2548 2549 2550
f 2551 2553 2552
f 2533 2534 2535
f 2537 2536 2538
f 2559 2557 2558
f 2526 2525 2524