v -0.280480 0.355794 -0.053425
v 0.280943 0.355388 -0.053488
v -0.335763 -0.539470 0.004420
v 0.336538 -0.539830 0.003748
v 0.000067 -0.445179 0.704707
v 0.000032 0.204902 0.570753
v 0.000006 -0.206880 -0.549981
v -0.000039 0.420939 -0.706770
v 0.532925 0.002830 -0.342517
v 0.555247 0.005910 0.335778
v -0.532972 0.002863 -0.342566
v -0.555097 0.005881 0.335735
v -0.000022 0.438524 -0.088529
v -0.180917 0.263440 0.274404
v -0.215082 0.658453 -0.445239
v -0.441864 0.235165 -0.195885
v -0.487689 0.198054 0.196739
v 0.181083 0.263519 0.274132
v 0.215067 0.657040 -0.448280
v 0.441762 0.235214 -0.195827
v 0.487771 0.198117 0.196822
v -0.000015 -0.602790 0.011068
v -0.241315 -0.668858 0.454158
v -0.196422 -0.482130 -0.305882
v -0.440208 -0.209756 -0.167063
v -0.457771 -0.250638 0.207303
v 0.240298 -0.668917 0.453519
v 0.195736 -0.481641 -0.306141
v 0.440334 -0.209625 -0.167112
v 0.457541 -0.250824 0.207476
v 0.000082 0.001287 0.693425
v 0.324967 -0.213996 0.564805
v -0.325025 -0.214086 0.564455
v 0.307054 0.153855 0.497464
v -0.307013 0.154122 0.497625
v -0.000064 0.027121 -0.693280
v 0.294376 -0.132237 -0.491903
v -0.294411 -0.132161 -0.491933
v 0.342690 0.212401 -0.609275
v -0.342281 0.212530 -0.609418
v 0.628790 0.001318 0.017672
v -0.628854 0.001402 0.017678
v -0.159215 0.411360 -0.079019
v -0.246836 0.311825 0.092263
v -0.247731 0.475442 -0.224616
v -0.359289 0.328620 -0.119903
v -0.386015 0.270985 0.070396
v 0.159091 0.411561 -0.079275
v 0.247027 0.312110 0.092062
v 0.247739 0.475985 -0.225769
v 0.359583 0.328760 -0.120044
v 0.386105 0.270988 0.070458
v -0.210515 -0.647062 0.000146
v -0.282345 -0.529524 0.188210
v -0.353835 -0.676955 -0.188285
v -0.381702 -0.398096 -0.071009
v -0.392007 -0.404215 0.114211
v 0.209706 -0.647840 -0.000322
v 0.282758 -0.529150 0.188265
v 0.353844 -0.677398 -0.188267
v 0.381632 -0.397890 -0.071072
v 0.392078 -0.403562 0.113812
v -0.133824 -0.646529 0.675690
v 0.133489 -0.646740 0.675102
v 0.000364 -0.229821 0.764059
v 0.186816 -0.365647 0.697536
v -0.186922 -0.365514 0.697215
v -0.090803 0.219516 0.465639
v 0.090728 0.219852 0.465231
v -0.000117 0.170642 0.585309
v 0.144997 0.203370 0.551694
v -0.144966 0.203335 0.551724
v -0.079248 -0.283601 -0.413583
v 0.079219 -0.283673 -0.413579
v -0.000020 -0.164026 -0.573205
v 0.134504 -0.195538 -0.536118
v -0.134467 -0.195584 -0.536164
v -0.125114 0.573398 -0.634513
v 0.125075 0.573180 -0.634673
v -0.000062 0.239291 -0.789225
v 0.188997 0.350950 -0.720218
v -0.188984 0.351496 -0.720563
v 0.521225 0.090709 -0.287118
v 0.516957 -0.080242 -0.278467
v 0.442040 -0.051821 -0.425828
v 0.459779 0.077188 -0.454808
v 0.577510 0.000710 -0.183067
v 0.535607 0.093623 0.281298
v 0.527640 -0.097889 0.279956
v 0.453509 -0.071279 0.428205
v 0.454949 0.067334 0.419425
v 0.613075 0.003553 0.200917
v -0.521416 0.090709 -0.287204
v -0.516858 -0.080244 -0.278474
v -0.441878 -0.051678 -0.425866
v -0.458599 0.077634 -0.454392
v -0.577558 0.000703 -0.183081
v -0.535565 0.093335 0.281358
v -0.527416 -0.098316 0.279978
v -0.453685 -0.071142 0.428574
v -0.454994 0.067510 0.419480
v -0.613037 0.003637 0.200837
v -0.085035 0.340002 0.090621
v -0.093199 0.577793 -0.262023
v 0.085397 0.339701 0.090398
v 0.093221 0.578012 -0.262643
v -0.353509 0.238936 0.254303
v 0.000217 0.271882 0.275720
v -0.274245 0.211934 0.444592
v -0.361420 0.462683 -0.327774
v -0.000117 0.701334 -0.456686
v -0.288893 0.438283 -0.539602
v -0.497189 0.212673 0.013779
v -0.387826 0.243084 -0.404289
v -0.565422 0.102176 -0.081269
v -0.421999 0.182958 0.370469
v -0.576200 0.103035 0.111461
v 0.354138 0.238503 0.255094
v 0.274373 0.212030 0.444534
v 0.361591 0.462568 -0.328134
v 0.289087 0.437878 -0.539995
v 0.497256 0.212497 0.014059
v 0.387751 0.243132 -0.404293
v 0.565317 0.102200 -0.081105
v 0.422019 0.183089 0.370385
v 0.576123 0.103200 0.111488
v -0.098263 -0.583318 0.231359
v -0.106611 -0.673525 -0.188740
v 0.098653 -0.583217 0.231111
v 0.105121 -0.671302 -0.188212
v -0.364128 -0.434174 0.329816
v 0.000324 -0.644885 0.470776
v -0.326374 -0.478470 0.567997
v -0.333467 -0.352758 -0.247016
v -0.000031 -0.472509 -0.299916
v -0.237591 -0.245336 -0.396546
v -0.468734 -0.233489 0.023091
v -0.389053 -0.168774 -0.352595
v -0.558892 -0.092324 -0.079978
v -0.407250 -0.255373 0.393925
v -0.568160 -0.100053 0.108947
v 0.363422 -0.433997 0.329794
v 0.326478 -0.479085 0.568536
v 0.333384 -0.352454 -0.246412
v 0.237676 -0.245101 -0.396627
v 0.469170 -0.233598 0.022731
v 0.389090 -0.169125 -0.352367
v 0.558971 -0.092340 -0.080021
v 0.407341 -0.255460 0.394319
v 0.568037 -0.100159 0.108744
v 0.192492 -0.110012 0.694752
v -0.192262 -0.110423 0.694690
v 0.163999 0.080960 0.591015
v -0.163953 0.081054 0.591103
v 0.331577 -0.005045 0.541404
v -0.331253 -0.005264 0.541343
v 0.164539 -0.063357 -0.588782
v -0.164679 -0.063481 -0.588929
v 0.225695 0.117859 -0.778927
v -0.225757 0.118038 -0.779040
v 0.334419 0.024033 -0.566788
v -0.334754 0.023916 -0.567212
v -0.228399 0.383267 -0.066401
v -0.267973 0.335474 0.010833
v -0.262109 0.399271 -0.128158
v -0.317661 0.347244 -0.083227
v -0.325805 0.315628 0.001035
v 0.228968 0.382546 -0.066930
v 0.268204 0.335371 0.010889
v 0.261895 0.398790 -0.128617
v 0.317727 0.347840 -0.083941
v 0.326054 0.315668 0.001323
v -0.292350 -0.602155 -0.004145
v -0.314277 -0.530385 0.076769
v -0.341302 -0.599757 -0.071707
v -0.363363 -0.488178 -0.031390
v -0.363103 -0.476410 0.055900
v 0.291938 -0.602535 -0.003789
v 0.313811 -0.530482 0.076736
v 0.341422 -0.601146 -0.071597
v 0.363255 -0.488534 -0.031518
v 0.362551 -0.476328 0.055720
v -0.057046 -0.522171 0.689475
v 0.056302 -0.522327 0.688907
v 0.000066 -0.349325 0.724437
v 0.085719 -0.414758 0.707959
v -0.085904 -0.414888 0.708038
v -0.041328 0.208406 0.545142
v 0.041365 0.208364 0.545130
v 0.000014 0.203186 0.575435
v 0.064656 0.204808 0.565950
v -0.064648 0.204804 0.565933
v -0.035896 -0.229552 -0.497366
v 0.035962 -0.229504 -0.497393
v 0.000025 -0.200585 -0.563467
v 0.059593 -0.204318 -0.551790
v -0.059546 -0.204334 -0.551768
v -0.052906 0.487422 -0.675108
v 0.053011 0.487173 -0.675219
v -0.000162 0.340630 -0.747048
v 0.084470 0.393477 -0.716622
v -0.084648 0.393380 -0.716645
v 0.539127 0.037838 -0.324060
v 0.532212 -0.033539 -0.317417
v 0.499211 -0.019543 -0.383473
v 0.504381 0.030820 -0.391095
v 0.555927 0.001060 -0.277142
v 0.556362 0.040881 0.316648
v 0.556245 -0.031499 0.313906
v 0.519358 -0.019184 0.377218
v 0.518115 0.030394 0.376659
v 0.584102 0.004741 0.278104
v -0.539145 0.037869 -0.324194
v -0.532238 -0.033571 -0.317469
v -0.499215 -0.019467 -0.383488
v -0.504644 0.030674 -0.391162
v -0.555931 0.001021 -0.277193
v -0.556223 0.041168 0.316601
v -0.556292 -0.031365 0.313874
v -0.519174 -0.019247 0.377039
v -0.517985 0.030336 0.376653
v -0.583995 0.004799 0.278027
v -0.081628 0.431689 -0.086026
v 0.081378 0.431453 -0.086378
v -0.041333 0.385287 0.000186
v -0.042651 0.503804 -0.173957
v 0.041394 0.385012 -0.000859
v 0.042392 0.503708 -0.174498
v -0.217362 0.287937 0.180873
v -0.138021 0.239739 0.369893
v -0.131451 0.299464 0.182428
v -0.270070 0.252756 0.268720
v -0.090278 0.270017 0.275911
v -0.231671 0.233237 0.366094
v -0.245225 0.585270 -0.332248
v -0.182649 0.638552 -0.542064
v -0.159547 0.673416 -0.357560
v -0.407099 0.631721 -0.405864
v -0.154015 0.811502 -0.458751
v -0.282476 0.564458 -0.499216
v -0.401540 0.292296 -0.155321
v -0.481389 0.164341 -0.240502
v -0.367747 0.326961 -0.260662
v -0.476216 0.223123 -0.087298
v -0.411664 0.244445 -0.300668
v -0.508407 0.163784 -0.135795
v -0.442898 0.233638 0.137678
v -0.513707 0.149391 0.242434
v -0.425821 0.222663 0.229442
v -0.498068 0.204383 0.105920
v -0.460650 0.190486 0.285731
v -0.535314 0.155995 0.155932
v 0.217281 0.287825 0.180646
v 0.138381 0.239323 0.370903
v 0.131436 0.299354 0.182670
v 0.090581 0.269893 0.275969
v 0.269763 0.252615 0.268668
v 0.231532 0.233049 0.366098
v 0.245204 0.587929 -0.335533
v 0.182485 0.638097 -0.542489
v 0.160074 0.673812 -0.358075
v 0.153963 0.811649 -0.458284
v 0.409089 0.630551 -0.407940
v 0.282320 0.563805 -0.500596
v 0.400950 0.292533 -0.156133
v 0.481557 0.164164 -0.240796
v 0.367367 0.326663 -0.260875
v 0.476569 0.223094 -0.086875
v 0.411377 0.244820 -0.300551
v 0.508600 0.163586 -0.136006
v 0.443169 0.233267 0.138035
v 0.513916 0.149706 0.242606
v 0.426076 0.222405 0.229757
v 0.498316 0.204336 0.106043
v 0.460777 0.190541 0.285697
v 0.535240 0.156109 0.155942
v -0.106701 -0.623661 0.005007
v 0.106266 -0.623485 0.004752
v -0.049992 -0.592212 0.113094
v -0.066226 -0.609053 -0.082299
v 0.050074 -0.591930 0.113143
v 0.065664 -0.608208 -0.082543
v -0.250653 -0.550499 0.329228
v -0.201294 -0.800220 0.609345
v -0.150235 -0.583061 0.368417
v -0.309250 -0.535312 0.402029
v -0.116998 -0.699521 0.467928
v -0.310504 -0.623083 0.535698
v -0.290843 -0.628690 -0.293239
v -0.129615 -0.367161 -0.343058
v -0.162014 -0.627388 -0.276607
v -0.282261 -0.434384 -0.289669
v -0.097837 -0.481300 -0.303539
v -0.210092 -0.338639 -0.328942
v -0.399775 -0.295084 -0.111874
v -0.484012 -0.136780 -0.226631
v -0.379507 -0.274977 -0.204320
v -0.456901 -0.222085 -0.070342
v -0.419578 -0.189680 -0.263196
v -0.500611 -0.148731 -0.125468
v -0.422835 -0.328349 0.164787
v -0.494794 -0.172439 0.244328
v -0.408755 -0.339192 0.264552
v -0.468480 -0.243238 0.114161
v -0.437300 -0.256180 0.301187
v -0.512660 -0.169436 0.156335
v 0.250758 -0.550931 0.329002
v 0.201111 -0.800983 0.607679
v 0.150596 -0.583050 0.368550
v 0.116512 -0.698520 0.467846
v 0.308645 -0.535841 0.401578
v 0.309866 -0.624378 0.535496
v 0.290830 -0.628954 -0.293678
v 0.129412 -0.367085 -0.343300
v 0.161520 -0.626740 -0.276430
v 0.097535 -0.480982 -0.303358
v 0.282058 -0.434329 -0.289347
v 0.210178 -0.338662 -0.328859
v 0.399738 -0.294818 -0.111953
v 0.484082 -0.136731 -0.226720
v 0.379564 -0.275180 -0.204292
v 0.457140 -0.222245 -0.070379
v 0.419480 -0.190369 -0.262651
v 0.500644 -0.148585 -0.125450
v 0.422822 -0.328273 0.164802
v 0.494402 -0.172725 0.244961
v 0.408877 -0.339466 0.264717
v 0.468788 -0.243464 0.114289
v 0.436993 -0.256749 0.301247
v 0.512728 -0.169533 0.155936
v 0.000157 -0.103983 0.774242
v -0.000018 0.083362 0.620393
v 0.095019 -0.055996 0.704670
v -0.094833 -0.056011 0.704763
v 0.086026 0.038038 0.639359
v -0.085604 0.037681 0.639513
v 0.267290 -0.294286 0.646326
v 0.385809 -0.138416 0.490051
v 0.322273 -0.338165 0.567999
v 0.370725 -0.243019 0.483026
v 0.265298 -0.168351 0.634432
v 0.330146 -0.103068 0.556612
v -0.267909 -0.294412 0.646418
v -0.385756 -0.138241 0.490309
v -0.322624 -0.338292 0.568370
v -0.370557 -0.243077 0.483249
v -0.265124 -0.168382 0.633865
v -0.330194 -0.102819 0.556551
v 0.227501 0.194522 0.529058
v 0.383285 0.109544 0.460401
v 0.293924 0.198615 0.480363
v 0.368965 0.172304 0.441116
v 0.237311 0.122072 0.544579
v 0.319181 0.077630 0.516485
v -0.227579 0.194447 0.529129
v -0.383443 0.109475 0.460376
v -0.293952 0.198476 0.480341
v -0.368989 0.172069 0.441194
v -0.237280 0.121913 0.544507
v -0.319764 0.078182 0.516615
v -0.000105 -0.067033 -0.607179
v -0.000071 0.127993 -0.774847
v 0.089523 -0.019310 -0.644055
v -0.089765 -0.019358 -0.644089
v 0.106728 0.069554 -0.745815
v -0.107226 0.069489 -0.746316
v 0.214890 -0.171232 -0.516754
v 0.370035 -0.088667 -0.461489
v 0.271117 -0.185388 -0.460472
v 0.348807 -0.150635 -0.432215
v 0.232714 -0.103176 -0.543186
v 0.313425 -0.057596 -0.524618
v -0.214829 -0.171215 -0.516817
v -0.370070 -0.088717 -0.461599
v -0.271082 -0.185320 -0.460454
v -0.348771 -0.150632 -0.432233
v -0.232674 -0.102958 -0.543439
v -0.313191 -0.057478 -0.524557
v 0.278063 0.288769 -0.686978
v 0.411122 0.139861 -0.532547
v 0.306753 0.318013 -0.576941
v 0.369930 0.231996 -0.507440
v 0.306139 0.178402 -0.720112
v 0.351923 0.113260 -0.605908
v -0.278563 0.289387 -0.687774
v -0.410947 0.140166 -0.532796
v -0.306325 0.318154 -0.576508
v -0.369807 0.232274 -0.508147
v -0.306065 0.178511 -0.720324
v -0.351795 0.113272 -0.605667
v 0.606338 0.000922 -0.081509
v 0.623066 0.002348 0.111634
v 0.611852 0.047205 -0.029553
v 0.613651 0.049314 0.065852
v 0.605087 -0.043458 -0.031917
v 0.611163 -0.044250 0.063495
v -0.606480 0.000947 -0.081540
v -0.623040 0.002405 0.111655
v -0.611873 0.047137 -0.029535
v -0.613730 0.049479 0.065849
v -0.605166 -0.043470 -0.031925
v -0.611204 -0.044305 0.063469
v -0.199537 0.356836 0.008565
v -0.198816 0.446445 -0.154789
v -0.122872 0.375136 0.003569
v -0.124351 0.483666 -0.169391
v -0.320078 0.292282 0.085610
v -0.167853 0.328584 0.092444
v -0.299676 0.272432 0.174285
v -0.299691 0.398513 -0.181555
v -0.174708 0.537895 -0.252968
v -0.314165 0.491939 -0.285200
v -0.377416 0.295051 -0.022194
v -0.333290 0.379179 -0.225084
v -0.428565 0.265440 -0.051755
v -0.376928 0.254046 0.160794
v -0.442622 0.246978 0.044790
v 0.199013 0.357532 0.008379
v 0.198802 0.446870 -0.155317
v 0.122870 0.375109 0.003071
v 0.124424 0.483714 -0.169659
v 0.319154 0.292609 0.085911
v 0.167754 0.328426 0.092464
v 0.298853 0.272718 0.174282
v 0.299729 0.398589 -0.182360
v 0.175314 0.538104 -0.253952
v 0.314448 0.493476 -0.286906
v 0.377421 0.295103 -0.022795
v 0.333117 0.378984 -0.225680
v 0.427724 0.265715 -0.052480
v 0.375925 0.254010 0.160782
v 0.442558 0.246767 0.045145
v -0.239586 -0.557859 0.078670
v -0.298382 -0.747782 -0.083342
v -0.146473 -0.575298 0.092532
v -0.159823 -0.766789 -0.072699
v -0.362231 -0.483590 0.154808
v -0.194474 -0.562011 0.215482
v -0.331205 -0.493406 0.272911
v -0.362327 -0.511066 -0.127008
v -0.228358 -0.784930 -0.222660
v -0.359465 -0.509145 -0.234386
v -0.391111 -0.399456 0.019871
v -0.366471 -0.388771 -0.164151
v -0.417471 -0.308429 -0.020823
v -0.382871 -0.415123 0.217623
v -0.426269 -0.318860 0.069592
v 0.239285 -0.557573 0.078474
v 0.297319 -0.749352 -0.083711
v 0.146324 -0.575325 0.092510
v 0.157790 -0.765983 -0.074658
v 0.362558 -0.483716 0.155271
v 0.194754 -0.562295 0.215790
v 0.330728 -0.492982 0.272611
v 0.362482 -0.511046 -0.126952
v 0.227244 -0.785001 -0.222875
v 0.359669 -0.509104 -0.234248
v 0.390664 -0.399229 0.019807
v 0.366669 -0.388261 -0.163728
v 0.417529 -0.308560 -0.020762
v 0.382553 -0.415137 0.217295
v 0.426453 -0.319050 0.069624
v -0.000083 -0.598735 0.652484
v -0.176920 -0.508174 0.695637
v -0.059557 -0.670756 0.584603
v -0.283651 -0.627797 0.676853
v 0.176629 -0.508611 0.695488
v 0.059403 -0.669530 0.584316
v 0.283642 -0.628714 0.676737
v 0.095587 -0.294087 0.728582
v -0.095617 -0.294237 0.727986
v 0.099716 -0.170035 0.744764
v -0.099832 -0.169981 0.743814
v 0.282054 -0.441568 0.666208
v 0.191078 -0.233807 0.703463
v -0.282308 -0.441284 0.665898
v -0.191301 -0.233936 0.703277
v 0.000104 0.220809 0.464746
v -0.127130 0.208063 0.536964
v -0.045852 0.241724 0.371565
v -0.184162 0.216545 0.462492
v 0.127098 0.207977 0.536955
v 0.045849 0.241548 0.371954
v 0.184182 0.216725 0.462207
v 0.074247 0.198684 0.572217
v -0.074237 0.198472 0.572187
v 0.079870 0.126036 0.592728
v -0.079814 0.126342 0.592925
v 0.212369 0.206538 0.511881
v 0.155754 0.167413 0.563344
v -0.212279 0.206563 0.511838
v -0.155658 0.167518 0.563493
v -0.000009 -0.287206 -0.414815
v -0.111228 -0.223616 -0.493944
v -0.043814 -0.376134 -0.350838
v -0.158569 -0.269386 -0.406441
v 0.111257 -0.223620 -0.493875
v 0.043499 -0.375807 -0.350725
v 0.158611 -0.269364 -0.406398
v 0.071055 -0.191169 -0.561858
v -0.071001 -0.191190 -0.561838
v 0.079272 -0.114742 -0.583817
v -0.079321 -0.114526 -0.584126
v 0.190865 -0.210251 -0.482123
v 0.149967 -0.151148 -0.553817
v -0.190900 -0.210201 -0.482119
v -0.149865 -0.150974 -0.553741
v 0.000182 0.584517 -0.636759
v -0.161977 0.462009 -0.673443
v -0.067781 0.665122 -0.560024
v -0.224214 0.521680 -0.600657
v 0.162126 0.461754 -0.673324
v 0.067701 0.665148 -0.560462
v 0.224373 0.521471 -0.600614
v 0.105609 0.295524 -0.773310
v -0.105384 0.295355 -0.772763
v 0.120317 0.184037 -0.821170
v -0.120291 0.184324 -0.821067
v 0.249026 0.402195 -0.641663
v 0.223452 0.244360 -0.789092
v -0.248928 0.402530 -0.641235
v -0.223253 0.244713 -0.788998
v 0.499936 0.084377 -0.379012
v 0.559669 0.042368 -0.233816
v 0.458707 0.160459 -0.342903
v 0.541530 0.098328 -0.184912
v 0.481690 -0.070188 -0.355787
v 0.555031 -0.039732 -0.231713
v 0.460265 -0.123042 -0.319943
v 0.537202 -0.088050 -0.181395
v 0.460442 0.009518 -0.449132
v 0.420628 -0.110401 -0.396443
v 0.390583 -0.019146 -0.492498
v 0.439281 0.151963 -0.441018
v 0.409262 0.055283 -0.521438
v 0.583990 0.045792 -0.132256
v 0.577609 -0.042825 -0.132467
v 0.499885 0.083583 0.354240
v 0.585893 0.045785 0.242489
v 0.480937 0.140992 0.324360
v 0.561602 0.099586 0.199570
v 0.495739 -0.088342 0.357987
v 0.585240 -0.038557 0.238316
v 0.465293 -0.170858 0.331495
v 0.557559 -0.098347 0.196494
v 0.469020 0.005944 0.434192
v 0.430156 -0.160635 0.413835
v 0.401646 -0.040938 0.492363
v 0.436661 0.128091 0.396435
v 0.402623 0.040937 0.482724
v 0.606280 0.048633 0.158177
v 0.604335 -0.042449 0.154411
v -0.499768 0.084516 -0.379111
v -0.559670 0.042423 -0.233845
v -0.458693 0.160341 -0.342828
v -0.541795 0.098085 -0.185023
v -0.482856 -0.070333 -0.356583
v -0.555035 -0.039686 -0.231729
v -0.460198 -0.123207 -0.319874
v -0.537185 -0.088032 -0.181318
v -0.460636 0.009512 -0.449368
v -0.420542 -0.110508 -0.396444
v -0.390021 -0.018910 -0.492125
v -0.438922 0.152174 -0.440899
v -0.409566 0.055264 -0.521471
v -0.584005 0.045841 -0.132330
v -0.577640 -0.042839 -0.132495
v -0.500211 0.083499 0.354362
v -0.586177 0.045872 0.242573
v -0.481137 0.140776 0.324416
v -0.561917 0.099732 0.199663
v -0.495521 -0.088693 0.357749
v -0.585355 -0.038431 0.238381
v -0.465591 -0.170590 0.330927
v -0.557514 -0.098314 0.196453
v -0.468850 0.005880 0.434210
v -0.429950 -0.160567 0.414040
v -0.401512 -0.041235 0.492188
v -0.436351 0.127687 0.396205
v -0.402244 0.040952 0.482508
v -0.606275 0.048707 0.158266
v -0.604298 -0.042473 0.154432
v -0.000094 0.343620 0.090422
v -0.044122 0.305294 0.181886
v 0.000251 0.588252 -0.261307
v -0.058506 0.674999 -0.358043
v 0.044046 0.306126 0.181561
v 0.059297 0.674648 -0.358031
v -0.322679 0.223518 0.353863
v -0.395710 0.212666 0.322687
v -0.351626 0.204246 0.409969
v -0.351753 0.478832 -0.442604
v -0.336660 0.346758 -0.363647
v -0.319830 0.337428 -0.471013
v -0.536788 0.162818 -0.030093
v -0.541480 0.159099 0.064457
v -0.580977 0.103668 0.018399
v 0.322762 0.223341 0.354004
v 0.395775 0.212605 0.322708
v 0.351791 0.204220 0.409879
v 0.351693 0.478112 -0.442736
v 0.336998 0.346448 -0.363744
v 0.320051 0.336883 -0.471287
v 0.536833 0.162688 -0.029966
v 0.541442 0.158980 0.064502
v 0.580864 0.103678 0.018444
v 0.000134 -0.591058 0.235164
v -0.050003 -0.604189 0.361788
v -0.000358 -0.565333 -0.163571
v -0.054217 -0.559982 -0.246325
v 0.050548 -0.604201 0.361775
v 0.053779 -0.559323 -0.246370
v -0.343250 -0.462807 0.446473
v -0.386972 -0.350401 0.367726
v -0.358803 -0.354643 0.471169
v -0.280841 -0.291912 -0.312583
v -0.349553 -0.243585 -0.291123
v -0.314751 -0.211678 -0.379085
v -0.519843 -0.153932 -0.026944
v -0.522274 -0.163312 0.065936
v -0.576943 -0.094719 0.017436
v 0.343493 -0.463200 0.447179
v 0.386489 -0.350566 0.367898
v 0.358633 -0.355045 0.470946
v 0.281107 -0.291949 -0.313056
v 0.349652 -0.243717 -0.291145
v 0.314607 -0.211708 -0.378905
v 0.519300 -0.154431 -0.027029
v 0.522971 -0.162952 0.065760
v 0.577013 -0.094643 0.017287
v 0.175002 -0.010190 0.636456
v 0.259080 -0.058694 0.607863
v -0.175344 -0.010290 0.636668
v -0.258553 -0.059254 0.607553
v 0.248083 0.035241 0.573029
v -0.247939 0.035803 0.572564
v 0.188411 0.024233 -0.671640
v 0.252776 -0.017316 -0.591817
v -0.189057 0.023681 -0.671556
v -0.252958 -0.017134 -0.591660
v 0.281929 0.071204 -0.662515
v -0.281638 0.071167 -0.662524
v -0.257778 0.368255 -0.059314
v -0.275187 0.346701 -0.024746
v -0.272096 0.373502 -0.085565
v -0.297428 0.352923 -0.066824
v -0.300305 0.337662 -0.029103
v 0.258146 0.367921 -0.059378
v 0.275688 0.346556 -0.025129
v 0.272400 0.373274 -0.086139
v 0.297854 0.352780 -0.067017
v 0.300400 0.337218 -0.029227
v -0.318738 -0.568624 0.000490
v -0.326362 -0.535166 0.035033
v -0.336453 -0.563409 -0.028446
v -0.350168 -0.520213 -0.011698
v -0.346897 -0.509643 0.027453
v 0.318725 -0.568994 -0.000020
v 0.326743 -0.535668 0.034740
v 0.337043 -0.563778 -0.028862
v 0.349895 -0.520138 -0.011970
v 0.347843 -0.510056 0.027224
v -0.024390 -0.478637 0.697834
v 0.024142 -0.478445 0.697477
v -0.000492 -0.403167 0.713486
v 0.037930 -0.432295 0.707378
v -0.038249 -0.432040 0.707276
v -0.018057 0.205467 0.568339
v 0.018088 0.205423 0.568322
v -0.000011 0.204233 0.573954
v 0.028674 0.204824 0.571545
v -0.028616 0.204849 0.571499
v -0.016187 -0.211167 -0.536948
v 0.016145 -0.211163 -0.536985
v 0.000026 -0.203591 -0.560133
v 0.026416 -0.204404 -0.557794
v -0.026367 -0.204431 -0.557774
v -0.023224 0.449953 -0.692820
v 0.023320 0.450203 -0.692965
v -0.000001 0.385341 -0.724070
v 0.037375 0.409426 -0.711653
v -0.037527 0.409585 -0.711575
v 0.538107 0.018138 -0.335756
v 0.534682 -0.013219 -0.332544
v 0.519840 -0.006462 -0.361606
v 0.522202 0.014195 -0.364360
v 0.545672 0.001755 -0.315983
v 0.558613 0.020719 0.328656
v 0.559086 -0.009399 0.327287
v 0.542379 -0.003450 0.354576
v 0.541731 0.015953 0.354962
v 0.569445 0.005372 0.311240
v -0.538139 0.018097 -0.335911
v -0.534753 -0.013107 -0.332547
v -0.519924 -0.006417 -0.361631
v -0.522266 0.014103 -0.364411
v -0.545746 0.001773 -0.316048
v -0.558551 0.020756 0.328567
v -0.558973 -0.009323 0.327279
v -0.542293 -0.003537 0.354549
v -0.541639 0.015900 0.354936
v -0.569309 0.005441 0.311240
v -0.041068 0.437040 -0.087932
v 0.041208 0.436732 -0.088014
v -0.020870 0.410830 -0.044408
v -0.020764 0.469441 -0.131814
v 0.020316 0.410908 -0.044796
v 0.020492 0.469411 -0.131947
v -0.199768 0.275955 0.227491
v -0.160014 0.251238 0.321926
v -0.155788 0.280688 0.228261
v -0.226615 0.258096 0.272737
v -0.135639 0.267416 0.275403
v -0.206556 0.247709 0.320494
v -0.232969 0.634988 -0.391415
v -0.204055 0.665816 -0.495415
v -0.198585 0.699147 -0.403635
v -0.289065 0.631725 -0.424962
v -0.218361 0.793805 -0.469522
v -0.258822 0.619069 -0.473784
v -0.421946 0.266337 -0.175021
v -0.461568 0.200727 -0.217769
v -0.405070 0.277244 -0.227671
v -0.458692 0.228513 -0.142101
v -0.426105 0.240840 -0.248573
v -0.476517 0.198102 -0.165077
v -0.467483 0.216391 0.168698
v -0.502477 0.175632 0.221113
v -0.458443 0.212027 0.214157
v -0.495231 0.201504 0.151803
v -0.475806 0.194196 0.241312
v -0.513291 0.179559 0.177362
v 0.200519 0.275926 0.227417
v 0.160115 0.251221 0.322205
v 0.155876 0.280794 0.228302
v 0.135618 0.267148 0.275591
v 0.225658 0.258580 0.272387
v 0.206453 0.247293 0.320830
v 0.232513 0.635855 -0.395503
v 0.203580 0.665005 -0.496512
v 0.199010 0.699211 -0.405096
v 0.218229 0.793795 -0.469555
v 0.290638 0.629197 -0.428227
v 0.259119 0.617604 -0.475460
v 0.421502 0.266623 -0.175623
v 0.461604 0.200644 -0.218038
v 0.405098 0.277683 -0.228160
v 0.458083 0.228961 -0.142670
v 0.426174 0.241165 -0.248711
v 0.476756 0.197795 -0.165061
v 0.467613 0.216311 0.168838
v 0.502434 0.175942 0.221024
v 0.458568 0.211882 0.214281
v 0.495353 0.201517 0.151865
v 0.475894 0.194314 0.241330
v 0.513368 0.179633 0.177409
v -0.054794 -0.609251 0.009524
v 0.054419 -0.608866 0.009156
v -0.025930 -0.599100 0.060753
v -0.030430 -0.602357 -0.036153
v 0.025859 -0.599156 0.060702
v 0.030023 -0.602064 -0.036315
v -0.240399 -0.580997 0.406800
v -0.244857 -0.783901 0.515060
v -0.193530 -0.631057 0.411579
v -0.278432 -0.593335 0.439566
v -0.190527 -0.746158 0.453573
v -0.296616 -0.678591 0.497674
v -0.238696 -0.553522 -0.298411
v -0.160269 -0.420559 -0.321427
v -0.183482 -0.559657 -0.296368
v -0.241885 -0.464300 -0.300953
v -0.147302 -0.486046 -0.306266
v -0.203826 -0.407994 -0.315857
v -0.419254 -0.250754 -0.138702
v -0.461844 -0.171969 -0.196150
v -0.410129 -0.242481 -0.186167
v -0.448833 -0.216486 -0.118404
v -0.430573 -0.200573 -0.215246
v -0.470703 -0.178055 -0.146888
v -0.439604 -0.289558 0.187051
v -0.476170 -0.211663 0.226503
v -0.432275 -0.294053 0.235006
v -0.463938 -0.247205 0.160940
v -0.448872 -0.253956 0.253678
v -0.484381 -0.208898 0.181254
v 0.240129 -0.581209 0.407008
v 0.243422 -0.784160 0.513584
v 0.193224 -0.629934 0.411637
v 0.189936 -0.743756 0.452388
v 0.278186 -0.593867 0.439763
v 0.296156 -0.680258 0.497316
v 0.238382 -0.553445 -0.298318
v 0.160386 -0.420564 -0.321588
v 0.183752 -0.558906 -0.295648
v 0.146893 -0.485719 -0.306296
v 0.241548 -0.464722 -0.300748
v 0.203663 -0.407774 -0.315964
v 0.419313 -0.251028 -0.138957
v 0.461835 -0.171774 -0.196534
v 0.409723 -0.242282 -0.186036
v 0.448954 -0.216638 -0.118545
v 0.430379 -0.201237 -0.215285
v 0.470655 -0.178450 -0.146898
v 0.439670 -0.289824 0.186955
v 0.476045 -0.211945 0.226912
v 0.432445 -0.293999 0.235516
v 0.464232 -0.247036 0.161147
v 0.448484 -0.254392 0.254459
v 0.484469 -0.209078 0.181156
v 0.000099 -0.048194 0.732355
v 0.000093 0.040364 0.651279
v 0.046983 -0.027017 0.703363
v -0.046991 -0.026606 0.704015
v 0.044246 0.017947 0.665048
v -0.044133 0.017996 0.665119
v 0.296718 -0.253952 0.606374
v 0.354325 -0.175126 0.526025
v 0.322656 -0.274286 0.566848
v 0.349472 -0.230906 0.525063
v 0.296762 -0.192861 0.601118
v 0.327323 -0.157066 0.561380
v -0.296763 -0.253862 0.605448
v -0.354360 -0.175430 0.525547
v -0.322847 -0.274222 0.566240
v -0.349315 -0.230785 0.524833
v -0.297344 -0.193059 0.601349
v -0.327381 -0.156914 0.561322
v 0.267844 0.177460 0.514180
v 0.345789 0.132453 0.479564
v 0.301450 0.186267 0.490828
v 0.339825 0.167409 0.472023
v 0.272731 0.139285 0.521310
v 0.312694 0.116645 0.505949
v -0.267845 0.177158 0.514383
v -0.345827 0.132444 0.479655
v -0.301465 0.186072 0.490820
v -0.339786 0.167332 0.471988
v -0.272736 0.139333 0.521245
v -0.312776 0.116685 0.505852
v -0.000099 -0.019276 -0.648065
v 0.000169 0.076049 -0.738082
v 0.046767 0.003609 -0.669121
v -0.046703 0.003896 -0.670005
v 0.051308 0.050288 -0.717102
v -0.051344 0.049862 -0.717425
v 0.255142 -0.153383 -0.504978
v 0.332398 -0.109697 -0.477574
v 0.283412 -0.160490 -0.477314
v 0.322336 -0.141380 -0.463091
v 0.264979 -0.121854 -0.518456
v 0.303702 -0.096650 -0.506838
v -0.255081 -0.153313 -0.505002
v -0.332531 -0.109762 -0.477611
v -0.283363 -0.160559 -0.477309
v -0.322302 -0.141471 -0.463074
v -0.265059 -0.121709 -0.518548
v -0.303795 -0.096489 -0.507113
v 0.310444 0.250531 -0.649680
v 0.381761 0.175965 -0.574114
v 0.324982 0.263976 -0.594902
v 0.358466 0.223888 -0.558860
v 0.323315 0.197472 -0.661454
v 0.351656 0.162028 -0.613593
v -0.310053 0.250750 -0.649714
v -0.381884 0.175981 -0.574099
v -0.324842 0.263985 -0.595007
v -0.358383 0.223907 -0.559186
v -0.322980 0.197525 -0.661235
v -0.353177 0.162339 -0.614732
v 0.620933 0.001137 -0.030954
v 0.626660 0.001853 0.064967
v 0.624821 0.023415 -0.005684
v 0.625848 0.024363 0.042099
v 0.621620 -0.020721 -0.007042
v 0.623920 -0.020644 0.040710
v -0.621101 0.001234 -0.031037
v -0.626670 0.001902 0.065025
v -0.624911 0.023489 -0.005658
v -0.625834 0.024398 0.042123
v -0.621753 -0.020719 -0.007105
v -0.623933 -0.020611 0.040677
v -0.195326 0.397725 -0.073049
v -0.121427 0.423037 -0.083491
v -0.178737 0.382781 -0.034639
v -0.178191 0.429325 -0.117764
v -0.141419 0.393261 -0.038663
v -0.141298 0.444797 -0.124169
v -0.258207 0.323795 0.050342
v -0.233856 0.299729 0.135681
v -0.222128 0.333445 0.050803
v -0.283968 0.302437 0.089717
v -0.208009 0.320643 0.092907
v -0.273910 0.291263 0.133457
v -0.252597 0.431966 -0.175507
v -0.246679 0.526939 -0.276141
v -0.221474 0.461853 -0.190364
v -0.274775 0.437116 -0.205765
v -0.213326 0.508509 -0.240678
v -0.278120 0.485967 -0.256370
v -0.338614 0.339765 -0.101441
v -0.380422 0.312713 -0.137879
v -0.328337 0.363250 -0.151575
v -0.369683 0.310306 -0.069825
v -0.347189 0.351193 -0.171517
v -0.393129 0.295419 -0.086253
v -0.354179 0.293277 0.034706
v -0.416223 0.251550 0.105018
v -0.352900 0.282252 0.078928
v -0.382656 0.282383 0.024151
v -0.383393 0.262288 0.115243
v -0.414766 0.259894 0.058314
v 0.195549 0.397719 -0.073234
v 0.121103 0.423141 -0.083014
v 0.178480 0.382669 -0.034795
v 0.178430 0.429860 -0.117755
v 0.140507 0.393630 -0.038336
v 0.141102 0.445171 -0.124189
v 0.257778 0.323947 0.050380
v 0.232699 0.300080 0.135638
v 0.221882 0.334066 0.050477
v 0.283324 0.302536 0.089886
v 0.207733 0.320738 0.092959
v 0.272436 0.291593 0.133445
v 0.253003 0.432618 -0.175864
v 0.246750 0.528584 -0.278710
v 0.221672 0.462281 -0.191472
v 0.274663 0.437708 -0.207219
v 0.213547 0.509289 -0.241744
v 0.278014 0.486863 -0.258266
v 0.338906 0.339902 -0.101666
v 0.380077 0.312930 -0.137929
v 0.328469 0.363098 -0.152200
v 0.369765 0.310233 -0.070392
v 0.347151 0.351355 -0.171962
v 0.392609 0.296155 -0.086704
v 0.354614 0.292915 0.035201
v 0.416575 0.251020 0.105402
v 0.353298 0.282069 0.079046
v 0.383172 0.282153 0.024308
v 0.383082 0.262139 0.115675
v 0.414505 0.259920 0.058295
v -0.256895 -0.632949 -0.002397
v -0.158398 -0.640273 0.001521
v -0.222904 -0.589587 0.030181
v -0.257180 -0.719806 -0.027165
v -0.175432 -0.595887 0.035451
v -0.192617 -0.705551 -0.035842
v -0.299322 -0.527887 0.128461
v -0.266275 -0.537020 0.254636
v -0.260018 -0.544932 0.136926
v -0.322944 -0.507969 0.172265
v -0.240597 -0.547851 0.202708
v -0.307430 -0.513098 0.233563
v -0.348012 -0.641749 -0.124419
v -0.331944 -0.672724 -0.252944
v -0.331097 -0.736853 -0.144154
v -0.358704 -0.585571 -0.156664
v -0.308350 -0.748488 -0.212128
v -0.362128 -0.596778 -0.218404
v -0.373765 -0.446296 -0.051674
v -0.387848 -0.346147 -0.089642
v -0.370241 -0.450329 -0.098444
v -0.386942 -0.398586 -0.025539
v -0.375224 -0.395317 -0.117850
v -0.396675 -0.350950 -0.044724
v -0.377806 -0.440976 0.085336
v -0.406931 -0.366387 0.140350
v -0.376435 -0.444413 0.135173
v -0.393159 -0.401036 0.066006
v -0.388756 -0.408512 0.164304
v -0.408557 -0.362407 0.092141
v 0.256375 -0.633946 -0.002775
v 0.157262 -0.640290 0.001181
v 0.222425 -0.589691 0.030119
v 0.255943 -0.722326 -0.027877
v 0.175139 -0.595530 0.035214
v 0.191071 -0.706239 -0.036976
v 0.299204 -0.527485 0.128508
v 0.266404 -0.536639 0.255429
v 0.259605 -0.544776 0.136582
v 0.323007 -0.508353 0.172478
v 0.240399 -0.547522 0.202985
v 0.307491 -0.513101 0.233819
v 0.347745 -0.642272 -0.124051
v 0.331709 -0.672813 -0.253018
v 0.330664 -0.737644 -0.144084
v 0.358509 -0.585580 -0.156982
v 0.307865 -0.748951 -0.212194
v 0.362354 -0.596932 -0.218363
v 0.373744 -0.446988 -0.051116
v 0.387785 -0.346075 -0.089914
v 0.370179 -0.450148 -0.098365
v 0.386749 -0.398693 -0.025242
v 0.374694 -0.395513 -0.117696
v 0.396451 -0.350919 -0.044842
v 0.378030 -0.440901 0.085460
v 0.406769 -0.365843 0.140551
v 0.376815 -0.444468 0.134933
v 0.392430 -0.400644 0.065976
v 0.388485 -0.408325 0.164322
v 0.408315 -0.362382 0.092035
v -0.094016 -0.575228 0.681034
v -0.171001 -0.752959 0.677643
v -0.064840 -0.613791 0.658119
v -0.161797 -0.582941 0.691725
v -0.094553 -0.678758 0.640521
v -0.215743 -0.675499 0.701759
v 0.093824 -0.575641 0.680901
v 0.171011 -0.753318 0.677767
v 0.064199 -0.613546 0.658145
v 0.161779 -0.583561 0.691795
v 0.094253 -0.678142 0.639540
v 0.215638 -0.675743 0.701567
v -0.000256 -0.291130 0.740122
v -0.000026 -0.166104 0.824852
v 0.048404 -0.261387 0.744385
v -0.048373 -0.261552 0.744178
v 0.049645 -0.199466 0.764159
v -0.049261 -0.199686 0.763801
v 0.136604 -0.392909 0.705454
v 0.233183 -0.332432 0.680842
v 0.183568 -0.435232 0.695731
v 0.141682 -0.328854 0.713492
v 0.234633 -0.404309 0.684295
v 0.190031 -0.298793 0.702395
v -0.136975 -0.392920 0.705361
v -0.233456 -0.332491 0.680967
v -0.183819 -0.435039 0.696031
v -0.141497 -0.328511 0.712647
v -0.235121 -0.404032 0.684249
v -0.190631 -0.298774 0.702591
v -0.066209 0.213066 0.508792
v -0.114859 0.229153 0.418280
v -0.045326 0.220315 0.465283
v -0.111362 0.212052 0.508985
v -0.068654 0.229315 0.419549
v -0.137148 0.218586 0.464603
v 0.066236 0.213148 0.508841
v 0.114829 0.228961 0.418462
v 0.045122 0.220342 0.465336
v 0.111493 0.212213 0.508973
v 0.068410 0.229552 0.419052
v 0.137072 0.218725 0.464229
v 0.000007 0.199425 0.578701
v -0.000064 0.127136 0.599339
v 0.036924 0.197927 0.577531
v -0.036841 0.197617 0.577623
v 0.039196 0.149270 0.589712
v -0.039229 0.149678 0.589567
v 0.103936 0.204222 0.559209
v 0.186562 0.201618 0.541982
v 0.137306 0.205853 0.546730
v 0.110104 0.200752 0.563438
v 0.179166 0.205145 0.535301
v 0.151322 0.197961 0.557441
v -0.103926 0.204213 0.559225
v -0.186544 0.201520 0.542055
v -0.137262 0.205920 0.546613
v -0.110118 0.200617 0.563562
v -0.179087 0.205145 0.535168
v -0.151384 0.197735 0.557463
v -0.057014 -0.253596 -0.455429
v -0.102933 -0.320987 -0.374753
v -0.039622 -0.286652 -0.414786
v -0.095741 -0.249892 -0.453675
v -0.062156 -0.326294 -0.377888
v -0.118870 -0.277397 -0.410586
v 0.057025 -0.253607 -0.455373
v 0.102859 -0.321093 -0.374651
v 0.039604 -0.286660 -0.414805
v 0.095701 -0.249866 -0.453612
v 0.062164 -0.326314 -0.378022
v 0.118863 -0.277404 -0.410480
v 0.000041 -0.194734 -0.566958
v -0.000052 -0.117032 -0.585778
v 0.037080 -0.191676 -0.566888
v -0.036941 -0.191731 -0.566752
v 0.038756 -0.141139 -0.578343
v -0.038796 -0.140879 -0.578604
v 0.096033 -0.201577 -0.544528
v 0.174379 -0.185408 -0.527077
v 0.124679 -0.206922 -0.524628
v 0.103443 -0.192202 -0.551409
v 0.163881 -0.201432 -0.513923
v 0.142814 -0.179928 -0.544852
v -0.095990 -0.201594 -0.544561
v -0.174344 -0.185419 -0.527161
v -0.124638 -0.206860 -0.524593
v -0.103399 -0.192263 -0.551413
v -0.163849 -0.201381 -0.513965
v -0.142795 -0.179919 -0.544876
v -0.087209 0.529135 -0.655715
v -0.159781 0.612335 -0.601278
v -0.062795 0.581514 -0.635690
v -0.145733 0.517740 -0.654159
v -0.098678 0.624402 -0.605430
v -0.185836 0.559372 -0.630621
v 0.087489 0.529297 -0.655917
v 0.159765 0.612139 -0.601542
v 0.063008 0.581154 -0.635695
v 0.145474 0.517644 -0.654298
v 0.098802 0.624316 -0.605564
v 0.185808 0.559102 -0.630815
v -0.000045 0.291905 -0.771035
v 0.000005 0.183845 -0.793394
v 0.055024 0.267015 -0.783944
v -0.055188 0.267426 -0.784682
v 0.058556 0.212712 -0.800530
v -0.058434 0.212595 -0.799927
v 0.136407 0.374164 -0.720139
v 0.239940 0.324252 -0.713809
v 0.175210 0.405695 -0.694458
v 0.149779 0.322967 -0.749962
v 0.224564 0.379874 -0.686455
v 0.206148 0.299399 -0.754657
v -0.136252 0.374478 -0.720122
v -0.239572 0.324561 -0.713551
v -0.175244 0.405835 -0.694476
v -0.149603 0.323030 -0.750140
v -0.224562 0.380212 -0.686294
v -0.206091 0.299489 -0.754534
v 0.533964 0.061403 -0.307618
v 0.501610 0.127473 -0.263897
v 0.512348 0.086385 -0.335253
v 0.543792 0.064574 -0.260145
v 0.491742 0.123225 -0.314385
v 0.530856 0.094947 -0.236598
v 0.526185 -0.056182 -0.299132
v 0.503242 -0.106377 -0.254666
v 0.500903 -0.075906 -0.319157
v 0.537935 -0.059887 -0.255334
v 0.490711 -0.101287 -0.300059
v 0.527207 -0.084484 -0.231093
v 0.473565 -0.034981 -0.405521
v 0.406688 -0.069455 -0.444417
v 0.463377 -0.062599 -0.391853
v 0.452358 -0.021699 -0.438738
v 0.431841 -0.081647 -0.411754
v 0.416647 -0.036704 -0.458433
v 0.484084 0.051846 -0.421505
v 0.433883 0.106713 -0.491181
v 0.480623 0.082726 -0.417968
v 0.460675 0.043068 -0.453587
v 0.455860 0.112511 -0.452076
v 0.435726 0.068065 -0.489313
v 0.566273 0.000715 -0.231885
v 0.590535 0.000876 -0.132596
v 0.570978 0.021397 -0.208330
v 0.568279 -0.019740 -0.207649
v 0.583151 0.022376 -0.158059
v 0.579897 -0.020518 -0.157940
v 0.545566 0.066460 0.299107
v 0.524393 0.121296 0.262339
v 0.519037 0.088907 0.318942
v 0.561304 0.069577 0.261343
v 0.508243 0.117232 0.301981
v 0.549764 0.096895 0.241179
v 0.543033 -0.062959 0.297173
v 0.511825 -0.134293 0.262338
v 0.512217 -0.094287 0.319929
v 0.557873 -0.066137 0.258135
v 0.496306 -0.132875 0.304256
v 0.542892 -0.099422 0.238709
v 0.488279 -0.042382 0.401572
v 0.418790 -0.103366 0.457651
v 0.476085 -0.081340 0.393950
v 0.463439 -0.030530 0.432996
v 0.441873 -0.115050 0.422232
v 0.428559 -0.057768 0.461216
v 0.487998 0.047953 0.398093
v 0.419744 0.087666 0.440065
v 0.478053 0.076351 0.387087
v 0.464836 0.037352 0.429350
v 0.445453 0.097795 0.408235
v 0.430688 0.056125 0.451747
v 0.600063 0.004229 0.241031
v 0.618982 0.002886 0.157272
v 0.604460 0.023946 0.222627
v 0.603822 -0.016232 0.219828
v 0.614034 0.024542 0.180508
v 0.612908 -0.018021 0.177923
v -0.534099 0.061317 -0.307807
v -0.501581 0.127543 -0.263946
v -0.512400 0.086315 -0.335454
v -0.543805 0.064580 -0.260270
v -0.491519 0.123680 -0.314433
v -0.531095 0.094900 -0.236727
v -0.526251 -0.056303 -0.299206
v -0.503194 -0.106581 -0.254754
v -0.500934 -0.075974 -0.319125
v -0.537918 -0.059835 -0.255381
v -0.490556 -0.101315 -0.299994
v -0.527172 -0.084539 -0.231110
v -0.473476 -0.034962 -0.405555
v -0.406787 -0.069490 -0.444189
v -0.463412 -0.062613 -0.391948
v -0.452213 -0.021477 -0.438789
v -0.431717 -0.081618 -0.411857
v -0.416708 -0.036848 -0.458408
v -0.482632 0.051939 -0.421127
v -0.434070 0.106902 -0.491412
v -0.480591 0.082741 -0.417933
v -0.460728 0.042892 -0.453758
v -0.455738 0.112617 -0.452180
v -0.435219 0.068437 -0.489206
v -0.566316 0.000673 -0.231966
v -0.590597 0.000873 -0.132590
v -0.570962 0.021409 -0.208327
v -0.568339 -0.019729 -0.207695
v -0.583167 0.022381 -0.158051
v -0.579901 -0.020539 -0.157942
v -0.546622 0.066129 0.299618
v -0.524550 0.121346 0.262337
v -0.519265 0.089285 0.319328
v -0.560829 0.069583 0.261291
v -0.508515 0.117048 0.302119
v -0.549522 0.096651 0.241106
v -0.542540 -0.063449 0.297288
v -0.511539 -0.134998 0.262579
v -0.511951 -0.094278 0.319638
v -0.557262 -0.066911 0.258278
v -0.496231 -0.133113 0.304089
v -0.542441 -0.099755 0.238923
v -0.488113 -0.042355 0.401550
v -0.419179 -0.103220 0.457891
v -0.476036 -0.081109 0.394168
v -0.463350 -0.030710 0.432970
v -0.441847 -0.114890 0.421936
v -0.428480 -0.058141 0.461247
v -0.487888 0.048030 0.398192
v -0.420374 0.088224 0.440640
v -0.478438 0.076440 0.387286
v -0.464671 0.037300 0.429400
v -0.445651 0.097796 0.408504
v -0.430561 0.056155 0.451741
v -0.600003 0.004232 0.240992
v -0.618974 0.002945 0.157252
v -0.604410 0.023997 0.222597
v -0.603774 -0.016257 0.219813
v -0.613993 0.024564 0.180526
v -0.612870 -0.018007 0.177920
v -0.062970 0.361953 0.045263
v -0.107667 0.319150 0.136073
v -0.103759 0.357288 0.046250
v -0.126666 0.335231 0.091372
v -0.042524 0.343033 0.090381
v -0.064973 0.322487 0.135646
v -0.066056 0.539342 -0.217749
v -0.123878 0.621935 -0.308616
v -0.108082 0.527646 -0.216118
v -0.134821 0.562246 -0.259435
v -0.047719 0.585506 -0.262454
v -0.077490 0.630246 -0.309599
v 0.062870 0.361680 0.045019
v 0.107791 0.319072 0.136374
v 0.104384 0.357445 0.046617
v 0.126746 0.334858 0.091618
v 0.042397 0.342814 0.089890
v 0.064763 0.322619 0.136039
v 0.066271 0.539126 -0.217662
v 0.124493 0.621761 -0.308949
v 0.108503 0.528379 -0.215887
v 0.135434 0.562384 -0.259974
v 0.047917 0.585330 -0.262763
v 0.077853 0.629956 -0.310107
v -0.313151 0.245997 0.263153
v -0.390523 0.231240 0.242715
v -0.327202 0.254972 0.215235
v -0.366644 0.246334 0.207013
v -0.339185 0.231352 0.303645
v -0.376888 0.225091 0.290810
v -0.045088 0.271567 0.275663
v 0.045356 0.271396 0.276161
v -0.022965 0.256213 0.323921
v 0.022885 0.255856 0.323859
v -0.022708 0.288428 0.228705
v 0.022539 0.288525 0.228396
v -0.256308 0.220393 0.410607
v -0.284867 0.205785 0.464920
v -0.230369 0.214397 0.455710
v -0.244176 0.208472 0.481386
v -0.300917 0.216991 0.401709
v -0.313450 0.209135 0.427282
v -0.458203 0.579072 -0.351614
v -0.328358 0.389310 -0.294356
v -0.354209 0.490515 -0.307557
v -0.324811 0.418059 -0.278808
v -0.377620 0.487311 -0.386120
v -0.330596 0.409218 -0.347020
v -0.074323 0.715349 -0.453526
v 0.074147 0.715193 -0.453466
v -0.035751 0.692623 -0.510149
v 0.035726 0.692334 -0.509855
v -0.033378 0.696858 -0.406442
v 0.033617 0.697264 -0.406468
v -0.288201 0.502286 -0.520952
v -0.294140 0.376225 -0.558560
v -0.259811 0.481615 -0.570931
v -0.268620 0.420746 -0.590931
v -0.315320 0.456906 -0.489906
v -0.308222 0.390131 -0.506314
v -0.491523 0.218080 -0.033866
v -0.498894 0.208141 0.060026
v -0.464216 0.238131 -0.017810
v -0.470619 0.231362 0.030281
v -0.520288 0.190404 -0.005995
v -0.522003 0.186645 0.040359
v -0.398796 0.245092 -0.352216
v -0.378293 0.238524 -0.456077
v -0.423995 0.200024 -0.372696
v -0.413916 0.196260 -0.423521
v -0.361510 0.292217 -0.383987
v -0.351629 0.288289 -0.437005
v -0.537707 0.132149 -0.108205
v -0.591254 0.073684 -0.054930
v -0.553251 0.100477 -0.133049
v -0.578522 0.072231 -0.106339
v -0.550339 0.132798 -0.056339
v -0.577429 0.103030 -0.029959
v -0.443268 0.187349 0.329702
v -0.396570 0.177084 0.407189
v -0.452980 0.164238 0.347994
v -0.429200 0.157283 0.384388
v -0.411043 0.200057 0.349880
v -0.387920 0.195908 0.391074
v -0.555700 0.129896 0.133584
v -0.595114 0.076146 0.088617
v -0.570450 0.101739 0.156272
v -0.591672 0.075586 0.134518
v -0.558918 0.130884 0.087803
v -0.579264 0.103557 0.065178
v 0.312546 0.246113 0.262846
v 0.391225 0.230923 0.243312
v 0.326687 0.254917 0.215089
v 0.366644 0.246183 0.207423
v 0.339807 0.230901 0.304178
v 0.377115 0.224737 0.291168
v 0.256334 0.220449 0.410465
v 0.284946 0.205858 0.464898
v 0.230391 0.214500 0.455508
v 0.244289 0.208502 0.481391
v 0.300966 0.217053 0.401612
v 0.313609 0.209139 0.427208
v 0.458152 0.578774 -0.351601
v 0.328594 0.389296 -0.294815
v 0.354330 0.491392 -0.308408
v 0.325057 0.418365 -0.279521
v 0.377299 0.486744 -0.386176
v 0.330737 0.408963 -0.347266
v 0.288293 0.501823 -0.521611
v 0.294233 0.375854 -0.558321
v 0.260022 0.481273 -0.571533
v 0.268432 0.419965 -0.590733
v 0.315313 0.456902 -0.490708
v 0.308531 0.389696 -0.506472
v 0.491641 0.217804 -0.033606
v 0.498967 0.207903 0.060218
v 0.464443 0.237846 -0.017609
v 0.470665 0.230997 0.030533
v 0.520399 0.190286 -0.005714
v 0.522060 0.186633 0.040585
v 0.398535 0.245258 -0.352607
v 0.378434 0.238166 -0.456238
v 0.423798 0.200387 -0.372843
v 0.413951 0.196329 -0.423578
v 0.361412 0.292297 -0.384073
v 0.351859 0.288268 -0.436830
v 0.538210 0.132077 -0.107961
v 0.591161 0.073693 -0.054858
v 0.553068 0.100692 -0.132929
v 0.578418 0.072129 -0.106251
v 0.550651 0.132686 -0.056091
v 0.577136 0.102926 -0.029902
v 0.443473 0.187395 0.329661
v 0.396515 0.177355 0.407113
v 0.453042 0.164487 0.347904
v 0.429303 0.157562 0.384470
v 0.411122 0.200096 0.349780
v 0.388011 0.195997 0.391010
v 0.555587 0.129961 0.133689
v 0.595096 0.076154 0.088458
v 0.570403 0.101782 0.156187
v 0.591183 0.075559 0.134599
v 0.559006 0.130887 0.087913
v 0.579245 0.103648 0.065306
v -0.073728 -0.586661 0.169507
v -0.123355 -0.581940 0.297121
v -0.122221 -0.578522 0.162728
v -0.146859 -0.574576 0.225423
v -0.048998 -0.589096 0.233938
v -0.074191 -0.591524 0.298308
v -0.087478 -0.645966 -0.132936
v -0.132171 -0.669852 -0.241566
v -0.118699 -0.751946 -0.147230
v -0.152279 -0.766996 -0.217959
v -0.065474 -0.596633 -0.170839
v -0.082966 -0.609486 -0.218519
v 0.073692 -0.585832 0.169452
v 0.123837 -0.582184 0.296838
v 0.122404 -0.577997 0.162360
v 0.147345 -0.574216 0.225195
v 0.049278 -0.589631 0.234275
v 0.074350 -0.591351 0.298302
v 0.087002 -0.644093 -0.133060
v 0.131558 -0.667479 -0.240558
v 0.117672 -0.747473 -0.147224
v 0.148956 -0.764033 -0.217982
v 0.064813 -0.595704 -0.170755
v 0.082050 -0.608220 -0.218470
v -0.338601 -0.483616 0.365287
v -0.386475 -0.385392 0.295801
v -0.353823 -0.468603 0.306264
v -0.374572 -0.423341 0.273321
v -0.352898 -0.447619 0.387648
v -0.375672 -0.394703 0.350378
v -0.057225 -0.661073 0.471207
v 0.056946 -0.660551 0.470849
v -0.031562 -0.644588 0.524944
v 0.031236 -0.644307 0.524943
v -0.027069 -0.631809 0.416267
v 0.026928 -0.631519 0.415816
v -0.322787 -0.552714 0.558640
v -0.325048 -0.405980 0.570006
v -0.319397 -0.554752 0.628864
v -0.314470 -0.468995 0.627028
v -0.335205 -0.475240 0.506750
v -0.339997 -0.412559 0.516271
v -0.311730 -0.394999 -0.269924
v -0.352145 -0.310302 -0.223017
v -0.342317 -0.425824 -0.238465
v -0.353655 -0.375022 -0.207795
v -0.306683 -0.322816 -0.278901
v -0.333232 -0.288278 -0.262303
v -0.048919 -0.475717 -0.300786
v 0.048500 -0.474992 -0.300984
v -0.023002 -0.425579 -0.325336
v 0.022889 -0.425098 -0.325300
v -0.026008 -0.516747 -0.272992
v 0.025477 -0.516565 -0.273231
v -0.221692 -0.285296 -0.359720
v -0.255682 -0.210494 -0.434558
v -0.198307 -0.260128 -0.401792
v -0.214710 -0.227080 -0.438821
v -0.259246 -0.267214 -0.353518
v -0.276514 -0.229655 -0.388986
v -0.464159 -0.227756 -0.023405
v -0.470561 -0.238913 0.068746
v -0.442396 -0.270405 0.001056
v -0.446501 -0.275887 0.046217
v -0.493956 -0.192117 -0.001613
v -0.496074 -0.197648 0.044306
v -0.405453 -0.179624 -0.308147
v -0.371382 -0.159076 -0.395918
v -0.425985 -0.145654 -0.337536
v -0.407045 -0.138548 -0.377897
v -0.368893 -0.204465 -0.321858
v -0.351901 -0.191801 -0.366133
v -0.530897 -0.119550 -0.103184
v -0.583235 -0.067352 -0.056271
v -0.547853 -0.090606 -0.130599
v -0.570661 -0.066619 -0.106533
v -0.542057 -0.120701 -0.053188
v -0.570436 -0.093018 -0.030316
v -0.423281 -0.257177 0.347832
v -0.389393 -0.251042 0.439054
v -0.435819 -0.211661 0.361219
v -0.418287 -0.207748 0.404613
v -0.397080 -0.303827 0.381402
v -0.381519 -0.302898 0.430344
v -0.541230 -0.133196 0.132228
v -0.591948 -0.070500 0.086094
v -0.564897 -0.098910 0.153178
v -0.588315 -0.070064 0.131197
v -0.546490 -0.130907 0.087276
v -0.573308 -0.097979 0.063554
v 0.337776 -0.483481 0.364840
v 0.385925 -0.386115 0.296097
v 0.352561 -0.468515 0.305926
v 0.374984 -0.423736 0.273508
v 0.352336 -0.447728 0.387392
v 0.375474 -0.394370 0.350551
v 0.322967 -0.553663 0.558467
v 0.324667 -0.406574 0.569481
v 0.319057 -0.555886 0.628915
v 0.314605 -0.469674 0.627624
v 0.335064 -0.475388 0.507046
v 0.339708 -0.412809 0.516344
v 0.311883 -0.395071 -0.270345
v 0.352147 -0.310203 -0.222855
v 0.342142 -0.425623 -0.238387
v 0.353583 -0.374674 -0.208263
v 0.306725 -0.322676 -0.278955
v 0.333264 -0.288315 -0.262427
v 0.221904 -0.285387 -0.359909
v 0.255689 -0.210584 -0.434526
v 0.198429 -0.260139 -0.401834
v 0.214798 -0.227071 -0.438846
v 0.259315 -0.267134 -0.353727
v 0.276530 -0.229499 -0.389208
v 0.464314 -0.227451 -0.023449
v 0.470711 -0.238410 0.068277
v 0.442597 -0.269635 0.001062
v 0.446876 -0.275631 0.046743
v 0.494080 -0.192277 -0.001425
v 0.496191 -0.197546 0.043995
v 0.405528 -0.179632 -0.308456
v 0.371406 -0.159265 -0.395972
v 0.426041 -0.145799 -0.337459
v 0.407015 -0.138542 -0.377908
v 0.368976 -0.204362 -0.321888
v 0.351859 -0.191236 -0.366431
v 0.530484 -0.119815 -0.103173
v 0.583296 -0.067376 -0.056257
v 0.547879 -0.090576 -0.130677
v 0.570678 -0.066641 -0.106513
v 0.541782 -0.120696 -0.053298
v 0.570573 -0.093041 -0.030413
v 0.423137 -0.257030 0.347927
v 0.390010 -0.251230 0.439205
v 0.435152 -0.211096 0.360778
v 0.418074 -0.207503 0.404451
v 0.397197 -0.303724 0.381981
v 0.381487 -0.303110 0.430485
v 0.541194 -0.133068 0.132048
v 0.591960 -0.070537 0.086163
v 0.564994 -0.098977 0.153207
v 0.588313 -0.070051 0.131264
v 0.546642 -0.130752 0.087180
v 0.573194 -0.098077 0.063530
v 0.145857 -0.081891 0.706002
v 0.229084 -0.140817 0.664413
v 0.152508 -0.138899 0.732178
v 0.193582 -0.170599 0.704746
v 0.184118 -0.057521 0.666441
v 0.225544 -0.084458 0.648643
v -0.146046 -0.081849 0.706703
v -0.229002 -0.141055 0.663808
v -0.152557 -0.138934 0.732280
v -0.193558 -0.170774 0.704292
v -0.183747 -0.058373 0.666217
v -0.224841 -0.085418 0.647942
v 0.125616 0.059119 0.614360
v 0.201235 0.102836 0.567256
v 0.121882 0.104069 0.593107
v 0.159606 0.124670 0.574605
v 0.168919 0.036204 0.611602
v 0.206153 0.057883 0.583846
v -0.125321 0.059093 0.615045
v -0.201160 0.102550 0.567349
v -0.121376 0.103579 0.593579
v -0.159589 0.125133 0.574678
v -0.169172 0.036238 0.611545
v -0.206223 0.058922 0.583455
v 0.332767 -0.051609 0.550685
v 0.325563 0.037103 0.528664
v 0.372740 -0.021303 0.521489
v 0.368092 0.019860 0.511607
v 0.294607 -0.031837 0.573096
v 0.289923 0.013985 0.558446
v -0.333548 -0.051737 0.551364
v -0.325610 0.037213 0.528786
v -0.372854 -0.021235 0.521631
v -0.367906 0.019657 0.511731
v -0.294341 -0.032005 0.572454
v -0.289555 0.014080 0.558165
v 0.128243 -0.041317 -0.614789
v 0.199256 -0.083882 -0.566751
v 0.121260 -0.088257 -0.587938
v 0.156776 -0.108431 -0.568477
v 0.174948 -0.017901 -0.624425
v 0.209431 -0.039623 -0.592528
v -0.128357 -0.040971 -0.615152
v -0.199391 -0.084255 -0.566278
v -0.121428 -0.088047 -0.588503
v -0.156948 -0.108276 -0.568779
v -0.175033 -0.017778 -0.624469
v -0.209184 -0.039739 -0.592705
v 0.167550 0.084957 -0.777593
v 0.275160 0.149857 -0.763475
v 0.176104 0.149725 -0.810292
v 0.231050 0.182231 -0.799774
v 0.208326 0.063784 -0.729348
v 0.261802 0.091621 -0.728348
v -0.167696 0.085311 -0.777661
v -0.275081 0.150113 -0.763681
v -0.176176 0.149964 -0.810389
v -0.230924 0.182546 -0.799808
v -0.208304 0.063960 -0.729615
v -0.261758 0.091818 -0.728223
v 0.323833 -0.017264 -0.544812
v 0.344892 0.066912 -0.588572
v 0.362683 0.001264 -0.528145
v 0.372949 0.041143 -0.545842
v 0.294795 0.004257 -0.582729
v 0.307206 0.047601 -0.610364
v -0.323781 -0.017149 -0.545242
v -0.344873 0.067021 -0.588574
v -0.362717 0.001138 -0.528293
v -0.372755 0.041020 -0.546148
v -0.294871 0.004362 -0.582602
v -0.307022 0.047905 -0.610612
v -0.246587 0.358408 -0.026507
v -0.244366 0.392661 -0.099026
v -0.214085 0.370714 -0.030498
v -0.212796 0.411632 -0.109225
v -0.297883 0.325272 0.008004
v -0.234882 0.346280 0.010432
v -0.292694 0.313393 0.048183
v -0.289827 0.373423 -0.108433
v -0.231721 0.423276 -0.143357
v -0.280804 0.401439 -0.155154
v -0.323975 0.329090 -0.040047
v -0.309205 0.370457 -0.130342
v -0.346756 0.321239 -0.054487
v -0.324395 0.303486 0.043101
v -0.352022 0.306013 -0.009446
v 0.246974 0.357993 -0.026663
v 0.244476 0.392863 -0.099141
v 0.213983 0.370791 -0.030273
v 0.212829 0.411725 -0.109479
v 0.297826 0.325304 0.008143
v 0.234810 0.346545 0.010486
v 0.291877 0.313809 0.048126
v 0.290001 0.373700 -0.108670
v 0.231837 0.423951 -0.143488
v 0.281180 0.401736 -0.155987
v 0.323520 0.329711 -0.040330
v 0.309271 0.370556 -0.130978
v 0.346920 0.321035 -0.054563
v 0.324195 0.303565 0.042913
v 0.352371 0.305432 -0.009151
v -0.299940 -0.558530 0.033106
v -0.319751 -0.613118 -0.037648
v -0.265302 -0.574894 0.027455
v -0.293684 -0.666015 -0.039641
v -0.341877 -0.506480 0.069119
v -0.280084 -0.548313 0.079590
v -0.334878 -0.506024 0.117194
v -0.351832 -0.539417 -0.053641
v -0.334074 -0.678210 -0.082907
v -0.354419 -0.563142 -0.101656
v -0.363125 -0.479746 0.012099
v -0.362931 -0.500206 -0.077090
v -0.376353 -0.442043 -0.006173
v -0.363733 -0.478457 0.102615
v -0.377794 -0.440475 0.038744
v 0.299537 -0.558603 0.033193
v 0.319502 -0.613872 -0.037829
v 0.264825 -0.574955 0.027279
v 0.292599 -0.667210 -0.039617
v 0.342234 -0.506238 0.068965
v 0.279863 -0.548373 0.079456
v 0.334755 -0.506015 0.117124
v 0.351936 -0.539545 -0.053921
v 0.333868 -0.679008 -0.082343
v 0.354574 -0.563138 -0.101825
v 0.363525 -0.479810 0.011721
v 0.363310 -0.500152 -0.077143
v 0.375879 -0.441936 -0.006086
v 0.363389 -0.478728 0.102925
v 0.377697 -0.439642 0.038590
v -0.000159 -0.522228 0.687384
v -0.075425 -0.470950 0.699856
v -0.030753 -0.566402 0.673890
v -0.115890 -0.519414 0.693405
v 0.074958 -0.471087 0.700057
v 0.030737 -0.566681 0.674071
v 0.115539 -0.519954 0.693624
v 0.043534 -0.379514 0.716407
v -0.044077 -0.379877 0.717255
v 0.046733 -0.321809 0.728541
v -0.046803 -0.322022 0.729310
v 0.129133 -0.457063 0.700138
v 0.091750 -0.355330 0.717355
v -0.129301 -0.457140 0.700230
v -0.091918 -0.355524 0.717743
v 0.000030 0.208224 0.545948
v -0.055714 0.205842 0.563582
v -0.021877 0.213667 0.507369
v -0.083738 0.208233 0.542621
v 0.055733 0.205802 0.563589
v 0.021775 0.213708 0.507494
v 0.083725 0.208179 0.542650
v 0.033227 0.204113 0.572860
v -0.033200 0.204101 0.572843
v 0.035802 0.202244 0.575013
v -0.035783 0.202159 0.575072
v 0.095807 0.205904 0.555698
v 0.070332 0.202992 0.568565
v -0.095766 0.205987 0.555672
v -0.070357 0.202892 0.568603
v 0.000008 -0.231518 -0.496910
v -0.050069 -0.210630 -0.536220
v -0.018917 -0.255497 -0.455767
v -0.072941 -0.226907 -0.497011
v 0.050033 -0.210568 -0.536317
v 0.018932 -0.255496 -0.455713
v 0.072928 -0.226901 -0.497016
v 0.031115 -0.202419 -0.560863
v -0.031076 -0.202433 -0.560879
v 0.034272 -0.198442 -0.564026
v -0.034213 -0.198476 -0.563997
v 0.086835 -0.208271 -0.535768
v 0.065995 -0.199286 -0.557101
v -0.086794 -0.208249 -0.535668
v -0.065939 -0.199313 -0.557083
v -0.000200 0.491156 -0.675140
v -0.071600 0.441002 -0.694437
v -0.028939 0.534875 -0.656239
v -0.106884 0.477217 -0.674885
v 0.071218 0.440772 -0.694848
v 0.028901 0.534827 -0.655973
v 0.107244 0.477371 -0.675398
v 0.045021 0.365504 -0.733734
v -0.044646 0.365846 -0.734001
v 0.050069 0.317571 -0.758850
v -0.050167 0.318481 -0.759686
v 0.122724 0.425352 -0.695902
v 0.095546 0.345220 -0.742690
v -0.123069 0.425712 -0.695888
v -0.095163 0.345058 -0.742305
v 0.523825 0.035652 -0.359759
v 0.550089 0.019343 -0.299708
v 0.522310 0.058828 -0.350436
v 0.549277 0.040232 -0.281111
v 0.515723 -0.028118 -0.351191
v 0.547609 -0.016484 -0.297688
v 0.508999 -0.051463 -0.336325
v 0.544852 -0.037200 -0.277536
v 0.503853 0.005307 -0.390472
v 0.491259 -0.044589 -0.371209
v 0.482006 -0.007128 -0.416141
v 0.503544 0.057154 -0.387163
v 0.484158 0.021866 -0.421178
v 0.559976 0.020500 -0.256138
v 0.557581 -0.018506 -0.254818
v 0.539525 0.036574 0.348375
v 0.573488 0.022737 0.297115
v 0.530549 0.061517 0.335238
v 0.570582 0.044078 0.280597
v 0.541201 -0.025350 0.347363
v 0.573281 -0.012995 0.295020
v 0.529526 -0.056047 0.334356
v 0.569739 -0.036453 0.277217
v 0.520810 0.006257 0.379649
v 0.512624 -0.048800 0.369285
v 0.495053 -0.008777 0.405899
v 0.510802 0.055828 0.367435
v 0.494779 0.020214 0.404930
v 0.588821 0.023714 0.261209
v 0.588387 -0.015098 0.258748
v -0.523925 0.035619 -0.359924
v -0.550132 0.019354 -0.299778
v -0.522257 0.058915 -0.350558
v -0.549290 0.040246 -0.281149
v -0.515841 -0.028136 -0.351209
v -0.547653 -0.016442 -0.297732
v -0.508995 -0.051441 -0.336329
v -0.544850 -0.037128 -0.277559
v -0.503957 0.005262 -0.390464
v -0.491161 -0.044595 -0.371125
v -0.481991 -0.007119 -0.416245
v -0.503674 0.057082 -0.387123
v -0.484646 0.021706 -0.421271
v -0.559991 0.020513 -0.256137
v -0.557597 -0.018495 -0.254856
v -0.539440 0.036744 0.348319
v -0.573427 0.022810 0.297054
v -0.530491 0.061587 0.335313
v -0.570586 0.044263 0.280612
v -0.541031 -0.025306 0.347163
v -0.573156 -0.012825 0.295034
v -0.529819 -0.055880 0.334763
v -0.569792 -0.036279 0.277379
v -0.520701 0.006321 0.379640
v -0.512573 -0.048871 0.369295
v -0.494937 -0.008909 0.405802
v -0.510513 0.056051 0.367544
v -0.494661 0.020231 0.404991
v -0.588746 0.023825 0.261153
v -0.588388 -0.015007 0.258715
v -0.061496 0.407859 -0.043417
v -0.061915 0.465514 -0.130565
v -0.102279 0.401433 -0.041883
v -0.102475 0.457303 -0.127848
v 0.061416 0.407433 -0.043640
v 0.061871 0.465225 -0.130824
v 0.101734 0.401751 -0.041682
v 0.102256 0.457186 -0.128281
v -0.000018 0.386589 -0.000038
v -0.082331 0.381457 0.001302
v -0.020879 0.364133 0.044462
v -0.000231 0.505927 -0.174728
v -0.084363 0.496098 -0.172468
v -0.022425 0.544610 -0.217983
v 0.082504 0.381417 0.001071
v 0.020709 0.364298 0.044593
v 0.083968 0.496030 -0.173177
v 0.022426 0.544634 -0.218218
v -0.174515 0.294002 0.182095
v -0.243472 0.269951 0.225028
v -0.191642 0.307449 0.136803
v -0.259510 0.280520 0.178593
v -0.114214 0.253850 0.323206
v -0.184616 0.237420 0.368282
v -0.091827 0.241231 0.371159
v -0.161300 0.227669 0.416755
v -0.111425 0.284834 0.228499
v -0.149880 0.314443 0.136839
v -0.087995 0.302971 0.181499
v -0.252568 0.242974 0.317934
v -0.285855 0.262655 0.220854
v -0.297339 0.237108 0.312340
v -0.068651 0.255322 0.323728
v -0.066973 0.287498 0.228579
v -0.208196 0.224971 0.413323
v -0.278989 0.228404 0.362518
v -0.195673 0.623710 -0.350639
v -0.300062 0.617518 -0.370902
v -0.206784 0.563077 -0.292938
v -0.289453 0.544723 -0.309804
v -0.166109 0.712729 -0.504219
v -0.230175 0.601964 -0.523057
v -0.130652 0.659839 -0.553195
v -0.205520 0.579439 -0.574959
v -0.170976 0.810706 -0.407376
v -0.165395 0.596935 -0.304411
v -0.114919 0.690592 -0.358340
v -0.334071 0.593289 -0.454097
v -0.353725 0.559251 -0.338503
v -0.432375 0.581576 -0.445624
v -0.107400 0.704997 -0.505181
v -0.100929 0.733483 -0.407030
v -0.248239 0.541964 -0.548477
v -0.334006 0.529841 -0.475635
v -0.385206 0.309220 -0.208596
v -0.438045 0.255935 -0.121501
v -0.365390 0.333289 -0.190085
v -0.415825 0.277953 -0.103624
v -0.447607 0.202171 -0.270191
v -0.494412 0.164417 -0.188703
v -0.469479 0.162936 -0.292212
v -0.512976 0.130021 -0.212556
v -0.388965 0.286989 -0.280028
v -0.349154 0.358398 -0.242745
v -0.350015 0.340727 -0.311375
v -0.492415 0.194978 -0.111374
v -0.453339 0.246405 -0.068592
v -0.508070 0.192247 -0.057544
v -0.434954 0.201811 -0.321596
v -0.374093 0.292230 -0.331602
v -0.525399 0.130931 -0.160135
v -0.522602 0.163282 -0.083021
v -0.436822 0.228042 0.183684
v -0.472382 0.220922 0.123121
v -0.411983 0.244269 0.150657
v -0.444913 0.239845 0.091678
v -0.488016 0.171226 0.264196
v -0.526773 0.153341 0.199957
v -0.498479 0.145050 0.284001
v -0.537731 0.124919 0.220659
v -0.445722 0.207797 0.259740
v -0.402132 0.237723 0.196023
v -0.411765 0.217467 0.275737
v -0.518468 0.181418 0.131968
v -0.472680 0.225647 0.076764
v -0.520840 0.183417 0.086060
v -0.471796 0.167690 0.306960
v -0.429645 0.203667 0.305185
v -0.548900 0.128014 0.178018
v -0.538996 0.157093 0.110252
v 0.174625 0.294279 0.181988
v 0.243495 0.269875 0.225193
v 0.191924 0.307323 0.136611
v 0.258416 0.280598 0.178349
v 0.114171 0.253668 0.323591
v 0.184699 0.237035 0.368480
v 0.092146 0.240837 0.371601
v 0.161445 0.227439 0.416626
v 0.111356 0.284564 0.228924
v 0.150154 0.313985 0.136910
v 0.087708 0.303237 0.181964
v 0.068586 0.255191 0.323587
v 0.067088 0.287603 0.228797
v 0.251923 0.242691 0.317560
v 0.285356 0.262767 0.220870
v 0.297538 0.237100 0.312776
v 0.208456 0.224658 0.413797
v 0.279381 0.228326 0.362855
v 0.196612 0.624489 -0.352020
v 0.300319 0.625835 -0.378494
v 0.206865 0.564311 -0.294408
v 0.289870 0.547367 -0.312908
v 0.166134 0.712193 -0.504620
v 0.230260 0.601005 -0.523891
v 0.130594 0.659713 -0.553369
v 0.205208 0.579030 -0.574753
v 0.171318 0.810632 -0.407477
v 0.166186 0.597404 -0.304974
v 0.115418 0.690721 -0.358070
v 0.107157 0.704983 -0.504927
v 0.100759 0.733555 -0.406613
v 0.334538 0.591854 -0.455886
v 0.354399 0.561396 -0.341085
v 0.432217 0.579927 -0.445412
v 0.248312 0.541173 -0.549306
v 0.333936 0.528578 -0.476131
v 0.384920 0.309139 -0.208878
v 0.437883 0.256045 -0.122206
v 0.365569 0.333554 -0.190433
v 0.415553 0.278171 -0.103877
v 0.447584 0.202457 -0.270336
v 0.495446 0.163418 -0.187983
v 0.469645 0.163082 -0.292338
v 0.512974 0.129891 -0.212395
v 0.388671 0.286568 -0.280040
v 0.349292 0.358614 -0.242993
v 0.350103 0.340893 -0.311624
v 0.492174 0.194773 -0.111539
v 0.453526 0.246154 -0.068103
v 0.508192 0.192370 -0.057332
v 0.435024 0.202588 -0.321798
v 0.373939 0.292301 -0.331816
v 0.525725 0.130932 -0.160099
v 0.522689 0.163063 -0.083018
v 0.437050 0.227827 0.183908
v 0.472539 0.220770 0.123261
v 0.412497 0.243893 0.151082
v 0.444964 0.239455 0.091913
v 0.487867 0.171363 0.264127
v 0.526732 0.153383 0.199789
v 0.498667 0.145376 0.284205
v 0.537743 0.125148 0.220825
v 0.445838 0.207724 0.259887
v 0.402658 0.237422 0.196508
v 0.411985 0.217248 0.276001
v 0.518552 0.181378 0.132026
v 0.472850 0.225283 0.076993
v 0.520792 0.183514 0.086093
v 0.471821 0.167996 0.306838
v 0.429705 0.203666 0.305176
v 0.548797 0.127919 0.177898
v 0.538902 0.157184 0.110251
v -0.077280 -0.599841 0.055513
v -0.086811 -0.628553 -0.039071
v -0.126401 -0.597126 0.043998
v -0.135643 -0.673935 -0.037835
v 0.077082 -0.599930 0.055496
v 0.086513 -0.627571 -0.039706
v 0.126401 -0.596637 0.043584
v 0.134881 -0.673442 -0.038965
v -0.000066 -0.593531 0.115726
v -0.098683 -0.584663 0.104154
v -0.024655 -0.590247 0.173304
v -0.000150 -0.586193 -0.079200
v -0.109823 -0.678937 -0.085371
v -0.037746 -0.580451 -0.122642
v 0.098815 -0.584909 0.104277
v 0.024789 -0.590039 0.173513
v 0.109417 -0.677341 -0.086179
v 0.037109 -0.580179 -0.122763
v -0.201984 -0.565125 0.360708
v -0.282195 -0.545229 0.373256
v -0.220870 -0.555565 0.275258
v -0.292841 -0.524683 0.300395
v -0.147420 -0.796598 0.521102
v -0.291535 -0.747325 0.582516
v -0.108563 -0.769419 0.612899
v -0.257847 -0.738321 0.660270
v -0.138737 -0.648565 0.414889
v -0.172511 -0.569670 0.290253
v -0.099319 -0.594299 0.367661
v -0.307747 -0.577680 0.466411
v -0.317980 -0.508469 0.336563
v -0.329566 -0.506587 0.426427
v -0.087066 -0.707179 0.530269
v -0.081529 -0.639089 0.417265
v -0.317102 -0.649877 0.618241
v -0.324719 -0.533414 0.490240
v -0.229835 -0.660980 -0.301716
v -0.287968 -0.523309 -0.289259
v -0.270100 -0.732147 -0.272490
v -0.337300 -0.577072 -0.270556
v -0.115158 -0.425856 -0.324202
v -0.170688 -0.355399 -0.335580
v -0.087113 -0.373596 -0.348778
v -0.143212 -0.311768 -0.369486
v -0.129337 -0.545678 -0.286396
v -0.191876 -0.736485 -0.274363
v -0.106811 -0.589985 -0.257519
v -0.243945 -0.386113 -0.307906
v -0.328317 -0.478748 -0.271470
v -0.278657 -0.357443 -0.296169
v -0.069541 -0.426267 -0.325065
v -0.077105 -0.528348 -0.278147
v -0.182957 -0.299909 -0.364373
v -0.246492 -0.316240 -0.321241
v -0.391283 -0.287575 -0.159035
v -0.427482 -0.256958 -0.090985
v -0.378786 -0.338868 -0.135685
v -0.408518 -0.301562 -0.065161
v -0.453270 -0.163255 -0.246285
v -0.491736 -0.143931 -0.175642
v -0.476363 -0.128772 -0.277508
v -0.511639 -0.112140 -0.204512
v -0.397890 -0.230350 -0.232357
v -0.368097 -0.327829 -0.181187
v -0.364610 -0.258616 -0.247549
v -0.479202 -0.183728 -0.097596
v -0.434981 -0.263054 -0.043906
v -0.487543 -0.187848 -0.049177
v -0.443868 -0.152406 -0.296093
v -0.384528 -0.217279 -0.277683
v -0.520670 -0.116660 -0.153702
v -0.510416 -0.151785 -0.075816
v -0.417171 -0.333545 0.213978
v -0.445006 -0.285330 0.139155
v -0.401847 -0.371370 0.191029
v -0.425968 -0.323552 0.116789
v -0.465030 -0.213277 0.271851
v -0.505417 -0.171406 0.200656
v -0.481070 -0.172974 0.288336
v -0.524987 -0.134766 0.219872
v -0.423013 -0.298219 0.283624
v -0.395493 -0.378332 0.242810
v -0.398571 -0.345047 0.315713
v -0.490438 -0.206373 0.135660
v -0.447148 -0.281013 0.092478
v -0.494327 -0.202537 0.090122
v -0.451319 -0.213509 0.316731
v -0.410873 -0.302130 0.333029
v -0.535970 -0.133265 0.176215
v -0.518253 -0.167551 0.111125
v 0.201779 -0.565262 0.360233
v 0.281992 -0.545478 0.373569
v 0.221314 -0.555915 0.275873
v 0.292765 -0.524435 0.300452
v 0.146792 -0.795756 0.520199
v 0.290395 -0.748585 0.581562
v 0.106934 -0.767854 0.611829
v 0.258207 -0.738960 0.659641
v 0.138687 -0.647570 0.415262
v 0.173126 -0.570399 0.290615
v 0.100008 -0.594130 0.367678
v 0.086280 -0.706100 0.529835
v 0.081657 -0.639084 0.416667
v 0.307386 -0.578813 0.466500
v 0.317897 -0.508348 0.336931
v 0.329177 -0.506935 0.426670
v 0.316639 -0.651972 0.617874
v 0.325208 -0.533890 0.490848
v 0.229285 -0.660860 -0.301463
v 0.287701 -0.523242 -0.289012
v 0.269751 -0.732358 -0.272608
v 0.337067 -0.576811 -0.270671
v 0.115316 -0.425769 -0.324383
v 0.170646 -0.355412 -0.335384
v 0.087312 -0.373591 -0.349001
v 0.143229 -0.311840 -0.369393
v 0.128627 -0.544894 -0.286274
v 0.190976 -0.736220 -0.274275
v 0.105728 -0.589144 -0.257554
v 0.068906 -0.425985 -0.325491
v 0.076935 -0.528012 -0.277832
v 0.243819 -0.386054 -0.308054
v 0.328236 -0.478561 -0.271599
v 0.278482 -0.357232 -0.296090
v 0.183058 -0.299919 -0.364416
v 0.246546 -0.316120 -0.321263
v 0.391150 -0.287121 -0.158863
v 0.427295 -0.256957 -0.090973
v 0.378923 -0.338859 -0.135908
v 0.408386 -0.301696 -0.065450
v 0.453232 -0.163209 -0.246031
v 0.491737 -0.143799 -0.175742
v 0.476460 -0.128496 -0.277489
v 0.511603 -0.112053 -0.204577
v 0.397954 -0.230498 -0.232332
v 0.368294 -0.327809 -0.181049
v 0.365143 -0.258943 -0.247840
v 0.479503 -0.183092 -0.097385
v 0.435449 -0.263202 -0.043833
v 0.487868 -0.187552 -0.048948
v 0.444168 -0.152177 -0.296327
v 0.384475 -0.217748 -0.277394
v 0.520421 -0.116712 -0.153707
v 0.511104 -0.150827 -0.075743
v 0.416501 -0.333918 0.214210
v 0.444965 -0.284679 0.139437
v 0.401857 -0.371329 0.190680
v 0.426391 -0.323520 0.116664
v 0.464765 -0.213603 0.271320
v 0.504789 -0.171550 0.201175
v 0.480893 -0.172542 0.288321
v 0.525239 -0.134514 0.219561
v 0.423118 -0.298510 0.283733
v 0.395243 -0.378339 0.242912
v 0.398457 -0.345111 0.316278
v 0.490701 -0.206210 0.135496
v 0.447318 -0.280558 0.092161
v 0.494833 -0.202347 0.089856
v 0.451157 -0.213582 0.316745
v 0.411004 -0.301919 0.333247
v 0.536047 -0.133546 0.176083
v 0.518220 -0.167168 0.110906
v 0.048744 -0.079503 0.738084
v -0.048833 -0.078983 0.738464
v 0.049945 -0.137410 0.766302
v -0.049664 -0.137905 0.763680
v 0.042332 0.060726 0.632269
v -0.042256 0.060949 0.632390
v 0.040463 0.104898 0.606169
v -0.040535 0.104512 0.606579
v 0.089948 -0.007497 0.670802
v 0.098895 -0.110239 0.732540
v 0.136678 -0.033080 0.671031
v -0.089782 -0.007336 0.671022
v -0.099050 -0.110122 0.733058
v -0.136710 -0.033090 0.671542
v 0.082971 0.082344 0.612655
v 0.130465 0.013969 0.640810
v -0.082590 0.082113 0.612647
v -0.130491 0.013764 0.640940
v 0.298102 -0.319594 0.610733
v 0.266794 -0.229263 0.642227
v 0.274884 -0.364845 0.657598
v 0.231787 -0.264936 0.677485
v 0.377860 -0.189726 0.487632
v 0.359837 -0.122037 0.525082
v 0.409113 -0.151123 0.452994
v 0.393532 -0.088861 0.491412
v 0.344682 -0.289253 0.523049
v 0.302794 -0.390131 0.616831
v 0.342058 -0.350044 0.520983
v 0.398997 -0.200488 0.446769
v 0.363869 -0.298339 0.477543
v 0.296979 -0.135437 0.594184
v 0.230826 -0.201218 0.672890
v 0.262586 -0.111369 0.623134
v 0.365225 -0.071155 0.523148
v 0.296937 -0.081218 0.585116
v -0.298258 -0.319229 0.611175
v -0.266745 -0.229078 0.642006
v -0.274958 -0.364700 0.657099
v -0.232105 -0.265153 0.677594
v -0.377938 -0.189614 0.487360
v -0.359615 -0.122301 0.525002
v -0.409353 -0.151071 0.453011
v -0.393703 -0.088788 0.491544
v -0.344827 -0.289204 0.523351
v -0.303169 -0.390183 0.617393
v -0.342405 -0.349676 0.521140
v -0.399495 -0.200525 0.446945
v -0.363748 -0.298582 0.477571
v -0.296760 -0.135673 0.593916
v -0.230799 -0.201330 0.672500
v -0.262030 -0.111952 0.622320
v -0.365419 -0.071045 0.523584
v -0.296510 -0.082055 0.584570
v 0.261414 0.195892 0.506947
v 0.232430 0.162814 0.535342
v 0.220560 0.202142 0.521687
v 0.192515 0.194731 0.546767
v 0.375833 0.142948 0.450756
v 0.352698 0.095468 0.489119
v 0.410852 0.119536 0.429132
v 0.392369 0.075509 0.471201
v 0.332598 0.189101 0.462188
v 0.253585 0.203639 0.496309
v 0.324087 0.200993 0.447496
v 0.403148 0.149787 0.418298
v 0.361420 0.192131 0.428475
v 0.278233 0.099296 0.531549
v 0.196626 0.146067 0.555524
v 0.242417 0.079590 0.557278
v 0.360388 0.057873 0.500047
v 0.283845 0.057537 0.543974
v -0.261494 0.195756 0.507038
v -0.232528 0.162463 0.535392
v -0.220554 0.202121 0.521654
v -0.192570 0.194242 0.546863
v -0.375838 0.142741 0.450619
v -0.352800 0.095871 0.489308
v -0.410970 0.119454 0.429252
v -0.392345 0.075225 0.471089
v -0.332502 0.188993 0.462154
v -0.253532 0.203555 0.496203
v -0.323995 0.200969 0.447527
v -0.403204 0.149924 0.418437
v -0.361336 0.191994 0.428498
v -0.278015 0.099446 0.531279
v -0.196529 0.146108 0.555323
v -0.242762 0.080483 0.556675
v -0.360752 0.058575 0.500377
v -0.284043 0.057850 0.543731
v 0.043470 -0.042778 -0.625665
v -0.043620 -0.042544 -0.625619
v 0.040958 -0.092136 -0.594651
v -0.040990 -0.092113 -0.594502
v 0.055657 0.099366 -0.762807
v -0.055499 0.099836 -0.762403
v 0.058766 0.154781 -0.794932
v -0.058893 0.154897 -0.794316
v 0.097391 0.025477 -0.692219
v 0.083739 -0.066434 -0.606099
v 0.138493 0.002565 -0.659863
v -0.097397 0.025115 -0.692203
v -0.083812 -0.066262 -0.606032
v -0.138242 0.003002 -0.659047
v 0.116864 0.120293 -0.801852
v 0.151238 0.044546 -0.712864
v -0.117175 0.120262 -0.802109
v -0.151627 0.044304 -0.713823
v 0.243802 -0.177630 -0.490532
v 0.224493 -0.143496 -0.528421
v 0.203842 -0.191504 -0.502894
v 0.183390 -0.162662 -0.537084
v 0.360330 -0.121270 -0.447511
v 0.342170 -0.074608 -0.492969
v 0.397008 -0.101165 -0.430413
v 0.380041 -0.054395 -0.476773
v 0.310370 -0.169047 -0.447083
v 0.231183 -0.199398 -0.472284
v 0.295597 -0.195294 -0.425002
v 0.385754 -0.130818 -0.415125
v 0.334214 -0.178357 -0.412125
v 0.273531 -0.080172 -0.535678
v 0.191125 -0.125930 -0.549465
v 0.242062 -0.060782 -0.564172
v 0.352202 -0.037223 -0.509817
v 0.283478 -0.038194 -0.557187
v -0.243785 -0.177573 -0.490558
v -0.224445 -0.143291 -0.528284
v -0.203785 -0.191459 -0.502938
v -0.183364 -0.162513 -0.537153
v -0.360274 -0.121255 -0.447459
v -0.342082 -0.074319 -0.492978
v -0.396950 -0.101173 -0.430436
v -0.380265 -0.054893 -0.476767
v -0.310303 -0.168955 -0.447082
v -0.231138 -0.199324 -0.472256
v -0.295477 -0.195438 -0.424911
v -0.385724 -0.130943 -0.415155
v -0.334135 -0.178315 -0.412084
v -0.273500 -0.080686 -0.535390
v -0.191356 -0.126301 -0.549101
v -0.242029 -0.060681 -0.564027
v -0.352357 -0.037193 -0.509823
v -0.283438 -0.038506 -0.556879
v 0.293594 0.304490 -0.630534
v 0.297111 0.235693 -0.712840
v 0.261589 0.344294 -0.662702
v 0.257317 0.269762 -0.743937
v 0.395341 0.184119 -0.524913
v 0.381504 0.128494 -0.569620
v 0.429629 0.146041 -0.489507
v 0.409313 0.096874 -0.528114
v 0.336118 0.274720 -0.542222
v 0.279223 0.360958 -0.610493
v 0.313609 0.328292 -0.524396
v 0.404350 0.191106 -0.473850
v 0.343552 0.282440 -0.489573
v 0.326554 0.144658 -0.657961
v 0.272458 0.212160 -0.767316
v 0.297071 0.121475 -0.697685
v 0.380463 0.083417 -0.561489
v 0.318931 0.094170 -0.637577
v -0.293454 0.304575 -0.630275
v -0.297160 0.235489 -0.712628
v -0.261317 0.344217 -0.662255
v -0.257457 0.270155 -0.744463
v -0.395275 0.184272 -0.524627
v -0.381548 0.128674 -0.569700
v -0.429811 0.146222 -0.489647
v -0.408784 0.097239 -0.527706
v -0.336199 0.274673 -0.541839
v -0.279260 0.360950 -0.610440
v -0.314168 0.328634 -0.524221
v -0.404381 0.191388 -0.474001
v -0.343534 0.281885 -0.489924
v -0.326299 0.144572 -0.657790
v -0.272465 0.212269 -0.767487
v -0.296996 0.121349 -0.697429
v -0.380508 0.083371 -0.561313
v -0.318916 0.094097 -0.637764
v 0.613099 0.023056 -0.055515
v 0.608681 -0.020916 -0.056681
v 0.597208 0.023061 -0.106819
v 0.593653 -0.020878 -0.107285
v 0.622171 0.025019 0.089076
v 0.620627 -0.020488 0.087450
v 0.618241 0.025110 0.135384
v 0.616994 -0.019654 0.133377
v 0.617337 0.048229 0.018929
v 0.598258 0.046643 -0.080572
v 0.600822 0.074452 -0.004913
v 0.609838 0.049471 0.112392
v 0.599053 0.075743 0.042223
v 0.613542 -0.043484 0.016551
v 0.591100 -0.043422 -0.081884
v 0.594880 -0.067524 -0.007162
v 0.607750 -0.043949 0.109540
v 0.596473 -0.069032 0.040006
v -0.613186 0.023057 -0.055498
v -0.608836 -0.020901 -0.056704
v -0.597271 0.023049 -0.106791
v -0.593683 -0.020937 -0.107308
v -0.622164 0.025022 0.089123
v -0.620637 -0.020440 0.087477
v -0.618199 0.025128 0.135426
v -0.616927 -0.019622 0.133370
v -0.617373 0.048262 0.018954
v -0.598346 0.046609 -0.080573
v -0.600882 0.074466 -0.004959
v -0.609902 0.049589 0.112397
v -0.599249 0.075746 0.042209
v -0.613565 -0.043517 0.016513
v -0.591168 -0.043429 -0.081894
v -0.594845 -0.067560 -0.007159
v -0.607715 -0.043999 0.109515
v -0.596432 -0.069057 0.039996
v -0.161866 0.366958 0.006072
v -0.184564 0.342544 0.049952
v -0.162457 0.466266 -0.163834
v -0.186206 0.487943 -0.203067
v -0.144430 0.351312 0.048181
v -0.148211 0.511060 -0.210857
v -0.310967 0.282505 0.129102
v -0.347671 0.272778 0.123217
v -0.339177 0.263546 0.168755
v -0.296578 0.437883 -0.235091
v -0.317886 0.391668 -0.205201
v -0.314542 0.432919 -0.261261
v -0.402913 0.281250 -0.036492
v -0.409860 0.270009 0.011328
v -0.436563 0.255630 -0.002967
v 0.161819 0.366897 0.005470
v 0.183932 0.343168 0.049524
v 0.162422 0.466741 -0.164436
v 0.186018 0.488403 -0.203920
v 0.144618 0.350758 0.047934
v 0.148339 0.510807 -0.211448
v 0.310525 0.282477 0.129235
v 0.347906 0.272418 0.123391
v 0.338269 0.263777 0.168539
v 0.296856 0.438556 -0.236296
v 0.317578 0.392146 -0.205958
v 0.314656 0.433469 -0.262231
v 0.402549 0.281936 -0.037205
v 0.409585 0.270151 0.010837
v 0.436740 0.255437 -0.003277
v -0.193923 -0.567031 0.083685
v -0.216629 -0.557975 0.145035
v -0.233157 -0.784613 -0.079357
v -0.272512 -0.788269 -0.153901
v -0.170162 -0.568928 0.153751
v -0.187477 -0.799430 -0.149369
v -0.347790 -0.486061 0.211979
v -0.371292 -0.449626 0.188592
v -0.363139 -0.457312 0.245790
v -0.361527 -0.516751 -0.179665
v -0.365701 -0.451161 -0.146685
v -0.358413 -0.444427 -0.195288
v -0.403886 -0.355144 -0.000286
v -0.407577 -0.358584 0.045362
v -0.423558 -0.313819 0.023861
v 0.193758 -0.566852 0.083433
v 0.216143 -0.558026 0.145169
v 0.230833 -0.785894 -0.080647
v 0.271338 -0.788776 -0.154200
v 0.170253 -0.569101 0.154256
v 0.183511 -0.798991 -0.150434
v 0.348184 -0.486287 0.212098
v 0.371523 -0.450094 0.188478
v 0.363231 -0.457510 0.245723
v 0.361209 -0.516258 -0.179647
v 0.365883 -0.451431 -0.147297
v 0.358195 -0.444206 -0.195473
v 0.403638 -0.355064 -0.000188
v 0.407778 -0.358263 0.045124
v 0.424039 -0.314549 0.023889
v -0.034094 -0.616866 0.624500
v 0.033357 -0.616686 0.624187
v -0.232850 -0.571136 0.698498
v -0.236446 -0.482624 0.690752
v -0.000030 -0.609327 0.574943
v -0.286456 -0.528697 0.673388
v 0.232624 -0.571758 0.698714
v 0.236152 -0.482961 0.690837
v 0.286209 -0.529341 0.673622
v 0.098048 -0.231952 0.739905
v 0.145718 -0.265107 0.723140
v -0.098594 -0.232159 0.739513
v -0.146008 -0.265283 0.723472
v 0.149330 -0.201583 0.730081
v -0.149504 -0.201722 0.730219
v -0.022742 0.229121 0.419556
v 0.022963 0.229403 0.419483
v -0.156778 0.211186 0.504392
v -0.170194 0.207579 0.526334
v -0.000003 0.241769 0.371813
v -0.201312 0.210199 0.494785
v 0.156874 0.211405 0.504447
v 0.170245 0.207591 0.526350
v 0.201386 0.210203 0.494775
v 0.077129 0.168550 0.579654
v 0.115103 0.191704 0.568596
v -0.077144 0.168857 0.579515
v -0.115063 0.191008 0.568558
v 0.118128 0.147371 0.578165
v -0.118388 0.147634 0.578238
v -0.020783 -0.327942 -0.378589
v 0.020789 -0.327982 -0.378632
v -0.134984 -0.245070 -0.450080
v -0.150785 -0.217857 -0.489453
v 0.000003 -0.376429 -0.350982
v -0.174717 -0.238113 -0.444839
v 0.135011 -0.245110 -0.450021
v 0.150765 -0.217959 -0.489275
v 0.174774 -0.238167 -0.444773
v 0.075492 -0.165323 -0.567995
v 0.109630 -0.177295 -0.557809
v -0.075366 -0.165050 -0.567900
v -0.109566 -0.177319 -0.557778
v 0.115361 -0.134484 -0.569677
v -0.115505 -0.134189 -0.570114
v -0.033508 0.632400 -0.611484
v 0.033613 0.632287 -0.611490
v -0.204352 0.501979 -0.651348
v -0.215026 0.440573 -0.667754
v -0.000015 0.675628 -0.574553
v -0.239975 0.463773 -0.623650
v 0.204189 0.501763 -0.651397
v 0.214981 0.440348 -0.667888
v 0.240113 0.463795 -0.624137
v 0.116046 0.244098 -0.808180
v 0.165447 0.272695 -0.788870
v -0.115902 0.244665 -0.808044
v -0.165240 0.273004 -0.788769
v 0.176135 0.215025 -0.815199
v -0.176060 0.215428 -0.815184
v 0.483237 0.118452 -0.363320
v 0.473102 0.114959 -0.409878
v 0.554411 0.067513 -0.209956
v 0.571209 0.044202 -0.183724
v 0.448863 0.156879 -0.392276
v 0.565998 0.069999 -0.158274
v 0.471850 -0.096329 -0.338960
v 0.452596 -0.090032 -0.376338
v 0.548224 -0.062831 -0.207251
v 0.565767 -0.041572 -0.182837
v 0.440646 -0.117337 -0.358738
v 0.559195 -0.065031 -0.157264
v 0.426941 -0.003374 -0.472294
v 0.435800 0.030518 -0.483964
v 0.400936 0.017436 -0.507765
v 0.489918 0.112294 0.339575
v 0.468694 0.105745 0.374707
v 0.574809 0.072073 0.221124
v 0.599447 0.047135 0.202007
v 0.460361 0.135572 0.361809
v 0.585892 0.073947 0.179228
v 0.480048 -0.128920 0.345183
v 0.462482 -0.122921 0.384461
v 0.573264 -0.067323 0.217337
v 0.598274 -0.040163 0.197502
v 0.448453 -0.166901 0.373224
v 0.584109 -0.068158 0.175017
v 0.438564 -0.014028 0.463635
v 0.439567 0.023555 0.461055
v 0.409539 0.004442 0.492018
v -0.483040 0.118535 -0.363442
v -0.472943 0.115062 -0.410019
v -0.554507 0.067551 -0.210052
v -0.571232 0.044264 -0.183779
v -0.448744 0.156935 -0.392310
v -0.566150 0.070064 -0.158346
v -0.471689 -0.096421 -0.338719
v -0.452494 -0.089971 -0.376297
v -0.548271 -0.062800 -0.207302
v -0.565788 -0.041551 -0.182854
v -0.440640 -0.117490 -0.358672
v -0.559162 -0.064968 -0.157280
v -0.427248 -0.003829 -0.472302
v -0.436217 0.030509 -0.484176
v -0.400533 0.017261 -0.507606
v -0.490406 0.112144 0.339985
v -0.468837 0.105590 0.374998
v -0.574953 0.072237 0.221342
v -0.599609 0.047155 0.202126
v -0.460539 0.135263 0.361928
v -0.586156 0.074060 0.179359
v -0.480149 -0.128969 0.344742
v -0.462558 -0.123271 0.384171
v -0.573497 -0.067183 0.217429
v -0.598255 -0.040125 0.197540
v -0.448462 -0.166943 0.373009
v -0.584118 -0.068245 0.175074
v -0.438427 -0.014061 0.463723
v -0.439480 0.023391 0.461017
v -0.409360 0.004327 0.491914
v -0.021359 0.324356 0.136053
v 0.021634 0.324811 0.135878
v 0.000262 0.306517 0.181991
v -0.026408 0.629735 -0.308828
v 0.026147 0.629556 -0.309563
v 0.000110 0.667214 -0.357874
v -0.360121 0.219042 0.338925
v -0.338509 0.213505 0.384524
v -0.375726 0.208256 0.367958
v -0.328603 0.412926 -0.401906
v -0.320904 0.404039 -0.455131
v -0.327314 0.344536 -0.417442
v -0.542891 0.161481 0.018553
v -0.560785 0.133006 -0.005381
v -0.561340 0.132182 0.041679
v 0.360160 0.218931 0.339034
v 0.338514 0.213532 0.384463
v 0.375906 0.208359 0.367919
v 0.328618 0.412788 -0.401987
v 0.320537 0.403468 -0.455073
v 0.327647 0.344276 -0.417780
v 0.542877 0.161577 0.018686
v 0.560684 0.132912 -0.005203
v 0.561254 0.132094 0.041796
v -0.024311 -0.595711 0.297783
v 0.024800 -0.596013 0.298151
v 0.000222 -0.609878 0.358569
v -0.031321 -0.567514 -0.206882
v 0.030440 -0.567301 -0.206796
v -0.000170 -0.547649 -0.242030
v -0.364115 -0.403614 0.405482
v -0.352695 -0.410638 0.461011
v -0.373315 -0.353848 0.419321
v -0.315107 -0.268332 -0.303154
v -0.296501 -0.248835 -0.345235
v -0.332678 -0.227841 -0.334492
v -0.525747 -0.156810 0.020224
v -0.552574 -0.121468 -0.004273
v -0.552064 -0.126074 0.041743
v 0.363991 -0.403474 0.405528
v 0.352197 -0.410778 0.461071
v 0.373429 -0.354471 0.419916
v 0.315241 -0.267995 -0.303361
v 0.296472 -0.248580 -0.345382
v 0.332866 -0.227886 -0.334449
v 0.524998 -0.157329 0.020549
v 0.552749 -0.121398 -0.004447
v 0.551897 -0.126264 0.041888
v 0.218506 -0.034931 0.625953
v 0.211881 0.012395 0.603780
v 0.254077 -0.010301 0.590674
v -0.218604 -0.034819 0.626104
v -0.212103 0.012943 0.603754
v -0.254181 -0.010116 0.590505
v 0.221772 0.003860 -0.629623
v 0.238335 0.046972 -0.674426
v 0.266261 0.026027 -0.625184
v -0.221927 0.004015 -0.629724
v -0.238299 0.046908 -0.674613
v -0.266270 0.026116 -0.625452
f 1 647 644
f 1 644 643
f 1 643 645
f 1 645 646
f 1 646 647
f 2 649 652
f 6 672 670
f 12 702 699
f 11 696 695
f 8 679 681
f 4 662 659
f 4 659 658
f 4 658 660
f 4 660 661
f 4 661 662
f 5 666 665
f 3 654 657
f 7 673 677
f 9 685 686
f 10 692 688
f 12 701 698
f 6 669 668
f 2 650 648
f 8 682 678
f 11 697 693
f 6 671 669
f 12 700 701
f 11 694 697
f 8 680 682
f 2 651 650
f 10 690 689
f 5 663 664
f 3 655 653
f 7 676 674
f 9 687 684
f 10 691 690
f 5 667 663
f 3 656 655
f 7 675 676
f 9 683 687
f 6 668 672
f 2 648 649
f 8 678 679
f 11 693 696
f 12 698 702
f 10 688 691
f 5 665 667
f 3 657 656
f 7 677 675
f 9 686 683
f 5 664 666
f 3 653 654
f 7 674 673
f 9 684 685
f 10 689 692
f 6 670 671
f 12 699 700
f 11 695 694
f 8 681 680
f 2 652 651
f 35 837 838
f 18 735 736
f 19 742 741
f 40 868 867
f 42 880 879
f 34 832 831
f 33 827 828
f 25 778 780
f 36 844 846
f 20 749 747
f 32 819 820
f 23 765 767
f 24 773 771
f 37 850 849
f 41 876 875
f 34 833 834
f 33 826 825
f 25 779 777
f 36 845 843
f 20 748 750
f 17 729 727
f 14 711 709
f 13 706 703
f 15 718 715
f 16 724 721
f 18 737 733
f 35 839 835
f 42 882 878
f 40 870 866
f 19 744 740
f 30 807 805
f 27 789 787
f 22 762 758
f 28 797 793
f 29 802 799
f 32 821 817
f 23 766 763
f 24 774 770
f 37 852 848
f 41 874 872
f 35 838 836
f 18 736 734
f 19 741 739
f 40 867 865
f 42 879 877
f 34 831 829
f 33 828 824
f 25 780 776
f 36 846 842
f 20 747 745
f 32 820 818
f 23 767 764
f 24 771 769
f 37 849 847
f 41 875 871
f 34 834 830
f 33 825 823
f 25 777 775
f 36 843 841
f 20 750 746
f 14 714 710
f 13 707 704
f 15 719 716
f 16 725 722
f 17 732 728
f 21 755 752
f 31 814 811
f 26 784 781
f 38 857 853
f 39 862 860
f 27 792 788
f 22 759 757
f 28 796 794
f 29 803 800
f 30 810 806
f 31 815 812
f 26 785 782
f 38 856 854
f 39 863 859
f 21 754 751
f 14 712 714
f 13 705 707
f 15 717 719
f 16 723 725
f 17 730 732
f 21 753 755
f 31 816 814
f 26 786 784
f 38 858 857
f 39 861 862
f 27 791 792
f 22 761 759
f 28 795 796
f 29 801 803
f 30 808 810
f 31 813 815
f 26 783 785
f 38 855 856
f 39 864 863
f 21 756 754
f 14 709 712
f 13 703 705
f 15 715 717
f 16 721 723
f 17 727 730
f 21 751 753
f 31 812 816
f 26 782 786
f 38 854 858
f 39 859 861
f 27 787 791
f 22 758 761
f 28 793 795
f 29 799 801
f 30 805 808
f 31 811 813
f 26 781 783
f 38 853 855
f 39 860 864
f 21 752 756
f 17 728 731
f 14 710 713
f 13 704 708
f 15 716 720
f 16 722 726
f 18 734 738
f 35 836 840
f 42 877 881
f 40 865 869
f 19 739 743
f 30 806 809
f 27 788 790
f 22 757 760
f 28 794 798
f 29 800 804
f 32 818 822
f 23 764 768
f 24 769 772
f 37 847 851
f 41 871 873
f 35 835 837
f 18 733 735
f 19 740 742
f 40 866 868
f 42 878 880
f 34 830 832
f 33 823 827
f 25 775 778
f 36 841 844
f 20 746 749
f 32 817 819
f 23 763 765
f 24 770 773
f 37 848 850
f 41 872 876
f 34 829 833
f 33 824 826
f 25 776 779
f 36 842 845
f 20 745 748
f 17 731 729
f 14 713 711
f 13 708 706
f 15 720 718
f 16 726 724
f 18 738 737
f 35 840 839
f 42 881 882
f 40 869 870
f 19 743 744
f 30 809 807
f 27 790 789
f 22 760 762
f 28 798 797
f 29 804 802
f 32 822 821
f 23 768 766
f 24 772 774
f 37 851 852
f 41 873 874
f 107 1269 1270
f 103 1245 1246
f 104 1252 1251
f 110 1288 1287
f 113 1306 1305
f 118 1336 1335
f 154 1551 1552
f 141 1473 1474
f 162 1599 1600
f 121 1354 1353
f 142 1479 1480
f 129 1401 1402
f 130 1408 1407
f 144 1492 1491
f 146 1504 1503
f 151 1533 1534
f 131 1414 1413
f 136 1444 1443
f 161 1594 1593
f 126 1383 1384
f 116 1323 1324
f 108 1275 1276
f 106 1263 1264
f 112 1299 1300
f 115 1317 1318
f 119 1341 1342
f 156 1564 1563
f 139 1462 1461
f 160 1588 1587
f 120 1347 1348
f 149 1521 1522
f 132 1420 1419
f 128 1395 1396
f 145 1497 1498
f 148 1515 1516
f 155 1557 1558
f 133 1425 1426
f 134 1431 1432
f 157 1570 1569
f 124 1372 1371
f 109 1282 1281
f 105 1258 1257
f 111 1294 1293
f 114 1312 1311
f 117 1330 1329
f 125 1378 1377
f 152 1540 1539
f 137 1449 1450
f 158 1575 1576
f 123 1365 1366
f 143 1486 1485
f 127 1390 1389
f 135 1437 1438
f 147 1510 1509
f 150 1528 1527
f 153 1546 1545
f 140 1468 1467
f 138 1455 1456
f 159 1581 1582
f 122 1359 1360
f 107 1272 1271
f 103 1248 1247
f 104 1253 1254
f 110 1289 1290
f 113 1307 1308
f 118 1337 1338
f 154 1554 1553
f 141 1476 1475
f 162 1602 1601
f 121 1355 1356
f 142 1482 1481
f 129 1404 1403
f 130 1409 1410
f 144 1493 1494
f 146 1505 1506
f 151 1536 1535
f 131 1415 1416
f 136 1445 1446
f 161 1595 1596
f 126 1386 1385
f 47 909 907
f 44 891 889
f 43 886 883
f 45 898 895
f 46 904 901
f 49 922 919
f 72 1060 1057
f 102 1240 1237
f 96 1204 1201
f 79 1102 1099
f 62 999 997
f 59 981 979
f 58 976 973
f 60 988 985
f 61 994 991
f 66 1024 1021
f 54 952 949
f 73 1066 1063
f 85 1138 1135
f 92 1179 1177
f 101 1233 1231
f 69 1041 1039
f 50 927 925
f 82 1119 1117
f 97 1209 1207
f 71 1053 1051
f 100 1228 1225
f 94 1192 1189
f 80 1108 1105
f 51 933 931
f 90 1167 1165
f 63 1005 1003
f 55 957 955
f 76 1083 1081
f 87 1150 1147
f 91 1174 1171
f 67 1029 1027
f 56 963 961
f 75 1077 1075
f 83 1126 1123
f 68 1036 1033
f 48 915 913
f 78 1095 1093
f 93 1185 1183
f 98 1216 1213
f 88 1155 1153
f 65 1018 1015
f 57 970 967
f 77 1090 1087
f 86 1143 1141
f 64 1012 1009
f 53 945 943
f 74 1071 1069
f 84 1131 1129
f 89 1162 1159
f 70 1047 1045
f 99 1221 1219
f 95 1197 1195
f 81 1114 1111
f 52 940 937
f 109 1284 1280
f 105 1260 1256
f 111 1296 1292
f 114 1314 1310
f 117 1332 1328
f 125 1380 1376
f 152 1542 1538
f 137 1451 1447
f 158 1577 1573
f 123 1367 1363
f 143 1488 1484
f 127 1392 1388
f 135 1439 1435
f 147 1512 1508
f 150 1530 1526
f 153 1548 1544
f 140 1470 1466
f 138 1457 1453
f 159 1583 1579
f 122 1361 1357
f 107 1270 1268
f 103 1246 1244
f 104 1251 1249
f 110 1287 1285
f 113 1305 1303
f 118 1335 1333
f 154 1552 1550
f 141 1474 1472
f 162 1600 1598
f 121 1353 1351
f 142 1480 1478
f 129 1402 1400
f 130 1407 1405
f 144 1491 1489
f 146 1503 1501
f 151 1534 1532
f 131 1413 1411
f 136 1443 1441
f 161 1593 1591
f 126 1384 1382
f 116 1324 1322
f 108 1276 1274
f 106 1264 1262
f 112 1300 1298
f 115 1318 1316
f 119 1342 1340
f 156 1563 1561
f 139 1461 1459
f 160 1587 1585
f 120 1348 1346
f 149 1522 1520
f 132 1419 1417
f 128 1396 1394
f 145 1498 1496
f 148 1516 1514
f 155 1558 1556
f 133 1426 1424
f 134 1432 1430
f 157 1569 1567
f 124 1371 1369
f 109 1281 1279
f 105 1257 1255
f 111 1293 1291
f 114 1311 1309
f 117 1329 1327
f 125 1377 1375
f 152 1539 1537
f 137 1450 1448
f 158 1576 1574
f 123 1366 1364
f 143 1485 1483
f 127 1389 1387
f 135 1438 1436
f 147 1509 1507
f 150 1527 1525
f 153 1545 1543
f 140 1467 1465
f 138 1456 1454
f 159 1582 1580
f 122 1360 1358
f 107 1271 1267
f 103 1247 1243
f 104 1254 1250
f 110 1290 1286
f 113 1308 1304
f 118 1338 1334
f 154 1553 1549
f 141 1475 1471
f 162 1601 1597
f 121 1356 1352
f 142 1481 1477
f 129 1403 1399
f 130 1410 1406
f 144 1494 1490
f 146 1506 1502
f 151 1535 1531
f 131 1416 1412
f 136 1446 1442
f 161 1596 1592
f 126 1385 1381
f 44 894 890
f 43 887 884
f 45 899 896
f 46 905 902
f 47 912 908
f 52 941 938
f 70 1050 1046
f 99 1224 1220
f 95 1200 1196
f 81 1115 1112
f 59 984 980
f 58 977 974
f 60 989 986
f 61 995 992
f 62 1002 998
f 65 1019 1016
f 57 971 968
f 77 1091 1088
f 86 1146 1142
f 88 1158 1154
f 98 1217 1214
f 68 1037 1034
f 48 918 914
f 78 1098 1094
f 93 1188 1184
f 69 1044 1040
f 101 1236 1232
f 97 1212 1208
f 82 1122 1118
f 50 930 926
f 89 1163 1160
f 64 1013 1010
f 53 948 944
f 74 1074 1070
f 84 1134 1130
f 90 1170 1166
f 63 1008 1004
f 55 960 956
f 76 1086 1082
f 87 1151 1148
f 72 1061 1058
f 49 923 920
f 79 1103 1100
f 96 1205 1202
f 102 1241 1238
f 91 1175 1172
f 67 1032 1028
f 56 966 962
f 75 1080 1076
f 83 1127 1124
f 66 1025 1022
f 54 953 950
f 73 1067 1064
f 85 1139 1136
f 92 1182 1178
f 71 1056 1052
f 100 1229 1226
f 94 1193 1190
f 80 1109 1106
f 51 936 932
f 116 1325 1321
f 108 1277 1273
f 106 1265 1261
f 112 1301 1297
f 115 1319 1315
f 119 1343 1339
f 156 1566 1562
f 139 1464 1460
f 160 1590 1586
f 120 1349 1345
f 149 1523 1519
f 132 1422 1418
f 128 1397 1393
f 145 1499 1495
f 148 1517 1513
f 155 1559 1555
f 133 1427 1423
f 134 1433 1429
f 157 1572 1568
f 124 1374 1370
f 44 892 894
f 43 885 887
f 45 897 899
f 46 903 905
f 47 910 912
f 52 939 941
f 70 1048 1050
f 99 1222 1224
f 95 1198 1200
f 81 1113 1115
f 59 982 984
f 58 975 977
f 60 987 989
f 61 993 995
f 62 1000 1002
f 65 1017 1019
f 57 969 971
f 77 1089 1091
f 86 1144 1146
f 88 1156 1158
f 98 1215 1217
f 68 1035 1037
f 48 916 918
f 78 1096 1098
f 93 1186 1188
f 69 1042 1044
f 101 1234 1236
f 97 1210 1212
f 82 1120 1122
f 50 928 930
f 89 1161 1163
f 64 1011 1013
f 53 946 948
f 74 1072 1074
f 84 1132 1134
f 90 1168 1170
f 63 1006 1008
f 55 958 960
f 76 1084 1086
f 87 1149 1151
f 72 1059 1061
f 49 921 923
f 79 1101 1103
f 96 1203 1205
f 102 1239 1241
f 91 1173 1175
f 67 1030 1032
f 56 964 966
f 75 1078 1080
f 83 1125 1127
f 66 1023 1025
f 54 951 953
f 73 1065 1067
f 85 1137 1139
f 92 1180 1182
f 71 1054 1056
f 100 1227 1229
f 94 1191 1193
f 80 1107 1109
f 51 934 936
f 116 1326 1325
f 108 1278 1277
f 106 1266 1265
f 112 1302 1301
f 115 1320 1319
f 119 1344 1343
f 156 1565 1566
f 139 1463 1464
f 160 1589 1590
f 120 1350 1349
f 149 1524 1523
f 132 1421 1422
f 128 1398 1397
f 145 1500 1499
f 148 1518 1517
f 155 1560 1559
f 133 1428 1427
f 134 1434 1433
f 157 1571 1572
f 124 1373 1374
f 44 889 892
f 43 883 885
f 45 895 897
f 46 901 903
f 47 907 910
f 52 937 939
f 70 1045 1048
f 99 1219 1222
f 95 1195 1198
f 81 1111 1113
f 59 979 982
f 58 973 975
f 60 985 987
f 61 991 993
f 62 997 1000
f 65 1015 1017
f 57 967 969
f 77 1087 1089
f 86 1141 1144
f 88 1153 1156
f 98 1213 1215
f 68 1033 1035
f 48 913 916
f 78 1093 1096
f 93 1183 1186
f 69 1039 1042
f 101 1231 1234
f 97 1207 1210
f 82 1117 1120
f 50 925 928
f 89 1159 1161
f 64 1009 1011
f 53 943 946
f 74 1069 1072
f 84 1129 1132
f 90 1165 1168
f 63 1003 1006
f 55 955 958
f 76 1081 1084
f 87 1147 1149
f 72 1057 1059
f 49 919 921
f 79 1099 1101
f 96 1201 1203
f 102 1237 1239
f 91 1171 1173
f 67 1027 1030
f 56 961 964
f 75 1075 1078
f 83 1123 1125
f 66 1021 1023
f 54 949 951
f 73 1063 1065
f 85 1135 1137
f 92 1177 1180
f 71 1051 1054
f 100 1225 1227
f 94 1189 1191
f 80 1105 1107
f 51 931 934
f 116 1322 1326
f 108 1274 1278
f 106 1262 1266
f 112 1298 1302
f 115 1316 1320
f 119 1340 1344
f 156 1561 1565
f 139 1459 1463
f 160 1585 1589
f 120 1346 1350
f 149 1520 1524
f 132 1417 1421
f 128 1394 1398
f 145 1496 1500
f 148 1514 1518
f 155 1556 1560
f 133 1424 1428
f 134 1430 1434
f 157 1567 1571
f 124 1369 1373
f 47 908 911
f 44 890 893
f 43 884 888
f 45 896 900
f 46 902 906
f 49 920 924
f 72 1058 1062
f 102 1238 1242
f 96 1202 1206
f 79 1100 1104
f 62 998 1001
f 59 980 983
f 58 974 978
f 60 986 990
f 61 992 996
f 66 1022 1026
f 54 950 954
f 73 1064 1068
f 85 1136 1140
f 92 1178 1181
f 101 1232 1235
f 69 1040 1043
f 50 926 929
f 82 1118 1121
f 97 1208 1211
f 71 1052 1055
f 100 1226 1230
f 94 1190 1194
f 80 1106 1110
f 51 932 935
f 90 1166 1169
f 63 1004 1007
f 55 956 959
f 76 1082 1085
f 87 1148 1152
f 91 1172 1176
f 67 1028 1031
f 56 962 965
f 75 1076 1079
f 83 1124 1128
f 68 1034 1038
f 48 914 917
f 78 1094 1097
f 93 1184 1187
f 98 1214 1218
f 88 1154 1157
f 65 1016 1020
f 57 968 972
f 77 1088 1092
f 86 1142 1145
f 64 1010 1014
f 53 944 947
f 74 1070 1073
f 84 1130 1133
f 89 1160 1164
f 70 1046 1049
f 99 1220 1223
f 95 1196 1199
f 81 1112 1116
f 52 938 942
f 109 1279 1283
f 105 1255 1259
f 111 1291 1295
f 114 1309 1313
f 117 1327 1331
f 125 1375 1379
f 152 1537 1541
f 137 1448 1452
f 158 1574 1578
f 123 1364 1368
f 143 1483 1487
f 127 1387 1391
f 135 1436 1440
f 147 1507 1511
f 150 1525 1529
f 153 1543 1547
f 140 1465 1469
f 138 1454 1458
f 159 1580 1584
f 122 1358 1362
f 107 1267 1269
f 103 1243 1245
f 104 1250 1252
f 110 1286 1288
f 113 1304 1306
f 118 1334 1336
f 154 1549 1551
f 141 1471 1473
f 162 1597 1599
f 121 1352 1354
f 142 1477 1479
f 129 1399 1401
f 130 1406 1408
f 144 1490 1492
f 146 1502 1504
f 151 1531 1533
f 131 1412 1414
f 136 1442 1444
f 161 1592 1594
f 126 1381 1383
f 116 1321 1323
f 108 1273 1275
f 106 1261 1263
f 112 1297 1299
f 115 1315 1317
f 119 1339 1341
f 156 1562 1564
f 139 1460 1462
f 160 1586 1588
f 120 1345 1347
f 149 1519 1521
f 132 1418 1420
f 128 1393 1395
f 145 1495 1497
f 148 1513 1515
f 155 1555 1557
f 133 1423 1425
f 134 1429 1431
f 157 1568 1570
f 124 1370 1372
f 109 1280 1282
f 105 1256 1258
f 111 1292 1294
f 114 1310 1312
f 117 1328 1330
f 125 1376 1378
f 152 1538 1540
f 137 1447 1449
f 158 1573 1575
f 123 1363 1365
f 143 1484 1486
f 127 1388 1390
f 135 1435 1437
f 147 1508 1510
f 150 1526 1528
f 153 1544 1546
f 140 1466 1468
f 138 1453 1455
f 159 1579 1581
f 122 1357 1359
f 107 1268 1272
f 103 1244 1248
f 104 1249 1253
f 110 1285 1289
f 113 1303 1307
f 118 1333 1337
f 154 1550 1554
f 141 1472 1476
f 162 1598 1602
f 121 1351 1355
f 142 1478 1482
f 129 1400 1404
f 130 1405 1409
f 144 1489 1493
f 146 1501 1505
f 151 1532 1536
f 131 1411 1415
f 136 1441 1445
f 161 1591 1595
f 126 1382 1386
f 47 911 909
f 44 893 891
f 43 888 886
f 45 900 898
f 46 906 904
f 49 924 922
f 72 1062 1060
f 102 1242 1240
f 96 1206 1204
f 79 1104 1102
f 62 1001 999
f 59 983 981
f 58 978 976
f 60 990 988
f 61 996 994
f 66 1026 1024
f 54 954 952
f 73 1068 1066
f 85 1140 1138
f 92 1181 1179
f 101 1235 1233
f 69 1043 1041
f 50 929 927
f 82 1121 1119
f 97 1211 1209
f 71 1055 1053
f 100 1230 1228
f 94 1194 1192
f 80 1110 1108
f 51 935 933
f 90 1169 1167
f 63 1007 1005
f 55 959 957
f 76 1085 1083
f 87 1152 1150
f 91 1176 1174
f 67 1031 1029
f 56 965 963
f 75 1079 1077
f 83 1128 1126
f 68 1038 1036
f 48 917 915
f 78 1097 1095
f 93 1187 1185
f 98 1218 1216
f 88 1157 1155
f 65 1020 1018
f 57 972 970
f 77 1092 1090
f 86 1145 1143
f 64 1014 1012
f 53 947 945
f 74 1073 1071
f 84 1133 1131
f 89 1164 1162
f 70 1049 1047
f 99 1223 1221
f 95 1199 1197
f 81 1116 1114
f 52 942 940
f 109 1283 1284
f 105 1259 1260
f 111 1295 1296
f 114 1313 1314
f 117 1331 1332
f 125 1379 1380
f 152 1541 1542
f 137 1452 1451
f 158 1578 1577
f 123 1368 1367
f 143 1487 1488
f 127 1391 1392
f 135 1440 1439
f 147 1511 1512
f 150 1529 1530
f 153 1547 1548
f 140 1469 1470
f 138 1458 1457
f 159 1584 1583
f 122 1362 1361
f 407 1609 1616
f 403 1605 1608
f 404 1611 1606
f 410 1614 1612
f 413 1617 1615
f 422 1631 1624
f 486 1688 1692
f 573 1775 1782
f 561 1763 1765
f 512 1719 1714
f 452 1654 1661
f 448 1650 1653
f 449 1656 1651
f 455 1659 1657
f 458 1662 1660
f 470 1672 1675
f 437 1646 1639
f 494 1706 1696
f 531 1735 1733
f 539 1741 1751
f 568 1770 1779
f 478 1680 1683
f 419 1621 1626
f 509 1711 1721
f 554 1756 1766
f 482 1684 1689
f 576 1780 1778
f 558 1767 1760
f 516 1722 1718
f 425 1627 1629
f 542 1744 1747
f 463 1668 1665
f 434 1636 1641
f 497 1699 1704
f 528 1730 1737
f 546 1748 1750
f 464 1666 1676
f 440 1642 1644
f 500 1705 1702
f 524 1736 1726
f 479 1691 1681
f 418 1623 1620
f 508 1713 1710
f 553 1764 1755
f 569 1781 1771
f 538 1749 1740
f 471 1677 1673
f 443 1645 1647
f 501 1703 1707
f 523 1725 1734
f 467 1674 1669
f 433 1638 1635
f 493 1695 1698
f 527 1732 1729
f 543 1752 1745
f 485 1690 1687
f 572 1777 1774
f 557 1759 1762
f 515 1717 1720
f 428 1630 1632
f 591 2191 2189
f 587 1885 1883
f 588 1901 1903
f 594 2279 2281
f 597 2315 2317
f 600 2171 2173
f 634 2160 2158
f 619 2016 2012
f 639 2214 2210
f 602 1919 1924
f 624 2137 2135
f 608 1978 1973
f 610 1991 1996
f 627 2225 2227
f 630 2302 2304
f 635 2178 2176
f 615 2153 2155
f 617 2009 2014
f 637 2207 2212
f 604 1926 1922
f 416 1857 1864
f 408 1803 1810
f 406 1786 1795
f 412 1822 1831
f 415 1840 1849
f 424 1876 1887
f 492 2182 2193
f 582 2312 2321
f 565 2276 2285
f 514 1898 1907
f 461 2091 2098
f 453 2037 2044
f 451 1952 1961
f 457 2056 2067
f 460 2074 2083
f 475 2128 2139
f 439 1966 1975
f 496 1988 1997
f 533 2222 2231
f 551 2293 2298
f 579 2185 2190
f 483 1879 1884
f 426 1893 1900
f 521 2271 2278
f 566 2307 2314
f 489 2163 2170
f 578 2150 2159
f 560 2006 2015
f 518 2204 2213
f 429 1911 1918
f 547 2131 2136
f 465 1969 1977
f 441 1983 1990
f 504 2217 2224
f 537 2290 2301
f 550 2168 2177
f 476 2145 2152
f 444 2001 2008
f 502 2199 2206
f 526 1916 1925
f 481 1808 1817
f 420 1789 1797
f 510 1825 1833
f 555 1843 1851
f 571 1862 1871
f 540 1933 1941
f 473 2110 2119
f 447 2020 2029
f 507 2236 2247
f 534 2257 2262
f 469 2042 2051
f 435 1947 1954
f 498 2059 2064
f 529 2077 2085
f 545 2096 2105
f 487 2113 2121
f 574 2023 2031
f 562 2239 2244
f 520 2254 2265
f 432 1930 1939
f 589 1818 1814
f 583 1798 1793
f 586 1834 1829
f 593 1852 1847
f 596 1872 1868
f 599 1942 1937
f 633 2120 2124
f 620 2030 2034
f 640 2248 2250
f 603 2263 2261
f 622 2052 2050
f 607 1955 1960
f 612 2065 2063
f 626 2086 2081
f 629 2106 2102
f 631 2122 2117
f 614 2032 2027
f 618 2245 2243
f 641 2266 2268
f 605 1940 1944
f 409 1813 1804
f 405 1792 1785
f 411 1828 1821
f 414 1846 1839
f 417 1867 1858
f 431 1936 1929
f 488 2123 2114
f 575 2033 2024
f 563 2249 2240
f 519 2260 2253
f 454 2049 2038
f 450 1959 1951
f 456 2062 2055
f 459 2080 2073
f 462 2101 2092
f 472 2116 2109
f 446 2026 2019
f 506 2242 2235
f 535 2267 2258
f 541 1943 1934
f 570 1869 1861
f 480 1815 1807
f 421 1799 1790
f 511 1835 1826
f 556 1853 1844
f 484 1889 1880
f 580 2195 2186
f 567 2319 2308
f 522 2283 2272
f 427 1905 1894
f 544 2103 2095
f 468 2046 2041
f 436 1957 1948
f 499 2069 2060
f 530 2087 2078
f 548 2141 2132
f 466 1979 1970
f 442 1993 1984
f 505 2229 2218
f 536 2296 2289
f 491 2188 2181
f 423 1882 1875
f 513 1902 1897
f 564 2280 2275
f 581 2316 2311
f 549 2172 2167
f 477 2157 2146
f 445 2011 2002
f 503 2209 2200
f 525 1923 1915
f 474 2134 2127
f 438 1972 1965
f 495 1995 1987
f 532 2226 2221
f 552 2303 2294
f 490 2175 2164
f 577 2154 2149
f 559 2013 2005
f 517 2211 2203
f 430 1921 1912
f 590 1865 1870
f 584 1811 1816
f 585 1796 1800
f 592 1832 1836
f 595 1850 1854
f 598 1888 1890
f 636 2194 2196
f 621 2322 2320
f 642 2286 2284
f 601 1908 1906
f 623 2099 2104
f 611 2045 2047
f 609 1962 1958
f 625 2068 2070
f 628 2084 2088
f 632 2140 2142
f 613 1976 1980
f 616 1998 1994
f 638 2232 2230
f 606 2299 2297
f 407 2330 2329
f 403 2324 2323
f 404 2325 2326
f 410 2332 2333
f 413 2335 2336
f 422 2344 2345
f 486 2410 2409
f 573 2497 2496
f 561 2486 2485
f 512 2434 2435
f 452 2375 2374
f 448 2369 2368
f 449 2370 2371
f 455 2377 2378
f 458 2380 2381
f 470 2393 2392
f 437 2359 2360
f 494 2415 2416
f 531 2455 2456
f 539 2461 2460
f 568 2489 2488
f 478 2399 2398
f 419 2341 2340
f 509 2431 2430
f 554 2476 2475
f 482 2405 2404
f 576 2500 2501
f 558 2481 2482
f 516 2439 2440
f 425 2348 2347
f 542 2465 2464
f 463 2383 2384
f 434 2356 2355
f 497 2420 2419
f 528 2452 2451
f 546 2471 2470
f 464 2386 2385
f 440 2363 2362
f 500 2422 2423
f 524 2445 2446
f 479 2400 2401
f 418 2338 2339
f 508 2428 2429
f 553 2473 2474
f 569 2490 2491
f 538 2458 2459
f 471 2394 2395
f 443 2366 2365
f 501 2425 2424
f 523 2444 2443
f 467 2389 2390
f 433 2353 2354
f 493 2414 2413
f 527 2449 2450
f 543 2466 2467
f 485 2407 2408
f 572 2494 2495
f 557 2480 2479
f 515 2438 2437
f 428 2351 2350
f 591 2510 2511
f 587 2504 2505
f 588 2508 2507
f 594 2514 2513
f 597 2517 2516
f 600 2520 2519
f 634 2554 2556
f 619 2539 2540
f 639 2560 2561
f 602 2523 2521
f 624 2543 2544
f 608 2527 2529
f 610 2532 2530
f 627 2547 2546
f 630 2550 2549
f 635 2552 2553
f 615 2535 2534
f 617 2538 2536
f 637 2558 2557
f 604 2524 2525
f 167 1607 647
f 164 1603 644
f 163 1604 643
f 165 1610 645
f 166 1613 646
f 169 1622 649
f 192 1686 672
f 222 1773 702
f 216 1761 696
f 199 1712 679
f 182 1652 662
f 179 1648 659
f 178 1649 658
f 180 1655 660
f 181 1658 661
f 186 1670 666
f 174 1637 654
f 193 1694 673
f 205 1731 685
f 212 1739 692
f 221 1768 701
f 189 1678 669
f 170 1619 650
f 202 1709 682
f 217 1754 697
f 191 1682 671
f 220 1776 700
f 214 1758 694
f 200 1716 680
f 171 1625 651
f 210 1742 690
f 183 1663 663
f 175 1634 655
f 196 1697 676
f 207 1728 687
f 211 1746 691
f 187 1664 667
f 176 1640 656
f 195 1700 675
f 203 1724 683
f 188 1679 668
f 168 1618 648
f 198 1708 678
f 213 1753 693
f 218 1769 698
f 208 1738 688
f 185 1671 665
f 177 1643 657
f 197 1701 677
f 206 1723 686
f 184 1667 664
f 173 1633 653
f 194 1693 674
f 204 1727 684
f 209 1743 689
f 190 1685 670
f 219 1772 699
f 215 1757 695
f 201 1715 681
f 172 1628 652
f 357 2187 837
f 255 1881 735
f 262 1899 742
f 388 2277 868
f 400 2313 880
f 352 2169 832
f 347 2156 827
f 298 2010 778
f 364 2208 844
f 269 1917 749
f 339 2133 819
f 285 1971 765
f 293 1989 773
f 370 2223 850
f 396 2300 876
f 353 2174 833
f 346 2151 826
f 299 2007 779
f 365 2205 845
f 268 1920 748
f 249 1855 729
f 231 1801 711
f 226 1784 706
f 238 1820 718
f 244 1838 724
f 257 1874 737
f 359 2180 839
f 402 2310 882
f 390 2274 870
f 264 1896 744
f 327 2089 807
f 309 2035 789
f 282 1950 762
f 317 2054 797
f 322 2072 802
f 341 2126 821
f 286 1964 766
f 294 1986 774
f 372 2220 852
f 394 2291 874
f 358 2183 838
f 256 1877 736
f 261 1891 741
f 387 2269 867
f 399 2305 879
f 351 2161 831
f 348 2148 828
f 300 2004 780
f 366 2202 846
f 267 1909 747
f 340 2129 820
f 287 1967 767
f 291 1981 771
f 369 2215 849
f 395 2288 875
f 354 2166 834
f 345 2143 825
f 297 1999 777
f 363 2197 843
f 270 1914 750
f 234 1806 714
f 227 1787 707
f 239 1823 719
f 245 1841 725
f 252 1860 732
f 275 1931 755
f 334 2108 814
f 304 2018 784
f 377 2234 857
f 382 2255 862
f 312 2040 792
f 279 1945 759
f 316 2057 796
f 323 2075 803
f 330 2094 810
f 335 2111 815
f 305 2021 785
f 376 2237 856
f 383 2252 863
f 274 1928 754
f 232 1812 712
f 225 1791 705
f 237 1827 717
f 243 1845 723
f 250 1866 730
f 273 1935 753
f 336 2118 816
f 306 2028 786
f 378 2246 858
f 381 2259 861
f 311 2048 791
f 281 1953 761
f 315 2061 795
f 321 2079 801
f 328 2100 808
f 333 2115 813
f 303 2025 783
f 375 2241 855
f 384 2264 864
f 276 1938 756
f 229 1802 709
f 223 1783 703
f 235 1819 715
f 241 1837 721
f 247 1856 727
f 271 1927 751
f 332 2112 812
f 302 2022 782
f 374 2238 854
f 379 2251 859
f 307 2036 787
f 278 1949 758
f 313 2053 793
f 319 2071 799
f 325 2090 805
f 331 2107 811
f 301 2017 781
f 373 2233 853
f 380 2256 860
f 272 1932 752
f 248 1859 728
f 230 1805 710
f 224 1788 704
f 236 1824 716
f 242 1842 722
f 254 1878 734
f 356 2184 836
f 397 2306 877
f 385 2270 865
f 259 1892 739
f 326 2093 806
f 308 2039 788
f 277 1946 757
f 314 2058 794
f 320 2076 800
f 338 2130 818
f 284 1968 764
f 289 1982 769
f 367 2216 847
f 391 2287 871
f 355 2179 835
f 253 1873 733
f 260 1895 740
f 386 2273 866
f 398 2309 878
f 350 2165 830
f 343 2144 823
f 295 2000 775
f 361 2198 841
f 266 1913 746
f 337 2125 817
f 283 1963 763
f 290 1985 770
f 368 2219 848
f 392 2292 872
f 349 2162 829
f 344 2147 824
f 296 2003 776
f 362 2201 842
f 265 1910 745
f 251 1863 731
f 233 1809 713
f 228 1794 708
f 240 1830 720
f 246 1848 726
f 258 1886 738
f 360 2192 840
f 401 2318 881
f 389 2282 869
f 263 1904 743
f 329 2097 809
f 310 2043 790
f 280 1956 760
f 318 2066 798
f 324 2082 804
f 342 2138 822
f 288 1974 768
f 292 1992 772
f 371 2228 851
f 393 2295 873
f 409 2331 1269
f 405 2327 1245
f 411 2328 1252
f 414 2334 1288
f 417 2337 1306
f 431 2346 1336
f 488 2412 1551
f 575 2499 1473
f 563 2487 1599
f 519 2436 1354
f 454 2376 1479
f 450 2372 1401
f 456 2373 1408
f 459 2379 1492
f 462 2382 1504
f 472 2396 1533
f 446 2361 1414
f 506 2418 1444
f 535 2457 1594
f 541 2463 1383
f 570 2492 1323
f 480 2402 1275
f 421 2343 1263
f 511 2433 1299
f 556 2478 1317
f 484 2406 1341
f 580 2502 1564
f 567 2484 1462
f 522 2442 1588
f 427 2349 1347
f 544 2468 1521
f 468 2387 1420
f 436 2358 1395
f 499 2421 1497
f 530 2454 1515
f 548 2472 1557
f 466 2388 1425
f 442 2364 1431
f 505 2426 1570
f 536 2448 1372
f 491 2403 1282
f 423 2342 1258
f 513 2432 1294
f 564 2477 1312
f 581 2493 1330
f 549 2462 1378
f 477 2397 1540
f 445 2367 1449
f 503 2427 1575
f 525 2447 1365
f 474 2391 1486
f 438 2357 1390
f 495 2417 1437
f 532 2453 1510
f 552 2469 1528
f 490 2411 1546
f 577 2498 1468
f 559 2483 1455
f 517 2441 1581
f 430 2352 1359
f 590 2509 1272
f 584 2503 1248
f 585 2506 1253
f 592 2512 1289
f 595 2515 1307
f 598 2518 1337
f 636 2555 1554
f 621 2541 1476
f 642 2562 1602
f 601 2522 1355
f 623 2542 1482
f 611 2528 1404
f 609 2531 1409
f 625 2545 1493
f 628 2548 1505
f 632 2551 1536
f 613 2533 1415
f 616 2537 1445
f 638 2559 1595
f 606 2526 1386
f 407 1616 909
f 403 1608 891
f 404 1606 886
f 410 1612 898
f 413 1615 904
f 422 1624 922
f 486 1692 1060
f 573 1782 1240
f 561 1765 1204
f 512 1714 1102
f 452 1661 999
f 448 1653 981
f 449 1651 976
f 455 1657 988
f 458 1660 994
f 470 1675 1024
f 437 1639 952
f 494 1696 1066
f 531 1733 1138
f 539 1751 1179
f 568 1779 1233
f 478 1683 1041
f 419 1626 927
f 509 1721 1119
f 554 1766 1209
f 482 1689 1053
f 576 1778 1228
f 558 1760 1192
f 516 1718 1108
f 425 1629 933
f 542 1747 1167
f 463 1665 1005
f 434 1641 957
f 497 1704 1083
f 528 1737 1150
f 546 1750 1174
f 464 1676 1029
f 440 1644 963
f 500 1702 1077
f 524 1726 1126
f 479 1681 1036
f 418 1620 915
f 508 1710 1095
f 553 1755 1185
f 569 1771 1216
f 538 1740 1155
f 471 1673 1018
f 443 1647 970
f 501 1707 1090
f 523 1734 1143
f 467 1669 1012
f 433 1635 945
f 493 1698 1071
f 527 1729 1131
f 543 1745 1162
f 485 1687 1047
f 572 1774 1221
f 557 1762 1197
f 515 1720 1114
f 428 1632 940
f 591 2189 1284
f 587 1883 1260
f 588 1903 1296
f 594 2281 1314
f 597 2317 1332
f 600 2173 1380
f 634 2158 1542
f 619 2012 1451
f 639 2210 1577
f 602 1924 1367
f 624 2135 1488
f 608 1973 1392
f 610 1996 1439
f 627 2227 1512
f 630 2304 1530
f 635 2176 1548
f 615 2155 1470
f 617 2014 1457
f 637 2212 1583
f 604 1922 1361
f 416 1864 1270
f 408 1810 1246
f 406 1795 1251
f 412 1831 1287
f 415 1849 1305
f 424 1887 1335
f 492 2193 1552
f 582 2321 1474
f 565 2285 1600
f 514 1907 1353
f 461 2098 1480
f 453 2044 1402
f 451 1961 1407
f 457 2067 1491
f 460 2083 1503
f 475 2139 1534
f 439 1975 1413
f 496 1997 1443
f 533 2231 1593
f 551 2298 1384
f 579 2190 1324
f 483 1884 1276
f 426 1900 1264
f 521 2278 1300
f 566 2314 1318
f 489 2170 1342
f 578 2159 1563
f 560 2015 1461
f 518 2213 1587
f 429 1918 1348
f 547 2136 1522
f 465 1977 1419
f 441 1990 1396
f 504 2224 1498
f 537 2301 1516
f 550 2177 1558
f 476 2152 1426
f 444 2008 1432
f 502 2206 1569
f 526 1925 1371
f 481 1817 1281
f 420 1797 1257
f 510 1833 1293
f 555 1851 1311
f 571 1871 1329
f 540 1941 1377
f 473 2119 1539
f 447 2029 1450
f 507 2247 1576
f 534 2262 1366
f 469 2051 1485
f 435 1954 1389
f 498 2064 1438
f 529 2085 1509
f 545 2105 1527
f 487 2121 1545
f 574 2031 1467
f 562 2244 1456
f 520 2265 1582
f 432 1939 1360
f 589 1814 1271
f 583 1793 1247
f 586 1829 1254
f 593 1847 1290
f 596 1868 1308
f 599 1937 1338
f 633 2124 1553
f 620 2034 1475
f 640 2250 1601
f 603 2261 1356
f 622 2050 1481
f 607 1960 1403
f 612 2063 1410
f 626 2081 1494
f 629 2102 1506
f 631 2117 1535
f 614 2027 1416
f 618 2243 1446
f 641 2268 1596
f 605 1944 1385
f 409 1804 894
f 405 1785 887
f 411 1821 899
f 414 1839 905
f 417 1858 912
f 431 1929 941
f 488 2114 1050
f 575 2024 1224
f 563 2240 1200
f 519 2253 1115
f 454 2038 984
f 450 1951 977
f 456 2055 989
f 459 2073 995
f 462 2092 1002
f 472 2109 1019
f 446 2019 971
f 506 2235 1091
f 535 2258 1146
f 541 1934 1158
f 570 1861 1217
f 480 1807 1037
f 421 1790 918
f 511 1826 1098
f 556 1844 1188
f 484 1880 1044
f 580 2186 1236
f 567 2308 1212
f 522 2272 1122
f 427 1894 930
f 544 2095 1163
f 468 2041 1013
f 436 1948 948
f 499 2060 1074
f 530 2078 1134
f 548 2132 1170
f 466 1970 1008
f 442 1984 960
f 505 2218 1086
f 536 2289 1151
f 491 2181 1061
f 423 1875 923
f 513 1897 1103
f 564 2275 1205
f 581 2311 1241
f 549 2167 1175
f 477 2146 1032
f 445 2002 966
f 503 2200 1080
f 525 1915 1127
f 474 2127 1025
f 438 1965 953
f 495 1987 1067
f 532 2221 1139
f 552 2294 1182
f 490 2164 1056
f 577 2149 1229
f 559 2005 1193
f 517 2203 1109
f 430 1912 936
f 590 1870 1325
f 584 1816 1277
f 585 1800 1265
f 592 1836 1301
f 595 1854 1319
f 598 1890 1343
f 636 2196 1566
f 621 2320 1464
f 642 2284 1590
f 601 1906 1349
f 623 2104 1523
f 611 2047 1422
f 609 1958 1397
f 625 2070 1499
f 628 2088 1517
f 632 2142 1559
f 613 1980 1427
f 616 1994 1433
f 638 2230 1572
f 606 2297 1374
f 407 2329 892
f 403 2323 885
f 404 2326 897
f 410 2333 903
f 413 2336 910
f 422 2345 939
f 486 2409 1048
f 573 2496 1222
f 561 2485 1198
f 512 2435 1113
f 452 2374 982
f 448 2368 975
f 449 2371 987
f 455 2378 993
f 458 2381 1000
f 470 2392 1017
f 437 2360 969
f 494 2416 1089
f 531 2456 1144
f 539 2460 1156
f 568 2488 1215
f 478 2398 1035
f 419 2340 916
f 509 2430 1096
f 554 2475 1186
f 482 2404 1042
f 576 2501 1234
f 558 2482 1210
f 516 2440 1120
f 425 2347 928
f 542 2464 1161
f 463 2384 1011
f 434 2355 946
f 497 2419 1072
f 528 2451 1132
f 546 2470 1168
f 464 2385 1006
f 440 2362 958
f 500 2423 1084
f 524 2446 1149
f 479 2401 1059
f 418 2339 921
f 508 2429 1101
f 553 2474 1203
f 569 2491 1239
f 538 2459 1173
f 471 2395 1030
f 443 2365 964
f 501 2424 1078
f 523 2443 1125
f 467 2390 1023
f 433 2354 951
f 493 2413 1065
f 527 2450 1137
f 543 2467 1180
f 485 2408 1054
f 572 2495 1227
f 557 2479 1191
f 515 2437 1107
f 428 2350 934
f 591 2511 1326
f 587 2505 1278
f 588 2507 1266
f 594 2513 1302
f 597 2516 1320
f 600 2519 1344
f 634 2556 1565
f 619 2540 1463
f 639 2561 1589
f 602 2521 1350
f 624 2544 1524
f 608 2529 1421
f 610 2530 1398
f 627 2546 1500
f 630 2549 1518
f 635 2553 1560
f 615 2534 1428
f 617 2536 1434
f 637 2557 1571
f 604 2525 1373
f 164 1609 889
f 163 1605 883
f 165 1611 895
f 166 1614 901
f 167 1617 907
f 172 1631 937
f 190 1688 1045
f 219 1775 1219
f 215 1763 1195
f 201 1719 1111
f 179 1654 979
f 178 1650 973
f 180 1656 985
f 181 1659 991
f 182 1662 997
f 185 1672 1015
f 177 1646 967
f 197 1706 1087
f 206 1735 1141
f 208 1741 1153
f 218 1770 1213
f 188 1680 1033
f 168 1621 913
f 198 1711 1093
f 213 1756 1183
f 189 1684 1039
f 221 1780 1231
f 217 1767 1207
f 202 1722 1117
f 170 1627 925
f 209 1744 1159
f 184 1668 1009
f 173 1636 943
f 194 1699 1069
f 204 1730 1129
f 210 1748 1165
f 183 1666 1003
f 175 1642 955
f 196 1705 1081
f 207 1736 1147
f 192 1691 1057
f 169 1623 919
f 199 1713 1099
f 216 1764 1201
f 222 1781 1237
f 211 1749 1171
f 187 1677 1027
f 176 1645 961
f 195 1703 1075
f 203 1725 1123
f 186 1674 1021
f 174 1638 949
f 193 1695 1063
f 205 1732 1135
f 212 1752 1177
f 191 1690 1051
f 220 1777 1225
f 214 1759 1189
f 200 1717 1105
f 171 1630 931
f 358 2191 1322
f 256 1885 1274
f 261 1901 1262
f 387 2279 1298
f 399 2315 1316
f 351 2171 1340
f 348 2160 1561
f 300 2016 1459
f 366 2214 1585
f 267 1919 1346
f 340 2137 1520
f 287 1978 1417
f 291 1991 1394
f 369 2225 1496
f 395 2302 1514
f 354 2178 1556
f 345 2153 1424
f 297 2009 1430
f 363 2207 1567
f 270 1926 1369
f 247 1857 908
f 229 1803 890
f 223 1786 884
f 235 1822 896
f 241 1840 902
f 253 1876 920
f 355 2182 1058
f 398 2312 1238
f 386 2276 1202
f 260 1898 1100
f 325 2091 998
f 307 2037 980
f 278 1952 974
f 313 2056 986
f 319 2074 992
f 337 2128 1022
f 283 1966 950
f 290 1988 1064
f 368 2222 1136
f 392 2293 1178
f 356 2185 1232
f 254 1879 1040
f 259 1893 926
f 385 2271 1118
f 397 2307 1208
f 349 2163 1052
f 344 2150 1226
f 296 2006 1190
f 362 2204 1106
f 265 1911 932
f 338 2131 1166
f 284 1969 1004
f 289 1983 956
f 367 2217 1082
f 391 2290 1148
f 350 2168 1172
f 343 2145 1028
f 295 2001 962
f 361 2199 1076
f 266 1916 1124
f 230 1808 1034
f 224 1789 914
f 236 1825 1094
f 242 1843 1184
f 248 1862 1214
f 272 1933 1154
f 331 2110 1016
f 301 2020 968
f 373 2236 1088
f 380 2257 1142
f 308 2042 1010
f 277 1947 944
f 314 2059 1070
f 320 2077 1130
f 326 2096 1160
f 332 2113 1046
f 302 2023 1220
f 374 2239 1196
f 379 2254 1112
f 271 1930 938
f 234 1818 1279
f 227 1798 1255
f 239 1834 1291
f 245 1852 1309
f 252 1872 1327
f 275 1942 1375
f 334 2120 1537
f 304 2030 1448
f 377 2248 1574
f 382 2263 1364
f 312 2052 1483
f 279 1955 1387
f 316 2065 1436
f 323 2086 1507
f 330 2106 1525
f 335 2122 1543
f 305 2032 1465
f 376 2245 1454
f 383 2266 1580
f 274 1940 1358
f 232 1813 1267
f 225 1792 1243
f 237 1828 1250
f 243 1846 1286
f 250 1867 1304
f 273 1936 1334
f 336 2123 1549
f 306 2033 1471
f 378 2249 1597
f 381 2260 1352
f 311 2049 1477
f 281 1959 1399
f 315 2062 1406
f 321 2080 1490
f 328 2101 1502
f 333 2116 1531
f 303 2026 1412
f 375 2242 1442
f 384 2267 1592
f 276 1943 1381
f 251 1869 1321
f 233 1815 1273
f 228 1799 1261
f 240 1835 1297
f 246 1853 1315
f 258 1889 1339
f 360 2195 1562
f 401 2319 1460
f 389 2283 1586
f 263 1905 1345
f 329 2103 1519
f 310 2046 1418
f 280 1957 1393
f 318 2069 1495
f 324 2087 1513
f 342 2141 1555
f 288 1979 1423
f 292 1993 1429
f 371 2229 1568
f 393 2296 1370
f 357 2188 1280
f 255 1882 1256
f 262 1902 1292
f 388 2280 1310
f 400 2316 1328
f 352 2172 1376
f 347 2157 1538
f 298 2011 1447
f 364 2209 1573
f 269 1923 1363
f 339 2134 1484
f 285 1972 1388
f 293 1995 1435
f 370 2226 1508
f 396 2303 1526
f 353 2175 1544
f 346 2154 1466
f 299 2013 1453
f 365 2211 1579
f 268 1921 1357
f 249 1865 1268
f 231 1811 1244
f 226 1796 1249
f 238 1832 1285
f 244 1850 1303
f 257 1888 1333
f 359 2194 1550
f 402 2322 1472
f 390 2286 1598
f 264 1908 1351
f 327 2099 1478
f 309 2045 1400
f 282 1962 1405
f 317 2068 1489
f 322 2084 1501
f 341 2140 1532
f 286 1976 1411
f 294 1998 1441
f 372 2232 1591
f 394 2299 1382
f 416 2330 911
f 408 2324 893
f 406 2325 888
f 412 2332 900
f 415 2335 906
f 424 2344 924
f 492 2410 1062
f 582 2497 1242
f 565 2486 1206
f 514 2434 1104
f 461 2375 1001
f 453 2369 983
f 451 2370 978
f 457 2377 990
f 460 2380 996
f 475 2393 1026
f 439 2359 954
f 496 2415 1068
f 533 2455 1140
f 551 2461 1181
f 579 2489 1235
f 483 2399 1043
f 426 2341 929
f 521 2431 1121
f 566 2476 1211
f 489 2405 1055
f 578 2500 1230
f 560 2481 1194
f 518 2439 1110
f 429 2348 935
f 547 2465 1169
f 465 2383 1007
f 441 2356 959
f 504 2420 1085
f 537 2452 1152
f 550 2471 1176
f 476 2386 1031
f 444 2363 965
f 502 2422 1079
f 526 2445 1128
f 481 2400 1038
f 420 2338 917
f 510 2428 1097
f 555 2473 1187
f 571 2490 1218
f 540 2458 1157
f 473 2394 1020
f 447 2366 972
f 507 2425 1092
f 534 2444 1145
f 469 2389 1014
f 435 2353 947
f 498 2414 1073
f 529 2449 1133
f 545 2466 1164
f 487 2407 1049
f 574 2494 1223
f 562 2480 1199
f 520 2438 1116
f 432 2351 942
f 589 2510 1283
f 583 2504 1259
f 586 2508 1295
f 593 2514 1313
f 596 2517 1331
f 599 2520 1379
f 633 2554 1541
f 620 2539 1452
f 640 2560 1578
f 603 2523 1368
f 622 2543 1487
f 607 2527 1391
f 612 2532 1440
f 626 2547 1511
f 629 2550 1529
f 631 2552 1547
f 614 2535 1469
f 618 2538 1458
f 641 2558 1584
f 605 2524 1362
f 164 1607 1609
f 163 1603 1605
f 165 1604 1611
f 166 1610 1614
f 167 1613 1617
f 172 1622 1631
f 190 1686 1688
f 219 1773 1775
f 215 1761 1763
f 201 1712 1719
f 179 1652 1654
f 178 1648 1650
f 180 1649 1656
f 181 1655 1659
f 182 1658 1662
f 185 1670 1672
f 177 1637 1646
f 197 1694 1706
f 206 1731 1735
f 208 1739 1741
f 218 1768 1770
f 188 1678 1680
f 168 1619 1621
f 198 1709 1711
f 213 1754 1756
f 189 1682 1684
f 221 1776 1780
f 217 1758 1767
f 202 1716 1722
f 170 1625 1627
f 209 1742 1744
f 184 1663 1668
f 173 1634 1636
f 194 1697 1699
f 204 1728 1730
f 210 1746 1748
f 183 1664 1666
f 175 1640 1642
f 196 1700 1705
f 207 1724 1736
f 192 1679 1691
f 169 1618 1623
f 199 1708 1713
f 216 1753 1764
f 222 1769 1781
f 211 1738 1749
f 187 1671 1677
f 176 1643 1645
f 195 1701 1703
f 203 1723 1725
f 186 1667 1674
f 174 1633 1638
f 193 1693 1695
f 205 1727 1732
f 212 1743 1752
f 191 1685 1690
f 220 1772 1777
f 214 1757 1759
f 200 1715 1717
f 171 1628 1630
f 358 2187 2191
f 256 1881 1885
f 261 1899 1901
f 387 2277 2279
f 399 2313 2315
f 351 2169 2171
f 348 2156 2160
f 300 2010 2016
f 366 2208 2214
f 267 1917 1919
f 340 2133 2137
f 287 1971 1978
f 291 1989 1991
f 369 2223 2225
f 395 2300 2302
f 354 2174 2178
f 345 2151 2153
f 297 2007 2009
f 363 2205 2207
f 270 1920 1926
f 247 1855 1857
f 229 1801 1803
f 223 1784 1786
f 235 1820 1822
f 241 1838 1840
f 253 1874 1876
f 355 2180 2182
f 398 2310 2312
f 386 2274 2276
f 260 1896 1898
f 325 2089 2091
f 307 2035 2037
f 278 1950 1952
f 313 2054 2056
f 319 2072 2074
f 337 2126 2128
f 283 1964 1966
f 290 1986 1988
f 368 2220 2222
f 392 2291 2293
f 356 2183 2185
f 254 1877 1879
f 259 1891 1893
f 385 2269 2271
f 397 2305 2307
f 349 2161 2163
f 344 2148 2150
f 296 2004 2006
f 362 2202 2204
f 265 1909 1911
f 338 2129 2131
f 284 1967 1969
f 289 1981 1983
f 367 2215 2217
f 391 2288 2290
f 350 2166 2168
f 343 2143 2145
f 295 1999 2001
f 361 2197 2199
f 266 1914 1916
f 230 1806 1808
f 224 1787 1789
f 236 1823 1825
f 242 1841 1843
f 248 1860 1862
f 272 1931 1933
f 331 2108 2110
f 301 2018 2020
f 373 2234 2236
f 380 2255 2257
f 308 2040 2042
f 277 1945 1947
f 314 2057 2059
f 320 2075 2077
f 326 2094 2096
f 332 2111 2113
f 302 2021 2023
f 374 2237 2239
f 379 2252 2254
f 271 1928 1930
f 234 1812 1818
f 227 1791 1798
f 239 1827 1834
f 245 1845 1852
f 252 1866 1872
f 275 1935 1942
f 334 2118 2120
f 304 2028 2030
f 377 2246 2248
f 382 2259 2263
f 312 2048 2052
f 279 1953 1955
f 316 2061 2065
f 323 2079 2086
f 330 2100 2106
f 335 2115 2122
f 305 2025 2032
f 376 2241 2245
f 383 2264 2266
f 274 1938 1940
f 232 1802 1813
f 225 1783 1792
f 237 1819 1828
f 243 1837 1846
f 250 1856 1867
f 273 1927 1936
f 336 2112 2123
f 306 2022 2033
f 378 2238 2249
f 381 2251 2260
f 311 2036 2049
f 281 1949 1959
f 315 2053 2062
f 321 2071 2080
f 328 2090 2101
f 333 2107 2116
f 303 2017 2026
f 375 2233 2242
f 384 2256 2267
f 276 1932 1943
f 251 1859 1869
f 233 1805 1815
f 228 1788 1799
f 240 1824 1835
f 246 1842 1853
f 258 1878 1889
f 360 2184 2195
f 401 2306 2319
f 389 2270 2283
f 263 1892 1905
f 329 2093 2103
f 310 2039 2046
f 280 1946 1957
f 318 2058 2069
f 324 2076 2087
f 342 2130 2141
f 288 1968 1979
f 292 1982 1993
f 371 2216 2229
f 393 2287 2296
f 357 2179 2188
f 255 1873 1882
f 262 1895 1902
f 388 2273 2280
f 400 2309 2316
f 352 2165 2172
f 347 2144 2157
f 298 2000 2011
f 364 2198 2209
f 269 1913 1923
f 339 2125 2134
f 285 1963 1972
f 293 1985 1995
f 370 2219 2226
f 396 2292 2303
f 353 2162 2175
f 346 2147 2154
f 299 2003 2013
f 365 2201 2211
f 268 1910 1921
f 249 1863 1865
f 231 1809 1811
f 226 1794 1796
f 238 1830 1832
f 244 1848 1850
f 257 1886 1888
f 359 2192 2194
f 402 2318 2322
f 390 2282 2286
f 264 1904 1908
f 327 2097 2099
f 309 2043 2045
f 282 1956 1962
f 317 2066 2068
f 322 2082 2084
f 341 2138 2140
f 286 1974 1976
f 294 1992 1998
f 372 2228 2232
f 394 2295 2299
f 416 2331 2330
f 408 2327 2324
f 406 2328 2325
f 412 2334 2332
f 415 2337 2335
f 424 2346 2344
f 492 2412 2410
f 582 2499 2497
f 565 2487 2486
f 514 2436 2434
f 461 2376 2375
f 453 2372 2369
f 451 2373 2370
f 457 2379 2377
f 460 2382 2380
f 475 2396 2393
f 439 2361 2359
f 496 2418 2415
f 533 2457 2455
f 551 2463 2461
f 579 2492 2489
f 483 2402 2399
f 426 2343 2341
f 521 2433 2431
f 566 2478 2476
f 489 2406 2405
f 578 2502 2500
f 560 2484 2481
f 518 2442 2439
f 429 2349 2348
f 547 2468 2465
f 465 2387 2383
f 441 2358 2356
f 504 2421 2420
f 537 2454 2452
f 550 2472 2471
f 476 2388 2386
f 444 2364 2363
f 502 2426 2422
f 526 2448 2445
f 481 2403 2400
f 420 2342 2338
f 510 2432 2428
f 555 2477 2473
f 571 2493 2490
f 540 2462 2458
f 473 2397 2394
f 447 2367 2366
f 507 2427 2425
f 534 2447 2444
f 469 2391 2389
f 435 2357 2353
f 498 2417 2414
f 529 2453 2449
f 545 2469 2466
f 487 2411 2407
f 574 2498 2494
f 562 2483 2480
f 520 2441 2438
f 432 2352 2351
f 589 2509 2510
f 583 2503 2504
f 586 2506 2508
f 593 2512 2514
f 596 2515 2517
f 599 2518 2520
f 633 2555 2554
f 620 2541 2539
f 640 2562 2560
f 603 2522 2523
f 622 2542 2543
f 607 2528 2527
f 612 2531 2532
f 626 2545 2547
f 629 2548 2550
f 631 2551 2552
f 614 2533 2535
f 618 2537 2538
f 641 2559 2558
f 605 2526 2524
f 164 644 1607
f 163 643 1603
f 165 645 1604
f 166 646 1610
f 167 647 1613
f 172 652 1622
f 190 670 1686
f 219 699 1773
f 215 695 1761
f 201 681 1712
f 179 659 1652
f 178 658 1648
f 180 660 1649
f 181 661 1655
f 182 662 1658
f 185 665 1670
f 177 657 1637
f 197 677 1694
f 206 686 1731
f 208 688 1739
f 218 698 1768
f 188 668 1678
f 168 648 1619
f 198 678 1709
f 213 693 1754
f 189 669 1682
f 221 701 1776
f 217 697 1758
f 202 682 1716
f 170 650 1625
f 209 689 1742
f 184 664 1663
f 173 653 1634
f 194 674 1697
f 204 684 1728
f 210 690 1746
f 183 663 1664
f 175 655 1640
f 196 676 1700
f 207 687 1724
f 192 672 1679
f 169 649 1618
f 199 679 1708
f 216 696 1753
f 222 702 1769
f 211 691 1738
f 187 667 1671
f 176 656 1643
f 195 675 1701
f 203 683 1723
f 186 666 1667
f 174 654 1633
f 193 673 1693
f 205 685 1727
f 212 692 1743
f 191 671 1685
f 220 700 1772
f 214 694 1757
f 200 680 1715
f 171 651 1628
f 358 838 2187
f 256 736 1881
f 261 741 1899
f 387 867 2277
f 399 879 2313
f 351 831 2169
f 348 828 2156
f 300 780 2010
f 366 846 2208
f 267 747 1917
f 340 820 2133
f 287 767 1971
f 291 771 1989
f 369 849 2223
f 395 875 2300
f 354 834 2174
f 345 825 2151
f 297 777 2007
f 363 843 2205
f 270 750 1920
f 247 727 1855
f 229 709 1801
f 223 703 1784
f 235 715 1820
f 241 721 1838
f 253 733 1874
f 355 835 2180
f 398 878 2310
f 386 866 2274
f 260 740 1896
f 325 805 2089
f 307 787 2035
f 278 758 1950
f 313 793 2054
f 319 799 2072
f 337 817 2126
f 283 763 1964
f 290 770 1986
f 368 848 2220
f 392 872 2291
f 356 836 2183
f 254 734 1877
f 259 739 1891
f 385 865 2269
f 397 877 2305
f 349 829 2161
f 344 824 2148
f 296 776 2004
f 362 842 2202
f 265 745 1909
f 338 818 2129
f 284 764 1967
f 289 769 1981
f 367 847 2215
f 391 871 2288
f 350 830 2166
f 343 823 2143
f 295 775 1999
f 361 841 2197
f 266 746 1914
f 230 710 1806
f 224 704 1787
f 236 716 1823
f 242 722 1841
f 248 728 1860
f 272 752 1931
f 331 811 2108
f 301 781 2018
f 373 853 2234
f 380 860 2255
f 308 788 2040
f 277 757 1945
f 314 794 2057
f 320 800 2075
f 326 806 2094
f 332 812 2111
f 302 782 2021
f 374 854 2237
f 379 859 2252
f 271 751 1928
f 234 714 1812
f 227 707 1791
f 239 719 1827
f 245 725 1845
f 252 732 1866
f 275 755 1935
f 334 814 2118
f 304 784 2028
f 377 857 2246
f 382 862 2259
f 312 792 2048
f 279 759 1953
f 316 796 2061
f 323 803 2079
f 330 810 2100
f 335 815 2115
f 305 785 2025
f 376 856 2241
f 383 863 2264
f 274 754 1938
f 232 712 1802
f 225 705 1783
f 237 717 1819
f 243 723 1837
f 250 730 1856
f 273 753 1927
f 336 816 2112
f 306 786 2022
f 378 858 2238
f 381 861 2251
f 311 791 2036
f 281 761 1949
f 315 795 2053
f 321 801 2071
f 328 808 2090
f 333 813 2107
f 303 783 2017
f 375 855 2233
f 384 864 2256
f 276 756 1932
f 251 731 1859
f 233 713 1805
f 228 708 1788
f 240 720 1824
f 246 726 1842
f 258 738 1878
f 360 840 2184
f 401 881 2306
f 389 869 2270
f 263 743 1892
f 329 809 2093
f 310 790 2039
f 280 760 1946
f 318 798 2058
f 324 804 2076
f 342 822 2130
f 288 768 1968
f 292 772 1982
f 371 851 2216
f 393 873 2287
f 357 837 2179
f 255 735 1873
f 262 742 1895
f 388 868 2273
f 400 880 2309
f 352 832 2165
f 347 827 2144
f 298 778 2000
f 364 844 2198
f 269 749 1913
f 339 819 2125
f 285 765 1963
f 293 773 1985
f 370 850 2219
f 396 876 2292
f 353 833 2162
f 346 826 2147
f 299 779 2003
f 365 845 2201
f 268 748 1910
f 249 729 1863
f 231 711 1809
f 226 706 1794
f 238 718 1830
f 244 724 1848
f 257 737 1886
f 359 839 2192
f 402 882 2318
f 390 870 2282
f 264 744 1904
f 327 807 2097
f 309 789 2043
f 282 762 1956
f 317 797 2066
f 322 802 2082
f 341 821 2138
f 286 766 1974
f 294 774 1992
f 372 852 2228
f 394 874 2295
f 416 1270 2331
f 408 1246 2327
f 406 1251 2328
f 412 1287 2334
f 415 1305 2337
f 424 1335 2346
f 492 1552 2412
f 582 1474 2499
f 565 1600 2487
f 514 1353 2436
f 461 1480 2376
f 453 1402 2372
f 451 1407 2373
f 457 1491 2379
f 460 1503 2382
f 475 1534 2396
f 439 1413 2361
f 496 1443 2418
f 533 1593 2457
f 551 1384 2463
f 579 1324 2492
f 483 1276 2402
f 426 1264 2343
f 521 1300 2433
f 566 1318 2478
f 489 1342 2406
f 578 1563 2502
f 560 1461 2484
f 518 1587 2442
f 429 1348 2349
f 547 1522 2468
f 465 1419 2387
f 441 1396 2358
f 504 1498 2421
f 537 1516 2454
f 550 1558 2472
f 476 1426 2388
f 444 1432 2364
f 502 1569 2426
f 526 1371 2448
f 481 1281 2403
f 420 1257 2342
f 510 1293 2432
f 555 1311 2477
f 571 1329 2493
f 540 1377 2462
f 473 1539 2397
f 447 1450 2367
f 507 1576 2427
f 534 1366 2447
f 469 1485 2391
f 435 1389 2357
f 498 1438 2417
f 529 1509 2453
f 545 1527 2469
f 487 1545 2411
f 574 1467 2498
f 562 1456 2483
f 520 1582 2441
f 432 1360 2352
f 589 1271 2509
f 583 1247 2503
f 586 1254 2506
f 593 1290 2512
f 596 1308 2515
f 599 1338 2518
f 633 1553 2555
f 620 1475 2541
f 640 1601 2562
f 603 1356 2522
f 622 1481 2542
f 607 1403 2528
f 612 1410 2531
f 626 1494 2545
f 629 1506 2548
f 631 1535 2551
f 614 1416 2533
f 618 1446 2537
f 641 1596 2559
f 605 1385 2526
f 167 907 1616
f 164 889 1608
f 163 883 1606
f 165 895 1612
f 166 901 1615
f 169 919 1624
f 192 1057 1692
f 222 1237 1782
f 216 1201 1765
f 199 1099 1714
f 182 997 1661
f 179 979 1653
f 178 973 1651
f 180 985 1657
f 181 991 1660
f 186 1021 1675
f 174 949 1639
f 193 1063 1696
f 205 1135 1733
f 212 1177 1751
f 221 1231 1779
f 189 1039 1683
f 170 925 1626
f 202 1117 1721
f 217 1207 1766
f 191 1051 1689
f 220 1225 1778
f 214 1189 1760
f 200 1105 1718
f 171 931 1629
f 210 1165 1747
f 183 1003 1665
f 175 955 1641
f 196 1081 1704
f 207 1147 1737
f 211 1171 1750
f 187 1027 1676
f 176 961 1644
f 195 1075 1702
f 203 1123 1726
f 188 1033 1681
f 168 913 1620
f 198 1093 1710
f 213 1183 1755
f 218 1213 1771
f 208 1153 1740
f 185 1015 1673
f 177 967 1647
f 197 1087 1707
f 206 1141 1734
f 184 1009 1669
f 173 943 1635
f 194 1069 1698
f 204 1129 1729
f 209 1159 1745
f 190 1045 1687
f 219 1219 1774
f 215 1195 1762
f 201 1111 1720
f 172 937 1632
f 357 1280 2189
f 255 1256 1883
f 262 1292 1903
f 388 1310 2281
f 400 1328 2317
f 352 1376 2173
f 347 1538 2158
f 298 1447 2012
f 364 1573 2210
f 269 1363 1924
f 339 1484 2135
f 285 1388 1973
f 293 1435 1996
f 370 1508 2227
f 396 1526 2304
f 353 1544 2176
f 346 1466 2155
f 299 1453 2014
f 365 1579 2212
f 268 1357 1922
f 249 1268 1864
f 231 1244 1810
f 226 1249 1795
f 238 1285 1831
f 244 1303 1849
f 257 1333 1887
f 359 1550 2193
f 402 1472 2321
f 390 1598 2285
f 264 1351 1907
f 327 1478 2098
f 309 1400 2044
f 282 1405 1961
f 317 1489 2067
f 322 1501 2083
f 341 1532 2139
f 286 1411 1975
f 294 1441 1997
f 372 1591 2231
f 394 1382 2298
f 358 1322 2190
f 256 1274 1884
f 261 1262 1900
f 387 1298 2278
f 399 1316 2314
f 351 1340 2170
f 348 1561 2159
f 300 1459 2015
f 366 1585 2213
f 267 1346 1918
f 340 1520 2136
f 287 1417 1977
f 291 1394 1990
f 369 1496 2224
f 395 1514 2301
f 354 1556 2177
f 345 1424 2152
f 297 1430 2008
f 363 1567 2206
f 270 1369 1925
f 234 1279 1817
f 227 1255 1797
f 239 1291 1833
f 245 1309 1851
f 252 1327 1871
f 275 1375 1941
f 334 1537 2119
f 304 1448 2029
f 377 1574 2247
f 382 1364 2262
f 312 1483 2051
f 279 1387 1954
f 316 1436 2064
f 323 1507 2085
f 330 1525 2105
f 335 1543 2121
f 305 1465 2031
f 376 1454 2244
f 383 1580 2265
f 274 1358 1939
f 232 1267 1814
f 225 1243 1793
f 237 1250 1829
f 243 1286 1847
f 250 1304 1868
f 273 1334 1937
f 336 1549 2124
f 306 1471 2034
f 378 1597 2250
f 381 1352 2261
f 311 1477 2050
f 281 1399 1960
f 315 1406 2063
f 321 1490 2081
f 328 1502 2102
f 333 1531 2117
f 303 1412 2027
f 375 1442 2243
f 384 1592 2268
f 276 1381 1944
f 229 890 1804
f 223 884 1785
f 235 896 1821
f 241 902 1839
f 247 908 1858
f 271 938 1929
f 332 1046 2114
f 302 1220 2024
f 374 1196 2240
f 379 1112 2253
f 307 980 2038
f 278 974 1951
f 313 986 2055
f 319 992 2073
f 325 998 2092
f 331 1016 2109
f 301 968 2019
f 373 1088 2235
f 380 1142 2258
f 272 1154 1934
f 248 1214 1861
f 230 1034 1807
f 224 914 1790
f 236 1094 1826
f 242 1184 1844
f 254 1040 1880
f 356 1232 2186
f 397 1208 2308
f 385 1118 2272
f 259 926 1894
f 326 1160 2095
f 308 1010 2041
f 277 944 1948
f 314 1070 2060
f 320 1130 2078
f 338 1166 2132
f 284 1004 1970
f 289 956 1984
f 367 1082 2218
f 391 1148 2289
f 355 1058 2181
f 253 920 1875
f 260 1100 1897
f 386 1202 2275
f 398 1238 2311
f 350 1172 2167
f 343 1028 2146
f 295 962 2002
f 361 1076 2200
f 266 1124 1915
f 337 1022 2127
f 283 950 1965
f 290 1064 1987
f 368 1136 2221
f 392 1178 2294
f 349 1052 2164
f 344 1226 2149
f 296 1190 2005
f 362 1106 2203
f 265 932 1912
f 251 1321 1870
f 233 1273 1816
f 228 1261 1800
f 240 1297 1836
f 246 1315 1854
f 258 1339 1890
f 360 1562 2196
f 401 1460 2320
f 389 1586 2284
f 263 1345 1906
f 329 1519 2104
f 310 1418 2047
f 280 1393 1958
f 318 1495 2070
f 324 1513 2088
f 342 1555 2142
f 288 1423 1980
f 292 1429 1994
f 371 1568 2230
f 393 1370 2297
f 409 894 2329
f 405 887 2323
f 411 899 2326
f 414 905 2333
f 417 912 2336
f 431 941 2345
f 488 1050 2409
f 575 1224 2496
f 563 1200 2485
f 519 1115 2435
f 454 984 2374
f 450 977 2368
f 456 989 2371
f 459 995 2378
f 462 1002 2381
f 472 1019 2392
f 446 971 2360
f 506 1091 2416
f 535 1146 2456
f 541 1158 2460
f 570 1217 2488
f 480 1037 2398
f 421 918 2340
f 511 1098 2430
f 556 1188 2475
f 484 1044 2404
f 580 1236 2501
f 567 1212 2482
f 522 1122 2440
f 427 930 2347
f 544 1163 2464
f 468 1013 2384
f 436 948 2355
f 499 1074 2419
f 530 1134 2451
f 548 1170 2470
f 466 1008 2385
f 442 960 2362
f 505 1086 2423
f 536 1151 2446
f 491 1061 2401
f 423 923 2339
f 513 1103 2429
f 564 1205 2474
f 581 1241 2491
f 549 1175 2459
f 477 1032 2395
f 445 966 2365
f 503 1080 2424
f 525 1127 2443
f 474 1025 2390
f 438 953 2354
f 495 1067 2413
f 532 1139 2450
f 552 1182 2467
f 490 1056 2408
f 577 1229 2495
f 559 1193 2479
f 517 1109 2437
f 430 936 2350
f 590 1325 2511
f 584 1277 2505
f 585 1265 2507
f 592 1301 2513
f 595 1319 2516
f 598 1343 2519
f 636 1566 2556
f 621 1464 2540
f 642 1590 2561
f 601 1349 2521
f 623 1523 2544
f 611 1422 2529
f 609 1397 2530
f 625 1499 2546
f 628 1517 2549
f 632 1559 2553
f 613 1427 2534
f 616 1433 2536
f 638 1572 2557
f 606 1374 2525
f 407 892 1609
f 403 885 1605
f 404 897 1611
f 410 903 1614
f 413 910 1617
f 422 939 1631
f 486 1048 1688
f 573 1222 1775
f 561 1198 1763
f 512 1113 1719
f 452 982 1654
f 448 975 1650
f 449 987 1656
f 455 993 1659
f 458 1000 1662
f 470 1017 1672
f 437 969 1646
f 494 1089 1706
f 531 1144 1735
f 539 1156 1741
f 568 1215 1770
f 478 1035 1680
f 419 916 1621
f 509 1096 1711
f 554 1186 1756
f 482 1042 1684
f 576 1234 1780
f 558 1210 1767
f 516 1120 1722
f 425 928 1627
f 542 1161 1744
f 463 1011 1668
f 434 946 1636
f 497 1072 1699
f 528 1132 1730
f 546 1168 1748
f 464 1006 1666
f 440 958 1642
f 500 1084 1705
f 524 1149 1736
f 479 1059 1691
f 418 921 1623
f 508 1101 1713
f 553 1203 1764
f 569 1239 1781
f 538 1173 1749
f 471 1030 1677
f 443 964 1645
f 501 1078 1703
f 523 1125 1725
f 467 1023 1674
f 433 951 1638
f 493 1065 1695
f 527 1137 1732
f 543 1180 1752
f 485 1054 1690
f 572 1227 1777
f 557 1191 1759
f 515 1107 1717
f 428 934 1630
f 591 1326 2191
f 587 1278 1885
f 588 1266 1901
f 594 1302 2279
f 597 1320 2315
f 600 1344 2171
f 634 1565 2160
f 619 1463 2016
f 639 1589 2214
f 602 1350 1919
f 624 1524 2137
f 608 1421 1978
f 610 1398 1991
f 627 1500 2225
f 630 1518 2302
f 635 1560 2178
f 615 1428 2153
f 617 1434 2009
f 637 1571 2207
f 604 1373 1926
f 416 911 1857
f 408 893 1803
f 406 888 1786
f 412 900 1822
f 415 906 1840
f 424 924 1876
f 492 1062 2182
f 582 1242 2312
f 565 1206 2276
f 514 1104 1898
f 461 1001 2091
f 453 983 2037
f 451 978 1952
f 457 990 2056
f 460 996 2074
f 475 1026 2128
f 439 954 1966
f 496 1068 1988
f 533 1140 2222
f 551 1181 2293
f 579 1235 2185
f 483 1043 1879
f 426 929 1893
f 521 1121 2271
f 566 1211 2307
f 489 1055 2163
f 578 1230 2150
f 560 1194 2006
f 518 1110 2204
f 429 935 1911
f 547 1169 2131
f 465 1007 1969
f 441 959 1983
f 504 1085 2217
f 537 1152 2290
f 550 1176 2168
f 476 1031 2145
f 444 965 2001
f 502 1079 2199
f 526 1128 1916
f 481 1038 1808
f 420 917 1789
f 510 1097 1825
f 555 1187 1843
f 571 1218 1862
f 540 1157 1933
f 473 1020 2110
f 447 972 2020
f 507 1092 2236
f 534 1145 2257
f 469 1014 2042
f 435 947 1947
f 498 1073 2059
f 529 1133 2077
f 545 1164 2096
f 487 1049 2113
f 574 1223 2023
f 562 1199 2239
f 520 1116 2254
f 432 942 1930
f 589 1283 1818
f 583 1259 1798
f 586 1295 1834
f 593 1313 1852
f 596 1331 1872
f 599 1379 1942
f 633 1541 2120
f 620 1452 2030
f 640 1578 2248
f 603 1368 2263
f 622 1487 2052
f 607 1391 1955
f 612 1440 2065
f 626 1511 2086
f 629 1529 2106
f 631 1547 2122
f 614 1469 2032
f 618 1458 2245
f 641 1584 2266
f 605 1362 1940
f 409 1269 1813
f 405 1245 1792
f 411 1252 1828
f 414 1288 1846
f 417 1306 1867
f 431 1336 1936
f 488 1551 2123
f 575 1473 2033
f 563 1599 2249
f 519 1354 2260
f 454 1479 2049
f 450 1401 1959
f 456 1408 2062
f 459 1492 2080
f 462 1504 2101
f 472 1533 2116
f 446 1414 2026
f 506 1444 2242
f 535 1594 2267
f 541 1383 1943
f 570 1323 1869
f 480 1275 1815
f 421 1263 1799
f 511 1299 1835
f 556 1317 1853
f 484 1341 1889
f 580 1564 2195
f 567 1462 2319
f 522 1588 2283
f 427 1347 1905
f 544 1521 2103
f 468 1420 2046
f 436 1395 1957
f 499 1497 2069
f 530 1515 2087
f 548 1557 2141
f 466 1425 1979
f 442 1431 1993
f 505 1570 2229
f 536 1372 2296
f 491 1282 2188
f 423 1258 1882
f 513 1294 1902
f 564 1312 2280
f 581 1330 2316
f 549 1378 2172
f 477 1540 2157
f 445 1449 2011
f 503 1575 2209
f 525 1365 1923
f 474 1486 2134
f 438 1390 1972
f 495 1437 1995
f 532 1510 2226
f 552 1528 2303
f 490 1546 2175
f 577 1468 2154
f 559 1455 2013
f 517 1581 2211
f 430 1359 1921
f 590 1272 1865
f 584 1248 1811
f 585 1253 1796
f 592 1289 1832
f 595 1307 1850
f 598 1337 1888
f 636 1554 2194
f 621 1476 2322
f 642 1602 2286
f 601 1355 1908
f 623 1482 2099
f 611 1404 2045
f 609 1409 1962
f 625 1493 2068
f 628 1505 2084
f 632 1536 2140
f 613 1415 1976
f 616 1445 1998
f 638 1595 2232
f 606 1386 2299
f 407 909 2330
f 403 891 2324
f 404 886 2325
f 410 898 2332
f 413 904 2335
f 422 922 2344
f 486 1060 2410
f 573 1240 2497
f 561 1204 2486
f 512 1102 2434
f 452 999 2375
f 448 981 2369
f 449 976 2370
f 455 988 2377
f 458 994 2380
f 470 1024 2393
f 437 952 2359
f 494 1066 2415
f 531 1138 2455
f 539 1179 2461
f 568 1233 2489
f 478 1041 2399
f 419 927 2341
f 509 1119 2431
f 554 1209 2476
f 482 1053 2405
f 576 1228 2500
f 558 1192 2481
f 516 1108 2439
f 425 933 2348
f 542 1167 2465
f 463 1005 2383
f 434 957 2356
f 497 1083 2420
f 528 1150 2452
f 546 1174 2471
f 464 1029 2386
f 440 963 2363
f 500 1077 2422
f 524 1126 2445
f 479 1036 2400
f 418 915 2338
f 508 1095 2428
f 553 1185 2473
f 569 1216 2490
f 538 1155 2458
f 471 1018 2394
f 443 970 2366
f 501 1090 2425
f 523 1143 2444
f 467 1012 2389
f 433 945 2353
f 493 1071 2414
f 527 1131 2449
f 543 1162 2466
f 485 1047 2407
f 572 1221 2494
f 557 1197 2480
f 515 1114 2438
f 428 940 2351
f 591 1284 2510
f 587 1260 2504
f 588 1296 2508
f 594 1314 2514
f 597 1332 2517
f 600 1380 2520
f 634 1542 2554
f 619 1451 2539
f 639 1577 2560
f 602 1367 2523
f 624 1488 2543
f 608 1392 2527
f 610 1439 2532
f 627 1512 2547
f 630 1530 2550
f 635 1548 2552
f 615 1470 2535
f 617 1457 2538
f 637 1583 2558
f 604 1361 2524
f 167 1616 1607
f 164 1608 1603
f 163 1606 1604
f 165 1612 1610
f 166 1615 1613
f 169 1624 1622
f 192 1692 1686
f 222 1782 1773
f 216 1765 1761
f 199 1714 1712
f 182 1661 1652
f 179 1653 1648
f 178 1651 1649
f 180 1657 1655
f 181 1660 1658
f 186 1675 1670
f 174 1639 1637
f 193 1696 1694
f 205 1733 1731
f 212 1751 1739
f 221 1779 1768
f 189 1683 1678
f 170 1626 1619
f 202 1721 1709
f 217 1766 1754
f 191 1689 1682
f 220 1778 1776
f 214 1760 1758
f 200 1718 1716
f 171 1629 1625
f 210 1747 1742
f 183 1665 1663
f 175 1641 1634
f 196 1704 1697
f 207 1737 1728
f 211 1750 1746
f 187 1676 1664
f 176 1644 1640
f 195 1702 1700
f 203 1726 1724
f 188 1681 1679
f 168 1620 1618
f 198 1710 1708
f 213 1755 1753
f 218 1771 1769
f 208 1740 1738
f 185 1673 1671
f 177 1647 1643
f 197 1707 1701
f 206 1734 1723
f 184 1669 1667
f 173 1635 1633
f 194 1698 1693
f 204 1729 1727
f 209 1745 1743
f 190 1687 1685
f 219 1774 1772
f 215 1762 1757
f 201 1720 1715
f 172 1632 1628
f 357 2189 2187
f 255 1883 1881
f 262 1903 1899
f 388 2281 2277
f 400 2317 2313
f 352 2173 2169
f 347 2158 2156
f 298 2012 2010
f 364 2210 2208
f 269 1924 1917
f 339 2135 2133
f 285 1973 1971
f 293 1996 1989
f 370 2227 2223
f 396 2304 2300
f 353 2176 2174
f 346 2155 2151
f 299 2014 2007
f 365 2212 2205
f 268 1922 1920
f 249 1864 1855
f 231 1810 1801
f 226 1795 1784
f 238 1831 1820
f 244 1849 1838
f 257 1887 1874
f 359 2193 2180
f 402 2321 2310
f 390 2285 2274
f 264 1907 1896
f 327 2098 2089
f 309 2044 2035
f 282 1961 1950
f 317 2067 2054
f 322 2083 2072
f 341 2139 2126
f 286 1975 1964
f 294 1997 1986
f 372 2231 2220
f 394 2298 2291
f 358 2190 2183
f 256 1884 1877
f 261 1900 1891
f 387 2278 2269
f 399 2314 2305
f 351 2170 2161
f 348 2159 2148
f 300 2015 2004
f 366 2213 2202
f 267 1918 1909
f 340 2136 2129
f 287 1977 1967
f 291 1990 1981
f 369 2224 2215
f 395 2301 2288
f 354 2177 2166
f 345 2152 2143
f 297 2008 1999
f 363 2206 2197
f 270 1925 1914
f 234 1817 1806
f 227 1797 1787
f 239 1833 1823
f 245 1851 1841
f 252 1871 1860
f 275 1941 1931
f 334 2119 2108
f 304 2029 2018
f 377 2247 2234
f 382 2262 2255
f 312 2051 2040
f 279 1954 1945
f 316 2064 2057
f 323 2085 2075
f 330 2105 2094
f 335 2121 2111
f 305 2031 2021
f 376 2244 2237
f 383 2265 2252
f 274 1939 1928
f 232 1814 1812
f 225 1793 1791
f 237 1829 1827
f 243 1847 1845
f 250 1868 1866
f 273 1937 1935
f 336 2124 2118
f 306 2034 2028
f 378 2250 2246
f 381 2261 2259
f 311 2050 2048
f 281 1960 1953
f 315 2063 2061
f 321 2081 2079
f 328 2102 2100
f 333 2117 2115
f 303 2027 2025
f 375 2243 2241
f 384 2268 2264
f 276 1944 1938
f 229 1804 1802
f 223 1785 1783
f 235 1821 1819
f 241 1839 1837
f 247 1858 1856
f 271 1929 1927
f 332 2114 2112
f 302 2024 2022
f 374 2240 2238
f 379 2253 2251
f 307 2038 2036
f 278 1951 1949
f 313 2055 2053
f 319 2073 2071
f 325 2092 2090
f 331 2109 2107
f 301 2019 2017
f 373 2235 2233
f 380 2258 2256
f 272 1934 1932
f 248 1861 1859
f 230 1807 1805
f 224 1790 1788
f 236 1826 1824
f 242 1844 1842
f 254 1880 1878
f 356 2186 2184
f 397 2308 2306
f 385 2272 2270
f 259 1894 1892
f 326 2095 2093
f 308 2041 2039
f 277 1948 1946
f 314 2060 2058
f 320 2078 2076
f 338 2132 2130
f 284 1970 1968
f 289 1984 1982
f 367 2218 2216
f 391 2289 2287
f 355 2181 2179
f 253 1875 1873
f 260 1897 1895
f 386 2275 2273
f 398 2311 2309
f 350 2167 2165
f 343 2146 2144
f 295 2002 2000
f 361 2200 2198
f 266 1915 1913
f 337 2127 2125
f 283 1965 1963
f 290 1987 1985
f 368 2221 2219
f 392 2294 2292
f 349 2164 2162
f 344 2149 2147
f 296 2005 2003
f 362 2203 2201
f 265 1912 1910
f 251 1870 1863
f 233 1816 1809
f 228 1800 1794
f 240 1836 1830
f 246 1854 1848
f 258 1890 1886
f 360 2196 2192
f 401 2320 2318
f 389 2284 2282
f 263 1906 1904
f 329 2104 2097
f 310 2047 2043
f 280 1958 1956
f 318 2070 2066
f 324 2088 2082
f 342 2142 2138
f 288 1980 1974
f 292 1994 1992
f 371 2230 2228
f 393 2297 2295
f 409 2329 2331
f 405 2323 2327
f 411 2326 2328
f 414 2333 2334
f 417 2336 2337
f 431 2345 2346
f 488 2409 2412
f 575 2496 2499
f 563 2485 2487
f 519 2435 2436
f 454 2374 2376
f 450 2368 2372
f 456 2371 2373
f 459 2378 2379
f 462 2381 2382
f 472 2392 2396
f 446 2360 2361
f 506 2416 2418
f 535 2456 2457
f 541 2460 2463
f 570 2488 2492
f 480 2398 2402
f 421 2340 2343
f 511 2430 2433
f 556 2475 2478
f 484 2404 2406
f 580 2501 2502
f 567 2482 2484
f 522 2440 2442
f 427 2347 2349
f 544 2464 2468
f 468 2384 2387
f 436 2355 2358
f 499 2419 2421
f 530 2451 2454
f 548 2470 2472
f 466 2385 2388
f 442 2362 2364
f 505 2423 2426
f 536 2446 2448
f 491 2401 2403
f 423 2339 2342
f 513 2429 2432
f 564 2474 2477
f 581 2491 2493
f 549 2459 2462
f 477 2395 2397
f 445 2365 2367
f 503 2424 2427
f 525 2443 2447
f 474 2390 2391
f 438 2354 2357
f 495 2413 2417
f 532 2450 2453
f 552 2467 2469
f 490 2408 2411
f 577 2495 2498
f 559 2479 2483
f 517 2437 2441
f 430 2350 2352
f 590 2511 2509
f 584 2505 2503
f 585 2507 2506
f 592 2513 2512
f 595 2516 2515
f 598 2519 2518
f 636 2556 2555
f 621 2540 2541
f 642 2561 2562
f 601 2521 2522
f 623 2544 2542
f 611 2529 2528
f 609 2530 2531
f 625 2546 2545
f 628 2549 2548
f 632 2553 2551
f 613 2534 2533
f 616 2536 2537
f 638 2557 2559
f 606 2525 2526
f 1607 644 647
f 1603 643 644
f 1604 645 643
f 1610 646 645
f 1613 647 646
f 1622 652 649
f 1686 670 672
f 1773 699 702
f 1761 695 696
f 1712 681 679
f 1652 659 662
f 1648 658 659
f 1649 660 658
f 1655 661 660
f 1658 662 661
f 1670 665 666
f 1637 657 654
f 1694 677 673
f 1731 686 685
f 1739 688 692
f 1768 698 701
f 1678 668 669
f 1619 648 650
f 1709 678 682
f 1754 693 697
f 1682 669 671
f 1776 701 700
f 1758 697 694
f 1716 682 680
f 1625 650 651
f 1742 689 690
f 1663 664 663
f 1634 653 655
f 1697 674 676
f 1728 684 687
f 1746 690 691
f 1664 663 667
f 1640 655 656
f 1700 676 675
f 1724 687 683
f 1679 672 668
f 1618 649 648
f 1708 679 678
f 1753 696 693
f 1769 702 698
f 1738 691 688
f 1671 667 665
f 1643 656 657
f 1701 675 677
f 1723 683 686
f 1667 666 664
f 1633 654 653
f 1693 673 674
f 1727 685 684
f 1743 692 689
f 1685 671 670
f 1772 700 699
f 1757 694 695
f 1715 680 681
f 1628 651 652
f 2187 838 837
f 1881 736 735
f 1899 741 742
f 2277 867 868
f 2313 879 880
f 2169 831 832
f 2156 828 827
f 2010 780 778
f 2208 846 844
f 1917 747 749
f 2133 820 819
f 1971 767 765
f 1989 771 773
f 2223 849 850
f 2300 875 876
f 2174 834 833
f 2151 825 826
f 2007 777 779
f 2205 843 845
f 1920 750 748
f 1855 727 729
f 1801 709 711
f 1784 703 706
f 1820 715 718
f 1838 721 724
f 1874 733 737
f 2180 835 839
f 2310 878 882
f 2274 866 870
f 1896 740 744
f 2089 805 807
f 2035 787 789
f 1950 758 762
f 2054 793 797
f 2072 799 802
f 2126 817 821
f 1964 763 766
f 1986 770 774
f 2220 848 852
f 2291 872 874
f 2183 836 838
f 1877 734 736
f 1891 739 741
f 2269 865 867
f 2305 877 879
f 2161 829 831
f 2148 824 828
f 2004 776 780
f 2202 842 846
f 1909 745 747
f 2129 818 820
f 1967 764 767
f 1981 769 771
f 2215 847 849
f 2288 871 875
f 2166 830 834
f 2143 823 825
f 1999 775 777
f 2197 841 843
f 1914 746 750
f 1806 710 714
f 1787 704 707
f 1823 716 719
f 1841 722 725
f 1860 728 732
f 1931 752 755
f 2108 811 814
f 2018 781 784
f 2234 853 857
f 2255 860 862
f 2040 788 792
f 1945 757 759
f 2057 794 796
f 2075 800 803
f 2094 806 810
f 2111 812 815
f 2021 782 785
f 2237 854 856
f 2252 859 863
f 1928 751 754
f 1812 714 712
f 1791 707 705
f 1827 719 717
f 1845 725 723
f 1866 732 730
f 1935 755 753
f 2118 814 816
f 2028 784 786
f 2246 857 858
f 2259 862 861
f 2048 792 791
f 1953 759 761
f 2061 796 795
f 2079 803 801
f 2100 810 808
f 2115 815 813
f 2025 785 783
f 2241 856 855
f 2264 863 864
f 1938 754 756
f 1802 712 709
f 1783 705 703
f 1819 717 715
f 1837 723 721
f 1856 730 727
f 1927 753 751
f 2112 816 812
f 2022 786 782
f 2238 858 854
f 2251 861 859
f 2036 791 787
f 1949 761 758
f 2053 795 793
f 2071 801 799
f 2090 808 805
f 2107 813 811
f 2017 783 781
f 2233 855 853
f 2256 864 860
f 1932 756 752
f 1859 731 728
f 1805 713 710
f 1788 708 704
f 1824 720 716
f 1842 726 722
f 1878 738 734
f 2184 840 836
f 2306 881 877
f 2270 869 865
f 1892 743 739
f 2093 809 806
f 2039 790 788
f 1946 760 757
f 2058 798 794
f 2076 804 800
f 2130 822 818
f 1968 768 764
f 1982 772 769
f 2216 851 847
f 2287 873 871
f 2179 837 835
f 1873 735 733
f 1895 742 740
f 2273 868 866
f 2309 880 878
f 2165 832 830
f 2144 827 823
f 2000 778 775
f 2198 844 841
f 1913 749 746
f 2125 819 817
f 1963 765 763
f 1985 773 770
f 2219 850 848
f 2292 876 872
f 2162 833 829
f 2147 826 824
f 2003 779 776
f 2201 845 842
f 1910 748 745
f 1863 729 731
f 1809 711 713
f 1794 706 708
f 1830 718 720
f 1848 724 726
f 1886 737 738
f 2192 839 840
f 2318 882 881
f 2282 870 869
f 1904 744 743
f 2097 807 809
f 2043 789 790
f 1956 762 760
f 2066 797 798
f 2082 802 804
f 2138 821 822
f 1974 766 768
f 1992 774 772
f 2228 852 851
f 2295 874 873
f 2331 1270 1269
f 2327 1246 1245
f 2328 1251 1252
f 2334 1287 1288
f 2337 1305 1306
f 2346 1335 1336
f 2412 1552 1551
f 2499 1474 1473
f 2487 1600 1599
f 2436 1353 1354
f 2376 1480 1479
f 2372 1402 1401
f 2373 1407 1408
f 2379 1491 1492
f 2382 1503 1504
f 2396 1534 1533
f 2361 1413 1414
f 2418 1443 1444
f 2457 1593 1594
f 2463 1384 1383
f 2492 1324 1323
f 2402 1276 1275
f 2343 1264 1263
f 2433 1300 1299
f 2478 1318 1317
f 2406 1342 1341
f 2502 1563 1564
f 2484 1461 1462
f 2442 1587 1588
f 2349 1348 1347
f 2468 1522 1521
f 2387 1419 1420
f 2358 1396 1395
f 2421 1498 1497
f 2454 1516 1515
f 2472 1558 1557
f 2388 1426 1425
f 2364 1432 1431
f 2426 1569 1570
f 2448 1371 1372
f 2403 1281 1282
f 2342 1257 1258
f 2432 1293 1294
f 2477 1311 1312
f 2493 1329 1330
f 2462 1377 1378
f 2397 1539 1540
f 2367 1450 1449
f 2427 1576 1575
f 2447 1366 1365
f 2391 1485 1486
f 2357 1389 1390
f 2417 1438 1437
f 2453 1509 1510
f 2469 1527 1528
f 2411 1545 1546
f 2498 1467 1468
f 2483 1456 1455
f 2441 1582 1581
f 2352 1360 1359
f 2509 1271 1272
f 2503 1247 1248
f 2506 1254 1253
f 2512 1290 1289
f 2515 1308 1307
f 2518 1338 1337
f 2555 1553 1554
f 2541 1475 1476
f 2562 1601 1602
f 2522 1356 1355
f 2542 1481 1482
f 2528 1403 1404
f 2531 1410 1409
f 2545 1494 1493
f 2548 1506 1505
f 2551 1535 1536
f 2533 1416 1415
f 2537 1446 1445
f 2559 1596 1595
f 2526 1385 1386
f 1616 907 909
f 1608 889 891
f 1606 883 886
f 1612 895 898
f 1615 901 904
f 1624 919 922
f 1692 1057 1060
f 1782 1237 1240
f 1765 1201 1204
f 1714 1099 1102
f 1661 997 999
f 1653 979 981
f 1651 973 976
f 1657 985 988
f 1660 991 994
f 1675 1021 1024
f 1639 949 952
f 1696 1063 1066
f 1733 1135 1138
f 1751 1177 1179
f 1779 1231 1233
f 1683 1039 1041
f 1626 925 927
f 1721 1117 1119
f 1766 1207 1209
f 1689 1051 1053
f 1778 1225 1228
f 1760 1189 1192
f 1718 1105 1108
f 1629 931 933
f 1747 1165 1167
f 1665 1003 1005
f 1641 955 957
f 1704 1081 1083
f 1737 1147 1150
f 1750 1171 1174
f 1676 1027 1029
f 1644 961 963
f 1702 1075 1077
f 1726 1123 1126
f 1681 1033 1036
f 1620 913 915
f 1710 1093 1095
f 1755 1183 1185
f 1771 1213 1216
f 1740 1153 1155
f 1673 1015 1018
f 1647 967 970
f 1707 1087 1090
f 1734 1141 1143
f 1669 1009 1012
f 1635 943 945
f 1698 1069 1071
f 1729 1129 1131
f 1745 1159 1162
f 1687 1045 1047
f 1774 1219 1221
f 1762 1195 1197
f 1720 1111 1114
f 1632 937 940
f 2189 1280 1284
f 1883 1256 1260
f 1903 1292 1296
f 2281 1310 1314
f 2317 1328 1332
f 2173 1376 1380
f 2158 1538 1542
f 2012 1447 1451
f 2210 1573 1577
f 1924 1363 1367
f 2135 1484 1488
f 1973 1388 1392
f 1996 1435 1439
f 2227 1508 1512
f 2304 1526 1530
f 2176 1544 1548
f 2155 1466 1470
f 2014 1453 1457
f 2212 1579 1583
f 1922 1357 1361
f 1864 1268 1270
f 1810 1244 1246
f 1795 1249 1251
f 1831 1285 1287
f 1849 1303 1305
f 1887 1333 1335
f 2193 1550 1552
f 2321 1472 1474
f 2285 1598 1600
f 1907 1351 1353
f 2098 1478 1480
f 2044 1400 1402
f 1961 1405 1407
f 2067 1489 1491
f 2083 1501 1503
f 2139 1532 1534
f 1975 1411 1413
f 1997 1441 1443
f 2231 1591 1593
f 2298 1382 1384
f 2190 1322 1324
f 1884 1274 1276
f 1900 1262 1264
f 2278 1298 1300
f 2314 1316 1318
f 2170 1340 1342
f 2159 1561 1563
f 2015 1459 1461
f 2213 1585 1587
f 1918 1346 1348
f 2136 1520 1522
f 1977 1417 1419
f 1990 1394 1396
f 2224 1496 1498
f 2301 1514 1516
f 2177 1556 1558
f 2152 1424 1426
f 2008 1430 1432
f 2206 1567 1569
f 1925 1369 1371
f 1817 1279 1281
f 1797 1255 1257
f 1833 1291 1293
f 1851 1309 1311
f 1871 1327 1329
f 1941 1375 1377
f 2119 1537 1539
f 2029 1448 1450
f 2247 1574 1576
f 2262 1364 1366
f 2051 1483 1485
f 1954 1387 1389
f 2064 1436 1438
f 2085 1507 1509
f 2105 1525 1527
f 2121 1543 1545
f 2031 1465 1467
f 2244 1454 1456
f 2265 1580 1582
f 1939 1358 1360
f 1814 1267 1271
f 1793 1243 1247
f 1829 1250 1254
f 1847 1286 1290
f 1868 1304 1308
f 1937 1334 1338
f 2124 1549 1553
f 2034 1471 1475
f 2250 1597 1601
f 2261 1352 1356
f 2050 1477 1481
f 1960 1399 1403
f 2063 1406 1410
f 2081 1490 1494
f 2102 1502 1506
f 2117 1531 1535
f 2027 1412 1416
f 2243 1442 1446
f 2268 1592 1596
f 1944 1381 1385
f 1804 890 894
f 1785 884 887
f 1821 896 899
f 1839 902 905
f 1858 908 912
f 1929 938 941
f 2114 1046 1050
f 2024 1220 1224
f 2240 1196 1200
f 2253 1112 1115
f 2038 980 984
f 1951 974 977
f 2055 986 989
f 2073 992 995
f 2092 998 1002
f 2109 1016 1019
f 2019 968 971
f 2235 1088 1091
f 2258 1142 1146
f 1934 1154 1158
f 1861 1214 1217
f 1807 1034 1037
f 1790 914 918
f 1826 1094 1098
f 1844 1184 1188
f 1880 1040 1044
f 2186 1232 1236
f 2308 1208 1212
f 2272 1118 1122
f 1894 926 930
f 2095 1160 1163
f 2041 1010 1013
f 1948 944 948
f 2060 1070 1074
f 2078 1130 1134
f 2132 1166 1170
f 1970 1004 1008
f 1984 956 960
f 2218 1082 1086
f 2289 1148 1151
f 2181 1058 1061
f 1875 920 923
f 1897 1100 1103
f 2275 1202 1205
f 2311 1238 1241
f 2167 1172 1175
f 2146 1028 1032
f 2002 962 966
f 2200 1076 1080
f 1915 1124 1127
f 2127 1022 1025
f 1965 950 953
f 1987 1064 1067
f 2221 1136 1139
f 2294 1178 1182
f 2164 1052 1056
f 2149 1226 1229
f 2005 1190 1193
f 2203 1106 1109
f 1912 932 936
f 1870 1321 1325
f 1816 1273 1277
f 1800 1261 1265
f 1836 1297 1301
f 1854 1315 1319
f 1890 1339 1343
f 2196 1562 1566
f 2320 1460 1464
f 2284 1586 1590
f 1906 1345 1349
f 2104 1519 1523
f 2047 1418 1422
f 1958 1393 1397
f 2070 1495 1499
f 2088 1513 1517
f 2142 1555 1559
f 1980 1423 1427
f 1994 1429 1433
f 2230 1568 1572
f 2297 1370 1374
f 2329 894 892
f 2323 887 885
f 2326 899 897
f 2333 905 903
f 2336 912 910
f 2345 941 939
f 2409 1050 1048
f 2496 1224 1222
f 2485 1200 1198
f 2435 1115 1113
f 2374 984 982
f 2368 977 975
f 2371 989 987
f 2378 995 993
f 2381 1002 1000
f 2392 1019 1017
f 2360 971 969
f 2416 1091 1089
f 2456 1146 1144
f 2460 1158 1156
f 2488 1217 1215
f 2398 1037 1035
f 2340 918 916
f 2430 1098 1096
f 2475 1188 1186
f 2404 1044 1042
f 2501 1236 1234
f 2482 1212 1210
f 2440 1122 1120
f 2347 930 928
f 2464 1163 1161
f 2384 1013 1011
f 2355 948 946
f 2419 1074 1072
f 2451 1134 1132
f 2470 1170 1168
f 2385 1008 1006
f 2362 960 958
f 2423 1086 1084
f 2446 1151 1149
f 2401 1061 1059
f 2339 923 921
f 2429 1103 1101
f 2474 1205 1203
f 2491 1241 1239
f 2459 1175 1173
f 2395 1032 1030
f 2365 966 964
f 2424 1080 1078
f 2443 1127 1125
f 2390 1025 1023
f 2354 953 951
f 2413 1067 1065
f 2450 1139 1137
f 2467 1182 1180
f 2408 1056 1054
f 2495 1229 1227
f 2479 1193 1191
f 2437 1109 1107
f 2350 936 934
f 2511 1325 1326
f 2505 1277 1278
f 2507 1265 1266
f 2513 1301 1302
f 2516 1319 1320
f 2519 1343 1344
f 2556 1566 1565
f 2540 1464 1463
f 2561 1590 1589
f 2521 1349 1350
f 2544 1523 1524
f 2529 1422 1421
f 2530 1397 1398
f 2546 1499 1500
f 2549 1517 1518
f 2553 1559 1560
f 2534 1427 1428
f 2536 1433 1434
f 2557 1572 1571
f 2525 1374 1373
f 1609 892 889
f 1605 885 883
f 1611 897 895
f 1614 903 901
f 1617 910 907
f 1631 939 937
f 1688 1048 1045
f 1775 1222 1219
f 1763 1198 1195
f 1719 1113 1111
f 1654 982 979
f 1650 975 973
f 1656 987 985
f 1659 993 991
f 1662 1000 997
f 1672 1017 1015
f 1646 969 967
f 1706 1089 1087
f 1735 1144 1141
f 1741 1156 1153
f 1770 1215 1213
f 1680 1035 1033
f 1621 916 913
f 1711 1096 1093
f 1756 1186 1183
f 1684 1042 1039
f 1780 1234 1231
f 1767 1210 1207
f 1722 1120 1117
f 1627 928 925
f 1744 1161 1159
f 1668 1011 1009
f 1636 946 943
f 1699 1072 1069
f 1730 1132 1129
f 1748 1168 1165
f 1666 1006 1003
f 1642 958 955
f 1705 1084 1081
f 1736 1149 1147
f 1691 1059 1057
f 1623 921 919
f 1713 1101 1099
f 1764 1203 1201
f 1781 1239 1237
f 1749 1173 1171
f 1677 1030 1027
f 1645 964 961
f 1703 1078 1075
f 1725 1125 1123
f 1674 1023 1021
f 1638 951 949
f 1695 1065 1063
f 1732 1137 1135
f 1752 1180 1177
f 1690 1054 1051
f 1777 1227 1225
f 1759 1191 1189
f 1717 1107 1105
f 1630 934 931
f 2191 1326 1322
f 1885 1278 1274
f 1901 1266 1262
f 2279 1302 1298
f 2315 1320 1316
f 2171 1344 1340
f 2160 1565 1561
f 2016 1463 1459
f 2214 1589 1585
f 1919 1350 1346
f 2137 1524 1520
f 1978 1421 1417
f 1991 1398 1394
f 2225 1500 1496
f 2302 1518 1514
f 2178 1560 1556
f 2153 1428 1424
f 2009 1434 1430
f 2207 1571 1567
f 1926 1373 1369
f 1857 911 908
f 1803 893 890
f 1786 888 884
f 1822 900 896
f 1840 906 902
f 1876 924 920
f 2182 1062 1058
f 2312 1242 1238
f 2276 1206 1202
f 1898 1104 1100
f 2091 1001 998
f 2037 983 980
f 1952 978 974
f 2056 990 986
f 2074 996 992
f 2128 1026 1022
f 1966 954 950
f 1988 1068 1064
f 2222 1140 1136
f 2293 1181 1178
f 2185 1235 1232
f 1879 1043 1040
f 1893 929 926
f 2271 1121 1118
f 2307 1211 1208
f 2163 1055 1052
f 2150 1230 1226
f 2006 1194 1190
f 2204 1110 1106
f 1911 935 932
f 2131 1169 1166
f 1969 1007 1004
f 1983 959 956
f 2217 1085 1082
f 2290 1152 1148
f 2168 1176 1172
f 2145 1031 1028
f 2001 965 962
f 2199 1079 1076
f 1916 1128 1124
f 1808 1038 1034
f 1789 917 914
f 1825 1097 1094
f 1843 1187 1184
f 1862 1218 1214
f 1933 1157 1154
f 2110 1020 1016
f 2020 972 968
f 2236 1092 1088
f 2257 1145 1142
f 2042 1014 1010
f 1947 947 944
f 2059 1073 1070
f 2077 1133 1130
f 2096 1164 1160
f 2113 1049 1046
f 2023 1223 1220
f 2239 1199 1196
f 2254 1116 1112
f 1930 942 938
f 1818 1283 1279
f 1798 1259 1255
f 1834 1295 1291
f 1852 1313 1309
f 1872 1331 1327
f 1942 1379 1375
f 2120 1541 1537
f 2030 1452 1448
f 2248 1578 1574
f 2263 1368 1364
f 2052 1487 1483
f 1955 1391 1387
f 2065 1440 1436
f 2086 1511 1507
f 2106 1529 1525
f 2122 1547 1543
f 2032 1469 1465
f 2245 1458 1454
f 2266 1584 1580
f 1940 1362 1358
f 1813 1269 1267
f 1792 1245 1243
f 1828 1252 1250
f 1846 1288 1286
f 1867 1306 1304
f 1936 1336 1334
f 2123 1551 1549
f 2033 1473 1471
f 2249 1599 1597
f 2260 1354 1352
f 2049 1479 1477
f 1959 1401 1399
f 2062 1408 1406
f 2080 1492 1490
f 2101 1504 1502
f 2116 1533 1531
f 2026 1414 1412
f 2242 1444 1442
f 2267 1594 1592
f 1943 1383 1381
f 1869 1323 1321
f 1815 1275 1273
f 1799 1263 1261
f 1835 1299 1297
f 1853 1317 1315
f 1889 1341 1339
f 2195 1564 1562
f 2319 1462 1460
f 2283 1588 1586
f 1905 1347 1345
f 2103 1521 1519
f 2046 1420 1418
f 1957 1395 1393
f 2069 1497 1495
f 2087 1515 1513
f 2141 1557 1555
f 1979 1425 1423
f 1993 1431 1429
f 2229 1570 1568
f 2296 1372 1370
f 2188 1282 1280
f 1882 1258 1256
f 1902 1294 1292
f 2280 1312 1310
f 2316 1330 1328
f 2172 1378 1376
f 2157 1540 1538
f 2011 1449 1447
f 2209 1575 1573
f 1923 1365 1363
f 2134 1486 1484
f 1972 1390 1388
f 1995 1437 1435
f 2226 1510 1508
f 2303 1528 1526
f 2175 1546 1544
f 2154 1468 1466
f 2013 1455 1453
f 2211 1581 1579
f 1921 1359 1357
f 1865 1272 1268
f 1811 1248 1244
f 1796 1253 1249
f 1832 1289 1285
f 1850 1307 1303
f 1888 1337 1333
f 2194 1554 1550
f 2322 1476 1472
f 2286 1602 1598
f 1908 1355 1351
f 2099 1482 1478
f 2045 1404 1400
f 1962 1409 1405
f 2068 1493 1489
f 2084 1505 1501
f 2140 1536 1532
f 1976 1415 1411
f 1998 1445 1441
f 2232 1595 1591
f 2299 1386 1382
f 2330 909 911
f 2324 891 893
f 2325 886 888
f 2332 898 900
f 2335 904 906
f 2344 922 924
f 2410 1060 1062
f 2497 1240 1242
f 2486 1204 1206
f 2434 1102 1104
f 2375 999 1001
f 2369 981 983
f 2370 976 978
f 2377 988 990
f 2380 994 996
f 2393 1024 1026
f 2359 952 954
f 2415 1066 1068
f 2455 1138 1140
f 2461 1179 1181
f 2489 1233 1235
f 2399 1041 1043
f 2341 927 929
f 2431 1119 1121
f 2476 1209 1211
f 2405 1053 1055
f 2500 1228 1230
f 2481 1192 1194
f 2439 1108 1110
f 2348 933 935
f 2465 1167 1169
f 2383 1005 1007
f 2356 957 959
f 2420 1083 1085
f 2452 1150 1152
f 2471 1174 1176
f 2386 1029 1031
f 2363 963 965
f 2422 1077 1079
f 2445 1126 1128
f 2400 1036 1038
f 2338 915 917
f 2428 1095 1097
f 2473 1185 1187
f 2490 1216 1218
f 2458 1155 1157
f 2394 1018 1020
f 2366 970 972
f 2425 1090 1092
f 2444 1143 1145
f 2389 1012 1014
f 2353 945 947
f 2414 1071 1073
f 2449 1131 1133
f 2466 1162 1164
f 2407 1047 1049
f 2494 1221 1223
f 2480 1197 1199
f 2438 1114 1116
f 2351 940 942
f 2510 1284 1283
f 2504 1260 1259
f 2508 1296 1295
f 2514 1314 1313
f 2517 1332 1331
f 2520 1380 1379
f 2554 1542 1541
f 2539 1451 1452
f 2560 1577 1578
f 2523 1367 1368
f 2543 1488 1487
f 2527 1392 1391
f 2532 1439 1440
f 2547 1512 1511
f 2550 1530 1529
f 2552 1548 1547
f 2535 1470 1469
f 2538 1457 1458
f 2558 1583 1584
f 2524 1361 1362
f 1607 1616 1609
f 1603 1608 1605
f 1604 1606 1611
f 1610 1612 1614
f 1613 1615 1617
f 1622 1624 1631
f 1686 1692 1688
f 1773 1782 1775
f 1761 1765 1763
f 1712 1714 1719
f 1652 1661 1654
f 1648 1653 1650
f 1649 1651 1656
f 1655 1657 1659
f 1658 1660 1662
f 1670 1675 1672
f 1637 1639 1646
f 1694 1696 1706
f 1731 1733 1735
f 1739 1751 1741
f 1768 1779 1770
f 1678 1683 1680
f 1619 1626 1621
f 1709 1721 1711
f 1754 1766 1756
f 1682 1689 1684
f 1776 1778 1780
f 1758 1760 1767
f 1716 1718 1722
f 1625 1629 1627
f 1742 1747 1744
f 1663 1665 1668
f 1634 1641 1636
f 1697 1704 1699
f 1728 1737 1730
f 1746 1750 1748
f 1664 1676 1666
f 1640 1644 1642
f 1700 1702 1705
f 1724 1726 1736
f 1679 1681 1691
f 1618 1620 1623
f 1708 1710 1713
f 1753 1755 1764
f 1769 1771 1781
f 1738 1740 1749
f 1671 1673 1677
f 1643 1647 1645
f 1701 1707 1703
f 1723 1734 1725
f 1667 1669 1674
f 1633 1635 1638
f 1693 1698 1695
f 1727 1729 1732
f 1743 1745 1752
f 1685 1687 1690
f 1772 1774 1777
f 1757 1762 1759
f 1715 1720 1717
f 1628 1632 1630
f 2187 2189 2191
f 1881 1883 1885
f 1899 1903 1901
f 2277 2281 2279
f 2313 2317 2315
f 2169 2173 2171
f 2156 2158 2160
f 2010 2012 2016
f 2208 2210 2214
f 1917 1924 1919
f 2133 2135 2137
f 1971 1973 1978
f 1989 1996 1991
f 2223 2227 2225
f 2300 2304 2302
f 2174 2176 2178
f 2151 2155 2153
f 2007 2014 2009
f 2205 2212 2207
f 1920 1922 1926
f 1855 1864 1857
f 1801 1810 1803
f 1784 1795 1786
f 1820 1831 1822
f 1838 1849 1840
f 1874 1887 1876
f 2180 2193 2182
f 2310 2321 2312
f 2274 2285 2276
f 1896 1907 1898
f 2089 2098 2091
f 2035 2044 2037
f 1950 1961 1952
f 2054 2067 2056
f 2072 2083 2074
f 2126 2139 2128
f 1964 1975 1966
f 1986 1997 1988
f 2220 2231 2222
f 2291 2298 2293
f 2183 2190 2185
f 1877 1884 1879
f 1891 1900 1893
f 2269 2278 2271
f 2305 2314 2307
f 2161 2170 2163
f 2148 2159 2150
f 2004 2015 2006
f 2202 2213 2204
f 1909 1918 1911
f 2129 2136 2131
f 1967 1977 1969
f 1981 1990 1983
f 2215 2224 2217
f 2288 2301 2290
f 2166 2177 2168
f 2143 2152 2145
f 1999 2008 2001
f 2197 2206 2199
f 1914 1925 1916
f 1806 1817 1808
f 1787 1797 1789
f 1823 1833 1825
f 1841 1851 1843
f 1860 1871 1862
f 1931 1941 1933
f 2108 2119 2110
f 2018 2029 2020
f 2234 2247 2236
f 2255 2262 2257
f 2040 2051 2042
f 1945 1954 1947
f 2057 2064 2059
f 2075 2085 2077
f 2094 2105 2096
f 2111 2121 2113
f 2021 2031 2023
f 2237 2244 2239
f 2252 2265 2254
f 1928 1939 1930
f 1812 1814 1818
f 1791 1793 1798
f 1827 1829 1834
f 1845 1847 1852
f 1866 1868 1872
f 1935 1937 1942
f 2118 2124 2120
f 2028 2034 2030
f 2246 2250 2248
f 2259 2261 2263
f 2048 2050 2052
f 1953 1960 1955
f 2061 2063 2065
f 2079 2081 2086
f 2100 2102 2106
f 2115 2117 2122
f 2025 2027 2032
f 2241 2243 2245
f 2264 2268 2266
f 1938 1944 1940
f 1802 1804 1813
f 1783 1785 1792
f 1819 1821 1828
f 1837 1839 1846
f 1856 1858 1867
f 1927 1929 1936
f 2112 2114 2123
f 2022 2024 2033
f 2238 2240 2249
f 2251 2253 2260
f 2036 2038 2049
f 1949 1951 1959
f 2053 2055 2062
f 2071 2073 2080
f 2090 2092 2101
f 2107 2109 2116
f 2017 2019 2026
f 2233 2235 2242
f 2256 2258 2267
f 1932 1934 1943
f 1859 1861 1869
f 1805 1807 1815
f 1788 1790 1799
f 1824 1826 1835
f 1842 1844 1853
f 1878 1880 1889
f 2184 2186 2195
f 2306 2308 2319
f 2270 2272 2283
f 1892 1894 1905
f 2093 2095 2103
f 2039 2041 2046
f 1946 1948 1957
f 2058 2060 2069
f 2076 2078 2087
f 2130 2132 2141
f 1968 1970 1979
f 1982 1984 1993
f 2216 2218 2229
f 2287 2289 2296
f 2179 2181 2188
f 1873 1875 1882
f 1895 1897 1902
f 2273 2275 2280
f 2309 2311 2316
f 2165 2167 2172
f 2144 2146 2157
f 2000 2002 2011
f 2198 2200 2209
f 1913 1915 1923
f 2125 2127 2134
f 1963 1965 1972
f 1985 1987 1995
f 2219 2221 2226
f 2292 2294 2303
f 2162 2164 2175
f 2147 2149 2154
f 2003 2005 2013
f 2201 2203 2211
f 1910 1912 1921
f 1863 1870 1865
f 1809 1816 1811
f 1794 1800 1796
f 1830 1836 1832
f 1848 1854 1850
f 1886 1890 1888
f 2192 2196 2194
f 2318 2320 2322
f 2282 2284 2286
f 1904 1906 1908
f 2097 2104 2099
f 2043 2047 2045
f 1956 1958 1962
f 2066 2070 2068
f 2082 2088 2084
f 2138 2142 2140
f 1974 1980 1976
f 1992 1994 1998
f 2228 2230 2232
f 2295 2297 2299
f 2331 2329 2330
f 2327 2323 2324
f 2328 2326 2325
f 2334 2333 2332
f 2337 2336 2335
f 2346 2345 2344
f 2412 2409 2410
f 2499 2496 2497
f 2487 2485 2486
f 2436 2435 2434
f 2376 2374 2375
f 2372 2368 2369
f 2373 2371 2370
f 2379 2378 2377
f 2382 2381 2380
f 2396 2392 2393
f 2361 2360 2359
f 2418 2416 2415
f 2457 2456 2455
f 2463 2460 2461
f 2492 2488 2489
f 2402 2398 2399
f 2343 2340 2341
f 2433 2430 2431
f 2478 2475 2476
f 2406 2404 2405
f 2502 2501 2500
f 2484 2482 2481
f 2442 2440 2439
f 2349 2347 2348
f 2468 2464 2465
f 2387 2384 2383
f 2358 2355 2356
f 2421 2419 2420
f 2454 2451 2452
f 2472 2470 2471
f 2388 2385 2386
f 2364 2362 2363
f 2426 2423 2422
f 2448 2446 2445
f 2403 2401 2400
f 2342 2339 2338
f 2432 2429 2428
f 2477 2474 2473
f 2493 2491 2490
f 2462 2459 2458
f 2397 2395 2394
f 2367 2365 2366
f 2427 2424 2425
f 2447 2443 2444
f 2391 2390 2389
f 2357 2354 2353
f 2417 2413 2414
f 2453 2450 2449
f 2469 2467 2466
f 2411 2408 2407
f 2498 2495 2494
f 2483 2479 2480
f 2441 2437 2438
f 2352 2350 2351
f 2509 2511 2510
f 2503 2505 2504
f 2506 2507 2508
f 2512 2513 2514
f 2515 2516 2517
f 2518 2519 2520
f 2555 2556 2554
f 2541 2540 2539
f 2562 2561 2560
f 2522 2521 2523
f 2542 2544 2543
f 2528 2529 2527
f 2531 2530 2532
f 2545 2546 2547
f 2548 2549 2550
f 2551 2553 2552
f 2533 2534 2535
f 2537 2536 2538
f 2559 2557 2558
f 2526 2525 2524