v -0.323185 0.428262 -0.026131
v 0.323121 0.428040 -0.025826
v -0.350505 -0.550447 0.006134
v 0.350065 -0.550160 0.005566
v -0.000198 -0.447349 0.706845
v -0.000022 0.273921 0.601015
v 0.000054 -0.266324 -0.594662
v -0.000177 0.422633 -0.706623
v 0.583529 0.002069 -0.371729
v 0.606408 0.002002 0.370992
v -0.583570 0.002056 -0.371783
v -0.606389 0.001907 0.371017
v -0.000100 0.502911 -0.056292
v -0.194236 0.347713 0.301120
v -0.214819 0.657839 -0.447074
v -0.495825 0.272086 -0.200772
v -0.532131 0.256808 0.209231
v 0.194368 0.347551 0.301467
v 0.214772 0.656821 -0.447919
v 0.496182 0.272044 -0.200883
v 0.532189 0.256837 0.209216
v -0.000350 -0.626261 0.012876
v -0.246627 -0.670232 0.456872
v -0.202900 -0.498872 -0.319614
v -0.501391 -0.252450 -0.188678
v -0.515202 -0.286152 0.214115
v 0.246725 -0.670728 0.457015
v 0.202513 -0.499102 -0.319616
v 0.501130 -0.252687 -0.188678
v 0.514832 -0.285994 0.214198
v 0.000388 -0.005064 0.698182
v 0.339860 -0.217583 0.576101
v -0.339984 -0.217740 0.576173
v 0.336133 0.184090 0.547134
v -0.336015 0.183673 0.546926
v -0.000108 0.019228 -0.715332
v 0.330136 -0.180273 -0.544154
v -0.330015 -0.180184 -0.544216
v 0.354311 0.216174 -0.615111
v -0.354026 0.216317 -0.614919
v 0.688734 -0.000015 0.014626
v -0.688725 0.000001 0.014655
v -0.167602 0.479144 -0.046365
v -0.271940 0.397270 0.118435
v -0.271453 0.510026 -0.207508
v -0.413037 0.385648 -0.106109
v -0.428234 0.345895 0.085684
v 0.167505 0.479095 -0.046143
v 0.271387 0.396940 0.118578
v 0.271619 0.510654 -0.209208
v 0.412550 0.385551 -0.106559
v 0.428267 0.345883 0.085956
v -0.207015 -0.659616 -0.000085
v -0.290924 -0.539203 0.188320
v -0.355785 -0.671805 -0.184337
v -0.412730 -0.416309 -0.073890
v -0.430355 -0.428460 0.115413
v 0.206628 -0.659900 -0.000075
v 0.290770 -0.539395 0.188455
v 0.355396 -0.672013 -0.184183
v 0.412504 -0.416184 -0.074155
v 0.430542 -0.428352 0.115566
v -0.139850 -0.655524 0.693561
v 0.139153 -0.655986 0.692276
v 0.000186 -0.230857 0.763554
v 0.187353 -0.366016 0.697714
v -0.187434 -0.366051 0.697697
v -0.096794 0.300336 0.491113
v 0.096676 0.300462 0.491237
v 0.000040 0.202007 0.644837
v 0.158430 0.256345 0.601080
v -0.158483 0.256348 0.601059
v -0.088518 -0.337719 -0.461656
v 0.088457 -0.338018 -0.461394
v 0.000091 -0.195137 -0.635185
v 0.153240 -0.244639 -0.593671
v -0.153162 -0.244702 -0.593667
v -0.127911 0.575496 -0.633869
v 0.128023 0.575324 -0.633942
v -0.000086 0.242030 -0.792875
v 0.189347 0.351750 -0.719365
v -0.189183 0.352311 -0.719652
v 0.574860 0.116932 -0.306196
v 0.568598 -0.119047 -0.302824
v 0.480020 -0.076226 -0.460319
v 0.496897 0.083063 -0.481781
v 0.638891 -0.000381 -0.201165
v 0.583615 0.122096 0.304016
v 0.581018 -0.123951 0.300926
v 0.495210 -0.079430 0.463256
v 0.496288 0.081124 0.463291
v 0.670961 0.000700 0.215880
v -0.574796 0.116756 -0.306163
v -0.568470 -0.118977 -0.302729
v -0.480350 -0.076383 -0.460438
v -0.496917 0.082929 -0.481836
v -0.638992 -0.000395 -0.201184
v -0.583913 0.122296 0.304235
v -0.580388 -0.124339 0.300918
v -0.495485 -0.079182 0.463486
v -0.495984 0.081077 0.463189
v -0.670958 0.000645 0.215867
v -0.089756 0.431511 0.115888
v -0.084362 0.582555 -0.248297
v 0.089651 0.431685 0.115546
v 0.084628 0.582968 -0.248210
v -0.383178 0.314150 0.277035
v 0.000096 0.361730 0.303803
v -0.291318 0.281939 0.469976
v -0.394641 0.482306 -0.328156
v 0.000164 0.700376 -0.455965
v -0.303944 0.444100 -0.541096
v -0.546115 0.268125 0.014235
v -0.437689 0.265619 -0.416130
v -0.622465 0.132936 -0.089436
v -0.458439 0.233961 0.400377
v -0.629633 0.136672 0.115135
v 0.383710 0.314065 0.277270
v 0.291369 0.281999 0.469940
v 0.394640 0.482876 -0.329445
v 0.303919 0.443839 -0.541438
v 0.546182 0.267937 0.014277
v 0.437325 0.265484 -0.416220
v 0.622520 0.133068 -0.089423
v 0.458517 0.233891 0.400367
v 0.629652 0.136646 0.115139
v -0.090059 -0.586118 0.227004
v -0.109395 -0.685525 -0.186982
v 0.090526 -0.586542 0.227290
v 0.108372 -0.684874 -0.186754
v -0.392094 -0.454624 0.334005
v -0.000170 -0.660708 0.469952
v -0.332257 -0.480424 0.568059
v -0.353696 -0.371185 -0.259797
v 0.000194 -0.500072 -0.320395
v -0.268737 -0.292544 -0.446458
v -0.535763 -0.274053 0.019648
v -0.441904 -0.217177 -0.397887
v -0.619215 -0.133988 -0.089842
v -0.445170 -0.275099 0.407570
v -0.627941 -0.138245 0.113393
v 0.392051 -0.454656 0.334035
v 0.332352 -0.480812 0.567992
v 0.353755 -0.370600 -0.259949
v 0.268578 -0.292684 -0.446337
v 0.535812 -0.273818 0.019942
v 0.441893 -0.217029 -0.397842
v 0.619198 -0.134074 -0.089867
v 0.445423 -0.274297 0.407785
v 0.627950 -0.138246 0.113378
v 0.190847 -0.114510 0.692458
v -0.191127 -0.114525 0.692697
v 0.179860 0.099115 0.635315
v -0.179770 0.099577 0.635566
v 0.358265 0.001501 0.581346
v -0.358433 0.001517 0.581423
v 0.177860 -0.088922 -0.635522
v -0.177904 -0.088929 -0.635434
v 0.226395 0.124654 -0.783840
v -0.226488 0.124088 -0.784175
v 0.356604 0.012136 -0.596148
v -0.356468 0.012170 -0.595916
v -0.255427 0.453803 -0.036929
v -0.303804 0.416743 0.038619
v -0.297064 0.458008 -0.103307
v -0.366229 0.413350 -0.062124
v -0.372108 0.391051 0.024251
v 0.255925 0.454175 -0.036944
v 0.303905 0.416912 0.038768
v 0.297131 0.458006 -0.103805
v 0.366270 0.413344 -0.061908
v 0.371935 0.391064 0.024420
v -0.294694 -0.610212 -0.001739
v -0.326714 -0.543151 0.078715
v -0.345527 -0.601366 -0.069682
v -0.383979 -0.501168 -0.030695
v -0.393216 -0.496055 0.057787
v 0.294547 -0.610631 -0.002359
v 0.327181 -0.543205 0.078756
v 0.345517 -0.602176 -0.069395
v 0.384004 -0.501269 -0.030571
v 0.393543 -0.495777 0.057386
v -0.057782 -0.527048 0.693489
v 0.057271 -0.526900 0.693422
v -0.000137 -0.351198 0.724919
v 0.086134 -0.416801 0.709531
v -0.086098 -0.416511 0.708845
v -0.043474 0.283915 0.564639
v 0.043558 0.283924 0.564649
v 0.000013 0.257982 0.629436
v 0.069956 0.268825 0.606809
v -0.070010 0.268844 0.606790
v -0.040436 -0.290743 -0.542509
v 0.040479 -0.290601 -0.542641
v 0.000039 -0.248279 -0.622002
v 0.067872 -0.259494 -0.601939
v -0.067796 -0.259548 -0.601902
v -0.054210 0.489174 -0.674947
v 0.053880 0.488841 -0.674344
v -0.000086 0.342540 -0.746814
v 0.085389 0.394707 -0.716152
v -0.085239 0.394687 -0.715916
v 0.591296 0.050838 -0.349863
v 0.581050 -0.050362 -0.343675
v 0.544327 -0.030642 -0.415437
v 0.551534 0.034709 -0.421700
v 0.612899 0.000899 -0.303025
v 0.605400 0.051593 0.346338
v 0.606463 -0.048446 0.343712
v 0.566214 -0.028306 0.415364
v 0.565393 0.034245 0.417266
v 0.639086 0.001113 0.304212
v -0.591287 0.050725 -0.349950
v -0.581127 -0.050335 -0.343709
v -0.544390 -0.030580 -0.415521
v -0.551568 0.034734 -0.421739
v -0.612985 0.000854 -0.303066
v -0.605145 0.051746 0.346275
v -0.606508 -0.048428 0.343695
v -0.566265 -0.028418 0.415444
v -0.565350 0.034148 0.417239
v -0.639072 0.001097 0.304232
v -0.077591 0.496232 -0.051875
v 0.078091 0.495903 -0.051971
v -0.041679 0.472145 0.027432
v -0.035832 0.533461 -0.146481
v 0.041843 0.472042 0.027314
v 0.036110 0.533424 -0.146163
v -0.235734 0.373550 0.207004
v -0.147566 0.322715 0.397563
v -0.140927 0.388277 0.208999
v -0.292227 0.332979 0.294656
v -0.096745 0.357621 0.303097
v -0.247573 0.311685 0.392229
v -0.253331 0.594734 -0.327611
v -0.183215 0.638761 -0.542002
v -0.156154 0.670711 -0.358659
v -0.388344 0.634588 -0.410385
v -0.154044 0.811658 -0.458543
v -0.283967 0.567736 -0.501453
v -0.455782 0.339330 -0.151424
v -0.537774 0.194086 -0.253440
v -0.421252 0.358226 -0.260781
v -0.526124 0.269841 -0.090611
v -0.465599 0.272722 -0.309449
v -0.564091 0.200043 -0.143571
v -0.484625 0.301772 0.149777
v -0.561734 0.195795 0.259398
v -0.463966 0.290463 0.247841
v -0.545504 0.262691 0.111539
v -0.501822 0.247202 0.306831
v -0.586645 0.204662 0.163842
v 0.235036 0.373230 0.207281
v 0.147561 0.322817 0.397605
v 0.141234 0.388231 0.209218
v 0.096664 0.357568 0.303225
v 0.291452 0.332937 0.294132
v 0.247506 0.311757 0.392085
v 0.254357 0.596574 -0.328674
v 0.183168 0.638592 -0.542101
v 0.156439 0.670853 -0.358664
v 0.154065 0.811896 -0.458378
v 0.391973 0.632968 -0.412989
v 0.283936 0.566700 -0.502464
v 0.455989 0.339244 -0.151209
v 0.538045 0.194060 -0.253329
v 0.421120 0.358285 -0.260746
v 0.526105 0.269889 -0.090348
v 0.465898 0.272773 -0.309967
v 0.563669 0.200050 -0.143959
v 0.484680 0.301698 0.149835
v 0.561854 0.195963 0.259431
v 0.463969 0.290532 0.247808
v 0.545461 0.262669 0.111636
v 0.501873 0.247172 0.306832
v 0.586734 0.204682 0.163844
v -0.103935 -0.643699 0.006021
v 0.103508 -0.643589 0.005971
v -0.046862 -0.606146 0.111672
v -0.065902 -0.632424 -0.078149
v 0.046501 -0.605845 0.111456
v 0.065268 -0.632179 -0.078130
v -0.254320 -0.552332 0.329547
v -0.218939 -0.792165 0.618604
v -0.144700 -0.590702 0.363461
v -0.320965 -0.542392 0.402049
v -0.120732 -0.711434 0.471267
v -0.316481 -0.615174 0.538209
v -0.293771 -0.626543 -0.289974
v -0.139718 -0.403161 -0.379584
v -0.166550 -0.635610 -0.280772
v -0.289082 -0.447817 -0.297597
v -0.102186 -0.505435 -0.322700
v -0.228422 -0.374048 -0.366598
v -0.453689 -0.329693 -0.127438
v -0.545026 -0.185175 -0.251819
v -0.428837 -0.311272 -0.228263
v -0.521883 -0.264462 -0.082367
v -0.478749 -0.235752 -0.297487
v -0.568564 -0.194567 -0.141215
v -0.471827 -0.359428 0.167990
v -0.551302 -0.205975 0.257144
v -0.452892 -0.368287 0.270816
v -0.530623 -0.281698 0.116485
v -0.485161 -0.284582 0.311596
v -0.579843 -0.210276 0.161982
v 0.254736 -0.552528 0.329902
v 0.216471 -0.793801 0.616689
v 0.145003 -0.590687 0.363550
v 0.120586 -0.710888 0.471210
v 0.320225 -0.542769 0.402616
v 0.316643 -0.616250 0.537864
v 0.293983 -0.626665 -0.290104
v 0.139434 -0.403384 -0.379735
v 0.165882 -0.635079 -0.280454
v 0.102121 -0.505145 -0.322572
v 0.289025 -0.447463 -0.296795
v 0.228423 -0.373905 -0.366875
v 0.453386 -0.329454 -0.127560
v 0.544953 -0.185048 -0.251769
v 0.428878 -0.311188 -0.228472
v 0.522341 -0.264188 -0.082455
v 0.478748 -0.235337 -0.297560
v 0.568503 -0.194439 -0.141197
v 0.472264 -0.359417 0.168047
v 0.551741 -0.206249 0.257076
v 0.453136 -0.368469 0.270550
v 0.530631 -0.281582 0.116769
v 0.484432 -0.284212 0.312072
v 0.579923 -0.210148 0.161806
v -0.000189 -0.108086 0.779298
v 0.000117 0.098809 0.659668
v 0.095499 -0.059044 0.708467
v -0.095246 -0.059253 0.708461
v 0.091669 0.047009 0.667307
v -0.091636 0.046922 0.667367
v 0.269055 -0.295573 0.645945
v 0.416351 -0.144496 0.515487
v 0.333692 -0.343726 0.571946
v 0.397641 -0.253761 0.497368
v 0.271690 -0.169651 0.644069
v 0.352684 -0.102579 0.584385
v -0.269325 -0.295237 0.645831
v -0.416482 -0.143814 0.515238
v -0.333635 -0.342731 0.571464
v -0.398161 -0.253741 0.497388
v -0.271459 -0.169683 0.642753
v -0.353159 -0.102509 0.584660
v 0.248732 0.226733 0.579620
v 0.419168 0.133136 0.508029
v 0.319044 0.249706 0.521001
v 0.401849 0.212979 0.482122
v 0.261989 0.147262 0.597699
v 0.349913 0.095762 0.565892
v -0.248810 0.226819 0.579638
v -0.419104 0.132982 0.507664
v -0.319066 0.249703 0.520997
v -0.401734 0.213069 0.482046
v -0.261763 0.146213 0.597346
v -0.350210 0.096091 0.566676
v 0.000062 -0.090668 -0.655829
v -0.000076 0.129337 -0.783942
v 0.094152 -0.035159 -0.676929
v -0.094192 -0.034751 -0.676831
v 0.106846 0.070923 -0.754724
v -0.107367 0.072038 -0.754163
v 0.243777 -0.218789 -0.574501
v 0.408019 -0.126609 -0.504238
v 0.308071 -0.234230 -0.516192
v 0.391919 -0.199908 -0.481567
v 0.256754 -0.139426 -0.592779
v 0.341574 -0.087865 -0.564787
v -0.243680 -0.218719 -0.574580
v -0.407859 -0.126985 -0.504287
v -0.308050 -0.234356 -0.516136
v -0.391917 -0.199750 -0.481633
v -0.256907 -0.139492 -0.592646
v -0.341779 -0.087496 -0.565170
v 0.279688 0.288823 -0.683378
v 0.427542 0.145597 -0.545879
v 0.326924 0.325162 -0.579819
v 0.401867 0.246282 -0.517723
v 0.304704 0.179576 -0.718062
v 0.375585 0.111890 -0.632738
v -0.279267 0.288871 -0.683094
v -0.427495 0.145546 -0.545902
v -0.326881 0.325494 -0.580001
v -0.400997 0.246532 -0.516824
v -0.304781 0.179460 -0.718237
v -0.375919 0.112012 -0.633048
v 0.667260 -0.000449 -0.091060
v 0.681391 0.000307 0.116506
v 0.669480 0.066328 -0.036644
v 0.670099 0.067802 0.065510
v 0.661502 -0.068286 -0.037687
v 0.666243 -0.068571 0.064607
v -0.667375 -0.000460 -0.091116
v -0.681393 0.000269 0.116491
v -0.669424 0.066309 -0.036632
v -0.670075 0.067786 0.065480
v -0.661584 -0.068260 -0.037700
v -0.666232 -0.068569 0.064630
v -0.218673 0.440582 0.038488
v -0.214497 0.496217 -0.128629
v -0.128581 0.460689 0.033598
v -0.118598 0.520782 -0.139947
v -0.355016 0.373354 0.107847
v -0.181179 0.417215 0.119912
v -0.327389 0.354077 0.198109
v -0.345986 0.449883 -0.162536
v -0.179812 0.557964 -0.237060
v -0.342862 0.518012 -0.276027
v -0.429071 0.362913 -0.006421
v -0.389268 0.421530 -0.215608
v -0.482966 0.325253 -0.044113
v -0.410730 0.330394 0.178752
v -0.490836 0.312800 0.053722
v 0.218701 0.440715 0.038525
v 0.214237 0.495724 -0.128877
v 0.128519 0.460064 0.033929
v 0.118147 0.520626 -0.139483
v 0.354679 0.373254 0.107899
v 0.181249 0.417184 0.119943
v 0.326808 0.353958 0.198031
v 0.345599 0.450258 -0.163926
v 0.179761 0.558203 -0.237403
v 0.344599 0.522812 -0.279171
v 0.429045 0.362731 -0.006341
v 0.389196 0.422067 -0.216486
v 0.482945 0.325208 -0.043895
v 0.411268 0.330338 0.178988
v 0.490872 0.312706 0.053819
v -0.237666 -0.570446 0.080380
v -0.298704 -0.747570 -0.081004
v -0.138659 -0.591124 0.092013
v -0.162867 -0.770447 -0.077699
v -0.381567 -0.498254 0.157014
v -0.189807 -0.565183 0.212804
v -0.348778 -0.507394 0.274054
v -0.373648 -0.517717 -0.126245
v -0.231692 -0.784528 -0.222683
v -0.352320 -0.510715 -0.227905
v -0.428853 -0.422695 0.018728
v -0.389829 -0.404922 -0.170182
v -0.471944 -0.341748 -0.028222
v -0.415831 -0.437823 0.220544
v -0.479536 -0.351320 0.068953
v 0.237749 -0.570139 0.080407
v 0.297764 -0.748324 -0.080919
v 0.138635 -0.591099 0.092329
v 0.161231 -0.769462 -0.079079
v 0.381516 -0.498107 0.156893
v 0.189873 -0.565222 0.212875
v 0.348059 -0.506834 0.274055
v 0.373614 -0.517904 -0.126189
v 0.230784 -0.784751 -0.222611
v 0.351996 -0.510204 -0.227806
v 0.429350 -0.422569 0.018844
v 0.390119 -0.404557 -0.170268
v 0.471872 -0.341495 -0.028163
v 0.415885 -0.438072 0.220700
v 0.479368 -0.351196 0.068858
v -0.000414 -0.610343 0.656248
v -0.177886 -0.508556 0.697009
v -0.063867 -0.685464 0.586967
v -0.284334 -0.621978 0.676515
v 0.177749 -0.508780 0.697366
v 0.063258 -0.685431 0.585597
v 0.284084 -0.623040 0.676782
v 0.095330 -0.295632 0.727763
v -0.095050 -0.295710 0.727174
v 0.097665 -0.172758 0.740745
v -0.098257 -0.172696 0.742182
v 0.283433 -0.441258 0.665652
v 0.191041 -0.235298 0.704310
v -0.283784 -0.441359 0.665272
v -0.191039 -0.235289 0.704006
v 0.000044 0.303252 0.490581
v -0.134473 0.279320 0.560748
v -0.048765 0.328599 0.399845
v -0.195162 0.293258 0.486340
v 0.134513 0.279353 0.560745
v 0.048964 0.329039 0.399219
v 0.195174 0.293225 0.486360
v 0.082162 0.234314 0.630965
v -0.082087 0.234133 0.630932
v 0.087773 0.148170 0.642873
v -0.087718 0.148407 0.642874
v 0.228311 0.269231 0.547084
v 0.172741 0.197181 0.619867
v -0.228262 0.269244 0.547065
v -0.172764 0.196812 0.619912
v -0.000021 -0.344617 -0.462923
v -0.126580 -0.278576 -0.545741
v -0.047156 -0.415871 -0.387143
v -0.177979 -0.321312 -0.455897
v 0.126544 -0.278544 -0.545850
v 0.047125 -0.415820 -0.387184
v 0.177961 -0.321366 -0.455796
v 0.081100 -0.232690 -0.624840
v -0.081061 -0.232738 -0.624830
v 0.087469 -0.145689 -0.639185
v -0.087605 -0.146557 -0.638727
v 0.217091 -0.261074 -0.535287
v 0.168092 -0.192956 -0.611693
v -0.217097 -0.261130 -0.535291
v -0.168144 -0.192862 -0.611607
v 0.000301 0.586659 -0.634573
v -0.163933 0.462265 -0.674401
v -0.068406 0.666237 -0.558805
v -0.226722 0.521392 -0.599018
v 0.163286 0.461658 -0.673223
v 0.068506 0.665973 -0.558849
v 0.226903 0.521387 -0.599735
v 0.105088 0.297046 -0.772336
v -0.105146 0.297367 -0.772217
v 0.118514 0.187636 -0.821804
v -0.118693 0.188367 -0.821310
v 0.252291 0.401755 -0.638881
v 0.222565 0.247761 -0.787549
v -0.252279 0.402056 -0.638603
v -0.222313 0.247695 -0.787505
v 0.542872 0.104197 -0.400039
v 0.616631 0.058518 -0.254026
v 0.515962 0.183158 -0.360577
v 0.597855 0.126546 -0.198948
v 0.528292 -0.102171 -0.387517
v 0.609689 -0.060357 -0.251991
v 0.512723 -0.172224 -0.352834
v 0.594315 -0.127400 -0.198490
v 0.497737 0.003782 -0.481394
v 0.466467 -0.155162 -0.437492
v 0.420857 -0.037739 -0.526539
v 0.476955 0.170769 -0.456716
v 0.436173 0.051841 -0.549245
v 0.643114 0.063163 -0.145473
v 0.635376 -0.065257 -0.145462
v 0.545169 0.105679 0.388518
v 0.638058 0.061012 0.260398
v 0.525650 0.183608 0.352514
v 0.614499 0.132531 0.212126
v 0.546251 -0.105824 0.386634
v 0.638457 -0.059131 0.258287
v 0.514864 -0.194963 0.349801
v 0.613254 -0.133805 0.209042
v 0.512144 0.005090 0.480612
v 0.470854 -0.175416 0.437029
v 0.440264 -0.039735 0.535379
v 0.476112 0.160512 0.434496
v 0.438233 0.048307 0.530671
v 0.661563 0.066057 0.166078
v 0.658616 -0.065756 0.164290
v -0.542870 0.104208 -0.400174
v -0.616673 0.058521 -0.254016
v -0.515942 0.183190 -0.360564
v -0.597778 0.126444 -0.198876
v -0.527548 -0.101830 -0.387158
v -0.609625 -0.060326 -0.251962
v -0.512703 -0.172064 -0.352955
v -0.594241 -0.127353 -0.198481
v -0.497636 0.003517 -0.481310
v -0.466412 -0.155032 -0.437554
v -0.421392 -0.037715 -0.526304
v -0.476695 0.170774 -0.456605
v -0.436047 0.051900 -0.549479
v -0.643165 0.063181 -0.145460
v -0.635213 -0.065191 -0.145413
v -0.545440 0.105741 0.388735
v -0.638080 0.061050 0.260335
v -0.525738 0.183474 0.352529
v -0.614817 0.132455 0.212174
v -0.545835 -0.105988 0.386537
v -0.638490 -0.059222 0.258284
v -0.514838 -0.194823 0.349826
v -0.613239 -0.133907 0.208942
v -0.512124 0.005096 0.480674
v -0.471054 -0.175407 0.436874
v -0.440264 -0.040050 0.535529
v -0.476153 0.160890 0.434357
v -0.438163 0.048280 0.530680
v -0.661495 0.066112 0.166108
v -0.658608 -0.065758 0.164325
v 0.000028 0.438349 0.110989
v -0.047024 0.396252 0.207562
v -0.000121 0.589122 -0.249617
v -0.056831 0.672853 -0.353946
v 0.046668 0.396531 0.207586
v 0.057192 0.672811 -0.354052
v -0.344526 0.297109 0.377795
v -0.428305 0.277898 0.347028
v -0.380035 0.264793 0.441109
v -0.368587 0.490505 -0.447029
v -0.388672 0.366948 -0.369506
v -0.366789 0.355576 -0.477610
v -0.588077 0.204753 -0.035310
v -0.594777 0.206443 0.065920
v -0.636576 0.137282 0.015384
v 0.344595 0.297148 0.377714
v 0.428306 0.277993 0.346914
v 0.380006 0.264804 0.441130
v 0.367494 0.488901 -0.447743
v 0.388628 0.366528 -0.369390
v 0.366654 0.354839 -0.477870
v 0.588056 0.204744 -0.035194
v 0.594822 0.206451 0.065985
v 0.636599 0.137302 0.015398
v 0.000103 -0.599105 0.231168
v -0.046972 -0.614411 0.357751
v -0.000305 -0.590473 -0.159240
v -0.055297 -0.579571 -0.253048
v 0.047296 -0.614243 0.357594
v 0.055200 -0.579211 -0.252717
v -0.361254 -0.472319 0.449899
v -0.420471 -0.371523 0.375119
v -0.380705 -0.366517 0.477403
v -0.313053 -0.332043 -0.351161
v -0.396075 -0.285232 -0.328204
v -0.357476 -0.256920 -0.428223
v -0.589199 -0.202364 -0.033415
v -0.590097 -0.208289 0.066083
v -0.634800 -0.138711 0.014499
v 0.360991 -0.472971 0.449783
v 0.420406 -0.371799 0.374896
v 0.381429 -0.366857 0.477927
v 0.313157 -0.332206 -0.350949
v 0.396372 -0.285641 -0.327909
v 0.357714 -0.256591 -0.428650
v 0.589126 -0.202425 -0.033434
v 0.590110 -0.208234 0.066016
v 0.634834 -0.138733 0.014454
v 0.185866 -0.004225 0.660901
v 0.274033 -0.055216 0.633140
v -0.185639 -0.004197 0.661165
v -0.274045 -0.055511 0.633242
v 0.273088 0.051706 0.618263
v -0.272948 0.051597 0.618326
v 0.193916 0.018304 -0.689601
v 0.269543 -0.035936 -0.624474
v -0.194015 0.018486 -0.689528
v -0.269506 -0.036063 -0.624130
v 0.290119 0.069214 -0.677318
v -0.289819 0.068870 -0.677095
v -0.293794 0.440264 -0.030948
v -0.316999 0.424137 0.003452
v -0.311171 0.440597 -0.059513
v -0.343991 0.422604 -0.041368
v -0.346542 0.412213 -0.003221
v 0.294341 0.440388 -0.030926
v 0.316768 0.424083 0.003633
v 0.311746 0.440637 -0.059817
v 0.343843 0.422138 -0.041229
v 0.346776 0.412172 -0.002863
v -0.327189 -0.577617 0.002249
v -0.340942 -0.547989 0.036990
v -0.346019 -0.570674 -0.026873
v -0.367563 -0.531699 -0.010418
v -0.369401 -0.524166 0.028467
v 0.326504 -0.577541 0.001864
v 0.340670 -0.547693 0.036841
v 0.346290 -0.571213 -0.026928
v 0.367106 -0.532123 -0.010629
v 0.368243 -0.524257 0.028699
v -0.024896 -0.481850 0.700859
v 0.024367 -0.482134 0.700897
v -0.000275 -0.405050 0.714252
v 0.038539 -0.434403 0.708863
v -0.038585 -0.434382 0.708621
v -0.019114 0.278310 0.588659
v 0.019105 0.278314 0.588673
v -0.000031 0.268133 0.615635
v 0.030758 0.272317 0.605752
v -0.030823 0.272316 0.605745
v -0.018241 -0.273378 -0.579173
v 0.018271 -0.273389 -0.579199
v 0.000010 -0.258544 -0.611160
v 0.029872 -0.263307 -0.601291
v -0.029860 -0.263346 -0.601275
v -0.023568 0.452030 -0.692138
v 0.022957 0.451696 -0.692237
v -0.000112 0.387069 -0.723961
v 0.037605 0.411052 -0.711068
v -0.037621 0.411085 -0.710908
v 0.589596 0.023756 -0.363900
v 0.585388 -0.020100 -0.361355
v 0.568450 -0.011704 -0.392464
v 0.571017 0.016056 -0.394401
v 0.599555 0.001908 -0.344220
v 0.609960 0.022601 0.362526
v 0.610288 -0.019035 0.360771
v 0.591842 -0.010506 0.392092
v 0.591518 0.015469 0.393198
v 0.622210 0.001516 0.342663
v -0.589633 0.023613 -0.363995
v -0.585431 -0.020061 -0.361335
v -0.568493 -0.011639 -0.392501
v -0.571042 0.016005 -0.394482
v -0.599632 0.001918 -0.344240
v -0.609877 0.022582 0.362447
v -0.610240 -0.019020 0.360829
v -0.591836 -0.010519 0.392161
v -0.591498 0.015346 0.393229
v -0.622196 0.001453 0.342691
v -0.038399 0.500844 -0.055192
v 0.038205 0.500835 -0.054843
v -0.019560 0.490519 -0.013322
v -0.018567 0.517074 -0.100737
v 0.020073 0.490038 -0.013214
v 0.018337 0.517050 -0.100259
v -0.215476 0.360604 0.253383
v -0.171591 0.334942 0.349655
v -0.167301 0.367385 0.255141
v -0.242907 0.340964 0.298530
v -0.145303 0.353565 0.302405
v -0.220716 0.329197 0.346798
v -0.235911 0.635180 -0.391454
v -0.203258 0.665803 -0.496419
v -0.198795 0.698358 -0.404338
v -0.287186 0.628698 -0.426436
v -0.218478 0.793468 -0.469759
v -0.256526 0.618785 -0.475725
v -0.475743 0.307767 -0.175680
v -0.516984 0.233638 -0.226942
v -0.459270 0.312892 -0.230432
v -0.511060 0.271001 -0.145943
v -0.480685 0.273175 -0.255551
v -0.530954 0.235073 -0.172081
v -0.510052 0.279869 0.180468
v -0.549739 0.229867 0.235599
v -0.499819 0.275454 0.229714
v -0.540728 0.260022 0.160330
v -0.519050 0.252569 0.258166
v -0.561459 0.233677 0.187210
v 0.215430 0.360816 0.253818
v 0.171605 0.334937 0.349747
v 0.167514 0.367103 0.255370
v 0.145571 0.353585 0.302748
v 0.243083 0.341004 0.298816
v 0.221041 0.329236 0.346945
v 0.235168 0.635456 -0.393369
v 0.203116 0.665296 -0.496880
v 0.199304 0.698606 -0.404663
v 0.218244 0.793393 -0.469856
v 0.288854 0.627986 -0.427697
v 0.256359 0.617736 -0.477303
v 0.475815 0.307880 -0.175613
v 0.516982 0.234047 -0.226849
v 0.459108 0.312526 -0.230429
v 0.511255 0.270727 -0.145763
v 0.480881 0.272889 -0.255177
v 0.531502 0.234537 -0.171315
v 0.510113 0.279880 0.180408
v 0.549747 0.229904 0.235633
v 0.499837 0.275506 0.229621
v 0.540747 0.260009 0.160293
v 0.519082 0.252578 0.258163
v 0.561522 0.233689 0.187223
v -0.053226 -0.630555 0.010487
v 0.052359 -0.631023 0.010967
v -0.025344 -0.617549 0.060973
v -0.029531 -0.629830 -0.033190
v 0.024844 -0.617842 0.060553
v 0.029221 -0.628943 -0.033542
v -0.243122 -0.586884 0.402826
v -0.263706 -0.777206 0.526344
v -0.194336 -0.637887 0.411071
v -0.283947 -0.594786 0.439008
v -0.195834 -0.758776 0.461105
v -0.299449 -0.666099 0.500897
v -0.243123 -0.560457 -0.302857
v -0.168446 -0.445937 -0.343574
v -0.188470 -0.570645 -0.303935
v -0.248800 -0.478990 -0.311570
v -0.152802 -0.506466 -0.322796
v -0.213507 -0.430268 -0.335320
v -0.477365 -0.289744 -0.157637
v -0.525061 -0.217802 -0.220714
v -0.465769 -0.281591 -0.209635
v -0.512037 -0.258985 -0.135173
v -0.490034 -0.244761 -0.242595
v -0.535777 -0.223679 -0.165844
v -0.493898 -0.323392 0.191883
v -0.534427 -0.246819 0.235638
v -0.483386 -0.326280 0.241831
v -0.524084 -0.284236 0.165291
v -0.501323 -0.285913 0.262995
v -0.548257 -0.247478 0.187383
v 0.243028 -0.586973 0.403271
v 0.261765 -0.778091 0.525752
v 0.194119 -0.637689 0.411191
v 0.195634 -0.758235 0.460701
v 0.284257 -0.594926 0.439710
v 0.299446 -0.667402 0.500758
v 0.242714 -0.560699 -0.302945
v 0.168282 -0.446165 -0.343852
v 0.188501 -0.570228 -0.303765
v 0.152548 -0.506359 -0.322821
v 0.249040 -0.478816 -0.311602
v 0.213485 -0.430174 -0.335511
v 0.477192 -0.290057 -0.157384
v 0.525358 -0.217602 -0.220788
v 0.465861 -0.281482 -0.209622
v 0.511994 -0.259076 -0.135249
v 0.490252 -0.244678 -0.242792
v 0.535840 -0.223443 -0.165787
v 0.494157 -0.323487 0.191740
v 0.534637 -0.246811 0.235513
v 0.483413 -0.326339 0.241591
v 0.524914 -0.284295 0.165429
v 0.501206 -0.286080 0.262823
v 0.548182 -0.247350 0.187390
v 0.000187 -0.056093 0.731700
v 0.000128 0.046608 0.675508
v 0.047353 -0.031398 0.707856
v -0.047122 -0.031351 0.707559
v 0.045888 0.020691 0.682536
v -0.046345 0.020422 0.683040
v 0.303919 -0.256727 0.610135
v 0.377784 -0.180174 0.544698
v 0.335505 -0.279170 0.573136
v 0.370196 -0.237522 0.537771
v 0.307138 -0.194902 0.611500
v 0.345940 -0.159237 0.580248
v -0.303920 -0.256332 0.609949
v -0.377769 -0.179914 0.544718
v -0.335902 -0.278844 0.573233
v -0.370352 -0.237894 0.538071
v -0.306721 -0.195077 0.610451
v -0.346077 -0.159321 0.580686
v 0.292815 0.206448 0.564316
v 0.378538 0.159569 0.528735
v 0.328638 0.222156 0.536716
v 0.370762 0.200893 0.517897
v 0.299268 0.165132 0.572960
v 0.342720 0.140374 0.556200
v -0.292794 0.206449 0.564228
v -0.378391 0.159626 0.528499
v -0.328657 0.222240 0.536650
v -0.370665 0.200965 0.517847
v -0.299439 0.165445 0.573056
v -0.342748 0.140344 0.556193
v 0.000090 -0.034493 -0.679189
v -0.000090 0.073763 -0.752016
v 0.048701 -0.007846 -0.696293
v -0.048870 -0.007454 -0.696077
v 0.052093 0.045903 -0.733773
v -0.051768 0.046071 -0.733898
v 0.288106 -0.201485 -0.560837
v 0.369211 -0.153772 -0.524838
v 0.320327 -0.209770 -0.532209
v 0.361865 -0.190176 -0.514432
v 0.296086 -0.166392 -0.569958
v 0.336438 -0.138784 -0.553734
v -0.287913 -0.201471 -0.560829
v -0.369474 -0.154021 -0.524775
v -0.320193 -0.209749 -0.532277
v -0.361731 -0.189976 -0.514400
v -0.296023 -0.166333 -0.570111
v -0.336815 -0.138829 -0.553952
v 0.317808 0.252822 -0.649982
v 0.391201 0.180320 -0.579874
v 0.340955 0.270018 -0.598157
v 0.377846 0.232137 -0.565452
v 0.330328 0.198594 -0.665843
v 0.366318 0.163559 -0.626899
v -0.317402 0.252603 -0.650319
v -0.390846 0.180228 -0.579740
v -0.341175 0.269918 -0.599027
v -0.377987 0.232143 -0.566145
v -0.330146 0.198934 -0.665752
v -0.366107 0.163500 -0.626666
v 0.681044 -0.000255 -0.036924
v 0.685207 0.000092 0.065497
v 0.684101 0.033175 -0.010755
v 0.683826 0.033618 0.040148
v 0.680318 -0.033960 -0.011146
v 0.681511 -0.033993 0.039735
v -0.681149 -0.000199 -0.036920
v -0.685246 0.000091 0.065503
v -0.684088 0.033131 -0.010757
v -0.683830 0.033574 0.040140
v -0.680339 -0.033887 -0.011126
v -0.681547 -0.033958 0.039752
v -0.213143 0.467521 -0.042333
v -0.121412 0.488722 -0.049205
v -0.192882 0.460472 -0.003095
v -0.190025 0.487736 -0.087523
v -0.147631 0.470770 -0.005882
v -0.141636 0.499146 -0.091082
v -0.288003 0.407413 0.077149
v -0.254378 0.385522 0.161935
v -0.244928 0.419314 0.078524
v -0.315119 0.385947 0.114524
v -0.227323 0.407755 0.120193
v -0.299071 0.375271 0.158068
v -0.283474 0.480915 -0.152960
v -0.262468 0.549104 -0.265535
v -0.241707 0.503684 -0.168719
v -0.310570 0.481247 -0.186839
v -0.227380 0.535957 -0.224237
v -0.305247 0.516118 -0.243390
v -0.389903 0.401318 -0.083465
v -0.435236 0.365356 -0.128433
v -0.379514 0.417830 -0.135592
v -0.422674 0.373157 -0.055112
v -0.401184 0.401447 -0.159644
v -0.447314 0.354632 -0.075705
v -0.399468 0.368557 0.054179
v -0.457177 0.323707 0.117987
v -0.392878 0.359997 0.098208
v -0.430235 0.353934 0.039794
v -0.421652 0.338242 0.131859
v -0.460125 0.330340 0.070641
v 0.212799 0.467681 -0.042397
v 0.121160 0.488872 -0.049287
v 0.192897 0.460212 -0.003139
v 0.189470 0.487209 -0.087400
v 0.147632 0.470689 -0.005703
v 0.142196 0.498843 -0.091231
v 0.287936 0.407315 0.077350
v 0.253714 0.385713 0.161777
v 0.244807 0.418709 0.078809
v 0.314197 0.385580 0.114612
v 0.226891 0.407719 0.120302
v 0.298775 0.375139 0.158153
v 0.283373 0.481187 -0.154164
v 0.263460 0.550914 -0.266791
v 0.241471 0.503360 -0.169637
v 0.310895 0.481556 -0.188733
v 0.227434 0.536434 -0.225553
v 0.305816 0.517950 -0.245820
v 0.390494 0.401227 -0.083759
v 0.434944 0.365428 -0.128615
v 0.379012 0.417616 -0.136400
v 0.423155 0.373012 -0.054717
v 0.400890 0.401363 -0.160478
v 0.447577 0.354707 -0.075683
v 0.399277 0.368472 0.054406
v 0.457302 0.323645 0.118170
v 0.392110 0.359926 0.098221
v 0.430226 0.353849 0.039978
v 0.421587 0.338164 0.131946
v 0.460165 0.330277 0.070820
v -0.255235 -0.643063 -0.001302
v -0.154775 -0.656418 0.001220
v -0.219040 -0.605847 0.032093
v -0.253442 -0.724908 -0.029977
v -0.169774 -0.614628 0.035439
v -0.190893 -0.714433 -0.037804
v -0.309586 -0.539258 0.129643
v -0.271753 -0.543739 0.254768
v -0.263110 -0.553873 0.136988
v -0.337846 -0.520960 0.173804
v -0.241519 -0.553667 0.201813
v -0.320342 -0.524471 0.234431
v -0.348074 -0.637898 -0.121205
v -0.335488 -0.669274 -0.250668
v -0.333674 -0.729948 -0.139203
v -0.361355 -0.584565 -0.153922
v -0.313211 -0.745508 -0.209846
v -0.361223 -0.593222 -0.214554
v -0.398732 -0.461603 -0.052181
v -0.431046 -0.371029 -0.099125
v -0.390313 -0.462843 -0.099516
v -0.422551 -0.419827 -0.027799
v -0.400794 -0.411224 -0.121114
v -0.440916 -0.376572 -0.050719
v -0.412127 -0.462680 0.087275
v -0.450871 -0.394194 0.142544
v -0.406979 -0.464827 0.137120
v -0.432387 -0.425611 0.066495
v -0.424972 -0.432634 0.166968
v -0.454159 -0.390451 0.092726
v 0.255011 -0.643168 -0.001862
v 0.154074 -0.656242 0.001155
v 0.218788 -0.605856 0.032110
v 0.252110 -0.726336 -0.029674
v 0.169361 -0.614614 0.035592
v 0.189803 -0.714290 -0.037961
v 0.309760 -0.539180 0.129373
v 0.271852 -0.543681 0.255116
v 0.263011 -0.553699 0.136979
v 0.338228 -0.520914 0.173938
v 0.241440 -0.553689 0.201436
v 0.320632 -0.524242 0.234541
v 0.348262 -0.638594 -0.121105
v 0.335547 -0.669396 -0.250589
v 0.332988 -0.730981 -0.139072
v 0.361212 -0.584864 -0.153939
v 0.312887 -0.746086 -0.209793
v 0.361284 -0.593380 -0.214305
v 0.398733 -0.461633 -0.052156
v 0.430859 -0.370756 -0.098927
v 0.390315 -0.462931 -0.099496
v 0.422764 -0.419951 -0.027902
v 0.401163 -0.411015 -0.121374
v 0.440681 -0.376506 -0.050601
v 0.411731 -0.462472 0.087063
v 0.451052 -0.394492 0.142973
v 0.406704 -0.464738 0.137037
v 0.432421 -0.425728 0.066584
v 0.425106 -0.432843 0.167059
v 0.454770 -0.390439 0.092892
v -0.096893 -0.581120 0.688416
v -0.181940 -0.751123 0.680196
v -0.067227 -0.623896 0.664772
v -0.164151 -0.583640 0.697109
v -0.101121 -0.688572 0.646086
v -0.218793 -0.664721 0.701615
v 0.096012 -0.581332 0.688097
v 0.180644 -0.752744 0.679406
v 0.067297 -0.623673 0.665308
v 0.163327 -0.584015 0.695943
v 0.100341 -0.688188 0.644872
v 0.218137 -0.666508 0.701438
v -0.000215 -0.292515 0.739134
v 0.000201 -0.166285 0.825649
v 0.047615 -0.263167 0.743685
v -0.048132 -0.262930 0.743964
v 0.048450 -0.201382 0.763252
v -0.048636 -0.201131 0.763708
v 0.136928 -0.393681 0.706662
v 0.232714 -0.332978 0.679288
v 0.184508 -0.435888 0.696969
v 0.141626 -0.329509 0.712830
v 0.236100 -0.404196 0.684416
v 0.190095 -0.299742 0.703047
v -0.136961 -0.393985 0.706424
v -0.232812 -0.333153 0.678809
v -0.184904 -0.435517 0.696637
v -0.141631 -0.329512 0.713042
v -0.236526 -0.404164 0.684645
v -0.190423 -0.299660 0.703178
v -0.070095 0.291038 0.532640
v -0.122620 0.311141 0.445635
v -0.048041 0.302489 0.490595
v -0.117703 0.288778 0.531176
v -0.073231 0.314154 0.446009
v -0.146362 0.297038 0.491254
v 0.070124 0.291003 0.532641
v 0.122810 0.310851 0.445679
v 0.048142 0.302447 0.490654
v 0.117759 0.288759 0.531172
v 0.073131 0.314279 0.445674
v 0.146373 0.297072 0.491223
v 0.000070 0.238359 0.639622
v 0.000005 0.149876 0.650099
v 0.041698 0.218596 0.639392
v -0.041625 0.218460 0.639499
v 0.043150 0.174269 0.644243
v -0.043217 0.174195 0.644273
v 0.113189 0.263682 0.605281
v 0.203963 0.244467 0.592629
v 0.147723 0.269279 0.582931
v 0.121394 0.248297 0.619151
v 0.193998 0.262879 0.576959
v 0.166889 0.234677 0.613346
v -0.113198 0.263732 0.605251
v -0.204016 0.244444 0.592663
v -0.147718 0.269285 0.582905
v -0.121294 0.248329 0.619148
v -0.194028 0.262901 0.576925
v -0.166784 0.234660 0.613375
v -0.064134 -0.311786 -0.503270
v -0.113536 -0.367819 -0.419923
v -0.044211 -0.342383 -0.462653
v -0.107881 -0.306914 -0.502706
v -0.068406 -0.374709 -0.422832
v -0.133116 -0.331397 -0.459393
v 0.064166 -0.311667 -0.503182
v 0.113331 -0.367714 -0.419706
v 0.044151 -0.342252 -0.462458
v 0.107865 -0.307079 -0.502611
v 0.068028 -0.374467 -0.422830
v 0.133026 -0.331644 -0.459226
v -0.000004 -0.232255 -0.630225
v 0.000124 -0.145204 -0.642980
v 0.041915 -0.220124 -0.631867
v -0.042006 -0.219987 -0.631916
v 0.043382 -0.171983 -0.637816
v -0.043214 -0.171677 -0.637895
v 0.109580 -0.253514 -0.600103
v 0.198277 -0.232879 -0.585027
v 0.141930 -0.260073 -0.577266
v 0.117888 -0.238686 -0.611717
v 0.186696 -0.251809 -0.569263
v 0.161978 -0.224757 -0.604489
v -0.109532 -0.253623 -0.600044
v -0.198153 -0.232896 -0.585119
v -0.141860 -0.260157 -0.577242
v -0.117832 -0.238726 -0.611696
v -0.186617 -0.251882 -0.569230
v -0.161901 -0.224729 -0.604463
v -0.089121 0.530987 -0.655091
v -0.161545 0.612913 -0.599283
v -0.064192 0.583607 -0.634122
v -0.148020 0.519085 -0.655188
v -0.100682 0.626446 -0.603993
v -0.187701 0.559050 -0.629614
v 0.089507 0.530957 -0.655250
v 0.161797 0.612937 -0.598990
v 0.064518 0.583697 -0.634127
v 0.148617 0.519183 -0.655284
v 0.101090 0.626699 -0.603963
v 0.187798 0.558901 -0.629672
v 0.000051 0.293664 -0.771486
v 0.000010 0.186562 -0.798669
v 0.054856 0.269186 -0.784904
v -0.054631 0.269392 -0.784911
v 0.058057 0.215601 -0.804574
v -0.058062 0.215792 -0.804283
v 0.137031 0.375416 -0.719519
v 0.238598 0.323839 -0.709545
v 0.175719 0.405506 -0.693641
v 0.149756 0.324396 -0.749327
v 0.224482 0.378899 -0.684196
v 0.206820 0.300931 -0.754300
v -0.136689 0.375057 -0.719604
v -0.238607 0.323757 -0.709647
v -0.175699 0.405603 -0.693690
v -0.150213 0.324541 -0.749731
v -0.224714 0.378915 -0.684349
v -0.206869 0.301050 -0.754608
v 0.586571 0.081894 -0.330214
v 0.558169 0.154643 -0.279991
v 0.562830 0.110457 -0.356071
v 0.597803 0.087332 -0.279821
v 0.547983 0.148367 -0.333211
v 0.585792 0.122391 -0.253244
v 0.574795 -0.084033 -0.323510
v 0.559372 -0.152900 -0.279358
v 0.548922 -0.111152 -0.346618
v 0.590589 -0.089857 -0.277181
v 0.542566 -0.146645 -0.328068
v 0.581963 -0.123635 -0.251954
v 0.514076 -0.052514 -0.438228
v 0.444818 -0.101086 -0.482837
v 0.505235 -0.090517 -0.425291
v 0.488546 -0.036010 -0.471359
v 0.473579 -0.117025 -0.449557
v 0.451821 -0.058454 -0.493415
v 0.526456 0.056934 -0.450961
v 0.463252 0.112951 -0.513176
v 0.520073 0.095343 -0.441398
v 0.502568 0.042534 -0.486672
v 0.486979 0.126280 -0.470351
v 0.472917 0.067571 -0.520853
v 0.625484 0.000062 -0.254083
v 0.652963 -0.000480 -0.146251
v 0.630745 0.029598 -0.227958
v 0.626632 -0.030634 -0.227194
v 0.644615 0.030704 -0.173647
v 0.640019 -0.032060 -0.173434
v 0.594311 0.085830 0.325464
v 0.572238 0.158989 0.281957
v 0.565541 0.114892 0.347579
v 0.611142 0.091594 0.281716
v 0.554656 0.152553 0.327453
v 0.599459 0.127503 0.258591
v 0.594177 -0.084898 0.322465
v 0.566223 -0.164591 0.278995
v 0.564074 -0.116214 0.344667
v 0.610097 -0.091203 0.278823
v 0.549943 -0.158121 0.324537
v 0.596825 -0.129819 0.255553
v 0.532823 -0.051789 0.439031
v 0.456532 -0.110161 0.488903
v 0.521310 -0.094301 0.425450
v 0.507186 -0.034318 0.475086
v 0.482967 -0.126630 0.450452
v 0.468180 -0.061370 0.500274
v 0.532641 0.056573 0.440874
v 0.458331 0.106646 0.485659
v 0.521537 0.094445 0.426654
v 0.507152 0.042522 0.476028
v 0.485872 0.120801 0.449513
v 0.470078 0.066005 0.500021
v 0.657017 0.000894 0.261564
v 0.676750 0.000460 0.166921
v 0.660918 0.030378 0.239127
v 0.660128 -0.028838 0.237877
v 0.670983 0.032062 0.191682
v 0.669249 -0.031013 0.190644
v -0.586534 0.081829 -0.330302
v -0.558263 0.154686 -0.280003
v -0.562824 0.110459 -0.356155
v -0.597771 0.087252 -0.279824
v -0.547950 0.148366 -0.333087
v -0.585799 0.122279 -0.253241
v -0.574731 -0.084000 -0.323460
v -0.559242 -0.152791 -0.279294
v -0.548746 -0.111063 -0.346521
v -0.590490 -0.089800 -0.277193
v -0.542675 -0.146603 -0.328138
v -0.582022 -0.123628 -0.251969
v -0.514087 -0.052719 -0.438047
v -0.444545 -0.101081 -0.482749
v -0.505267 -0.090537 -0.425204
v -0.488779 -0.035993 -0.471528
v -0.473654 -0.117226 -0.449449
v -0.451391 -0.058151 -0.493405
v -0.526485 0.056919 -0.451081
v -0.463267 0.112893 -0.513356
v -0.520093 0.095265 -0.441482
v -0.502533 0.042657 -0.486752
v -0.486769 0.126069 -0.470474
v -0.472881 0.067625 -0.520920
v -0.625571 0.000027 -0.254114
v -0.653043 -0.000490 -0.146267
v -0.630801 0.029627 -0.228021
v -0.626738 -0.030569 -0.227233
v -0.644641 0.030715 -0.173678
v -0.640122 -0.032053 -0.173418
v -0.594742 0.085965 0.325678
v -0.572374 0.158956 0.281967
v -0.565828 0.115026 0.347772
v -0.610899 0.091685 0.281476
v -0.554715 0.152350 0.327495
v -0.600052 0.127705 0.259046
v -0.594279 -0.084877 0.322618
v -0.566445 -0.164533 0.278957
v -0.563959 -0.116133 0.344624
v -0.610366 -0.091283 0.278868
v -0.549381 -0.158291 0.324466
v -0.596912 -0.129759 0.255620
v -0.532491 -0.051982 0.438923
v -0.456022 -0.110316 0.488286
v -0.521883 -0.094067 0.425651
v -0.507225 -0.034587 0.475147
v -0.483377 -0.126534 0.450417
v -0.467949 -0.061560 0.499971
v -0.532526 0.056701 0.440749
v -0.459064 0.106741 0.486926
v -0.521502 0.094276 0.426754
v -0.507090 0.042444 0.475865
v -0.485358 0.120719 0.449274
v -0.469818 0.066193 0.499630
v -0.656963 0.000917 0.261576
v -0.676750 0.000409 0.166891
v -0.660764 0.030470 0.239115
v -0.660125 -0.028849 0.237871
v -0.670925 0.032127 0.191686
v -0.669255 -0.031015 0.190632
v -0.064782 0.453479 0.069816
v -0.114809 0.409903 0.162064
v -0.109227 0.447303 0.073818
v -0.135239 0.425140 0.118470
v -0.044409 0.436640 0.112182
v -0.068691 0.414602 0.160266
v -0.056767 0.553432 -0.195559
v -0.117028 0.620752 -0.303585
v -0.098910 0.547068 -0.192638
v -0.131694 0.574222 -0.244805
v -0.041957 0.587777 -0.249249
v -0.072889 0.629804 -0.302289
v 0.064789 0.453247 0.069791
v 0.115104 0.409673 0.162517
v 0.109410 0.447067 0.073625
v 0.135302 0.425093 0.118522
v 0.044369 0.436103 0.112836
v 0.068699 0.414658 0.160521
v 0.056736 0.553219 -0.195451
v 0.117315 0.621129 -0.303233
v 0.099246 0.547176 -0.192837
v 0.130542 0.573048 -0.245390
v 0.041927 0.587912 -0.249166
v 0.072404 0.629058 -0.302254
v -0.338615 0.324102 0.287189
v -0.424439 0.303059 0.263450
v -0.356679 0.333619 0.238210
v -0.397889 0.322366 0.227072
v -0.365632 0.305522 0.327691
v -0.407937 0.295842 0.313891
v -0.048217 0.360783 0.304087
v 0.048292 0.360724 0.303763
v -0.024485 0.344713 0.351753
v 0.024313 0.344835 0.351536
v -0.024044 0.378687 0.255654
v 0.023826 0.378627 0.255510
v -0.272687 0.295800 0.435874
v -0.306249 0.267408 0.497704
v -0.243752 0.288122 0.479375
v -0.260571 0.275361 0.510586
v -0.319809 0.289204 0.425846
v -0.336544 0.274319 0.456682
v -0.456996 0.590414 -0.361688
v -0.381653 0.413542 -0.291646
v -0.382758 0.513235 -0.304439
v -0.378253 0.448385 -0.272266
v -0.396505 0.501440 -0.390586
v -0.372705 0.425960 -0.348209
v -0.074070 0.715148 -0.454129
v 0.073937 0.715233 -0.454064
v -0.035936 0.692722 -0.509270
v 0.035849 0.692430 -0.508964
v -0.033267 0.694318 -0.405221
v 0.033142 0.694422 -0.405091
v -0.296489 0.507737 -0.522373
v -0.313661 0.383519 -0.560404
v -0.265940 0.483846 -0.570361
v -0.277793 0.423594 -0.590473
v -0.333240 0.466102 -0.493057
v -0.336519 0.401419 -0.510262
v -0.538858 0.269310 -0.036735
v -0.547746 0.265605 0.063139
v -0.515859 0.296578 -0.014174
v -0.519956 0.292506 0.035142
v -0.568978 0.238706 -0.009111
v -0.572909 0.238562 0.040920
v -0.451717 0.270531 -0.363574
v -0.420922 0.257916 -0.467094
v -0.476525 0.223719 -0.387579
v -0.461591 0.216882 -0.438877
v -0.413834 0.315283 -0.393170
v -0.400244 0.309033 -0.445873
v -0.594871 0.166063 -0.116179
v -0.647589 0.099725 -0.063034
v -0.610312 0.129900 -0.144022
v -0.635487 0.097326 -0.117263
v -0.606269 0.169070 -0.062081
v -0.633328 0.135689 -0.035828
v -0.482321 0.242098 0.355172
v -0.431134 0.223936 0.442571
v -0.494149 0.212399 0.377631
v -0.467779 0.200078 0.418936
v -0.445463 0.258564 0.376295
v -0.420531 0.251486 0.421964
v -0.608555 0.171160 0.139629
v -0.650762 0.102270 0.090501
v -0.624597 0.135464 0.164312
v -0.646228 0.101344 0.140369
v -0.613014 0.172040 0.090427
v -0.633560 0.137261 0.065444
v 0.339264 0.323984 0.287622
v 0.424531 0.303033 0.263459
v 0.356021 0.333666 0.238078
v 0.398666 0.322346 0.227354
v 0.365682 0.305541 0.327684
v 0.407890 0.295878 0.313792
v 0.272767 0.295792 0.435854
v 0.306251 0.267415 0.497699
v 0.243728 0.288134 0.479388
v 0.260626 0.275416 0.510594
v 0.319887 0.289258 0.425748
v 0.336567 0.274413 0.456644
v 0.457936 0.590743 -0.365323
v 0.381233 0.413219 -0.291785
v 0.384652 0.517120 -0.306747
v 0.377971 0.449200 -0.273239
v 0.396534 0.500965 -0.391887
v 0.372564 0.425302 -0.348030
v 0.296014 0.506156 -0.523662
v 0.313450 0.383597 -0.560354
v 0.266330 0.483289 -0.570953
v 0.277994 0.423221 -0.590303
v 0.332091 0.465548 -0.494376
v 0.336477 0.400376 -0.510370
v 0.538808 0.269358 -0.036608
v 0.547741 0.265588 0.063209
v 0.515843 0.296523 -0.013981
v 0.520024 0.292379 0.035169
v 0.568960 0.238638 -0.009105
v 0.572852 0.238617 0.040961
v 0.451534 0.270439 -0.363112
v 0.421373 0.257253 -0.467489
v 0.476425 0.223609 -0.387446
v 0.461068 0.216978 -0.438521
v 0.413821 0.315416 -0.393288
v 0.400515 0.309074 -0.445980
v 0.594959 0.166177 -0.116040
v 0.647584 0.099746 -0.063036
v 0.610344 0.129979 -0.144015
v 0.635535 0.097371 -0.117244
v 0.606299 0.169143 -0.062002
v 0.633311 0.135657 -0.035823
v 0.482389 0.242012 0.355185
v 0.431217 0.223877 0.442590
v 0.494225 0.212344 0.377593
v 0.467816 0.200099 0.419049
v 0.445449 0.258598 0.376249
v 0.420526 0.251484 0.421941
v 0.608604 0.171120 0.139601
v 0.650793 0.102235 0.090515
v 0.624670 0.135566 0.164343
v 0.646235 0.101325 0.140339
v 0.613070 0.171998 0.090459
v 0.633589 0.137237 0.065462
v -0.067035 -0.593015 0.165302
v -0.113060 -0.580666 0.293394
v -0.111844 -0.582180 0.157117
v -0.137825 -0.574899 0.220905
v -0.044783 -0.595606 0.230260
v -0.066283 -0.592677 0.294211
v -0.088364 -0.663118 -0.129884
v -0.136687 -0.677820 -0.241738
v -0.123068 -0.757862 -0.146259
v -0.157489 -0.770875 -0.216213
v -0.064950 -0.617570 -0.167575
v -0.085208 -0.625093 -0.220089
v 0.067099 -0.593272 0.165628
v 0.113278 -0.580635 0.293456
v 0.112022 -0.582029 0.157298
v 0.137993 -0.574636 0.221022
v 0.044745 -0.595766 0.230284
v 0.066624 -0.592701 0.294469
v 0.087916 -0.662154 -0.129621
v 0.136258 -0.676856 -0.240837
v 0.122762 -0.755359 -0.145706
v 0.155361 -0.769548 -0.215403
v 0.064645 -0.616887 -0.167235
v 0.084638 -0.624813 -0.219531
v -0.357240 -0.497151 0.367554
v -0.423074 -0.411627 0.301455
v -0.373705 -0.485742 0.307391
v -0.404604 -0.445227 0.276442
v -0.375517 -0.462519 0.391262
v -0.407414 -0.415777 0.356028
v -0.058826 -0.675221 0.471441
v 0.058322 -0.675012 0.471353
v -0.031475 -0.664333 0.524447
v 0.031971 -0.664102 0.524088
v -0.026640 -0.643915 0.413853
v 0.026613 -0.643968 0.413901
v -0.328046 -0.550902 0.559365
v -0.332671 -0.410173 0.570640
v -0.319210 -0.553005 0.627384
v -0.311203 -0.467475 0.620968
v -0.347672 -0.479960 0.509390
v -0.353682 -0.419295 0.519637
v -0.322119 -0.409468 -0.278271
v -0.391251 -0.340765 -0.244886
v -0.348718 -0.436528 -0.240645
v -0.373302 -0.390534 -0.215942
v -0.333961 -0.352038 -0.304728
v -0.373604 -0.325988 -0.292699
v -0.051264 -0.502176 -0.321033
v 0.051031 -0.501977 -0.320951
v -0.024621 -0.458290 -0.353122
v 0.024797 -0.457975 -0.352812
v -0.026830 -0.540165 -0.287000
v 0.026328 -0.540087 -0.286708
v -0.247270 -0.329882 -0.405251
v -0.291427 -0.258388 -0.489419
v -0.223124 -0.308159 -0.451584
v -0.244142 -0.274896 -0.492992
v -0.291333 -0.312032 -0.398471
v -0.313252 -0.275555 -0.438625
v -0.530326 -0.269189 -0.030816
v -0.535314 -0.278214 0.068185
v -0.503255 -0.307483 -0.004690
v -0.506287 -0.312369 0.044604
v -0.564667 -0.237094 -0.006173
v -0.565694 -0.241097 0.043191
v -0.462490 -0.226052 -0.349481
v -0.418692 -0.208639 -0.442965
v -0.479154 -0.195669 -0.376589
v -0.456056 -0.187406 -0.420793
v -0.420533 -0.249148 -0.364904
v -0.400863 -0.237339 -0.415178
v -0.595874 -0.164969 -0.115657
v -0.640615 -0.101691 -0.063995
v -0.606812 -0.130762 -0.144114
v -0.627855 -0.099240 -0.117746
v -0.607092 -0.168466 -0.061588
v -0.630364 -0.137011 -0.036647
v -0.466244 -0.280543 0.360130
v -0.423343 -0.266204 0.453493
v -0.479759 -0.233399 0.377776
v -0.458287 -0.224916 0.422584
v -0.433025 -0.323680 0.392058
v -0.412234 -0.318645 0.440960
v -0.606236 -0.173975 0.137555
v -0.647804 -0.103219 0.089137
v -0.623158 -0.136821 0.161653
v -0.643650 -0.101859 0.138378
v -0.611046 -0.174165 0.089327
v -0.632110 -0.138767 0.064294
v 0.357127 -0.497360 0.367404
v 0.423483 -0.411815 0.301520
v 0.373993 -0.485632 0.307587
v 0.404700 -0.445469 0.276579
v 0.375724 -0.463166 0.391359
v 0.407562 -0.416192 0.356210
v 0.328210 -0.551465 0.559348
v 0.332412 -0.410543 0.570924
v 0.318835 -0.553376 0.627832
v 0.311526 -0.467721 0.621743
v 0.347443 -0.480638 0.509290
v 0.354336 -0.419673 0.520137
v 0.322426 -0.409487 -0.278513
v 0.391226 -0.340414 -0.244754
v 0.349027 -0.436515 -0.240916
v 0.373663 -0.390152 -0.216060
v 0.333817 -0.351390 -0.304643
v 0.373646 -0.325640 -0.292581
v 0.247396 -0.329984 -0.405313
v 0.291489 -0.257999 -0.489503
v 0.223199 -0.308600 -0.451474
v 0.244237 -0.274574 -0.493321
v 0.291163 -0.311958 -0.398573
v 0.313190 -0.276025 -0.438403
v 0.530281 -0.269397 -0.030882
v 0.534799 -0.278230 0.068286
v 0.503089 -0.307540 -0.004793
v 0.506263 -0.312424 0.044308
v 0.564637 -0.237016 -0.006135
v 0.565835 -0.240986 0.043249
v 0.462238 -0.225786 -0.349359
v 0.418671 -0.208706 -0.442980
v 0.479190 -0.195675 -0.376553
v 0.456043 -0.187608 -0.420687
v 0.420330 -0.248796 -0.365018
v 0.400864 -0.237210 -0.415189
v 0.595999 -0.165055 -0.115656
v 0.640710 -0.101734 -0.063985
v 0.606779 -0.130854 -0.144127
v 0.628210 -0.099326 -0.117750
v 0.607101 -0.168567 -0.061603
v 0.630447 -0.137070 -0.036666
v 0.465675 -0.280683 0.360061
v 0.423150 -0.265949 0.453729
v 0.479825 -0.233489 0.377877
v 0.457925 -0.224955 0.422653
v 0.432563 -0.323951 0.392074
v 0.412115 -0.318768 0.440822
v 0.606192 -0.173919 0.137470
v 0.647851 -0.103233 0.089123
v 0.623173 -0.136776 0.161657
v 0.643706 -0.101858 0.138360
v 0.610992 -0.174129 0.089309
v 0.632108 -0.138790 0.064312
v 0.143480 -0.086823 0.702875
v 0.235486 -0.141655 0.675442
v 0.148540 -0.142693 0.725217
v 0.192670 -0.173160 0.703898
v 0.187496 -0.058628 0.675354
v 0.232558 -0.085148 0.661435
v -0.143954 -0.086764 0.703743
v -0.234865 -0.141887 0.674375
v -0.148848 -0.142551 0.726046
v -0.192947 -0.173161 0.704426
v -0.187215 -0.058542 0.675768
v -0.232754 -0.084845 0.662328
v 0.136247 0.073633 0.651239
v 0.222542 0.125163 0.618522
v 0.133442 0.123541 0.640031
v 0.176549 0.148786 0.626592
v 0.183120 0.048488 0.647505
v 0.227344 0.076011 0.628723
v -0.136773 0.073869 0.651380
v -0.222711 0.125232 0.618223
v -0.133910 0.123770 0.640119
v -0.176610 0.149416 0.626622
v -0.183438 0.048877 0.647896
v -0.227091 0.075926 0.628460
v 0.357838 -0.048969 0.584675
v 0.355816 0.049722 0.575300
v 0.400667 -0.020359 0.560260
v 0.399857 0.026631 0.556942
v 0.316298 -0.025882 0.606390
v 0.315775 0.025612 0.600937
v -0.357539 -0.048906 0.584881
v -0.355642 0.049674 0.575229
v -0.400693 -0.020386 0.560277
v -0.399911 0.026651 0.556930
v -0.315882 -0.026544 0.606213
v -0.315946 0.025800 0.601138
v 0.136691 -0.062120 -0.656608
v 0.217679 -0.114341 -0.614503
v 0.132297 -0.117400 -0.638577
v 0.172793 -0.142895 -0.620984
v 0.183879 -0.034368 -0.654945
v 0.223890 -0.061761 -0.630350
v -0.136833 -0.062142 -0.656720
v -0.217840 -0.114588 -0.614001
v -0.132353 -0.117023 -0.638611
v -0.172786 -0.141956 -0.621270
v -0.184330 -0.034069 -0.654985
v -0.224254 -0.061711 -0.630462
v 0.166458 0.094067 -0.778023
v 0.274048 0.156107 -0.765672
v 0.175132 0.156016 -0.811497
v 0.230087 0.188231 -0.800570
v 0.207178 0.070306 -0.732320
v 0.257769 0.097773 -0.726292
v -0.166121 0.095513 -0.775982
v -0.273880 0.156061 -0.765476
v -0.175275 0.156649 -0.812002
v -0.229796 0.187996 -0.800618
v -0.206867 0.070505 -0.731667
v -0.258017 0.097757 -0.726593
v 0.348195 -0.037341 -0.579120
v 0.365776 0.061762 -0.614211
v 0.389246 -0.014319 -0.559781
v 0.396954 0.033197 -0.574773
v 0.314085 -0.011145 -0.613081
v 0.323620 0.039973 -0.634369
v -0.348524 -0.037747 -0.578929
v -0.365807 0.062052 -0.614435
v -0.389049 -0.013925 -0.560470
v -0.397517 0.033349 -0.575135
v -0.313845 -0.011200 -0.613083
v -0.323194 0.039666 -0.634506
v -0.278820 0.436048 0.002551
v -0.275315 0.457614 -0.071436
v -0.237377 0.448157 -0.000153
v -0.234117 0.472921 -0.080732
v -0.339271 0.403753 0.033627
v -0.262197 0.428573 0.039415
v -0.328422 0.395299 0.073006
v -0.332734 0.436336 -0.084948
v -0.257622 0.478190 -0.117328
v -0.321070 0.455676 -0.133415
v -0.373814 0.401161 -0.016855
v -0.356239 0.429159 -0.110244
v -0.398733 0.388602 -0.034858
v -0.364693 0.382044 0.065186
v -0.401428 0.377824 0.010277
v 0.278847 0.435904 0.002554
v 0.275597 0.457169 -0.071473
v 0.237058 0.447890 -0.000182
v 0.234046 0.472810 -0.080986
v 0.339164 0.403770 0.033861
v 0.262303 0.428458 0.039362
v 0.328332 0.395337 0.073198
v 0.333117 0.436380 -0.085255
v 0.257827 0.477890 -0.118450
v 0.321261 0.455733 -0.134543
v 0.373971 0.400959 -0.016725
v 0.355979 0.428870 -0.110750
v 0.398961 0.388276 -0.034786
v 0.364623 0.382082 0.065467
v 0.401496 0.377664 0.010446
v -0.306653 -0.569683 0.036122
v -0.322826 -0.616478 -0.035969
v -0.265384 -0.587879 0.030544
v -0.292271 -0.668972 -0.038181
v -0.364777 -0.522249 0.070385
v -0.284957 -0.559085 0.080863
v -0.352186 -0.520229 0.118977
v -0.364397 -0.547017 -0.052462
v -0.328260 -0.670798 -0.079994
v -0.361749 -0.566398 -0.099779
v -0.389177 -0.496325 0.013272
v -0.379239 -0.510047 -0.076365
v -0.405576 -0.460461 -0.006248
v -0.390945 -0.496752 0.104854
v -0.410392 -0.460793 0.039636
v 0.306969 -0.570013 0.036157
v 0.322221 -0.616852 -0.035985
v 0.265437 -0.587949 0.030647
v 0.291637 -0.669575 -0.038071
v 0.365407 -0.522583 0.070418
v 0.285081 -0.559103 0.080653
v 0.352370 -0.520211 0.119046
v 0.363991 -0.547265 -0.052549
v 0.328122 -0.671472 -0.079986
v 0.362218 -0.566963 -0.099690
v 0.388717 -0.496178 0.012914
v 0.379201 -0.509922 -0.076731
v 0.405310 -0.460283 -0.006087
v 0.390917 -0.496508 0.104556
v 0.411022 -0.461112 0.039529
v -0.000366 -0.527950 0.691544
v -0.075993 -0.473469 0.701938
v -0.032069 -0.573845 0.679940
v -0.117450 -0.522461 0.697624
v 0.075922 -0.473877 0.703025
v 0.031372 -0.574284 0.679330
v 0.116818 -0.522254 0.696757
v 0.043585 -0.381588 0.717661
v -0.044028 -0.381134 0.717065
v 0.046550 -0.323655 0.729093
v -0.046562 -0.323519 0.728554
v 0.129478 -0.458380 0.701786
v 0.091440 -0.356656 0.717344
v -0.130447 -0.458668 0.702254
v -0.091778 -0.357038 0.716908
v 0.000045 0.284405 0.565623
v -0.059158 0.276744 0.587759
v -0.023270 0.292316 0.532501
v -0.088265 0.282138 0.563349
v 0.059130 0.276743 0.587780
v 0.023146 0.292333 0.532529
v 0.088312 0.282130 0.563350
v 0.036256 0.263909 0.620908
v -0.036290 0.263919 0.620869
v 0.039452 0.249825 0.632986
v -0.039330 0.249824 0.633058
v 0.102417 0.273847 0.586690
v 0.077237 0.257327 0.621676
v -0.102448 0.273857 0.586691
v -0.077213 0.257324 0.621672
v 0.000027 -0.292442 -0.542065
v -0.056536 -0.271458 -0.579087
v -0.021263 -0.315657 -0.502856
v -0.082511 -0.286107 -0.543986
v 0.056569 -0.271431 -0.579158
v 0.021200 -0.315603 -0.502785
v 0.082469 -0.285958 -0.544159
v 0.035519 -0.253933 -0.614913
v -0.035436 -0.253993 -0.614888
v 0.039170 -0.241541 -0.625186
v -0.039160 -0.241583 -0.625135
v 0.098377 -0.266411 -0.581000
v 0.075439 -0.247981 -0.615509
v -0.098293 -0.266457 -0.580961
v -0.075366 -0.248050 -0.615416
v -0.000154 0.492853 -0.674046
v -0.072072 0.442203 -0.694438
v -0.029678 0.536907 -0.655009
v -0.108704 0.478577 -0.675112
v 0.072578 0.441866 -0.694145
v 0.029613 0.536946 -0.654938
v 0.109005 0.478898 -0.675142
v 0.044748 0.367300 -0.733626
v -0.044367 0.366799 -0.733530
v 0.050409 0.319526 -0.758873
v -0.050174 0.319462 -0.758670
v 0.123875 0.426432 -0.695614
v 0.095571 0.346660 -0.742294
v -0.123807 0.426587 -0.695290
v -0.095266 0.346673 -0.741737
v 0.572188 0.044625 -0.387351
v 0.605480 0.026765 -0.326433
v 0.569997 0.076019 -0.374219
v 0.604596 0.055193 -0.304663
v 0.562229 -0.042276 -0.380280
v 0.601473 -0.024744 -0.324470
v 0.555792 -0.076031 -0.364395
v 0.597342 -0.056305 -0.301407
v 0.550697 0.002521 -0.422878
v 0.535481 -0.065520 -0.402088
v 0.523727 -0.015220 -0.449151
v 0.548489 0.068297 -0.413343
v 0.528794 0.020811 -0.454193
v 0.617699 0.028401 -0.279496
v 0.614126 -0.028332 -0.278401
v 0.588070 0.043869 0.384270
v 0.626433 0.026428 0.325407
v 0.577479 0.078057 0.367411
v 0.621520 0.057119 0.304522
v 0.589190 -0.039573 0.381487
v 0.626482 -0.023857 0.323684
v 0.578976 -0.075307 0.364454
v 0.622290 -0.054736 0.302236
v 0.568502 0.003172 0.420776
v 0.557748 -0.064900 0.402825
v 0.540606 -0.013330 0.448422
v 0.556652 0.068545 0.405300
v 0.540276 0.021241 0.449319
v 0.643729 0.028800 0.283656
v 0.643575 -0.026757 0.282159
v -0.572226 0.044580 -0.387387
v -0.605582 0.026720 -0.326476
v -0.570022 0.076051 -0.374286
v -0.604637 0.055193 -0.304750
v -0.562383 -0.042202 -0.380395
v -0.601549 -0.024725 -0.324445
v -0.555310 -0.075804 -0.364134
v -0.597330 -0.056219 -0.301410
v -0.550683 0.002510 -0.422996
v -0.535451 -0.065589 -0.402185
v -0.523725 -0.015351 -0.449126
v -0.548487 0.068332 -0.413380
v -0.528758 0.020807 -0.454328
v -0.617770 0.028432 -0.279566
v -0.614189 -0.028263 -0.278393
v -0.587910 0.043923 0.384204
v -0.626336 0.026456 0.325336
v -0.577664 0.078072 0.367387
v -0.621573 0.057085 0.304434
v -0.589197 -0.039487 0.381533
v -0.626490 -0.023864 0.323755
v -0.579072 -0.075675 0.364413
v -0.622239 -0.054847 0.302164
v -0.568490 0.003224 0.420870
v -0.557616 -0.065329 0.402749
v -0.540640 -0.013421 0.448570
v -0.556518 0.068495 0.405188
v -0.540304 0.021205 0.449369
v -0.643565 0.028877 0.283591
v -0.643552 -0.026796 0.282188
v -0.060692 0.484529 -0.011673
v -0.054994 0.513363 -0.097622
v -0.103349 0.478125 -0.008863
v -0.091811 0.507576 -0.092027
v 0.060661 0.484587 -0.011790
v 0.054328 0.513625 -0.096814
v 0.102520 0.479398 -0.008616
v 0.092114 0.507408 -0.091999
v 0.000179 0.474852 0.025794
v -0.084685 0.466224 0.030511
v -0.021070 0.459473 0.064215
v 0.000067 0.535562 -0.148201
v -0.068796 0.526149 -0.140382
v -0.018652 0.556791 -0.197463
v 0.084449 0.466667 0.030752
v 0.021108 0.459338 0.063854
v 0.069024 0.525911 -0.140485
v 0.018775 0.556697 -0.197480
v -0.188437 0.381540 0.208549
v -0.263282 0.352746 0.250606
v -0.208239 0.395500 0.163349
v -0.281933 0.364447 0.203518
v -0.122132 0.340015 0.350410
v -0.197344 0.317945 0.395497
v -0.097858 0.326422 0.399065
v -0.172966 0.306842 0.445242
v -0.119645 0.373024 0.255906
v -0.161796 0.403023 0.163589
v -0.093749 0.393299 0.208179
v -0.271368 0.321888 0.343960
v -0.310465 0.343699 0.245674
v -0.320594 0.314085 0.338361
v -0.073194 0.343103 0.351585
v -0.071762 0.376913 0.255462
v -0.222430 0.301889 0.440837
v -0.299047 0.304346 0.389023
v -0.198022 0.625258 -0.349429
v -0.304239 0.618627 -0.369749
v -0.213672 0.576960 -0.284116
v -0.305095 0.561543 -0.303316
v -0.166456 0.712943 -0.504309
v -0.230660 0.601868 -0.523891
v -0.131786 0.660594 -0.552014
v -0.207192 0.579851 -0.574019
v -0.172480 0.810171 -0.407450
v -0.163552 0.601514 -0.298620
v -0.112422 0.689430 -0.355435
v -0.329693 0.596851 -0.457840
v -0.363731 0.572698 -0.337649
v -0.422698 0.594013 -0.452649
v -0.107542 0.705434 -0.504753
v -0.099889 0.732306 -0.405959
v -0.251477 0.543695 -0.548602
v -0.339151 0.537074 -0.479231
v -0.439782 0.348745 -0.206641
v -0.491881 0.303801 -0.120508
v -0.420898 0.378760 -0.183157
v -0.471014 0.331935 -0.097067
v -0.503198 0.231689 -0.281163
v -0.550519 0.197552 -0.198405
v -0.526099 0.189922 -0.307442
v -0.569962 0.159336 -0.225959
v -0.442716 0.316382 -0.284684
v -0.404850 0.394578 -0.238028
v -0.402331 0.365387 -0.314437
v -0.545293 0.235915 -0.116603
v -0.506630 0.300268 -0.065587
v -0.558204 0.237053 -0.062415
v -0.489900 0.228546 -0.334960
v -0.427396 0.317736 -0.338921
v -0.582215 0.162945 -0.171157
v -0.577103 0.202217 -0.088911
v -0.476793 0.296434 0.198688
v -0.516587 0.284051 0.131717
v -0.450236 0.317036 0.165753
v -0.489513 0.307251 0.101642
v -0.533798 0.224608 0.283802
v -0.577156 0.201802 0.212110
v -0.544358 0.189395 0.306249
v -0.588388 0.164705 0.235372
v -0.485012 0.270247 0.278942
v -0.439016 0.310149 0.214178
v -0.447013 0.284031 0.297071
v -0.567815 0.235346 0.138348
v -0.519675 0.288086 0.083318
v -0.571715 0.237018 0.089632
v -0.515274 0.219136 0.331593
v -0.466469 0.264432 0.327939
v -0.601500 0.169343 0.188252
v -0.591642 0.205548 0.114918
v 0.188521 0.381471 0.208991
v 0.263427 0.352834 0.250551
v 0.208180 0.395308 0.163560
v 0.281299 0.364222 0.203312
v 0.122102 0.339549 0.350725
v 0.197362 0.318003 0.395696
v 0.097860 0.326578 0.398594
v 0.172982 0.306942 0.445119
v 0.119401 0.373375 0.255582
v 0.161626 0.402919 0.163945
v 0.093937 0.393708 0.208368
v 0.072894 0.342864 0.351129
v 0.071461 0.376671 0.255570
v 0.271012 0.322012 0.343705
v 0.309956 0.343557 0.245391
v 0.321051 0.313969 0.338593
v 0.222555 0.301911 0.440622
v 0.299269 0.304284 0.388965
v 0.198039 0.625834 -0.349863
v 0.307290 0.622538 -0.371985
v 0.214442 0.578378 -0.284548
v 0.307560 0.566273 -0.305654
v 0.166292 0.712660 -0.504110
v 0.230771 0.601489 -0.523930
v 0.131288 0.660286 -0.552378
v 0.207092 0.579586 -0.574498
v 0.172531 0.810126 -0.407527
v 0.163919 0.601922 -0.298407
v 0.112371 0.689078 -0.355441
v 0.107714 0.705646 -0.504521
v 0.100580 0.732271 -0.405781
v 0.329667 0.595520 -0.459698
v 0.370106 0.587394 -0.340206
v 0.420263 0.591084 -0.455446
v 0.251730 0.543272 -0.549253
v 0.338312 0.535868 -0.481067
v 0.439531 0.348490 -0.206639
v 0.491599 0.303482 -0.120729
v 0.420509 0.378670 -0.183729
v 0.471175 0.331813 -0.096831
v 0.503106 0.231890 -0.281019
v 0.550747 0.197467 -0.198705
v 0.525997 0.189790 -0.307256
v 0.569695 0.159275 -0.225833
v 0.442601 0.316174 -0.284546
v 0.404936 0.394891 -0.238396
v 0.402553 0.364881 -0.314458
v 0.544858 0.235772 -0.116997
v 0.506598 0.300507 -0.065418
v 0.558260 0.237123 -0.062262
v 0.489875 0.228444 -0.334825
v 0.426822 0.317450 -0.339041
v 0.582150 0.163014 -0.171043
v 0.577181 0.202396 -0.088730
v 0.476793 0.296402 0.198696
v 0.516594 0.284006 0.131752
v 0.450511 0.316950 0.165925
v 0.489607 0.307219 0.101753
v 0.533860 0.224722 0.283805
v 0.577204 0.201987 0.212157
v 0.544369 0.189510 0.306217
v 0.588219 0.164743 0.235393
v 0.485028 0.270297 0.278908
v 0.439221 0.310140 0.214242
v 0.447021 0.284102 0.297042
v 0.567852 0.235331 0.138370
v 0.519712 0.288068 0.083349
v 0.571675 0.237080 0.089723
v 0.515396 0.219158 0.331553
v 0.466455 0.264497 0.327885
v 0.601515 0.169442 0.188213
v 0.591753 0.205520 0.114938
v -0.073856 -0.619438 0.056178
v -0.084675 -0.651089 -0.036997
v -0.121637 -0.619003 0.045907
v -0.134930 -0.687886 -0.038863
v 0.073293 -0.619555 0.056186
v 0.084465 -0.650213 -0.037018
v 0.121116 -0.618880 0.046313
v 0.133894 -0.687651 -0.038722
v -0.000185 -0.607860 0.114408
v -0.092745 -0.600984 0.104139
v -0.022385 -0.599963 0.170615
v -0.000264 -0.613940 -0.074175
v -0.110477 -0.693703 -0.084702
v -0.037169 -0.606045 -0.117070
v 0.092183 -0.600178 0.103385
v 0.022705 -0.600265 0.170441
v 0.109429 -0.692705 -0.084916
v 0.036359 -0.605892 -0.116931
v -0.198854 -0.568097 0.355494
v -0.289729 -0.552588 0.371120
v -0.220234 -0.558040 0.273678
v -0.303110 -0.533149 0.300477
v -0.160057 -0.803579 0.532134
v -0.301569 -0.721708 0.587184
v -0.122032 -0.778444 0.619620
v -0.265918 -0.722201 0.663487
v -0.138276 -0.658722 0.414675
v -0.165166 -0.568082 0.287527
v -0.093972 -0.605242 0.362372
v -0.316150 -0.576930 0.468203
v -0.332447 -0.519774 0.337384
v -0.344542 -0.514684 0.428589
v -0.092813 -0.719992 0.534174
v -0.080815 -0.650989 0.415449
v -0.316856 -0.639391 0.618632
v -0.335720 -0.535432 0.492678
v -0.233356 -0.659090 -0.300735
v -0.289852 -0.529228 -0.289604
v -0.275202 -0.729188 -0.271657
v -0.339824 -0.575606 -0.268115
v -0.122036 -0.455232 -0.350855
v -0.184472 -0.390390 -0.372582
v -0.093920 -0.412369 -0.384884
v -0.158475 -0.358166 -0.415689
v -0.133582 -0.561684 -0.297712
v -0.196718 -0.738184 -0.275516
v -0.109758 -0.604864 -0.263838
v -0.255297 -0.406693 -0.325453
v -0.323718 -0.484965 -0.267122
v -0.294753 -0.378794 -0.315459
v -0.073305 -0.458047 -0.353456
v -0.079780 -0.549029 -0.290503
v -0.203150 -0.346088 -0.411008
v -0.270818 -0.353082 -0.359153
v -0.442149 -0.321398 -0.178005
v -0.487451 -0.296136 -0.105608
v -0.420922 -0.365216 -0.148889
v -0.463483 -0.335613 -0.077333
v -0.514831 -0.211216 -0.276660
v -0.556655 -0.190138 -0.196481
v -0.532087 -0.179454 -0.305410
v -0.571290 -0.157009 -0.225393
v -0.452879 -0.271549 -0.262110
v -0.407036 -0.354475 -0.196848
v -0.413558 -0.298838 -0.278369
v -0.546774 -0.228856 -0.111503
v -0.496942 -0.301601 -0.054363
v -0.557103 -0.233150 -0.058000
v -0.499770 -0.203715 -0.329123
v -0.437527 -0.261016 -0.313509
v -0.583516 -0.161143 -0.170550
v -0.579935 -0.198669 -0.086564
v -0.464164 -0.363757 0.218923
v -0.500679 -0.320164 0.142063
v -0.443887 -0.398925 0.194122
v -0.478031 -0.355693 0.118146
v -0.517950 -0.244188 0.283692
v -0.567777 -0.209164 0.209553
v -0.533216 -0.201154 0.304533
v -0.582623 -0.169363 0.232537
v -0.469266 -0.327406 0.291871
v -0.434206 -0.404670 0.247123
v -0.438847 -0.371376 0.322978
v -0.555558 -0.246219 0.139485
v -0.505309 -0.316635 0.093278
v -0.561185 -0.244253 0.091515
v -0.499847 -0.239719 0.330993
v -0.452637 -0.327030 0.341908
v -0.598207 -0.172503 0.184988
v -0.585755 -0.209812 0.114343
v 0.199210 -0.568136 0.355632
v 0.289624 -0.551960 0.371584
v 0.220243 -0.558173 0.273628
v 0.303159 -0.532896 0.300819
v 0.159331 -0.802815 0.530878
v 0.300809 -0.723726 0.586481
v 0.119315 -0.777048 0.617185
v 0.265293 -0.724906 0.662491
v 0.138157 -0.658535 0.414802
v 0.165404 -0.568080 0.287696
v 0.094278 -0.605188 0.362252
v 0.092065 -0.719271 0.533484
v 0.080667 -0.650962 0.415298
v 0.315332 -0.577855 0.468552
v 0.331955 -0.519561 0.337342
v 0.344267 -0.514739 0.429216
v 0.316740 -0.640585 0.618840
v 0.335447 -0.535554 0.492533
v 0.232773 -0.658590 -0.300964
v 0.290099 -0.528914 -0.289596
v 0.274754 -0.729453 -0.271803
v 0.340137 -0.575985 -0.267736
v 0.121790 -0.455323 -0.350153
v 0.184474 -0.390488 -0.372698
v 0.093965 -0.411951 -0.384848
v 0.158419 -0.358397 -0.415556
v 0.133024 -0.561854 -0.297170
v 0.195568 -0.737646 -0.275352
v 0.109174 -0.604363 -0.263833
v 0.073181 -0.457786 -0.353037
v 0.079264 -0.549055 -0.290765
v 0.255390 -0.406554 -0.325834
v 0.324069 -0.484771 -0.267501
v 0.294707 -0.378826 -0.315233
v 0.203094 -0.346032 -0.410889
v 0.270717 -0.352972 -0.359014
v 0.442231 -0.321629 -0.177938
v 0.487450 -0.296675 -0.105666
v 0.420612 -0.365201 -0.148658
v 0.463335 -0.335489 -0.077229
v 0.514748 -0.210855 -0.276535
v 0.556612 -0.189961 -0.196480
v 0.532072 -0.179540 -0.305321
v 0.571410 -0.157164 -0.225441
v 0.452753 -0.271925 -0.261781
v 0.407148 -0.354698 -0.197259
v 0.413506 -0.298929 -0.278395
v 0.546715 -0.228613 -0.111486
v 0.496562 -0.301396 -0.054088
v 0.557033 -0.232947 -0.058028
v 0.499737 -0.203528 -0.329056
v 0.438073 -0.260200 -0.314037
v 0.583635 -0.161253 -0.170585
v 0.579826 -0.198667 -0.086524
v 0.463734 -0.363756 0.219234
v 0.500741 -0.320202 0.142327
v 0.443878 -0.398641 0.193851
v 0.476991 -0.355360 0.117886
v 0.517611 -0.244199 0.283349
v 0.567714 -0.208993 0.209601
v 0.533689 -0.201248 0.303943
v 0.582615 -0.169446 0.232614
v 0.469259 -0.327896 0.291743
v 0.434566 -0.404799 0.247183
v 0.438303 -0.370946 0.322911
v 0.555305 -0.246251 0.139470
v 0.505050 -0.316611 0.093083
v 0.561190 -0.244135 0.091371
v 0.499772 -0.239866 0.331029
v 0.452055 -0.326817 0.342173
v 0.598197 -0.172352 0.185028
v 0.585769 -0.209715 0.114229
v 0.048438 -0.084734 0.737999
v -0.048325 -0.084768 0.737908
v 0.049173 -0.140899 0.764256
v -0.049022 -0.140794 0.765315
v 0.045290 0.072519 0.664995
v -0.045587 0.072830 0.664744
v 0.044302 0.124103 0.652472
v -0.044364 0.124091 0.652416
v 0.093498 -0.005360 0.686006
v 0.097044 -0.114424 0.730446
v 0.140851 -0.031913 0.684048
v -0.093411 -0.005282 0.686102
v -0.097597 -0.114200 0.731692
v -0.140752 -0.032140 0.683792
v 0.090145 0.098114 0.652939
v 0.138913 0.021498 0.666128
v -0.089998 0.098382 0.652967
v -0.138979 0.021288 0.666065
v 0.303615 -0.321927 0.611444
v 0.268945 -0.230867 0.644233
v 0.273838 -0.364358 0.652563
v 0.230907 -0.266161 0.675585
v 0.406683 -0.198408 0.506361
v 0.386150 -0.124726 0.551649
v 0.444588 -0.161289 0.477208
v 0.427722 -0.091395 0.525053
v 0.364662 -0.296864 0.532708
v 0.306512 -0.391724 0.615718
v 0.359269 -0.358129 0.526651
v 0.433970 -0.213315 0.465571
v 0.389488 -0.309973 0.488184
v 0.311620 -0.136101 0.612523
v 0.232631 -0.202691 0.676015
v 0.273729 -0.111207 0.640379
v 0.396829 -0.069980 0.559664
v 0.314746 -0.079864 0.610903
v -0.303836 -0.322013 0.611538
v -0.269105 -0.231165 0.643504
v -0.273679 -0.365026 0.652747
v -0.231064 -0.266444 0.676155
v -0.406591 -0.198235 0.506315
v -0.386112 -0.124494 0.551876
v -0.444352 -0.161316 0.477251
v -0.427606 -0.091382 0.525198
v -0.364168 -0.296937 0.532462
v -0.306703 -0.391355 0.615182
v -0.359169 -0.357921 0.526799
v -0.433954 -0.213713 0.465926
v -0.389510 -0.310206 0.488304
v -0.311183 -0.136366 0.611765
v -0.232161 -0.203002 0.674944
v -0.273821 -0.111267 0.640110
v -0.396796 -0.070210 0.559684
v -0.314981 -0.079838 0.610927
v 0.284902 0.239363 0.553003
v 0.255907 0.190490 0.589069
v 0.239878 0.253031 0.566725
v 0.211868 0.214640 0.603126
v 0.410281 0.174615 0.495587
v 0.386359 0.115747 0.538836
v 0.448161 0.147202 0.471973
v 0.429177 0.090877 0.520483
v 0.361756 0.234433 0.503507
v 0.274322 0.260901 0.535496
v 0.350536 0.257384 0.482906
v 0.439565 0.187182 0.457974
v 0.392253 0.243305 0.464403
v 0.305674 0.120455 0.582078
v 0.217845 0.173327 0.610596
v 0.267744 0.100316 0.607467
v 0.394066 0.071570 0.548869
v 0.311619 0.074211 0.592183
v -0.284892 0.239347 0.552922
v -0.255724 0.190490 0.589091
v -0.239921 0.253007 0.566759
v -0.211771 0.214708 0.603181
v -0.410143 0.174537 0.495428
v -0.386022 0.115611 0.538634
v -0.448872 0.147608 0.472646
v -0.429054 0.090825 0.520143
v -0.361803 0.234405 0.503535
v -0.274320 0.260909 0.535503
v -0.350566 0.257415 0.482867
v -0.439472 0.186792 0.457732
v -0.392253 0.243308 0.464428
v -0.305739 0.120773 0.582811
v -0.217783 0.173303 0.610697
v -0.267642 0.100026 0.607344
v -0.393856 0.071522 0.548780
v -0.311541 0.074063 0.592133
v 0.046529 -0.062945 -0.665556
v -0.046445 -0.062358 -0.665756
v 0.044562 -0.117995 -0.648422
v -0.044644 -0.118064 -0.648736
v 0.055473 0.100201 -0.772424
v -0.055353 0.100720 -0.771511
v 0.058167 0.157258 -0.800436
v -0.058065 0.158089 -0.798690
v 0.099624 0.018524 -0.711821
v 0.090196 -0.090421 -0.653745
v 0.143267 -0.007584 -0.684285
v -0.099672 0.018781 -0.711800
v -0.090263 -0.090251 -0.653730
v -0.143270 -0.007549 -0.684445
v 0.115955 0.123848 -0.807395
v 0.153017 0.044634 -0.725401
v -0.115806 0.126594 -0.804200
v -0.152966 0.044793 -0.724411
v 0.277140 -0.226752 -0.547890
v 0.251963 -0.186964 -0.583452
v 0.232280 -0.240667 -0.560040
v 0.206885 -0.206983 -0.594798
v 0.401200 -0.167692 -0.494346
v 0.375469 -0.108897 -0.534730
v 0.438745 -0.143241 -0.472719
v 0.413897 -0.082729 -0.514679
v 0.350668 -0.218145 -0.499800
v 0.263654 -0.248218 -0.528818
v 0.335473 -0.243564 -0.477101
v 0.430843 -0.179050 -0.460811
v 0.378236 -0.227069 -0.461993
v 0.299891 -0.114433 -0.580329
v 0.212477 -0.164189 -0.602888
v 0.262396 -0.088606 -0.605708
v 0.381831 -0.061895 -0.546978
v 0.306177 -0.062658 -0.594585
v -0.277080 -0.226671 -0.547929
v -0.251911 -0.186882 -0.583352
v -0.232195 -0.240661 -0.560029
v -0.206789 -0.206948 -0.594651
v -0.401321 -0.167517 -0.494252
v -0.375208 -0.108999 -0.534966
v -0.438991 -0.143482 -0.472608
v -0.413935 -0.082901 -0.514898
v -0.350629 -0.218249 -0.499817
v -0.263614 -0.248363 -0.528794
v -0.335420 -0.243708 -0.476940
v -0.430855 -0.178811 -0.460830
v -0.378326 -0.227231 -0.462035
v -0.300213 -0.114427 -0.580121
v -0.212585 -0.164763 -0.602781
v -0.262317 -0.088206 -0.605659
v -0.381789 -0.061350 -0.546670
v -0.305673 -0.062797 -0.594532
v 0.303493 0.307820 -0.630733
v 0.294270 0.234763 -0.705472
v 0.265593 0.344049 -0.659901
v 0.256907 0.271000 -0.742179
v 0.415547 0.195059 -0.533345
v 0.403318 0.129170 -0.590838
v 0.452012 0.159590 -0.501404
v 0.439298 0.096635 -0.555619
v 0.363570 0.285534 -0.548168
v 0.290395 0.364220 -0.610034
v 0.348821 0.341445 -0.529254
v 0.439262 0.207383 -0.486700
v 0.384112 0.298918 -0.498444
v 0.338982 0.144884 -0.672844
v 0.271551 0.215984 -0.767092
v 0.302237 0.123040 -0.705677
v 0.406312 0.080752 -0.589125
v 0.333951 0.092191 -0.657735
v -0.303857 0.307174 -0.630911
v -0.293863 0.234904 -0.705104
v -0.264839 0.344263 -0.659491
v -0.257237 0.271344 -0.743106
v -0.415332 0.195477 -0.532953
v -0.403284 0.129116 -0.591112
v -0.451915 0.159499 -0.501315
v -0.439314 0.096453 -0.555884
v -0.363759 0.286175 -0.548083
v -0.290174 0.364643 -0.609638
v -0.348824 0.341466 -0.528893
v -0.439188 0.207682 -0.486515
v -0.383738 0.299660 -0.497692
v -0.339210 0.144945 -0.672998
v -0.271412 0.215692 -0.767500
v -0.301829 0.123230 -0.705610
v -0.406263 0.080720 -0.589316
v -0.333703 0.091967 -0.657679
v 0.672715 0.032495 -0.063595
v 0.667689 -0.033693 -0.064069
v 0.658715 0.031663 -0.118289
v 0.653928 -0.033048 -0.118613
v 0.680094 0.033713 0.091087
v 0.677881 -0.033597 0.090491
v 0.675487 0.033191 0.141819
v 0.673572 -0.032715 0.141031
v 0.673596 0.067405 0.014766
v 0.656864 0.064926 -0.090415
v 0.655844 0.101609 -0.010492
v 0.665873 0.067401 0.116057
v 0.654326 0.102361 0.040217
v 0.668645 -0.068840 0.014063
v 0.648594 -0.066941 -0.091171
v 0.650663 -0.103615 -0.011531
v 0.662662 -0.067617 0.114783
v 0.651009 -0.103802 0.039191
v -0.672802 0.032528 -0.063540
v -0.667703 -0.033653 -0.064108
v -0.658841 0.031706 -0.118305
v -0.653931 -0.033033 -0.118587
v -0.680076 0.033675 0.091054
v -0.677891 -0.033612 0.090509
v -0.675470 0.033201 0.141808
v -0.673610 -0.032705 0.141040
v -0.673574 0.067368 0.014757
v -0.656909 0.064958 -0.090409
v -0.655847 0.101571 -0.010489
v -0.665833 0.067432 0.116066
v -0.654327 0.102350 0.040221
v -0.668642 -0.068884 0.014041
v -0.648649 -0.066875 -0.091194
v -0.650581 -0.103585 -0.011525
v -0.662620 -0.067605 0.114805
v -0.650967 -0.103799 0.039192
v -0.173705 0.452934 0.036569
v -0.200058 0.430231 0.078346
v -0.168010 0.510650 -0.136136
v -0.196413 0.523081 -0.180710
v -0.154649 0.439952 0.076622
v -0.148065 0.538428 -0.188590
v -0.342422 0.363955 0.152149
v -0.382805 0.351591 0.143218
v -0.370702 0.342912 0.189906
v -0.338893 0.478051 -0.218808
v -0.369138 0.439215 -0.190314
v -0.362554 0.467482 -0.248629
v -0.456744 0.345721 -0.024513
v -0.460079 0.337583 0.023421
v -0.489698 0.319028 0.005840
v 0.173722 0.453055 0.036463
v 0.200341 0.430084 0.078529
v 0.167637 0.510282 -0.135915
v 0.196113 0.523131 -0.181135
v 0.154824 0.439826 0.076657
v 0.148309 0.538495 -0.188773
v 0.342121 0.364029 0.152193
v 0.382428 0.351457 0.143269
v 0.370351 0.342777 0.189848
v 0.338680 0.479035 -0.221386
v 0.369056 0.439506 -0.191717
v 0.362262 0.469385 -0.251480
v 0.456776 0.345622 -0.024473
v 0.460036 0.337511 0.023539
v 0.489649 0.318909 0.006012
v -0.187827 -0.581511 0.084234
v -0.212445 -0.563302 0.142939
v -0.232785 -0.785363 -0.081857
v -0.275006 -0.787236 -0.153275
v -0.160903 -0.572116 0.149204
v -0.192263 -0.799553 -0.150020
v -0.368069 -0.501820 0.214093
v -0.398400 -0.469282 0.190575
v -0.387063 -0.475952 0.247597
v -0.366327 -0.520357 -0.177805
v -0.381332 -0.461683 -0.148436
v -0.368503 -0.453810 -0.196932
v -0.449222 -0.382216 -0.003431
v -0.453697 -0.386800 0.044383
v -0.477756 -0.346807 0.020634
v 0.187812 -0.581370 0.084264
v 0.212735 -0.563047 0.142901
v 0.230820 -0.786034 -0.082295
v 0.274084 -0.787643 -0.153259
v 0.160942 -0.572045 0.149464
v 0.189616 -0.799483 -0.149782
v 0.368499 -0.501806 0.213924
v 0.398296 -0.468906 0.190776
v 0.386915 -0.475649 0.247910
v 0.366006 -0.520416 -0.177703
v 0.381340 -0.461596 -0.148419
v 0.368351 -0.453610 -0.196578
v 0.449281 -0.382266 -0.003594
v 0.453988 -0.386494 0.044160
v 0.477940 -0.346879 0.020640
v -0.034846 -0.633620 0.624142
v 0.035027 -0.633339 0.623669
v -0.233534 -0.568095 0.697830
v -0.236954 -0.481703 0.689811
v 0.000579 -0.630574 0.571659
v -0.287351 -0.527765 0.672943
v 0.233154 -0.568559 0.697617
v 0.236574 -0.481881 0.689455
v 0.287048 -0.527992 0.673306
v 0.096477 -0.233758 0.736959
v 0.144609 -0.266257 0.721392
v -0.097034 -0.233884 0.738011
v -0.144835 -0.266500 0.721888
v 0.145947 -0.203967 0.723702
v -0.146099 -0.204119 0.724183
v -0.024239 0.315465 0.445936
v 0.024394 0.315427 0.445911
v -0.165584 0.285673 0.526871
v -0.181149 0.275006 0.554498
v 0.000127 0.329678 0.399699
v -0.213286 0.281240 0.519749
v 0.165603 0.285691 0.526896
v 0.181197 0.275042 0.554506
v 0.213309 0.281246 0.519759
v 0.085298 0.194537 0.636028
v 0.126829 0.215675 0.625854
v -0.085419 0.194572 0.635828
v -0.126852 0.215437 0.626114
v 0.130800 0.171637 0.632194
v -0.130630 0.171831 0.631568
v -0.022806 -0.377480 -0.423711
v 0.022546 -0.377806 -0.423982
v -0.152467 -0.299137 -0.500553
v -0.171237 -0.271365 -0.540890
v -0.000079 -0.416328 -0.387193
v -0.197689 -0.288623 -0.496705
v 0.152411 -0.299406 -0.500424
v 0.171138 -0.271335 -0.540857
v 0.197837 -0.288676 -0.496686
v 0.085286 -0.203137 -0.630388
v 0.124232 -0.217166 -0.619859
v -0.085231 -0.202811 -0.630586
v -0.124182 -0.217246 -0.619965
v 0.128418 -0.172753 -0.626475
v -0.128405 -0.172640 -0.626450
v -0.034365 0.634819 -0.609427
v 0.034523 0.634897 -0.609352
v -0.204948 0.500032 -0.650917
v -0.215224 0.438461 -0.667389
v 0.000178 0.676501 -0.572566
v -0.241170 0.461500 -0.620381
v 0.205118 0.500018 -0.651281
v 0.215341 0.438727 -0.667667
v 0.240864 0.461317 -0.620191
v 0.115030 0.246757 -0.807641
v 0.164862 0.274867 -0.786944
v -0.114997 0.246984 -0.807681
v -0.164748 0.274810 -0.786831
v 0.174708 0.219366 -0.814121
v -0.174597 0.219409 -0.814209
v 0.533995 0.142346 -0.382886
v 0.510834 0.136097 -0.427327
v 0.609731 0.091481 -0.226790
v 0.629585 0.061065 -0.200451
v 0.500534 0.178047 -0.410827
v 0.622359 0.094731 -0.172153
v 0.520666 -0.137854 -0.371250
v 0.498071 -0.128398 -0.411985
v 0.602861 -0.093634 -0.225409
v 0.622219 -0.063134 -0.199450
v 0.490185 -0.163875 -0.396512
v 0.615162 -0.096627 -0.171861
v 0.460016 -0.015855 -0.504279
v 0.467370 0.026085 -0.514096
v 0.428548 0.007513 -0.538429
v 0.534851 0.144375 0.371054
v 0.511668 0.133516 0.411337
v 0.626900 0.096003 0.236087
v 0.653715 0.063703 0.214528
v 0.502502 0.173153 0.394969
v 0.640080 0.099433 0.189309
v 0.531710 -0.149980 0.368539
v 0.509327 -0.139603 0.410397
v 0.626264 -0.095738 0.233558
v 0.652300 -0.062619 0.212394
v 0.494755 -0.186384 0.394095
v 0.638463 -0.099302 0.186662
v 0.479568 -0.014486 0.509782
v 0.478740 0.025853 0.509028
v 0.442589 0.005292 0.536008
v -0.533932 0.142317 -0.383006
v -0.510984 0.135934 -0.427466
v -0.609713 0.091311 -0.226843
v -0.629597 0.061098 -0.200465
v -0.500622 0.177843 -0.410849
v -0.622375 0.094643 -0.172239
v -0.520764 -0.137751 -0.371264
v -0.498013 -0.128317 -0.412007
v -0.602889 -0.093568 -0.225441
v -0.622145 -0.063097 -0.199400
v -0.490131 -0.163658 -0.396613
v -0.615211 -0.096540 -0.171889
v -0.459675 -0.015945 -0.504394
v -0.467237 0.025770 -0.514051
v -0.429094 0.007238 -0.538821
v -0.535208 0.144430 0.371092
v -0.511109 0.133117 0.410898
v -0.627540 0.096040 0.236292
v -0.653543 0.063747 0.214484
v -0.502557 0.173308 0.394992
v -0.640198 0.099359 0.189322
v -0.531723 -0.149893 0.368589
v -0.509233 -0.139265 0.410481
v -0.626227 -0.095760 0.233500
v -0.652290 -0.062656 0.212463
v -0.494868 -0.186196 0.394381
v -0.638419 -0.099373 0.186698
v -0.479616 -0.014651 0.510028
v -0.478734 0.025847 0.508985
v -0.442510 0.005341 0.536139
v -0.022740 0.417012 0.158780
v 0.022951 0.417274 0.158713
v 0.000091 0.397709 0.207266
v -0.024389 0.627728 -0.301583
v 0.024388 0.628199 -0.301711
v 0.000088 0.664819 -0.353652
v -0.387935 0.288620 0.364011
v -0.364013 0.281386 0.411932
v -0.406243 0.271567 0.395662
v -0.363771 0.426491 -0.405366
v -0.354609 0.416907 -0.458885
v -0.377858 0.363712 -0.424491
v -0.595057 0.206771 0.016569
v -0.614944 0.171693 -0.009350
v -0.615799 0.172495 0.040934
v 0.387988 0.288722 0.363866
v 0.364105 0.281513 0.411850
v 0.406227 0.271674 0.395590
v 0.363505 0.425565 -0.405290
v 0.354397 0.415911 -0.459099
v 0.378085 0.363047 -0.424464
v 0.595086 0.206768 0.016601
v 0.614996 0.171713 -0.009341
v 0.615855 0.172476 0.040943
v -0.022140 -0.602265 0.293853
v 0.022491 -0.602434 0.293880
v 0.000244 -0.619555 0.355224
v -0.031451 -0.588849 -0.207169
v 0.030949 -0.588642 -0.207232
v -0.000335 -0.569390 -0.248991
v -0.389660 -0.419161 0.411043
v -0.372216 -0.421731 0.465781
v -0.401146 -0.370364 0.426751
v -0.354563 -0.309000 -0.340552
v -0.334606 -0.292171 -0.389373
v -0.377395 -0.271608 -0.378010
v -0.592936 -0.205837 0.017198
v -0.614828 -0.171639 -0.009470
v -0.614574 -0.173361 0.040335
v 0.389982 -0.419961 0.410852
v 0.372797 -0.422234 0.466050
v 0.401349 -0.370691 0.427101
v 0.354805 -0.309615 -0.340865
v 0.334687 -0.292996 -0.389132
v 0.377598 -0.271657 -0.377997
v 0.592885 -0.205737 0.017167
v 0.614780 -0.171591 -0.009464
v 0.614557 -0.173330 0.040380
v 0.231205 -0.029674 0.650053
v 0.230617 0.024845 0.640366
v 0.273902 -0.001196 0.625210
v -0.231250 -0.029496 0.650105
v -0.230516 0.024477 0.639975
v -0.273789 -0.001190 0.625248
v 0.232408 -0.008369 -0.654912
v 0.243630 0.044101 -0.687948
v 0.278493 0.016041 -0.648321
v -0.232463 -0.008716 -0.655578
v -0.243572 0.043986 -0.688103
v -0.278620 0.016402 -0.648565
f 1 647 644
f 1 644 643
f 1 643 645
f 1 645 646
f 1 646 647
f 2 649 652
f 6 672 670
f 12 702 699
f 11 696 695
f 8 679 681
f 4 662 659
f 4 659 658
f 4 658 660
f 4 660 661
f 4 661 662
f 5 666 665
f 3 654 657
f 7 673 677
f 9 685 686
f 10 692 688
f 12 701 698
f 6 669 668
f 2 650 648
f 8 682 678
f 11 697 693
f 6 671 669
f 12 700 701
f 11 694 697
f 8 680 682
f 2 651 650
f 10 690 689
f 5 663 664
f 3 655 653
f 7 676 674
f 9 687 684
f 10 691 690
f 5 667 663
f 3 656 655
f 7 675 676
f 9 683 687
f 6 668 672
f 2 648 649
f 8 678 679
f 11 693 696
f 12 698 702
f 10 688 691
f 5 665 667
f 3 657 656
f 7 677 675
f 9 686 683
f 5 664 666
f 3 653 654
f 7 674 673
f 9 684 685
f 10 689 692
f 6 670 671
f 12 699 700
f 11 695 694
f 8 681 680
f 2 652 651
f 35 837 838
f 18 735 736
f 19 742 741
f 40 868 867
f 42 880 879
f 34 832 831
f 33 827 828
f 25 778 780
f 36 844 846
f 20 749 747
f 32 819 820
f 23 765 767
f 24 773 771
f 37 850 849
f 41 876 875
f 34 833 834
f 33 826 825
f 25 779 777
f 36 845 843
f 20 748 750
f 17 729 727
f 14 711 709
f 13 706 703
f 15 718 715
f 16 724 721
f 18 737 733
f 35 839 835
f 42 882 878
f 40 870 866
f 19 744 740
f 30 807 805
f 27 789 787
f 22 762 758
f 28 797 793
f 29 802 799
f 32 821 817
f 23 766 763
f 24 774 770
f 37 852 848
f 41 874 872
f 35 838 836
f 18 736 734
f 19 741 739
f 40 867 865
f 42 879 877
f 34 831 829
f 33 828 824
f 25 780 776
f 36 846 842
f 20 747 745
f 32 820 818
f 23 767 764
f 24 771 769
f 37 849 847
f 41 875 871
f 34 834 830
f 33 825 823
f 25 777 775
f 36 843 841
f 20 750 746
f 14 714 710
f 13 707 704
f 15 719 716
f 16 725 722
f 17 732 728
f 21 755 752
f 31 814 811
f 26 784 781
f 38 857 853
f 39 862 860
f 27 792 788
f 22 759 757
f 28 796 794
f 29 803 800
f 30 810 806
f 31 815 812
f 26 785 782
f 38 856 854
f 39 863 859
f 21 754 751
f 14 712 714
f 13 705 707
f 15 717 719
f 16 723 725
f 17 730 732
f 21 753 755
f 31 816 814
f 26 786 784
f 38 858 857
f 39 861 862
f 27 791 792
f 22 761 759
f 28 795 796
f 29 801 803
f 30 808 810
f 31 813 815
f 26 783 785
f 38 855 856
f 39 864 863
f 21 756 754
f 14 709 712
f 13 703 705
f 15 715 717
f 16 721 723
f 17 727 730
f 21 751 753
f 31 812 816
f 26 782 786
f 38 854 858
f 39 859 861
f 27 787 791
f 22 758 761
f 28 793 795
f 29 799 801
f 30 805 808
f 31 811 813
f 26 781 783
f 38 853 855
f 39 860 864
f 21 752 756
f 17 728 731
f 14 710 713
f 13 704 708
f 15 716 720
f 16 722 726
f 18 734 738
f 35 836 840
f 42 877 881
f 40 865 869
f 19 739 743
f 30 806 809
f 27 788 790
f 22 757 760
f 28 794 798
f 29 800 804
f 32 818 822
f 23 764 768
f 24 769 772
f 37 847 851
f 41 871 873
f 35 835 837
f 18 733 735
f 19 740 742
f 40 866 868
f 42 878 880
f 34 830 832
f 33 823 827
f 25 775 778
f 36 841 844
f 20 746 749
f 32 817 819
f 23 763 765
f 24 770 773
f 37 848 850
f 41 872 876
f 34 829 833
f 33 824 826
f 25 776 779
f 36 842 845
f 20 745 748
f 17 731 729
f 14 713 711
f 13 708 706
f 15 720 718
f 16 726 724
f 18 738 737
f 35 840 839
f 42 881 882
f 40 869 870
f 19 743 744
f 30 809 807
f 27 790 789
f 22 760 762
f 28 798 797
f 29 804 802
f 32 822 821
f 23 768 766
f 24 772 774
f 37 851 852
f 41 873 874
f 107 1269 1270
f 103 1245 1246
f 104 1252 1251
f 110 1288 1287
f 113 1306 1305
f 118 1336 1335
f 154 1551 1552
f 141 1473 1474
f 162 1599 1600
f 121 1354 1353
f 142 1479 1480
f 129 1401 1402
f 130 1408 1407
f 144 1492 1491
f 146 1504 1503
f 151 1533 1534
f 131 1414 1413
f 136 1444 1443
f 161 1594 1593
f 126 1383 1384
f 116 1323 1324
f 108 1275 1276
f 106 1263 1264
f 112 1299 1300
f 115 1317 1318
f 119 1341 1342
f 156 1564 1563
f 139 1462 1461
f 160 1588 1587
f 120 1347 1348
f 149 1521 1522
f 132 1420 1419
f 128 1395 1396
f 145 1497 1498
f 148 1515 1516
f 155 1557 1558
f 133 1425 1426
f 134 1431 1432
f 157 1570 1569
f 124 1372 1371
f 109 1282 1281
f 105 1258 1257
f 111 1294 1293
f 114 1312 1311
f 117 1330 1329
f 125 1378 1377
f 152 1540 1539
f 137 1449 1450
f 158 1575 1576
f 123 1365 1366
f 143 1486 1485
f 127 1390 1389
f 135 1437 1438
f 147 1510 1509
f 150 1528 1527
f 153 1546 1545
f 140 1468 1467
f 138 1455 1456
f 159 1581 1582
f 122 1359 1360
f 107 1272 1271
f 103 1248 1247
f 104 1253 1254
f 110 1289 1290
f 113 1307 1308
f 118 1337 1338
f 154 1554 1553
f 141 1476 1475
f 162 1602 1601
f 121 1355 1356
f 142 1482 1481
f 129 1404 1403
f 130 1409 1410
f 144 1493 1494
f 146 1505 1506
f 151 1536 1535
f 131 1415 1416
f 136 1445 1446
f 161 1595 1596
f 126 1386 1385
f 47 909 907
f 44 891 889
f 43 886 883
f 45 898 895
f 46 904 901
f 49 922 919
f 72 1060 1057
f 102 1240 1237
f 96 1204 1201
f 79 1102 1099
f 62 999 997
f 59 981 979
f 58 976 973
f 60 988 985
f 61 994 991
f 66 1024 1021
f 54 952 949
f 73 1066 1063
f 85 1138 1135
f 92 1179 1177
f 101 1233 1231
f 69 1041 1039
f 50 927 925
f 82 1119 1117
f 97 1209 1207
f 71 1053 1051
f 100 1228 1225
f 94 1192 1189
f 80 1108 1105
f 51 933 931
f 90 1167 1165
f 63 1005 1003
f 55 957 955
f 76 1083 1081
f 87 1150 1147
f 91 1174 1171
f 67 1029 1027
f 56 963 961
f 75 1077 1075
f 83 1126 1123
f 68 1036 1033
f 48 915 913
f 78 1095 1093
f 93 1185 1183
f 98 1216 1213
f 88 1155 1153
f 65 1018 1015
f 57 970 967
f 77 1090 1087
f 86 1143 1141
f 64 1012 1009
f 53 945 943
f 74 1071 1069
f 84 1131 1129
f 89 1162 1159
f 70 1047 1045
f 99 1221 1219
f 95 1197 1195
f 81 1114 1111
f 52 940 937
f 109 1284 1280
f 105 1260 1256
f 111 1296 1292
f 114 1314 1310
f 117 1332 1328
f 125 1380 1376
f 152 1542 1538
f 137 1451 1447
f 158 1577 1573
f 123 1367 1363
f 143 1488 1484
f 127 1392 1388
f 135 1439 1435
f 147 1512 1508
f 150 1530 1526
f 153 1548 1544
f 140 1470 1466
f 138 1457 1453
f 159 1583 1579
f 122 1361 1357
f 107 1270 1268
f 103 1246 1244
f 104 1251 1249
f 110 1287 1285
f 113 1305 1303
f 118 1335 1333
f 154 1552 1550
f 141 1474 1472
f 162 1600 1598
f 121 1353 1351
f 142 1480 1478
f 129 1402 1400
f 130 1407 1405
f 144 1491 1489
f 146 1503 1501
f 151 1534 1532
f 131 1413 1411
f 136 1443 1441
f 161 1593 1591
f 126 1384 1382
f 116 1324 1322
f 108 1276 1274
f 106 1264 1262
f 112 1300 1298
f 115 1318 1316
f 119 1342 1340
f 156 1563 1561
f 139 1461 1459
f 160 1587 1585
f 120 1348 1346
f 149 1522 1520
f 132 1419 1417
f 128 1396 1394
f 145 1498 1496
f 148 1516 1514
f 155 1558 1556
f 133 1426 1424
f 134 1432 1430
f 157 1569 1567
f 124 1371 1369
f 109 1281 1279
f 105 1257 1255
f 111 1293 1291
f 114 1311 1309
f 117 1329 1327
f 125 1377 1375
f 152 1539 1537
f 137 1450 1448
f 158 1576 1574
f 123 1366 1364
f 143 1485 1483
f 127 1389 1387
f 135 1438 1436
f 147 1509 1507
f 150 1527 1525
f 153 1545 1543
f 140 1467 1465
f 138 1456 1454
f 159 1582 1580
f 122 1360 1358
f 107 1271 1267
f 103 1247 1243
f 104 1254 1250
f 110 1290 1286
f 113 1308 1304
f 118 1338 1334
f 154 1553 1549
f 141 1475 1471
f 162 1601 1597
f 121 1356 1352
f 142 1481 1477
f 129 1403 1399
f 130 1410 1406
f 144 1494 1490
f 146 1506 1502
f 151 1535 1531
f 131 1416 1412
f 136 1446 1442
f 161 1596 1592
f 126 1385 1381
f 44 894 890
f 43 887 884
f 45 899 896
f 46 905 902
f 47 912 908
f 52 941 938
f 70 1050 1046
f 99 1224 1220
f 95 1200 1196
f 81 1115 1112
f 59 984 980
f 58 977 974
f 60 989 986
f 61 995 992
f 62 1002 998
f 65 1019 1016
f 57 971 968
f 77 1091 1088
f 86 1146 1142
f 88 1158 1154
f 98 1217 1214
f 68 1037 1034
f 48 918 914
f 78 1098 1094
f 93 1188 1184
f 69 1044 1040
f 101 1236 1232
f 97 1212 1208
f 82 1122 1118
f 50 930 926
f 89 1163 1160
f 64 1013 1010
f 53 948 944
f 74 1074 1070
f 84 1134 1130
f 90 1170 1166
f 63 1008 1004
f 55 960 956
f 76 1086 1082
f 87 1151 1148
f 72 1061 1058
f 49 923 920
f 79 1103 1100
f 96 1205 1202
f 102 1241 1238
f 91 1175 1172
f 67 1032 1028
f 56 966 962
f 75 1080 1076
f 83 1127 1124
f 66 1025 1022
f 54 953 950
f 73 1067 1064
f 85 1139 1136
f 92 1182 1178
f 71 1056 1052
f 100 1229 1226
f 94 1193 1190
f 80 1109 1106
f 51 936 932
f 116 1325 1321
f 108 1277 1273
f 106 1265 1261
f 112 1301 1297
f 115 1319 1315
f 119 1343 1339
f 156 1566 1562
f 139 1464 1460
f 160 1590 1586
f 120 1349 1345
f 149 1523 1519
f 132 1422 1418
f 128 1397 1393
f 145 1499 1495
f 148 1517 1513
f 155 1559 1555
f 133 1427 1423
f 134 1433 1429
f 157 1572 1568
f 124 1374 1370
f 44 892 894
f 43 885 887
f 45 897 899
f 46 903 905
f 47 910 912
f 52 939 941
f 70 1048 1050
f 99 1222 1224
f 95 1198 1200
f 81 1113 1115
f 59 982 984
f 58 975 977
f 60 987 989
f 61 993 995
f 62 1000 1002
f 65 1017 1019
f 57 969 971
f 77 1089 1091
f 86 1144 1146
f 88 1156 1158
f 98 1215 1217
f 68 1035 1037
f 48 916 918
f 78 1096 1098
f 93 1186 1188
f 69 1042 1044
f 101 1234 1236
f 97 1210 1212
f 82 1120 1122
f 50 928 930
f 89 1161 1163
f 64 1011 1013
f 53 946 948
f 74 1072 1074
f 84 1132 1134
f 90 1168 1170
f 63 1006 1008
f 55 958 960
f 76 1084 1086
f 87 1149 1151
f 72 1059 1061
f 49 921 923
f 79 1101 1103
f 96 1203 1205
f 102 1239 1241
f 91 1173 1175
f 67 1030 1032
f 56 964 966
f 75 1078 1080
f 83 1125 1127
f 66 1023 1025
f 54 951 953
f 73 1065 1067
f 85 1137 1139
f 92 1180 1182
f 71 1054 1056
f 100 1227 1229
f 94 1191 1193
f 80 1107 1109
f 51 934 936
f 116 1326 1325
f 108 1278 1277
f 106 1266 1265
f 112 1302 1301
f 115 1320 1319
f 119 1344 1343
f 156 1565 1566
f 139 1463 1464
f 160 1589 1590
f 120 1350 1349
f 149 1524 1523
f 132 1421 1422
f 128 1398 1397
f 145 1500 1499
f 148 1518 1517
f 155 1560 1559
f 133 1428 1427
f 134 1434 1433
f 157 1571 1572
f 124 1373 1374
f 44 889 892
f 43 883 885
f 45 895 897
f 46 901 903
f 47 907 910
f 52 937 939
f 70 1045 1048
f 99 1219 1222
f 95 1195 1198
f 81 1111 1113
f 59 979 982
f 58 973 975
f 60 985 987
f 61 991 993
f 62 997 1000
f 65 1015 1017
f 57 967 969
f 77 1087 1089
f 86 1141 1144
f 88 1153 1156
f 98 1213 1215
f 68 1033 1035
f 48 913 916
f 78 1093 1096
f 93 1183 1186
f 69 1039 1042
f 101 1231 1234
f 97 1207 1210
f 82 1117 1120
f 50 925 928
f 89 1159 1161
f 64 1009 1011
f 53 943 946
f 74 1069 1072
f 84 1129 1132
f 90 1165 1168
f 63 1003 1006
f 55 955 958
f 76 1081 1084
f 87 1147 1149
f 72 1057 1059
f 49 919 921
f 79 1099 1101
f 96 1201 1203
f 102 1237 1239
f 91 1171 1173
f 67 1027 1030
f 56 961 964
f 75 1075 1078
f 83 1123 1125
f 66 1021 1023
f 54 949 951
f 73 1063 1065
f 85 1135 1137
f 92 1177 1180
f 71 1051 1054
f 100 1225 1227
f 94 1189 1191
f 80 1105 1107
f 51 931 934
f 116 1322 1326
f 108 1274 1278
f 106 1262 1266
f 112 1298 1302
f 115 1316 1320
f 119 1340 1344
f 156 1561 1565
f 139 1459 1463
f 160 1585 1589
f 120 1346 1350
f 149 1520 1524
f 132 1417 1421
f 128 1394 1398
f 145 1496 1500
f 148 1514 1518
f 155 1556 1560
f 133 1424 1428
f 134 1430 1434
f 157 1567 1571
f 124 1369 1373
f 47 908 911
f 44 890 893
f 43 884 888
f 45 896 900
f 46 902 906
f 49 920 924
f 72 1058 1062
f 102 1238 1242
f 96 1202 1206
f 79 1100 1104
f 62 998 1001
f 59 980 983
f 58 974 978
f 60 986 990
f 61 992 996
f 66 1022 1026
f 54 950 954
f 73 1064 1068
f 85 1136 1140
f 92 1178 1181
f 101 1232 1235
f 69 1040 1043
f 50 926 929
f 82 1118 1121
f 97 1208 1211
f 71 1052 1055
f 100 1226 1230
f 94 1190 1194
f 80 1106 1110
f 51 932 935
f 90 1166 1169
f 63 1004 1007
f 55 956 959
f 76 1082 1085
f 87 1148 1152
f 91 1172 1176
f 67 1028 1031
f 56 962 965
f 75 1076 1079
f 83 1124 1128
f 68 1034 1038
f 48 914 917
f 78 1094 1097
f 93 1184 1187
f 98 1214 1218
f 88 1154 1157
f 65 1016 1020
f 57 968 972
f 77 1088 1092
f 86 1142 1145
f 64 1010 1014
f 53 944 947
f 74 1070 1073
f 84 1130 1133
f 89 1160 1164
f 70 1046 1049
f 99 1220 1223
f 95 1196 1199
f 81 1112 1116
f 52 938 942
f 109 1279 1283
f 105 1255 1259
f 111 1291 1295
f 114 1309 1313
f 117 1327 1331
f 125 1375 1379
f 152 1537 1541
f 137 1448 1452
f 158 1574 1578
f 123 1364 1368
f 143 1483 1487
f 127 1387 1391
f 135 1436 1440
f 147 1507 1511
f 150 1525 1529
f 153 1543 1547
f 140 1465 1469
f 138 1454 1458
f 159 1580 1584
f 122 1358 1362
f 107 1267 1269
f 103 1243 1245
f 104 1250 1252
f 110 1286 1288
f 113 1304 1306
f 118 1334 1336
f 154 1549 1551
f 141 1471 1473
f 162 1597 1599
f 121 1352 1354
f 142 1477 1479
f 129 1399 1401
f 130 1406 1408
f 144 1490 1492
f 146 1502 1504
f 151 1531 1533
f 131 1412 1414
f 136 1442 1444
f 161 1592 1594
f 126 1381 1383
f 116 1321 1323
f 108 1273 1275
f 106 1261 1263
f 112 1297 1299
f 115 1315 1317
f 119 1339 1341
f 156 1562 1564
f 139 1460 1462
f 160 1586 1588
f 120 1345 1347
f 149 1519 1521
f 132 1418 1420
f 128 1393 1395
f 145 1495 1497
f 148 1513 1515
f 155 1555 1557
f 133 1423 1425
f 134 1429 1431
f 157 1568 1570
f 124 1370 1372
f 109 1280 1282
f 105 1256 1258
f 111 1292 1294
f 114 1310 1312
f 117 1328 1330
f 125 1376 1378
f 152 1538 1540
f 137 1447 1449
f 158 1573 1575
f 123 1363 1365
f 143 1484 1486
f 127 1388 1390
f 135 1435 1437
f 147 1508 1510
f 150 1526 1528
f 153 1544 1546
f 140 1466 1468
f 138 1453 1455
f 159 1579 1581
f 122 1357 1359
f 107 1268 1272
f 103 1244 1248
f 104 1249 1253
f 110 1285 1289
f 113 1303 1307
f 118 1333 1337
f 154 1550 1554
f 141 1472 1476
f 162 1598 1602
f 121 1351 1355
f 142 1478 1482
f 129 1400 1404
f 130 1405 1409
f 144 1489 1493
f 146 1501 1505
f 151 1532 1536
f 131 1411 1415
f 136 1441 1445
f 161 1591 1595
f 126 1382 1386
f 47 911 909
f 44 893 891
f 43 888 886
f 45 900 898
f 46 906 904
f 49 924 922
f 72 1062 1060
f 102 1242 1240
f 96 1206 1204
f 79 1104 1102
f 62 1001 999
f 59 983 981
f 58 978 976
f 60 990 988
f 61 996 994
f 66 1026 1024
f 54 954 952
f 73 1068 1066
f 85 1140 1138
f 92 1181 1179
f 101 1235 1233
f 69 1043 1041
f 50 929 927
f 82 1121 1119
f 97 1211 1209
f 71 1055 1053
f 100 1230 1228
f 94 1194 1192
f 80 1110 1108
f 51 935 933
f 90 1169 1167
f 63 1007 1005
f 55 959 957
f 76 1085 1083
f 87 1152 1150
f 91 1176 1174
f 67 1031 1029
f 56 965 963
f 75 1079 1077
f 83 1128 1126
f 68 1038 1036
f 48 917 915
f 78 1097 1095
f 93 1187 1185
f 98 1218 1216
f 88 1157 1155
f 65 1020 1018
f 57 972 970
f 77 1092 1090
f 86 1145 1143
f 64 1014 1012
f 53 947 945
f 74 1073 1071
f 84 1133 1131
f 89 1164 1162
f 70 1049 1047
f 99 1223 1221
f 95 1199 1197
f 81 1116 1114
f 52 942 940
f 109 1283 1284
f 105 1259 1260
f 111 1295 1296
f 114 1313 1314
f 117 1331 1332
f 125 1379 1380
f 152 1541 1542
f 137 1452 1451
f 158 1578 1577
f 123 1368 1367
f 143 1487 1488
f 127 1391 1392
f 135 1440 1439
f 147 1511 1512
f 150 1529 1530
f 153 1547 1548
f 140 1469 1470
f 138 1458 1457
f 159 1584 1583
f 122 1362 1361
f 407 1609 1616
f 403 1605 1608
f 404 1611 1606
f 410 1614 1612
f 413 1617 1615
f 422 1631 1624
f 486 1688 1692
f 573 1775 1782
f 561 1763 1765
f 512 1719 1714
f 452 1654 1661
f 448 1650 1653
f 449 1656 1651
f 455 1659 1657
f 458 1662 1660
f 470 1672 1675
f 437 1646 1639
f 494 1706 1696
f 531 1735 1733
f 539 1741 1751
f 568 1770 1779
f 478 1680 1683
f 419 1621 1626
f 509 1711 1721
f 554 1756 1766
f 482 1684 1689
f 576 1780 1778
f 558 1767 1760
f 516 1722 1718
f 425 1627 1629
f 542 1744 1747
f 463 1668 1665
f 434 1636 1641
f 497 1699 1704
f 528 1730 1737
f 546 1748 1750
f 464 1666 1676
f 440 1642 1644
f 500 1705 1702
f 524 1736 1726
f 479 1691 1681
f 418 1623 1620
f 508 1713 1710
f 553 1764 1755
f 569 1781 1771
f 538 1749 1740
f 471 1677 1673
f 443 1645 1647
f 501 1703 1707
f 523 1725 1734
f 467 1674 1669
f 433 1638 1635
f 493 1695 1698
f 527 1732 1729
f 543 1752 1745
f 485 1690 1687
f 572 1777 1774
f 557 1759 1762
f 515 1717 1720
f 428 1630 1632
f 591 2191 2189
f 587 1885 1883
f 588 1901 1903
f 594 2279 2281
f 597 2315 2317
f 600 2171 2173
f 634 2160 2158
f 619 2016 2012
f 639 2214 2210
f 602 1919 1924
f 624 2137 2135
f 608 1978 1973
f 610 1991 1996
f 627 2225 2227
f 630 2302 2304
f 635 2178 2176
f 615 2153 2155
f 617 2009 2014
f 637 2207 2212
f 604 1926 1922
f 416 1857 1864
f 408 1803 1810
f 406 1786 1795
f 412 1822 1831
f 415 1840 1849
f 424 1876 1887
f 492 2182 2193
f 582 2312 2321
f 565 2276 2285
f 514 1898 1907
f 461 2091 2098
f 453 2037 2044
f 451 1952 1961
f 457 2056 2067
f 460 2074 2083
f 475 2128 2139
f 439 1966 1975
f 496 1988 1997
f 533 2222 2231
f 551 2293 2298
f 579 2185 2190
f 483 1879 1884
f 426 1893 1900
f 521 2271 2278
f 566 2307 2314
f 489 2163 2170
f 578 2150 2159
f 560 2006 2015
f 518 2204 2213
f 429 1911 1918
f 547 2131 2136
f 465 1969 1977
f 441 1983 1990
f 504 2217 2224
f 537 2290 2301
f 550 2168 2177
f 476 2145 2152
f 444 2001 2008
f 502 2199 2206
f 526 1916 1925
f 481 1808 1817
f 420 1789 1797
f 510 1825 1833
f 555 1843 1851
f 571 1862 1871
f 540 1933 1941
f 473 2110 2119
f 447 2020 2029
f 507 2236 2247
f 534 2257 2262
f 469 2042 2051
f 435 1947 1954
f 498 2059 2064
f 529 2077 2085
f 545 2096 2105
f 487 2113 2121
f 574 2023 2031
f 562 2239 2244
f 520 2254 2265
f 432 1930 1939
f 589 1818 1814
f 583 1798 1793
f 586 1834 1829
f 593 1852 1847
f 596 1872 1868
f 599 1942 1937
f 633 2120 2124
f 620 2030 2034
f 640 2248 2250
f 603 2263 2261
f 622 2052 2050
f 607 1955 1960
f 612 2065 2063
f 626 2086 2081
f 629 2106 2102
f 631 2122 2117
f 614 2032 2027
f 618 2245 2243
f 641 2266 2268
f 605 1940 1944
f 409 1813 1804
f 405 1792 1785
f 411 1828 1821
f 414 1846 1839
f 417 1867 1858
f 431 1936 1929
f 488 2123 2114
f 575 2033 2024
f 563 2249 2240
f 519 2260 2253
f 454 2049 2038
f 450 1959 1951
f 456 2062 2055
f 459 2080 2073
f 462 2101 2092
f 472 2116 2109
f 446 2026 2019
f 506 2242 2235
f 535 2267 2258
f 541 1943 1934
f 570 1869 1861
f 480 1815 1807
f 421 1799 1790
f 511 1835 1826
f 556 1853 1844
f 484 1889 1880
f 580 2195 2186
f 567 2319 2308
f 522 2283 2272
f 427 1905 1894
f 544 2103 2095
f 468 2046 2041
f 436 1957 1948
f 499 2069 2060
f 530 2087 2078
f 548 2141 2132
f 466 1979 1970
f 442 1993 1984
f 505 2229 2218
f 536 2296 2289
f 491 2188 2181
f 423 1882 1875
f 513 1902 1897
f 564 2280 2275
f 581 2316 2311
f 549 2172 2167
f 477 2157 2146
f 445 2011 2002
f 503 2209 2200
f 525 1923 1915
f 474 2134 2127
f 438 1972 1965
f 495 1995 1987
f 532 2226 2221
f 552 2303 2294
f 490 2175 2164
f 577 2154 2149
f 559 2013 2005
f 517 2211 2203
f 430 1921 1912
f 590 1865 1870
f 584 1811 1816
f 585 1796 1800
f 592 1832 1836
f 595 1850 1854
f 598 1888 1890
f 636 2194 2196
f 621 2322 2320
f 642 2286 2284
f 601 1908 1906
f 623 2099 2104
f 611 2045 2047
f 609 1962 1958
f 625 2068 2070
f 628 2084 2088
f 632 2140 2142
f 613 1976 1980
f 616 1998 1994
f 638 2232 2230
f 606 2299 2297
f 407 2330 2329
f 403 2324 2323
f 404 2325 2326
f 410 2332 2333
f 413 2335 2336
f 422 2344 2345
f 486 2410 2409
f 573 2497 2496
f 561 2486 2485
f 512 2434 2435
f 452 2375 2374
f 448 2369 2368
f 449 2370 2371
f 455 2377 2378
f 458 2380 2381
f 470 2393 2392
f 437 2359 2360
f 494 2415 2416
f 531 2455 2456
f 539 2461 2460
f 568 2489 2488
f 478 2399 2398
f 419 2341 2340
f 509 2431 2430
f 554 2476 2475
f 482 2405 2404
f 576 2500 2501
f 558 2481 2482
f 516 2439 2440
f 425 2348 2347
f 542 2465 2464
f 463 2383 2384
f 434 2356 2355
f 497 2420 2419
f 528 2452 2451
f 546 2471 2470
f 464 2386 2385
f 440 2363 2362
f 500 2422 2423
f 524 2445 2446
f 479 2400 2401
f 418 2338 2339
f 508 2428 2429
f 553 2473 2474
f 569 2490 2491
f 538 2458 2459
f 471 2394 2395
f 443 2366 2365
f 501 2425 2424
f 523 2444 2443
f 467 2389 2390
f 433 2353 2354
f 493 2414 2413
f 527 2449 2450
f 543 2466 2467
f 485 2407 2408
f 572 2494 2495
f 557 2480 2479
f 515 2438 2437
f 428 2351 2350
f 591 2510 2511
f 587 2504 2505
f 588 2508 2507
f 594 2514 2513
f 597 2517 2516
f 600 2520 2519
f 634 2554 2556
f 619 2539 2540
f 639 2560 2561
f 602 2523 2521
f 624 2543 2544
f 608 2527 2529
f 610 2532 2530
f 627 2547 2546
f 630 2550 2549
f 635 2552 2553
f 615 2535 2534
f 617 2538 2536
f 637 2558 2557
f 604 2524 2525
f 167 1607 647
f 164 1603 644
f 163 1604 643
f 165 1610 645
f 166 1613 646
f 169 1622 649
f 192 1686 672
f 222 1773 702
f 216 1761 696
f 199 1712 679
f 182 1652 662
f 179 1648 659
f 178 1649 658
f 180 1655 660
f 181 1658 661
f 186 1670 666
f 174 1637 654
f 193 1694 673
f 205 1731 685
f 212 1739 692
f 221 1768 701
f 189 1678 669
f 170 1619 650
f 202 1709 682
f 217 1754 697
f 191 1682 671
f 220 1776 700
f 214 1758 694
f 200 1716 680
f 171 1625 651
f 210 1742 690
f 183 1663 663
f 175 1634 655
f 196 1697 676
f 207 1728 687
f 211 1746 691
f 187 1664 667
f 176 1640 656
f 195 1700 675
f 203 1724 683
f 188 1679 668
f 168 1618 648
f 198 1708 678
f 213 1753 693
f 218 1769 698
f 208 1738 688
f 185 1671 665
f 177 1643 657
f 197 1701 677
f 206 1723 686
f 184 1667 664
f 173 1633 653
f 194 1693 674
f 204 1727 684
f 209 1743 689
f 190 1685 670
f 219 1772 699
f 215 1757 695
f 201 1715 681
f 172 1628 652
f 357 2187 837
f 255 1881 735
f 262 1899 742
f 388 2277 868
f 400 2313 880
f 352 2169 832
f 347 2156 827
f 298 2010 778
f 364 2208 844
f 269 1917 749
f 339 2133 819
f 285 1971 765
f 293 1989 773
f 370 2223 850
f 396 2300 876
f 353 2174 833
f 346 2151 826
f 299 2007 779
f 365 2205 845
f 268 1920 748
f 249 1855 729
f 231 1801 711
f 226 1784 706
f 238 1820 718
f 244 1838 724
f 257 1874 737
f 359 2180 839
f 402 2310 882
f 390 2274 870
f 264 1896 744
f 327 2089 807
f 309 2035 789
f 282 1950 762
f 317 2054 797
f 322 2072 802
f 341 2126 821
f 286 1964 766
f 294 1986 774
f 372 2220 852
f 394 2291 874
f 358 2183 838
f 256 1877 736
f 261 1891 741
f 387 2269 867
f 399 2305 879
f 351 2161 831
f 348 2148 828
f 300 2004 780
f 366 2202 846
f 267 1909 747
f 340 2129 820
f 287 1967 767
f 291 1981 771
f 369 2215 849
f 395 2288 875
f 354 2166 834
f 345 2143 825
f 297 1999 777
f 363 2197 843
f 270 1914 750
f 234 1806 714
f 227 1787 707
f 239 1823 719
f 245 1841 725
f 252 1860 732
f 275 1931 755
f 334 2108 814
f 304 2018 784
f 377 2234 857
f 382 2255 862
f 312 2040 792
f 279 1945 759
f 316 2057 796
f 323 2075 803
f 330 2094 810
f 335 2111 815
f 305 2021 785
f 376 2237 856
f 383 2252 863
f 274 1928 754
f 232 1812 712
f 225 1791 705
f 237 1827 717
f 243 1845 723
f 250 1866 730
f 273 1935 753
f 336 2118 816
f 306 2028 786
f 378 2246 858
f 381 2259 861
f 311 2048 791
f 281 1953 761
f 315 2061 795
f 321 2079 801
f 328 2100 808
f 333 2115 813
f 303 2025 783
f 375 2241 855
f 384 2264 864
f 276 1938 756
f 229 1802 709
f 223 1783 703
f 235 1819 715
f 241 1837 721
f 247 1856 727
f 271 1927 751
f 332 2112 812
f 302 2022 782
f 374 2238 854
f 379 2251 859
f 307 2036 787
f 278 1949 758
f 313 2053 793
f 319 2071 799
f 325 2090 805
f 331 2107 811
f 301 2017 781
f 373 2233 853
f 380 2256 860
f 272 1932 752
f 248 1859 728
f 230 1805 710
f 224 1788 704
f 236 1824 716
f 242 1842 722
f 254 1878 734
f 356 2184 836
f 397 2306 877
f 385 2270 865
f 259 1892 739
f 326 2093 806
f 308 2039 788
f 277 1946 757
f 314 2058 794
f 320 2076 800
f 338 2130 818
f 284 1968 764
f 289 1982 769
f 367 2216 847
f 391 2287 871
f 355 2179 835
f 253 1873 733
f 260 1895 740
f 386 2273 866
f 398 2309 878
f 350 2165 830
f 343 2144 823
f 295 2000 775
f 361 2198 841
f 266 1913 746
f 337 2125 817
f 283 1963 763
f 290 1985 770
f 368 2219 848
f 392 2292 872
f 349 2162 829
f 344 2147 824
f 296 2003 776
f 362 2201 842
f 265 1910 745
f 251 1863 731
f 233 1809 713
f 228 1794 708
f 240 1830 720
f 246 1848 726
f 258 1886 738
f 360 2192 840
f 401 2318 881
f 389 2282 869
f 263 1904 743
f 329 2097 809
f 310 2043 790
f 280 1956 760
f 318 2066 798
f 324 2082 804
f 342 2138 822
f 288 1974 768
f 292 1992 772
f 371 2228 851
f 393 2295 873
f 409 2331 1269
f 405 2327 1245
f 411 2328 1252
f 414 2334 1288
f 417 2337 1306
f 431 2346 1336
f 488 2412 1551
f 575 2499 1473
f 563 2487 1599
f 519 2436 1354
f 454 2376 1479
f 450 2372 1401
f 456 2373 1408
f 459 2379 1492
f 462 2382 1504
f 472 2396 1533
f 446 2361 1414
f 506 2418 1444
f 535 2457 1594
f 541 2463 1383
f 570 2492 1323
f 480 2402 1275
f 421 2343 1263
f 511 2433 1299
f 556 2478 1317
f 484 2406 1341
f 580 2502 1564
f 567 2484 1462
f 522 2442 1588
f 427 2349 1347
f 544 2468 1521
f 468 2387 1420
f 436 2358 1395
f 499 2421 1497
f 530 2454 1515
f 548 2472 1557
f 466 2388 1425
f 442 2364 1431
f 505 2426 1570
f 536 2448 1372
f 491 2403 1282
f 423 2342 1258
f 513 2432 1294
f 564 2477 1312
f 581 2493 1330
f 549 2462 1378
f 477 2397 1540
f 445 2367 1449
f 503 2427 1575
f 525 2447 1365
f 474 2391 1486
f 438 2357 1390
f 495 2417 1437
f 532 2453 1510
f 552 2469 1528
f 490 2411 1546
f 577 2498 1468
f 559 2483 1455
f 517 2441 1581
f 430 2352 1359
f 590 2509 1272
f 584 2503 1248
f 585 2506 1253
f 592 2512 1289
f 595 2515 1307
f 598 2518 1337
f 636 2555 1554
f 621 2541 1476
f 642 2562 1602
f 601 2522 1355
f 623 2542 1482
f 611 2528 1404
f 609 2531 1409
f 625 2545 1493
f 628 2548 1505
f 632 2551 1536
f 613 2533 1415
f 616 2537 1445
f 638 2559 1595
f 606 2526 1386
f 407 1616 909
f 403 1608 891
f 404 1606 886
f 410 1612 898
f 413 1615 904
f 422 1624 922
f 486 1692 1060
f 573 1782 1240
f 561 1765 1204
f 512 1714 1102
f 452 1661 999
f 448 1653 981
f 449 1651 976
f 455 1657 988
f 458 1660 994
f 470 1675 1024
f 437 1639 952
f 494 1696 1066
f 531 1733 1138
f 539 1751 1179
f 568 1779 1233
f 478 1683 1041
f 419 1626 927
f 509 1721 1119
f 554 1766 1209
f 482 1689 1053
f 576 1778 1228
f 558 1760 1192
f 516 1718 1108
f 425 1629 933
f 542 1747 1167
f 463 1665 1005
f 434 1641 957
f 497 1704 1083
f 528 1737 1150
f 546 1750 1174
f 464 1676 1029
f 440 1644 963
f 500 1702 1077
f 524 1726 1126
f 479 1681 1036
f 418 1620 915
f 508 1710 1095
f 553 1755 1185
f 569 1771 1216
f 538 1740 1155
f 471 1673 1018
f 443 1647 970
f 501 1707 1090
f 523 1734 1143
f 467 1669 1012
f 433 1635 945
f 493 1698 1071
f 527 1729 1131
f 543 1745 1162
f 485 1687 1047
f 572 1774 1221
f 557 1762 1197
f 515 1720 1114
f 428 1632 940
f 591 2189 1284
f 587 1883 1260
f 588 1903 1296
f 594 2281 1314
f 597 2317 1332
f 600 2173 1380
f 634 2158 1542
f 619 2012 1451
f 639 2210 1577
f 602 1924 1367
f 624 2135 1488
f 608 1973 1392
f 610 1996 1439
f 627 2227 1512
f 630 2304 1530
f 635 2176 1548
f 615 2155 1470
f 617 2014 1457
f 637 2212 1583
f 604 1922 1361
f 416 1864 1270
f 408 1810 1246
f 406 1795 1251
f 412 1831 1287
f 415 1849 1305
f 424 1887 1335
f 492 2193 1552
f 582 2321 1474
f 565 2285 1600
f 514 1907 1353
f 461 2098 1480
f 453 2044 1402
f 451 1961 1407
f 457 2067 1491
f 460 2083 1503
f 475 2139 1534
f 439 1975 1413
f 496 1997 1443
f 533 2231 1593
f 551 2298 1384
f 579 2190 1324
f 483 1884 1276
f 426 1900 1264
f 521 2278 1300
f 566 2314 1318
f 489 2170 1342
f 578 2159 1563
f 560 2015 1461
f 518 2213 1587
f 429 1918 1348
f 547 2136 1522
f 465 1977 1419
f 441 1990 1396
f 504 2224 1498
f 537 2301 1516
f 550 2177 1558
f 476 2152 1426
f 444 2008 1432
f 502 2206 1569
f 526 1925 1371
f 481 1817 1281
f 420 1797 1257
f 510 1833 1293
f 555 1851 1311
f 571 1871 1329
f 540 1941 1377
f 473 2119 1539
f 447 2029 1450
f 507 2247 1576
f 534 2262 1366
f 469 2051 1485
f 435 1954 1389
f 498 2064 1438
f 529 2085 1509
f 545 2105 1527
f 487 2121 1545
f 574 2031 1467
f 562 2244 1456
f 520 2265 1582
f 432 1939 1360
f 589 1814 1271
f 583 1793 1247
f 586 1829 1254
f 593 1847 1290
f 596 1868 1308
f 599 1937 1338
f 633 2124 1553
f 620 2034 1475
f 640 2250 1601
f 603 2261 1356
f 622 2050 1481
f 607 1960 1403
f 612 2063 1410
f 626 2081 1494
f 629 2102 1506
f 631 2117 1535
f 614 2027 1416
f 618 2243 1446
f 641 2268 1596
f 605 1944 1385
f 409 1804 894
f 405 1785 887
f 411 1821 899
f 414 1839 905
f 417 1858 912
f 431 1929 941
f 488 2114 1050
f 575 2024 1224
f 563 2240 1200
f 519 2253 1115
f 454 2038 984
f 450 1951 977
f 456 2055 989
f 459 2073 995
f 462 2092 1002
f 472 2109 1019
f 446 2019 971
f 506 2235 1091
f 535 2258 1146
f 541 1934 1158
f 570 1861 1217
f 480 1807 1037
f 421 1790 918
f 511 1826 1098
f 556 1844 1188
f 484 1880 1044
f 580 2186 1236
f 567 2308 1212
f 522 2272 1122
f 427 1894 930
f 544 2095 1163
f 468 2041 1013
f 436 1948 948
f 499 2060 1074
f 530 2078 1134
f 548 2132 1170
f 466 1970 1008
f 442 1984 960
f 505 2218 1086
f 536 2289 1151
f 491 2181 1061
f 423 1875 923
f 513 1897 1103
f 564 2275 1205
f 581 2311 1241
f 549 2167 1175
f 477 2146 1032
f 445 2002 966
f 503 2200 1080
f 525 1915 1127
f 474 2127 1025
f 438 1965 953
f 495 1987 1067
f 532 2221 1139
f 552 2294 1182
f 490 2164 1056
f 577 2149 1229
f 559 2005 1193
f 517 2203 1109
f 430 1912 936
f 590 1870 1325
f 584 1816 1277
f 585 1800 1265
f 592 1836 1301
f 595 1854 1319
f 598 1890 1343
f 636 2196 1566
f 621 2320 1464
f 642 2284 1590
f 601 1906 1349
f 623 2104 1523
f 611 2047 1422
f 609 1958 1397
f 625 2070 1499
f 628 2088 1517
f 632 2142 1559
f 613 1980 1427
f 616 1994 1433
f 638 2230 1572
f 606 2297 1374
f 407 2329 892
f 403 2323 885
f 404 2326 897
f 410 2333 903
f 413 2336 910
f 422 2345 939
f 486 2409 1048
f 573 2496 1222
f 561 2485 1198
f 512 2435 1113
f 452 2374 982
f 448 2368 975
f 449 2371 987
f 455 2378 993
f 458 2381 1000
f 470 2392 1017
f 437 2360 969
f 494 2416 1089
f 531 2456 1144
f 539 2460 1156
f 568 2488 1215
f 478 2398 1035
f 419 2340 916
f 509 2430 1096
f 554 2475 1186
f 482 2404 1042
f 576 2501 1234
f 558 2482 1210
f 516 2440 1120
f 425 2347 928
f 542 2464 1161
f 463 2384 1011
f 434 2355 946
f 497 2419 1072
f 528 2451 1132
f 546 2470 1168
f 464 2385 1006
f 440 2362 958
f 500 2423 1084
f 524 2446 1149
f 479 2401 1059
f 418 2339 921
f 508 2429 1101
f 553 2474 1203
f 569 2491 1239
f 538 2459 1173
f 471 2395 1030
f 443 2365 964
f 501 2424 1078
f 523 2443 1125
f 467 2390 1023
f 433 2354 951
f 493 2413 1065
f 527 2450 1137
f 543 2467 1180
f 485 2408 1054
f 572 2495 1227
f 557 2479 1191
f 515 2437 1107
f 428 2350 934
f 591 2511 1326
f 587 2505 1278
f 588 2507 1266
f 594 2513 1302
f 597 2516 1320
f 600 2519 1344
f 634 2556 1565
f 619 2540 1463
f 639 2561 1589
f 602 2521 1350
f 624 2544 1524
f 608 2529 1421
f 610 2530 1398
f 627 2546 1500
f 630 2549 1518
f 635 2553 1560
f 615 2534 1428
f 617 2536 1434
f 637 2557 1571
f 604 2525 1373
f 164 1609 889
f 163 1605 883
f 165 1611 895
f 166 1614 901
f 167 1617 907
f 172 1631 937
f 190 1688 1045
f 219 1775 1219
f 215 1763 1195
f 201 1719 1111
f 179 1654 979
f 178 1650 973
f 180 1656 985
f 181 1659 991
f 182 1662 997
f 185 1672 1015
f 177 1646 967
f 197 1706 1087
f 206 1735 1141
f 208 1741 1153
f 218 1770 1213
f 188 1680 1033
f 168 1621 913
f 198 1711 1093
f 213 1756 1183
f 189 1684 1039
f 221 1780 1231
f 217 1767 1207
f 202 1722 1117
f 170 1627 925
f 209 1744 1159
f 184 1668 1009
f 173 1636 943
f 194 1699 1069
f 204 1730 1129
f 210 1748 1165
f 183 1666 1003
f 175 1642 955
f 196 1705 1081
f 207 1736 1147
f 192 1691 1057
f 169 1623 919
f 199 1713 1099
f 216 1764 1201
f 222 1781 1237
f 211 1749 1171
f 187 1677 1027
f 176 1645 961
f 195 1703 1075
f 203 1725 1123
f 186 1674 1021
f 174 1638 949
f 193 1695 1063
f 205 1732 1135
f 212 1752 1177
f 191 1690 1051
f 220 1777 1225
f 214 1759 1189
f 200 1717 1105
f 171 1630 931
f 358 2191 1322
f 256 1885 1274
f 261 1901 1262
f 387 2279 1298
f 399 2315 1316
f 351 2171 1340
f 348 2160 1561
f 300 2016 1459
f 366 2214 1585
f 267 1919 1346
f 340 2137 1520
f 287 1978 1417
f 291 1991 1394
f 369 2225 1496
f 395 2302 1514
f 354 2178 1556
f 345 2153 1424
f 297 2009 1430
f 363 2207 1567
f 270 1926 1369
f 247 1857 908
f 229 1803 890
f 223 1786 884
f 235 1822 896
f 241 1840 902
f 253 1876 920
f 355 2182 1058
f 398 2312 1238
f 386 2276 1202
f 260 1898 1100
f 325 2091 998
f 307 2037 980
f 278 1952 974
f 313 2056 986
f 319 2074 992
f 337 2128 1022
f 283 1966 950
f 290 1988 1064
f 368 2222 1136
f 392 2293 1178
f 356 2185 1232
f 254 1879 1040
f 259 1893 926
f 385 2271 1118
f 397 2307 1208
f 349 2163 1052
f 344 2150 1226
f 296 2006 1190
f 362 2204 1106
f 265 1911 932
f 338 2131 1166
f 284 1969 1004
f 289 1983 956
f 367 2217 1082
f 391 2290 1148
f 350 2168 1172
f 343 2145 1028
f 295 2001 962
f 361 2199 1076
f 266 1916 1124
f 230 1808 1034
f 224 1789 914
f 236 1825 1094
f 242 1843 1184
f 248 1862 1214
f 272 1933 1154
f 331 2110 1016
f 301 2020 968
f 373 2236 1088
f 380 2257 1142
f 308 2042 1010
f 277 1947 944
f 314 2059 1070
f 320 2077 1130
f 326 2096 1160
f 332 2113 1046
f 302 2023 1220
f 374 2239 1196
f 379 2254 1112
f 271 1930 938
f 234 1818 1279
f 227 1798 1255
f 239 1834 1291
f 245 1852 1309
f 252 1872 1327
f 275 1942 1375
f 334 2120 1537
f 304 2030 1448
f 377 2248 1574
f 382 2263 1364
f 312 2052 1483
f 279 1955 1387
f 316 2065 1436
f 323 2086 1507
f 330 2106 1525
f 335 2122 1543
f 305 2032 1465
f 376 2245 1454
f 383 2266 1580
f 274 1940 1358
f 232 1813 1267
f 225 1792 1243
f 237 1828 1250
f 243 1846 1286
f 250 1867 1304
f 273 1936 1334
f 336 2123 1549
f 306 2033 1471
f 378 2249 1597
f 381 2260 1352
f 311 2049 1477
f 281 1959 1399
f 315 2062 1406
f 321 2080 1490
f 328 2101 1502
f 333 2116 1531
f 303 2026 1412
f 375 2242 1442
f 384 2267 1592
f 276 1943 1381
f 251 1869 1321
f 233 1815 1273
f 228 1799 1261
f 240 1835 1297
f 246 1853 1315
f 258 1889 1339
f 360 2195 1562
f 401 2319 1460
f 389 2283 1586
f 263 1905 1345
f 329 2103 1519
f 310 2046 1418
f 280 1957 1393
f 318 2069 1495
f 324 2087 1513
f 342 2141 1555
f 288 1979 1423
f 292 1993 1429
f 371 2229 1568
f 393 2296 1370
f 357 2188 1280
f 255 1882 1256
f 262 1902 1292
f 388 2280 1310
f 400 2316 1328
f 352 2172 1376
f 347 2157 1538
f 298 2011 1447
f 364 2209 1573
f 269 1923 1363
f 339 2134 1484
f 285 1972 1388
f 293 1995 1435
f 370 2226 1508
f 396 2303 1526
f 353 2175 1544
f 346 2154 1466
f 299 2013 1453
f 365 2211 1579
f 268 1921 1357
f 249 1865 1268
f 231 1811 1244
f 226 1796 1249
f 238 1832 1285
f 244 1850 1303
f 257 1888 1333
f 359 2194 1550
f 402 2322 1472
f 390 2286 1598
f 264 1908 1351
f 327 2099 1478
f 309 2045 1400
f 282 1962 1405
f 317 2068 1489
f 322 2084 1501
f 341 2140 1532
f 286 1976 1411
f 294 1998 1441
f 372 2232 1591
f 394 2299 1382
f 416 2330 911
f 408 2324 893
f 406 2325 888
f 412 2332 900
f 415 2335 906
f 424 2344 924
f 492 2410 1062
f 582 2497 1242
f 565 2486 1206
f 514 2434 1104
f 461 2375 1001
f 453 2369 983
f 451 2370 978
f 457 2377 990
f 460 2380 996
f 475 2393 1026
f 439 2359 954
f 496 2415 1068
f 533 2455 1140
f 551 2461 1181
f 579 2489 1235
f 483 2399 1043
f 426 2341 929
f 521 2431 1121
f 566 2476 1211
f 489 2405 1055
f 578 2500 1230
f 560 2481 1194
f 518 2439 1110
f 429 2348 935
f 547 2465 1169
f 465 2383 1007
f 441 2356 959
f 504 2420 1085
f 537 2452 1152
f 550 2471 1176
f 476 2386 1031
f 444 2363 965
f 502 2422 1079
f 526 2445 1128
f 481 2400 1038
f 420 2338 917
f 510 2428 1097
f 555 2473 1187
f 571 2490 1218
f 540 2458 1157
f 473 2394 1020
f 447 2366 972
f 507 2425 1092
f 534 2444 1145
f 469 2389 1014
f 435 2353 947
f 498 2414 1073
f 529 2449 1133
f 545 2466 1164
f 487 2407 1049
f 574 2494 1223
f 562 2480 1199
f 520 2438 1116
f 432 2351 942
f 589 2510 1283
f 583 2504 1259
f 586 2508 1295
f 593 2514 1313
f 596 2517 1331
f 599 2520 1379
f 633 2554 1541
f 620 2539 1452
f 640 2560 1578
f 603 2523 1368
f 622 2543 1487
f 607 2527 1391
f 612 2532 1440
f 626 2547 1511
f 629 2550 1529
f 631 2552 1547
f 614 2535 1469
f 618 2538 1458
f 641 2558 1584
f 605 2524 1362
f 164 1607 1609
f 163 1603 1605
f 165 1604 1611
f 166 1610 1614
f 167 1613 1617
f 172 1622 1631
f 190 1686 1688
f 219 1773 1775
f 215 1761 1763
f 201 1712 1719
f 179 1652 1654
f 178 1648 1650
f 180 1649 1656
f 181 1655 1659
f 182 1658 1662
f 185 1670 1672
f 177 1637 1646
f 197 1694 1706
f 206 1731 1735
f 208 1739 1741
f 218 1768 1770
f 188 1678 1680
f 168 1619 1621
f 198 1709 1711
f 213 1754 1756
f 189 1682 1684
f 221 1776 1780
f 217 1758 1767
f 202 1716 1722
f 170 1625 1627
f 209 1742 1744
f 184 1663 1668
f 173 1634 1636
f 194 1697 1699
f 204 1728 1730
f 210 1746 1748
f 183 1664 1666
f 175 1640 1642
f 196 1700 1705
f 207 1724 1736
f 192 1679 1691
f 169 1618 1623
f 199 1708 1713
f 216 1753 1764
f 222 1769 1781
f 211 1738 1749
f 187 1671 1677
f 176 1643 1645
f 195 1701 1703
f 203 1723 1725
f 186 1667 1674
f 174 1633 1638
f 193 1693 1695
f 205 1727 1732
f 212 1743 1752
f 191 1685 1690
f 220 1772 1777
f 214 1757 1759
f 200 1715 1717
f 171 1628 1630
f 358 2187 2191
f 256 1881 1885
f 261 1899 1901
f 387 2277 2279
f 399 2313 2315
f 351 2169 2171
f 348 2156 2160
f 300 2010 2016
f 366 2208 2214
f 267 1917 1919
f 340 2133 2137
f 287 1971 1978
f 291 1989 1991
f 369 2223 2225
f 395 2300 2302
f 354 2174 2178
f 345 2151 2153
f 297 2007 2009
f 363 2205 2207
f 270 1920 1926
f 247 1855 1857
f 229 1801 1803
f 223 1784 1786
f 235 1820 1822
f 241 1838 1840
f 253 1874 1876
f 355 2180 2182
f 398 2310 2312
f 386 2274 2276
f 260 1896 1898
f 325 2089 2091
f 307 2035 2037
f 278 1950 1952
f 313 2054 2056
f 319 2072 2074
f 337 2126 2128
f 283 1964 1966
f 290 1986 1988
f 368 2220 2222
f 392 2291 2293
f 356 2183 2185
f 254 1877 1879
f 259 1891 1893
f 385 2269 2271
f 397 2305 2307
f 349 2161 2163
f 344 2148 2150
f 296 2004 2006
f 362 2202 2204
f 265 1909 1911
f 338 2129 2131
f 284 1967 1969
f 289 1981 1983
f 367 2215 2217
f 391 2288 2290
f 350 2166 2168
f 343 2143 2145
f 295 1999 2001
f 361 2197 2199
f 266 1914 1916
f 230 1806 1808
f 224 1787 1789
f 236 1823 1825
f 242 1841 1843
f 248 1860 1862
f 272 1931 1933
f 331 2108 2110
f 301 2018 2020
f 373 2234 2236
f 380 2255 2257
f 308 2040 2042
f 277 1945 1947
f 314 2057 2059
f 320 2075 2077
f 326 2094 2096
f 332 2111 2113
f 302 2021 2023
f 374 2237 2239
f 379 2252 2254
f 271 1928 1930
f 234 1812 1818
f 227 1791 1798
f 239 1827 1834
f 245 1845 1852
f 252 1866 1872
f 275 1935 1942
f 334 2118 2120
f 304 2028 2030
f 377 2246 2248
f 382 2259 2263
f 312 2048 2052
f 279 1953 1955
f 316 2061 2065
f 323 2079 2086
f 330 2100 2106
f 335 2115 2122
f 305 2025 2032
f 376 2241 2245
f 383 2264 2266
f 274 1938 1940
f 232 1802 1813
f 225 1783 1792
f 237 1819 1828
f 243 1837 1846
f 250 1856 1867
f 273 1927 1936
f 336 2112 2123
f 306 2022 2033
f 378 2238 2249
f 381 2251 2260
f 311 2036 2049
f 281 1949 1959
f 315 2053 2062
f 321 2071 2080
f 328 2090 2101
f 333 2107 2116
f 303 2017 2026
f 375 2233 2242
f 384 2256 2267
f 276 1932 1943
f 251 1859 1869
f 233 1805 1815
f 228 1788 1799
f 240 1824 1835
f 246 1842 1853
f 258 1878 1889
f 360 2184 2195
f 401 2306 2319
f 389 2270 2283
f 263 1892 1905
f 329 2093 2103
f 310 2039 2046
f 280 1946 1957
f 318 2058 2069
f 324 2076 2087
f 342 2130 2141
f 288 1968 1979
f 292 1982 1993
f 371 2216 2229
f 393 2287 2296
f 357 2179 2188
f 255 1873 1882
f 262 1895 1902
f 388 2273 2280
f 400 2309 2316
f 352 2165 2172
f 347 2144 2157
f 298 2000 2011
f 364 2198 2209
f 269 1913 1923
f 339 2125 2134
f 285 1963 1972
f 293 1985 1995
f 370 2219 2226
f 396 2292 2303
f 353 2162 2175
f 346 2147 2154
f 299 2003 2013
f 365 2201 2211
f 268 1910 1921
f 249 1863 1865
f 231 1809 1811
f 226 1794 1796
f 238 1830 1832
f 244 1848 1850
f 257 1886 1888
f 359 2192 2194
f 402 2318 2322
f 390 2282 2286
f 264 1904 1908
f 327 2097 2099
f 309 2043 2045
f 282 1956 1962
f 317 2066 2068
f 322 2082 2084
f 341 2138 2140
f 286 1974 1976
f 294 1992 1998
f 372 2228 2232
f 394 2295 2299
f 416 2331 2330
f 408 2327 2324
f 406 2328 2325
f 412 2334 2332
f 415 2337 2335
f 424 2346 2344
f 492 2412 2410
f 582 2499 2497
f 565 2487 2486
f 514 2436 2434
f 461 2376 2375
f 453 2372 2369
f 451 2373 2370
f 457 2379 2377
f 460 2382 2380
f 475 2396 2393
f 439 2361 2359
f 496 2418 2415
f 533 2457 2455
f 551 2463 2461
f 579 2492 2489
f 483 2402 2399
f 426 2343 2341
f 521 2433 2431
f 566 2478 2476
f 489 2406 2405
f 578 2502 2500
f 560 2484 2481
f 518 2442 2439
f 429 2349 2348
f 547 2468 2465
f 465 2387 2383
f 441 2358 2356
f 504 2421 2420
f 537 2454 2452
f 550 2472 2471
f 476 2388 2386
f 444 2364 2363
f 502 2426 2422
f 526 2448 2445
f 481 2403 2400
f 420 2342 2338
f 510 2432 2428
f 555 2477 2473
f 571 2493 2490
f 540 2462 2458
f 473 2397 2394
f 447 2367 2366
f 507 2427 2425
f 534 2447 2444
f 469 2391 2389
f 435 2357 2353
f 498 2417 2414
f 529 2453 2449
f 545 2469 2466
f 487 2411 2407
f 574 2498 2494
f 562 2483 2480
f 520 2441 2438
f 432 2352 2351
f 589 2509 2510
f 583 2503 2504
f 586 2506 2508
f 593 2512 2514
f 596 2515 2517
f 599 2518 2520
f 633 2555 2554
f 620 2541 2539
f 640 2562 2560
f 603 2522 2523
f 622 2542 2543
f 607 2528 2527
f 612 2531 2532
f 626 2545 2547
f 629 2548 2550
f 631 2551 2552
f 614 2533 2535
f 618 2537 2538
f 641 2559 2558
f 605 2526 2524
f 164 644 1607
f 163 643 1603
f 165 645 1604
f 166 646 1610
f 167 647 1613
f 172 652 1622
f 190 670 1686
f 219 699 1773
f 215 695 1761
f 201 681 1712
f 179 659 1652
f 178 658 1648
f 180 660 1649
f 181 661 1655
f 182 662 1658
f 185 665 1670
f 177 657 1637
f 197 677 1694
f 206 686 1731
f 208 688 1739
f 218 698 1768
f 188 668 1678
f 168 648 1619
f 198 678 1709
f 213 693 1754
f 189 669 1682
f 221 701 1776
f 217 697 1758
f 202 682 1716
f 170 650 1625
f 209 689 1742
f 184 664 1663
f 173 653 1634
f 194 674 1697
f 204 684 1728
f 210 690 1746
f 183 663 1664
f 175 655 1640
f 196 676 1700
f 207 687 1724
f 192 672 1679
f 169 649 1618
f 199 679 1708
f 216 696 1753
f 222 702 1769
f 211 691 1738
f 187 667 1671
f 176 656 1643
f 195 675 1701
f 203 683 1723
f 186 666 1667
f 174 654 1633
f 193 673 1693
f 205 685 1727
f 212 692 1743
f 191 671 1685
f 220 700 1772
f 214 694 1757
f 200 680 1715
f 171 651 1628
f 358 838 2187
f 256 736 1881
f 261 741 1899
f 387 867 2277
f 399 879 2313
f 351 831 2169
f 348 828 2156
f 300 780 2010
f 366 846 2208
f 267 747 1917
f 340 820 2133
f 287 767 1971
f 291 771 1989
f 369 849 2223
f 395 875 2300
f 354 834 2174
f 345 825 2151
f 297 777 2007
f 363 843 2205
f 270 750 1920
f 247 727 1855
f 229 709 1801
f 223 703 1784
f 235 715 1820
f 241 721 1838
f 253 733 1874
f 355 835 2180
f 398 878 2310
f 386 866 2274
f 260 740 1896
f 325 805 2089
f 307 787 2035
f 278 758 1950
f 313 793 2054
f 319 799 2072
f 337 817 2126
f 283 763 1964
f 290 770 1986
f 368 848 2220
f 392 872 2291
f 356 836 2183
f 254 734 1877
f 259 739 1891
f 385 865 2269
f 397 877 2305
f 349 829 2161
f 344 824 2148
f 296 776 2004
f 362 842 2202
f 265 745 1909
f 338 818 2129
f 284 764 1967
f 289 769 1981
f 367 847 2215
f 391 871 2288
f 350 830 2166
f 343 823 2143
f 295 775 1999
f 361 841 2197
f 266 746 1914
f 230 710 1806
f 224 704 1787
f 236 716 1823
f 242 722 1841
f 248 728 1860
f 272 752 1931
f 331 811 2108
f 301 781 2018
f 373 853 2234
f 380 860 2255
f 308 788 2040
f 277 757 1945
f 314 794 2057
f 320 800 2075
f 326 806 2094
f 332 812 2111
f 302 782 2021
f 374 854 2237
f 379 859 2252
f 271 751 1928
f 234 714 1812
f 227 707 1791
f 239 719 1827
f 245 725 1845
f 252 732 1866
f 275 755 1935
f 334 814 2118
f 304 784 2028
f 377 857 2246
f 382 862 2259
f 312 792 2048
f 279 759 1953
f 316 796 2061
f 323 803 2079
f 330 810 2100
f 335 815 2115
f 305 785 2025
f 376 856 2241
f 383 863 2264
f 274 754 1938
f 232 712 1802
f 225 705 1783
f 237 717 1819
f 243 723 1837
f 250 730 1856
f 273 753 1927
f 336 816 2112
f 306 786 2022
f 378 858 2238
f 381 861 2251
f 311 791 2036
f 281 761 1949
f 315 795 2053
f 321 801 2071
f 328 808 2090
f 333 813 2107
f 303 783 2017
f 375 855 2233
f 384 864 2256
f 276 756 1932
f 251 731 1859
f 233 713 1805
f 228 708 1788
f 240 720 1824
f 246 726 1842
f 258 738 1878
f 360 840 2184
f 401 881 2306
f 389 869 2270
f 263 743 1892
f 329 809 2093
f 310 790 2039
f 280 760 1946
f 318 798 2058
f 324 804 2076
f 342 822 2130
f 288 768 1968
f 292 772 1982
f 371 851 2216
f 393 873 2287
f 357 837 2179
f 255 735 1873
f 262 742 1895
f 388 868 2273
f 400 880 2309
f 352 832 2165
f 347 827 2144
f 298 778 2000
f 364 844 2198
f 269 749 1913
f 339 819 2125
f 285 765 1963
f 293 773 1985
f 370 850 2219
f 396 876 2292
f 353 833 2162
f 346 826 2147
f 299 779 2003
f 365 845 2201
f 268 748 1910
f 249 729 1863
f 231 711 1809
f 226 706 1794
f 238 718 1830
f 244 724 1848
f 257 737 1886
f 359 839 2192
f 402 882 2318
f 390 870 2282
f 264 744 1904
f 327 807 2097
f 309 789 2043
f 282 762 1956
f 317 797 2066
f 322 802 2082
f 341 821 2138
f 286 766 1974
f 294 774 1992
f 372 852 2228
f 394 874 2295
f 416 1270 2331
f 408 1246 2327
f 406 1251 2328
f 412 1287 2334
f 415 1305 2337
f 424 1335 2346
f 492 1552 2412
f 582 1474 2499
f 565 1600 2487
f 514 1353 2436
f 461 1480 2376
f 453 1402 2372
f 451 1407 2373
f 457 1491 2379
f 460 1503 2382
f 475 1534 2396
f 439 1413 2361
f 496 1443 2418
f 533 1593 2457
f 551 1384 2463
f 579 1324 2492
f 483 1276 2402
f 426 1264 2343
f 521 1300 2433
f 566 1318 2478
f 489 1342 2406
f 578 1563 2502
f 560 1461 2484
f 518 1587 2442
f 429 1348 2349
f 547 1522 2468
f 465 1419 2387
f 441 1396 2358
f 504 1498 2421
f 537 1516 2454
f 550 1558 2472
f 476 1426 2388
f 444 1432 2364
f 502 1569 2426
f 526 1371 2448
f 481 1281 2403
f 420 1257 2342
f 510 1293 2432
f 555 1311 2477
f 571 1329 2493
f 540 1377 2462
f 473 1539 2397
f 447 1450 2367
f 507 1576 2427
f 534 1366 2447
f 469 1485 2391
f 435 1389 2357
f 498 1438 2417
f 529 1509 2453
f 545 1527 2469
f 487 1545 2411
f 574 1467 2498
f 562 1456 2483
f 520 1582 2441
f 432 1360 2352
f 589 1271 2509
f 583 1247 2503
f 586 1254 2506
f 593 1290 2512
f 596 1308 2515
f 599 1338 2518
f 633 1553 2555
f 620 1475 2541
f 640 1601 2562
f 603 1356 2522
f 622 1481 2542
f 607 1403 2528
f 612 1410 2531
f 626 1494 2545
f 629 1506 2548
f 631 1535 2551
f 614 1416 2533
f 618 1446 2537
f 641 1596 2559
f 605 1385 2526
f 167 907 1616
f 164 889 1608
f 163 883 1606
f 165 895 1612
f 166 901 1615
f 169 919 1624
f 192 1057 1692
f 222 1237 1782
f 216 1201 1765
f 199 1099 1714
f 182 997 1661
f 179 979 1653
f 178 973 1651
f 180 985 1657
f 181 991 1660
f 186 1021 1675
f 174 949 1639
f 193 1063 1696
f 205 1135 1733
f 212 1177 1751
f 221 1231 1779
f 189 1039 1683
f 170 925 1626
f 202 1117 1721
f 217 1207 1766
f 191 1051 1689
f 220 1225 1778
f 214 1189 1760
f 200 1105 1718
f 171 931 1629
f 210 1165 1747
f 183 1003 1665
f 175 955 1641
f 196 1081 1704
f 207 1147 1737
f 211 1171 1750
f 187 1027 1676
f 176 961 1644
f 195 1075 1702
f 203 1123 1726
f 188 1033 1681
f 168 913 1620
f 198 1093 1710
f 213 1183 1755
f 218 1213 1771
f 208 1153 1740
f 185 1015 1673
f 177 967 1647
f 197 1087 1707
f 206 1141 1734
f 184 1009 1669
f 173 943 1635
f 194 1069 1698
f 204 1129 1729
f 209 1159 1745
f 190 1045 1687
f 219 1219 1774
f 215 1195 1762
f 201 1111 1720
f 172 937 1632
f 357 1280 2189
f 255 1256 1883
f 262 1292 1903
f 388 1310 2281
f 400 1328 2317
f 352 1376 2173
f 347 1538 2158
f 298 1447 2012
f 364 1573 2210
f 269 1363 1924
f 339 1484 2135
f 285 1388 1973
f 293 1435 1996
f 370 1508 2227
f 396 1526 2304
f 353 1544 2176
f 346 1466 2155
f 299 1453 2014
f 365 1579 2212
f 268 1357 1922
f 249 1268 1864
f 231 1244 1810
f 226 1249 1795
f 238 1285 1831
f 244 1303 1849
f 257 1333 1887
f 359 1550 2193
f 402 1472 2321
f 390 1598 2285
f 264 1351 1907
f 327 1478 2098
f 309 1400 2044
f 282 1405 1961
f 317 1489 2067
f 322 1501 2083
f 341 1532 2139
f 286 1411 1975
f 294 1441 1997
f 372 1591 2231
f 394 1382 2298
f 358 1322 2190
f 256 1274 1884
f 261 1262 1900
f 387 1298 2278
f 399 1316 2314
f 351 1340 2170
f 348 1561 2159
f 300 1459 2015
f 366 1585 2213
f 267 1346 1918
f 340 1520 2136
f 287 1417 1977
f 291 1394 1990
f 369 1496 2224
f 395 1514 2301
f 354 1556 2177
f 345 1424 2152
f 297 1430 2008
f 363 1567 2206
f 270 1369 1925
f 234 1279 1817
f 227 1255 1797
f 239 1291 1833
f 245 1309 1851
f 252 1327 1871
f 275 1375 1941
f 334 1537 2119
f 304 1448 2029
f 377 1574 2247
f 382 1364 2262
f 312 1483 2051
f 279 1387 1954
f 316 1436 2064
f 323 1507 2085
f 330 1525 2105
f 335 1543 2121
f 305 1465 2031
f 376 1454 2244
f 383 1580 2265
f 274 1358 1939
f 232 1267 1814
f 225 1243 1793
f 237 1250 1829
f 243 1286 1847
f 250 1304 1868
f 273 1334 1937
f 336 1549 2124
f 306 1471 2034
f 378 1597 2250
f 381 1352 2261
f 311 1477 2050
f 281 1399 1960
f 315 1406 2063
f 321 1490 2081
f 328 1502 2102
f 333 1531 2117
f 303 1412 2027
f 375 1442 2243
f 384 1592 2268
f 276 1381 1944
f 229 890 1804
f 223 884 1785
f 235 896 1821
f 241 902 1839
f 247 908 1858
f 271 938 1929
f 332 1046 2114
f 302 1220 2024
f 374 1196 2240
f 379 1112 2253
f 307 980 2038
f 278 974 1951
f 313 986 2055
f 319 992 2073
f 325 998 2092
f 331 1016 2109
f 301 968 2019
f 373 1088 2235
f 380 1142 2258
f 272 1154 1934
f 248 1214 1861
f 230 1034 1807
f 224 914 1790
f 236 1094 1826
f 242 1184 1844
f 254 1040 1880
f 356 1232 2186
f 397 1208 2308
f 385 1118 2272
f 259 926 1894
f 326 1160 2095
f 308 1010 2041
f 277 944 1948
f 314 1070 2060
f 320 1130 2078
f 338 1166 2132
f 284 1004 1970
f 289 956 1984
f 367 1082 2218
f 391 1148 2289
f 355 1058 2181
f 253 920 1875
f 260 1100 1897
f 386 1202 2275
f 398 1238 2311
f 350 1172 2167
f 343 1028 2146
f 295 962 2002
f 361 1076 2200
f 266 1124 1915
f 337 1022 2127
f 283 950 1965
f 290 1064 1987
f 368 1136 2221
f 392 1178 2294
f 349 1052 2164
f 344 1226 2149
f 296 1190 2005
f 362 1106 2203
f 265 932 1912
f 251 1321 1870
f 233 1273 1816
f 228 1261 1800
f 240 1297 1836
f 246 1315 1854
f 258 1339 1890
f 360 1562 2196
f 401 1460 2320
f 389 1586 2284
f 263 1345 1906
f 329 1519 2104
f 310 1418 2047
f 280 1393 1958
f 318 1495 2070
f 324 1513 2088
f 342 1555 2142
f 288 1423 1980
f 292 1429 1994
f 371 1568 2230
f 393 1370 2297
f 409 894 2329
f 405 887 2323
f 411 899 2326
f 414 905 2333
f 417 912 2336
f 431 941 2345
f 488 1050 2409
f 575 1224 2496
f 563 1200 2485
f 519 1115 2435
f 454 984 2374
f 450 977 2368
f 456 989 2371
f 459 995 2378
f 462 1002 2381
f 472 1019 2392
f 446 971 2360
f 506 1091 2416
f 535 1146 2456
f 541 1158 2460
f 570 1217 2488
f 480 1037 2398
f 421 918 2340
f 511 1098 2430
f 556 1188 2475
f 484 1044 2404
f 580 1236 2501
f 567 1212 2482
f 522 1122 2440
f 427 930 2347
f 544 1163 2464
f 468 1013 2384
f 436 948 2355
f 499 1074 2419
f 530 1134 2451
f 548 1170 2470
f 466 1008 2385
f 442 960 2362
f 505 1086 2423
f 536 1151 2446
f 491 1061 2401
f 423 923 2339
f 513 1103 2429
f 564 1205 2474
f 581 1241 2491
f 549 1175 2459
f 477 1032 2395
f 445 966 2365
f 503 1080 2424
f 525 1127 2443
f 474 1025 2390
f 438 953 2354
f 495 1067 2413
f 532 1139 2450
f 552 1182 2467
f 490 1056 2408
f 577 1229 2495
f 559 1193 2479
f 517 1109 2437
f 430 936 2350
f 590 1325 2511
f 584 1277 2505
f 585 1265 2507
f 592 1301 2513
f 595 1319 2516
f 598 1343 2519
f 636 1566 2556
f 621 1464 2540
f 642 1590 2561
f 601 1349 2521
f 623 1523 2544
f 611 1422 2529
f 609 1397 2530
f 625 1499 2546
f 628 1517 2549
f 632 1559 2553
f 613 1427 2534
f 616 1433 2536
f 638 1572 2557
f 606 1374 2525
f 407 892 1609
f 403 885 1605
f 404 897 1611
f 410 903 1614
f 413 910 1617
f 422 939 1631
f 486 1048 1688
f 573 1222 1775
f 561 1198 1763
f 512 1113 1719
f 452 982 1654
f 448 975 1650
f 449 987 1656
f 455 993 1659
f 458 1000 1662
f 470 1017 1672
f 437 969 1646
f 494 1089 1706
f 531 1144 1735
f 539 1156 1741
f 568 1215 1770
f 478 1035 1680
f 419 916 1621
f 509 1096 1711
f 554 1186 1756
f 482 1042 1684
f 576 1234 1780
f 558 1210 1767
f 516 1120 1722
f 425 928 1627
f 542 1161 1744
f 463 1011 1668
f 434 946 1636
f 497 1072 1699
f 528 1132 1730
f 546 1168 1748
f 464 1006 1666
f 440 958 1642
f 500 1084 1705
f 524 1149 1736
f 479 1059 1691
f 418 921 1623
f 508 1101 1713
f 553 1203 1764
f 569 1239 1781
f 538 1173 1749
f 471 1030 1677
f 443 964 1645
f 501 1078 1703
f 523 1125 1725
f 467 1023 1674
f 433 951 1638
f 493 1065 1695
f 527 1137 1732
f 543 1180 1752
f 485 1054 1690
f 572 1227 1777
f 557 1191 1759
f 515 1107 1717
f 428 934 1630
f 591 1326 2191
f 587 1278 1885
f 588 1266 1901
f 594 1302 2279
f 597 1320 2315
f 600 1344 2171
f 634 1565 2160
f 619 1463 2016
f 639 1589 2214
f 602 1350 1919
f 624 1524 2137
f 608 1421 1978
f 610 1398 1991
f 627 1500 2225
f 630 1518 2302
f 635 1560 2178
f 615 1428 2153
f 617 1434 2009
f 637 1571 2207
f 604 1373 1926
f 416 911 1857
f 408 893 1803
f 406 888 1786
f 412 900 1822
f 415 906 1840
f 424 924 1876
f 492 1062 2182
f 582 1242 2312
f 565 1206 2276
f 514 1104 1898
f 461 1001 2091
f 453 983 2037
f 451 978 1952
f 457 990 2056
f 460 996 2074
f 475 1026 2128
f 439 954 1966
f 496 1068 1988
f 533 1140 2222
f 551 1181 2293
f 579 1235 2185
f 483 1043 1879
f 426 929 1893
f 521 1121 2271
f 566 1211 2307
f 489 1055 2163
f 578 1230 2150
f 560 1194 2006
f 518 1110 2204
f 429 935 1911
f 547 1169 2131
f 465 1007 1969
f 441 959 1983
f 504 1085 2217
f 537 1152 2290
f 550 1176 2168
f 476 1031 2145
f 444 965 2001
f 502 1079 2199
f 526 1128 1916
f 481 1038 1808
f 420 917 1789
f 510 1097 1825
f 555 1187 1843
f 571 1218 1862
f 540 1157 1933
f 473 1020 2110
f 447 972 2020
f 507 1092 2236
f 534 1145 2257
f 469 1014 2042
f 435 947 1947
f 498 1073 2059
f 529 1133 2077
f 545 1164 2096
f 487 1049 2113
f 574 1223 2023
f 562 1199 2239
f 520 1116 2254
f 432 942 1930
f 589 1283 1818
f 583 1259 1798
f 586 1295 1834
f 593 1313 1852
f 596 1331 1872
f 599 1379 1942
f 633 1541 2120
f 620 1452 2030
f 640 1578 2248
f 603 1368 2263
f 622 1487 2052
f 607 1391 1955
f 612 1440 2065
f 626 1511 2086
f 629 1529 2106
f 631 1547 2122
f 614 1469 2032
f 618 1458 2245
f 641 1584 2266
f 605 1362 1940
f 409 1269 1813
f 405 1245 1792
f 411 1252 1828
f 414 1288 1846
f 417 1306 1867
f 431 1336 1936
f 488 1551 2123
f 575 1473 2033
f 563 1599 2249
f 519 1354 2260
f 454 1479 2049
f 450 1401 1959
f 456 1408 2062
f 459 1492 2080
f 462 1504 2101
f 472 1533 2116
f 446 1414 2026
f 506 1444 2242
f 535 1594 2267
f 541 1383 1943
f 570 1323 1869
f 480 1275 1815
f 421 1263 1799
f 511 1299 1835
f 556 1317 1853
f 484 1341 1889
f 580 1564 2195
f 567 1462 2319
f 522 1588 2283
f 427 1347 1905
f 544 1521 2103
f 468 1420 2046
f 436 1395 1957
f 499 1497 2069
f 530 1515 2087
f 548 1557 2141
f 466 1425 1979
f 442 1431 1993
f 505 1570 2229
f 536 1372 2296
f 491 1282 2188
f 423 1258 1882
f 513 1294 1902
f 564 1312 2280
f 581 1330 2316
f 549 1378 2172
f 477 1540 2157
f 445 1449 2011
f 503 1575 2209
f 525 1365 1923
f 474 1486 2134
f 438 1390 1972
f 495 1437 1995
f 532 1510 2226
f 552 1528 2303
f 490 1546 2175
f 577 1468 2154
f 559 1455 2013
f 517 1581 2211
f 430 1359 1921
f 590 1272 1865
f 584 1248 1811
f 585 1253 1796
f 592 1289 1832
f 595 1307 1850
f 598 1337 1888
f 636 1554 2194
f 621 1476 2322
f 642 1602 2286
f 601 1355 1908
f 623 1482 2099
f 611 1404 2045
f 609 1409 1962
f 625 1493 2068
f 628 1505 2084
f 632 1536 2140
f 613 1415 1976
f 616 1445 1998
f 638 1595 2232
f 606 1386 2299
f 407 909 2330
f 403 891 2324
f 404 886 2325
f 410 898 2332
f 413 904 2335
f 422 922 2344
f 486 1060 2410
f 573 1240 2497
f 561 1204 2486
f 512 1102 2434
f 452 999 2375
f 448 981 2369
f 449 976 2370
f 455 988 2377
f 458 994 2380
f 470 1024 2393
f 437 952 2359
f 494 1066 2415
f 531 1138 2455
f 539 1179 2461
f 568 1233 2489
f 478 1041 2399
f 419 927 2341
f 509 1119 2431
f 554 1209 2476
f 482 1053 2405
f 576 1228 2500
f 558 1192 2481
f 516 1108 2439
f 425 933 2348
f 542 1167 2465
f 463 1005 2383
f 434 957 2356
f 497 1083 2420
f 528 1150 2452
f 546 1174 2471
f 464 1029 2386
f 440 963 2363
f 500 1077 2422
f 524 1126 2445
f 479 1036 2400
f 418 915 2338
f 508 1095 2428
f 553 1185 2473
f 569 1216 2490
f 538 1155 2458
f 471 1018 2394
f 443 970 2366
f 501 1090 2425
f 523 1143 2444
f 467 1012 2389
f 433 945 2353
f 493 1071 2414
f 527 1131 2449
f 543 1162 2466
f 485 1047 2407
f 572 1221 2494
f 557 1197 2480
f 515 1114 2438
f 428 940 2351
f 591 1284 2510
f 587 1260 2504
f 588 1296 2508
f 594 1314 2514
f 597 1332 2517
f 600 1380 2520
f 634 1542 2554
f 619 1451 2539
f 639 1577 2560
f 602 1367 2523
f 624 1488 2543
f 608 1392 2527
f 610 1439 2532
f 627 1512 2547
f 630 1530 2550
f 635 1548 2552
f 615 1470 2535
f 617 1457 2538
f 637 1583 2558
f 604 1361 2524
f 167 1616 1607
f 164 1608 1603
f 163 1606 1604
f 165 1612 1610
f 166 1615 1613
f 169 1624 1622
f 192 1692 1686
f 222 1782 1773
f 216 1765 1761
f 199 1714 1712
f 182 1661 1652
f 179 1653 1648
f 178 1651 1649
f 180 1657 1655
f 181 1660 1658
f 186 1675 1670
f 174 1639 1637
f 193 1696 1694
f 205 1733 1731
f 212 1751 1739
f 221 1779 1768
f 189 1683 1678
f 170 1626 1619
f 202 1721 1709
f 217 1766 1754
f 191 1689 1682
f 220 1778 1776
f 214 1760 1758
f 200 1718 1716
f 171 1629 1625
f 210 1747 1742
f 183 1665 1663
f 175 1641 1634
f 196 1704 1697
f 207 1737 1728
f 211 1750 1746
f 187 1676 1664
f 176 1644 1640
f 195 1702 1700
f 203 1726 1724
f 188 1681 1679
f 168 1620 1618
f 198 1710 1708
f 213 1755 1753
f 218 1771 1769
f 208 1740 1738
f 185 1673 1671
f 177 1647 1643
f 197 1707 1701
f 206 1734 1723
f 184 1669 1667
f 173 1635 1633
f 194 1698 1693
f 204 1729 1727
f 209 1745 1743
f 190 1687 1685
f 219 1774 1772
f 215 1762 1757
f 201 1720 1715
f 172 1632 1628
f 357 2189 2187
f 255 1883 1881
f 262 1903 1899
f 388 2281 2277
f 400 2317 2313
f 352 2173 2169
f 347 2158 2156
f 298 2012 2010
f 364 2210 2208
f 269 1924 1917
f 339 2135 2133
f 285 1973 1971
f 293 1996 1989
f 370 2227 2223
f 396 2304 2300
f 353 2176 2174
f 346 2155 2151
f 299 2014 2007
f 365 2212 2205
f 268 1922 1920
f 249 1864 1855
f 231 1810 1801
f 226 1795 1784
f 238 1831 1820
f 244 1849 1838
f 257 1887 1874
f 359 2193 2180
f 402 2321 2310
f 390 2285 2274
f 264 1907 1896
f 327 2098 2089
f 309 2044 2035
f 282 1961 1950
f 317 2067 2054
f 322 2083 2072
f 341 2139 2126
f 286 1975 1964
f 294 1997 1986
f 372 2231 2220
f 394 2298 2291
f 358 2190 2183
f 256 1884 1877
f 261 1900 1891
f 387 2278 2269
f 399 2314 2305
f 351 2170 2161
f 348 2159 2148
f 300 2015 2004
f 366 2213 2202
f 267 1918 1909
f 340 2136 2129
f 287 1977 1967
f 291 1990 1981
f 369 2224 2215
f 395 2301 2288
f 354 2177 2166
f 345 2152 2143
f 297 2008 1999
f 363 2206 2197
f 270 1925 1914
f 234 1817 1806
f 227 1797 1787
f 239 1833 1823
f 245 1851 1841
f 252 1871 1860
f 275 1941 1931
f 334 2119 2108
f 304 2029 2018
f 377 2247 2234
f 382 2262 2255
f 312 2051 2040
f 279 1954 1945
f 316 2064 2057
f 323 2085 2075
f 330 2105 2094
f 335 2121 2111
f 305 2031 2021
f 376 2244 2237
f 383 2265 2252
f 274 1939 1928
f 232 1814 1812
f 225 1793 1791
f 237 1829 1827
f 243 1847 1845
f 250 1868 1866
f 273 1937 1935
f 336 2124 2118
f 306 2034 2028
f 378 2250 2246
f 381 2261 2259
f 311 2050 2048
f 281 1960 1953
f 315 2063 2061
f 321 2081 2079
f 328 2102 2100
f 333 2117 2115
f 303 2027 2025
f 375 2243 2241
f 384 2268 2264
f 276 1944 1938
f 229 1804 1802
f 223 1785 1783
f 235 1821 1819
f 241 1839 1837
f 247 1858 1856
f 271 1929 1927
f 332 2114 2112
f 302 2024 2022
f 374 2240 2238
f 379 2253 2251
f 307 2038 2036
f 278 1951 1949
f 313 2055 2053
f 319 2073 2071
f 325 2092 2090
f 331 2109 2107
f 301 2019 2017
f 373 2235 2233
f 380 2258 2256
f 272 1934 1932
f 248 1861 1859
f 230 1807 1805
f 224 1790 1788
f 236 1826 1824
f 242 1844 1842
f 254 1880 1878
f 356 2186 2184
f 397 2308 2306
f 385 2272 2270
f 259 1894 1892
f 326 2095 2093
f 308 2041 2039
f 277 1948 1946
f 314 2060 2058
f 320 2078 2076
f 338 2132 2130
f 284 1970 1968
f 289 1984 1982
f 367 2218 2216
f 391 2289 2287
f 355 2181 2179
f 253 1875 1873
f 260 1897 1895
f 386 2275 2273
f 398 2311 2309
f 350 2167 2165
f 343 2146 2144
f 295 2002 2000
f 361 2200 2198
f 266 1915 1913
f 337 2127 2125
f 283 1965 1963
f 290 1987 1985
f 368 2221 2219
f 392 2294 2292
f 349 2164 2162
f 344 2149 2147
f 296 2005 2003
f 362 2203 2201
f 265 1912 1910
f 251 1870 1863
f 233 1816 1809
f 228 1800 1794
f 240 1836 1830
f 246 1854 1848
f 258 1890 1886
f 360 2196 2192
f 401 2320 2318
f 389 2284 2282
f 263 1906 1904
f 329 2104 2097
f 310 2047 2043
f 280 1958 1956
f 318 2070 2066
f 324 2088 2082
f 342 2142 2138
f 288 1980 1974
f 292 1994 1992
f 371 2230 2228
f 393 2297 2295
f 409 2329 2331
f 405 2323 2327
f 411 2326 2328
f 414 2333 2334
f 417 2336 2337
f 431 2345 2346
f 488 2409 2412
f 575 2496 2499
f 563 2485 2487
f 519 2435 2436
f 454 2374 2376
f 450 2368 2372
f 456 2371 2373
f 459 2378 2379
f 462 2381 2382
f 472 2392 2396
f 446 2360 2361
f 506 2416 2418
f 535 2456 2457
f 541 2460 2463
f 570 2488 2492
f 480 2398 2402
f 421 2340 2343
f 511 2430 2433
f 556 2475 2478
f 484 2404 2406
f 580 2501 2502
f 567 2482 2484
f 522 2440 2442
f 427 2347 2349
f 544 2464 2468
f 468 2384 2387
f 436 2355 2358
f 499 2419 2421
f 530 2451 2454
f 548 2470 2472
f 466 2385 2388
f 442 2362 2364
f 505 2423 2426
f 536 2446 2448
f 491 2401 2403
f 423 2339 2342
f 513 2429 2432
f 564 2474 2477
f 581 2491 2493
f 549 2459 2462
f 477 2395 2397
f 445 2365 2367
f 503 2424 2427
f 525 2443 2447
f 474 2390 2391
f 438 2354 2357
f 495 2413 2417
f 532 2450 2453
f 552 2467 2469
f 490 2408 2411
f 577 2495 2498
f 559 2479 2483
f 517 2437 2441
f 430 2350 2352
f 590 2511 2509
f 584 2505 2503
f 585 2507 2506
f 592 2513 2512
f 595 2516 2515
f 598 2519 2518
f 636 2556 2555
f 621 2540 2541
f 642 2561 2562
f 601 2521 2522
f 623 2544 2542
f 611 2529 2528
f 609 2530 2531
f 625 2546 2545
f 628 2549 2548
f 632 2553 2551
f 613 2534 2533
f 616 2536 2537
f 638 2557 2559
f 606 2525 2526
f 1607 644 647
f 1603 643 644
f 1604 645 643
f 1610 646 645
f 1613 647 646
f 1622 652 649
f 1686 670 672
f 1773 699 702
f 1761 695 696
f 1712 681 679
f 1652 659 662
f 1648 658 659
f 1649 660 658
f 1655 661 660
f 1658 662 661
f 1670 665 666
f 1637 657 654
f 1694 677 673
f 1731 686 685
f 1739 688 692
f 1768 698 701
f 1678 668 669
f 1619 648 650
f 1709 678 682
f 1754 693 697
f 1682 669 671
f 1776 701 700
f 1758 697 694
f 1716 682 680
f 1625 650 651
f 1742 689 690
f 1663 664 663
f 1634 653 655
f 1697 674 676
f 1728 684 687
f 1746 690 691
f 1664 663 667
f 1640 655 656
f 1700 676 675
f 1724 687 683
f 1679 672 668
f 1618 649 648
f 1708 679 678
f 1753 696 693
f 1769 702 698
f 1738 691 688
f 1671 667 665
f 1643 656 657
f 1701 675 677
f 1723 683 686
f 1667 666 664
f 1633 654 653
f 1693 673 674
f 1727 685 684
f 1743 692 689
f 1685 671 670
f 1772 700 699
f 1757 694 695
f 1715 680 681
f 1628 651 652
f 2187 838 837
f 1881 736 735
f 1899 741 742
f 2277 867 868
f 2313 879 880
f 2169 831 832
f 2156 828 827
f 2010 780 778
f 2208 846 844
f 1917 747 749
f 2133 820 819
f 1971 767 765
f 1989 771 773
f 2223 849 850
f 2300 875 876
f 2174 834 833
f 2151 825 826
f 2007 777 779
f 2205 843 845
f 1920 750 748
f 1855 727 729
f 1801 709 711
f 1784 703 706
f 1820 715 718
f 1838 721 724
f 1874 733 737
f 2180 835 839
f 2310 878 882
f 2274 866 870
f 1896 740 744
f 2089 805 807
f 2035 787 789
f 1950 758 762
f 2054 793 797
f 2072 799 802
f 2126 817 821
f 1964 763 766
f 1986 770 774
f 2220 848 852
f 2291 872 874
f 2183 836 838
f 1877 734 736
f 1891 739 741
f 2269 865 867
f 2305 877 879
f 2161 829 831
f 2148 824 828
f 2004 776 780
f 2202 842 846
f 1909 745 747
f 2129 818 820
f 1967 764 767
f 1981 769 771
f 2215 847 849
f 2288 871 875
f 2166 830 834
f 2143 823 825
f 1999 775 777
f 2197 841 843
f 1914 746 750
f 1806 710 714
f 1787 704 707
f 1823 716 719
f 1841 722 725
f 1860 728 732
f 1931 752 755
f 2108 811 814
f 2018 781 784
f 2234 853 857
f 2255 860 862
f 2040 788 792
f 1945 757 759
f 2057 794 796
f 2075 800 803
f 2094 806 810
f 2111 812 815
f 2021 782 785
f 2237 854 856
f 2252 859 863
f 1928 751 754
f 1812 714 712
f 1791 707 705
f 1827 719 717
f 1845 725 723
f 1866 732 730
f 1935 755 753
f 2118 814 816
f 2028 784 786
f 2246 857 858
f 2259 862 861
f 2048 792 791
f 1953 759 761
f 2061 796 795
f 2079 803 801
f 2100 810 808
f 2115 815 813
f 2025 785 783
f 2241 856 855
f 2264 863 864
f 1938 754 756
f 1802 712 709
f 1783 705 703
f 1819 717 715
f 1837 723 721
f 1856 730 727
f 1927 753 751
f 2112 816 812
f 2022 786 782
f 2238 858 854
f 2251 861 859
f 2036 791 787
f 1949 761 758
f 2053 795 793
f 2071 801 799
f 2090 808 805
f 2107 813 811
f 2017 783 781
f 2233 855 853
f 2256 864 860
f 1932 756 752
f 1859 731 728
f 1805 713 710
f 1788 708 704
f 1824 720 716
f 1842 726 722
f 1878 738 734
f 2184 840 836
f 2306 881 877
f 2270 869 865
f 1892 743 739
f 2093 809 806
f 2039 790 788
f 1946 760 757
f 2058 798 794
f 2076 804 800
f 2130 822 818
f 1968 768 764
f 1982 772 769
f 2216 851 847
f 2287 873 871
f 2179 837 835
f 1873 735 733
f 1895 742 740
f 2273 868 866
f 2309 880 878
f 2165 832 830
f 2144 827 823
f 2000 778 775
f 2198 844 841
f 1913 749 746
f 2125 819 817
f 1963 765 763
f 1985 773 770
f 2219 850 848
f 2292 876 872
f 2162 833 829
f 2147 826 824
f 2003 779 776
f 2201 845 842
f 1910 748 745
f 1863 729 731
f 1809 711 713
f 1794 706 708
f 1830 718 720
f 1848 724 726
f 1886 737 738
f 2192 839 840
f 2318 882 881
f 2282 870 869
f 1904 744 743
f 2097 807 809
f 2043 789 790
f 1956 762 760
f 2066 797 798
f 2082 802 804
f 2138 821 822
f 1974 766 768
f 1992 774 772
f 2228 852 851
f 2295 874 873
f 2331 1270 1269
f 2327 1246 1245
f 2328 1251 1252
f 2334 1287 1288
f 2337 1305 1306
f 2346 1335 1336
f 2412 1552 1551
f 2499 1474 1473
f 2487 1600 1599
f 2436 1353 1354
f 2376 1480 1479
f 2372 1402 1401
f 2373 1407 1408
f 2379 1491 1492
f 2382 1503 1504
f 2396 1534 1533
f 2361 1413 1414
f 2418 1443 1444
f 2457 1593 1594
f 2463 1384 1383
f 2492 1324 1323
f 2402 1276 1275
f 2343 1264 1263
f 2433 1300 1299
f 2478 1318 1317
f 2406 1342 1341
f 2502 1563 1564
f 2484 1461 1462
f 2442 1587 1588
f 2349 1348 1347
f 2468 1522 1521
f 2387 1419 1420
f 2358 1396 1395
f 2421 1498 1497
f 2454 1516 1515
f 2472 1558 1557
f 2388 1426 1425
f 2364 1432 1431
f 2426 1569 1570
f 2448 1371 1372
f 2403 1281 1282
f 2342 1257 1258
f 2432 1293 1294
f 2477 1311 1312
f 2493 1329 1330
f 2462 1377 1378
f 2397 1539 1540
f 2367 1450 1449
f 2427 1576 1575
f 2447 1366 1365
f 2391 1485 1486
f 2357 1389 1390
f 2417 1438 1437
f 2453 1509 1510
f 2469 1527 1528
f 2411 1545 1546
f 2498 1467 1468
f 2483 1456 1455
f 2441 1582 1581
f 2352 1360 1359
f 2509 1271 1272
f 2503 1247 1248
f 2506 1254 1253
f 2512 1290 1289
f 2515 1308 1307
f 2518 1338 1337
f 2555 1553 1554
f 2541 1475 1476
f 2562 1601 1602
f 2522 1356 1355
f 2542 1481 1482
f 2528 1403 1404
f 2531 1410 1409
f 2545 1494 1493
f 2548 1506 1505
f 2551 1535 1536
f 2533 1416 1415
f 2537 1446 1445
f 2559 1596 1595
f 2526 1385 1386
f 1616 907 909
f 1608 889 891
f 1606 883 886
f 1612 895 898
f 1615 901 904
f 1624 919 922
f 1692 1057 1060
f 1782 1237 1240
f 1765 1201 1204
f 1714 1099 1102
f 1661 997 999
f 1653 979 981
f 1651 973 976
f 1657 985 988
f 1660 991 994
f 1675 1021 1024
f 1639 949 952
f 1696 1063 1066
f 1733 1135 1138
f 1751 1177 1179
f 1779 1231 1233
f 1683 1039 1041
f 1626 925 927
f 1721 1117 1119
f 1766 1207 1209
f 1689 1051 1053
f 1778 1225 1228
f 1760 1189 1192
f 1718 1105 1108
f 1629 931 933
f 1747 1165 1167
f 1665 1003 1005
f 1641 955 957
f 1704 1081 1083
f 1737 1147 1150
f 1750 1171 1174
f 1676 1027 1029
f 1644 961 963
f 1702 1075 1077
f 1726 1123 1126
f 1681 1033 1036
f 1620 913 915
f 1710 1093 1095
f 1755 1183 1185
f 1771 1213 1216
f 1740 1153 1155
f 1673 1015 1018
f 1647 967 970
f 1707 1087 1090
f 1734 1141 1143
f 1669 1009 1012
f 1635 943 945
f 1698 1069 1071
f 1729 1129 1131
f 1745 1159 1162
f 1687 1045 1047
f 1774 1219 1221
f 1762 1195 1197
f 1720 1111 1114
f 1632 937 940
f 2189 1280 1284
f 1883 1256 1260
f 1903 1292 1296
f 2281 1310 1314
f 2317 1328 1332
f 2173 1376 1380
f 2158 1538 1542
f 2012 1447 1451
f 2210 1573 1577
f 1924 1363 1367
f 2135 1484 1488
f 1973 1388 1392
f 1996 1435 1439
f 2227 1508 1512
f 2304 1526 1530
f 2176 1544 1548
f 2155 1466 1470
f 2014 1453 1457
f 2212 1579 1583
f 1922 1357 1361
f 1864 1268 1270
f 1810 1244 1246
f 1795 1249 1251
f 1831 1285 1287
f 1849 1303 1305
f 1887 1333 1335
f 2193 1550 1552
f 2321 1472 1474
f 2285 1598 1600
f 1907 1351 1353
f 2098 1478 1480
f 2044 1400 1402
f 1961 1405 1407
f 2067 1489 1491
f 2083 1501 1503
f 2139 1532 1534
f 1975 1411 1413
f 1997 1441 1443
f 2231 1591 1593
f 2298 1382 1384
f 2190 1322 1324
f 1884 1274 1276
f 1900 1262 1264
f 2278 1298 1300
f 2314 1316 1318
f 2170 1340 1342
f 2159 1561 1563
f 2015 1459 1461
f 2213 1585 1587
f 1918 1346 1348
f 2136 1520 1522
f 1977 1417 1419
f 1990 1394 1396
f 2224 1496 1498
f 2301 1514 1516
f 2177 1556 1558
f 2152 1424 1426
f 2008 1430 1432
f 2206 1567 1569
f 1925 1369 1371
f 1817 1279 1281
f 1797 1255 1257
f 1833 1291 1293
f 1851 1309 1311
f 1871 1327 1329
f 1941 1375 1377
f 2119 1537 1539
f 2029 1448 1450
f 2247 1574 1576
f 2262 1364 1366
f 2051 1483 1485
f 1954 1387 1389
f 2064 1436 1438
f 2085 1507 1509
f 2105 1525 1527
f 2121 1543 1545
f 2031 1465 1467
f 2244 1454 1456
f 2265 1580 1582
f 1939 1358 1360
f 1814 1267 1271
f 1793 1243 1247
f 1829 1250 1254
f 1847 1286 1290
f 1868 1304 1308
f 1937 1334 1338
f 2124 1549 1553
f 2034 1471 1475
f 2250 1597 1601
f 2261 1352 1356
f 2050 1477 1481
f 1960 1399 1403
f 2063 1406 1410
f 2081 1490 1494
f 2102 1502 1506
f 2117 1531 1535
f 2027 1412 1416
f 2243 1442 1446
f 2268 1592 1596
f 1944 1381 1385
f 1804 890 894
f 1785 884 887
f 1821 896 899
f 1839 902 905
f 1858 908 912
f 1929 938 941
f 2114 1046 1050
f 2024 1220 1224
f 2240 1196 1200
f 2253 1112 1115
f 2038 980 984
f 1951 974 977
f 2055 986 989
f 2073 992 995
f 2092 998 1002
f 2109 1016 1019
f 2019 968 971
f 2235 1088 1091
f 2258 1142 1146
f 1934 1154 1158
f 1861 1214 1217
f 1807 1034 1037
f 1790 914 918
f 1826 1094 1098
f 1844 1184 1188
f 1880 1040 1044
f 2186 1232 1236
f 2308 1208 1212
f 2272 1118 1122
f 1894 926 930
f 2095 1160 1163
f 2041 1010 1013
f 1948 944 948
f 2060 1070 1074
f 2078 1130 1134
f 2132 1166 1170
f 1970 1004 1008
f 1984 956 960
f 2218 1082 1086
f 2289 1148 1151
f 2181 1058 1061
f 1875 920 923
f 1897 1100 1103
f 2275 1202 1205
f 2311 1238 1241
f 2167 1172 1175
f 2146 1028 1032
f 2002 962 966
f 2200 1076 1080
f 1915 1124 1127
f 2127 1022 1025
f 1965 950 953
f 1987 1064 1067
f 2221 1136 1139
f 2294 1178 1182
f 2164 1052 1056
f 2149 1226 1229
f 2005 1190 1193
f 2203 1106 1109
f 1912 932 936
f 1870 1321 1325
f 1816 1273 1277
f 1800 1261 1265
f 1836 1297 1301
f 1854 1315 1319
f 1890 1339 1343
f 2196 1562 1566
f 2320 1460 1464
f 2284 1586 1590
f 1906 1345 1349
f 2104 1519 1523
f 2047 1418 1422
f 1958 1393 1397
f 2070 1495 1499
f 2088 1513 1517
f 2142 1555 1559
f 1980 1423 1427
f 1994 1429 1433
f 2230 1568 1572
f 2297 1370 1374
f 2329 894 892
f 2323 887 885
f 2326 899 897
f 2333 905 903
f 2336 912 910
f 2345 941 939
f 2409 1050 1048
f 2496 1224 1222
f 2485 1200 1198
f 2435 1115 1113
f 2374 984 982
f 2368 977 975
f 2371 989 987
f 2378 995 993
f 2381 1002 1000
f 2392 1019 1017
f 2360 971 969
f 2416 1091 1089
f 2456 1146 1144
f 2460 1158 1156
f 2488 1217 1215
f 2398 1037 1035
f 2340 918 916
f 2430 1098 1096
f 2475 1188 1186
f 2404 1044 1042
f 2501 1236 1234
f 2482 1212 1210
f 2440 1122 1120
f 2347 930 928
f 2464 1163 1161
f 2384 1013 1011
f 2355 948 946
f 2419 1074 1072
f 2451 1134 1132
f 2470 1170 1168
f 2385 1008 1006
f 2362 960 958
f 2423 1086 1084
f 2446 1151 1149
f 2401 1061 1059
f 2339 923 921
f 2429 1103 1101
f 2474 1205 1203
f 2491 1241 1239
f 2459 1175 1173
f 2395 1032 1030
f 2365 966 964
f 2424 1080 1078
f 2443 1127 1125
f 2390 1025 1023
f 2354 953 951
f 2413 1067 1065
f 2450 1139 1137
f 2467 1182 1180
f 2408 1056 1054
f 2495 1229 1227
f 2479 1193 1191
f 2437 1109 1107
f 2350 936 934
f 2511 1325 1326
f 2505 1277 1278
f 2507 1265 1266
f 2513 1301 1302
f 2516 1319 1320
f 2519 1343 1344
f 2556 1566 1565
f 2540 1464 1463
f 2561 1590 1589
f 2521 1349 1350
f 2544 1523 1524
f 2529 1422 1421
f 2530 1397 1398
f 2546 1499 1500
f 2549 1517 1518
f 2553 1559 1560
f 2534 1427 1428
f 2536 1433 1434
f 2557 1572 1571
f 2525 1374 1373
f 1609 892 889
f 1605 885 883
f 1611 897 895
f 1614 903 901
f 1617 910 907
f 1631 939 937
f 1688 1048 1045
f 1775 1222 1219
f 1763 1198 1195
f 1719 1113 1111
f 1654 982 979
f 1650 975 973
f 1656 987 985
f 1659 993 991
f 1662 1000 997
f 1672 1017 1015
f 1646 969 967
f 1706 1089 1087
f 1735 1144 1141
f 1741 1156 1153
f 1770 1215 1213
f 1680 1035 1033
f 1621 916 913
f 1711 1096 1093
f 1756 1186 1183
f 1684 1042 1039
f 1780 1234 1231
f 1767 1210 1207
f 1722 1120 1117
f 1627 928 925
f 1744 1161 1159
f 1668 1011 1009
f 1636 946 943
f 1699 1072 1069
f 1730 1132 1129
f 1748 1168 1165
f 1666 1006 1003
f 1642 958 955
f 1705 1084 1081
f 1736 1149 1147
f 1691 1059 1057
f 1623 921 919
f 1713 1101 1099
f 1764 1203 1201
f 1781 1239 1237
f 1749 1173 1171
f 1677 1030 1027
f 1645 964 961
f 1703 1078 1075
f 1725 1125 1123
f 1674 1023 1021
f 1638 951 949
f 1695 1065 1063
f 1732 1137 1135
f 1752 1180 1177
f 1690 1054 1051
f 1777 1227 1225
f 1759 1191 1189
f 1717 1107 1105
f 1630 934 931
f 2191 1326 1322
f 1885 1278 1274
f 1901 1266 1262
f 2279 1302 1298
f 2315 1320 1316
f 2171 1344 1340
f 2160 1565 1561
f 2016 1463 1459
f 2214 1589 1585
f 1919 1350 1346
f 2137 1524 1520
f 1978 1421 1417
f 1991 1398 1394
f 2225 1500 1496
f 2302 1518 1514
f 2178 1560 1556
f 2153 1428 1424
f 2009 1434 1430
f 2207 1571 1567
f 1926 1373 1369
f 1857 911 908
f 1803 893 890
f 1786 888 884
f 1822 900 896
f 1840 906 902
f 1876 924 920
f 2182 1062 1058
f 2312 1242 1238
f 2276 1206 1202
f 1898 1104 1100
f 2091 1001 998
f 2037 983 980
f 1952 978 974
f 2056 990 986
f 2074 996 992
f 2128 1026 1022
f 1966 954 950
f 1988 1068 1064
f 2222 1140 1136
f 2293 1181 1178
f 2185 1235 1232
f 1879 1043 1040
f 1893 929 926
f 2271 1121 1118
f 2307 1211 1208
f 2163 1055 1052
f 2150 1230 1226
f 2006 1194 1190
f 2204 1110 1106
f 1911 935 932
f 2131 1169 1166
f 1969 1007 1004
f 1983 959 956
f 2217 1085 1082
f 2290 1152 1148
f 2168 1176 1172
f 2145 1031 1028
f 2001 965 962
f 2199 1079 1076
f 1916 1128 1124
f 1808 1038 1034
f 1789 917 914
f 1825 1097 1094
f 1843 1187 1184
f 1862 1218 1214
f 1933 1157 1154
f 2110 1020 1016
f 2020 972 968
f 2236 1092 1088
f 2257 1145 1142
f 2042 1014 1010
f 1947 947 944
f 2059 1073 1070
f 2077 1133 1130
f 2096 1164 1160
f 2113 1049 1046
f 2023 1223 1220
f 2239 1199 1196
f 2254 1116 1112
f 1930 942 938
f 1818 1283 1279
f 1798 1259 1255
f 1834 1295 1291
f 1852 1313 1309
f 1872 1331 1327
f 1942 1379 1375
f 2120 1541 1537
f 2030 1452 1448
f 2248 1578 1574
f 2263 1368 1364
f 2052 1487 1483
f 1955 1391 1387
f 2065 1440 1436
f 2086 1511 1507
f 2106 1529 1525
f 2122 1547 1543
f 2032 1469 1465
f 2245 1458 1454
f 2266 1584 1580
f 1940 1362 1358
f 1813 1269 1267
f 1792 1245 1243
f 1828 1252 1250
f 1846 1288 1286
f 1867 1306 1304
f 1936 1336 1334
f 2123 1551 1549
f 2033 1473 1471
f 2249 1599 1597
f 2260 1354 1352
f 2049 1479 1477
f 1959 1401 1399
f 2062 1408 1406
f 2080 1492 1490
f 2101 1504 1502
f 2116 1533 1531
f 2026 1414 1412
f 2242 1444 1442
f 2267 1594 1592
f 1943 1383 1381
f 1869 1323 1321
f 1815 1275 1273
f 1799 1263 1261
f 1835 1299 1297
f 1853 1317 1315
f 1889 1341 1339
f 2195 1564 1562
f 2319 1462 1460
f 2283 1588 1586
f 1905 1347 1345
f 2103 1521 1519
f 2046 1420 1418
f 1957 1395 1393
f 2069 1497 1495
f 2087 1515 1513
f 2141 1557 1555
f 1979 1425 1423
f 1993 1431 1429
f 2229 1570 1568
f 2296 1372 1370
f 2188 1282 1280
f 1882 1258 1256
f 1902 1294 1292
f 2280 1312 1310
f 2316 1330 1328
f 2172 1378 1376
f 2157 1540 1538
f 2011 1449 1447
f 2209 1575 1573
f 1923 1365 1363
f 2134 1486 1484
f 1972 1390 1388
f 1995 1437 1435
f 2226 1510 1508
f 2303 1528 1526
f 2175 1546 1544
f 2154 1468 1466
f 2013 1455 1453
f 2211 1581 1579
f 1921 1359 1357
f 1865 1272 1268
f 1811 1248 1244
f 1796 1253 1249
f 1832 1289 1285
f 1850 1307 1303
f 1888 1337 1333
f 2194 1554 1550
f 2322 1476 1472
f 2286 1602 1598
f 1908 1355 1351
f 2099 1482 1478
f 2045 1404 1400
f 1962 1409 1405
f 2068 1493 1489
f 2084 1505 1501
f 2140 1536 1532
f 1976 1415 1411
f 1998 1445 1441
f 2232 1595 1591
f 2299 1386 1382
f 2330 909 911
f 2324 891 893
f 2325 886 888
f 2332 898 900
f 2335 904 906
f 2344 922 924
f 2410 1060 1062
f 2497 1240 1242
f 2486 1204 1206
f 2434 1102 1104
f 2375 999 1001
f 2369 981 983
f 2370 976 978
f 2377 988 990
f 2380 994 996
f 2393 1024 1026
f 2359 952 954
f 2415 1066 1068
f 2455 1138 1140
f 2461 1179 1181
f 2489 1233 1235
f 2399 1041 1043
f 2341 927 929
f 2431 1119 1121
f 2476 1209 1211
f 2405 1053 1055
f 2500 1228 1230
f 2481 1192 1194
f 2439 1108 1110
f 2348 933 935
f 2465 1167 1169
f 2383 1005 1007
f 2356 957 959
f 2420 1083 1085
f 2452 1150 1152
f 2471 1174 1176
f 2386 1029 1031
f 2363 963 965
f 2422 1077 1079
f 2445 1126 1128
f 2400 1036 1038
f 2338 915 917
f 2428 1095 1097
f 2473 1185 1187
f 2490 1216 1218
f 2458 1155 1157
f 2394 1018 1020
f 2366 970 972
f 2425 1090 1092
f 2444 1143 1145
f 2389 1012 1014
f 2353 945 947
f 2414 1071 1073
f 2449 1131 1133
f 2466 1162 1164
f 2407 1047 1049
f 2494 1221 1223
f 2480 1197 1199
f 2438 1114 1116
f 2351 940 942
f 2510 1284 1283
f 2504 1260 1259
f 2508 1296 1295
f 2514 1314 1313
f 2517 1332 1331
f 2520 1380 1379
f 2554 1542 1541
f 2539 1451 1452
f 2560 1577 1578
f 2523 1367 1368
f 2543 1488 1487
f 2527 1392 1391
f 2532 1439 1440
f 2547 1512 1511
f 2550 1530 1529
f 2552 1548 1547
f 2535 1470 1469
f 2538 1457 1458
f 2558 1583 1584
f 2524 1361 1362
f 1607 1616 1609
f 1603 1608 1605
f 1604 1606 1611
f 1610 1612 1614
f 1613 1615 1617
f 1622 1624 1631
f 1686 1692 1688
f 1773 1782 1775
f 1761 1765 1763
f 1712 1714 1719
f 1652 1661 1654
f 1648 1653 1650
f 1649 1651 1656
f 1655 1657 1659
f 1658 1660 1662
f 1670 1675 1672
f 1637 1639 1646
f 1694 1696 1706
f 1731 1733 1735
f 1739 1751 1741
f 1768 1779 1770
f 1678 1683 1680
f 1619 1626 1621
f 1709 1721 1711
f 1754 1766 1756
f 1682 1689 1684
f 1776 1778 1780
f 1758 1760 1767
f 1716 1718 1722
f 1625 1629 1627
f 1742 1747 1744
f 1663 1665 1668
f 1634 1641 1636
f 1697 1704 1699
f 1728 1737 1730
f 1746 1750 1748
f 1664 1676 1666
f 1640 1644 1642
f 1700 1702 1705
f 1724 1726 1736
f 1679 1681 1691
f 1618 1620 1623
f 1708 1710 1713
f 1753 1755 1764
f 1769 1771 1781
f 1738 1740 1749
f 1671 1673 1677
f 1643 1647 1645
f 1701 1707 1703
f 1723 1734 1725
f 1667 1669 1674
f 1633 1635 1638
f 1693 1698 1695
f 1727 1729 1732
f 1743 1745 1752
f 1685 1687 1690
f 1772 1774 1777
f 1757 1762 1759
f 1715 1720 1717
f 1628 1632 1630
f 2187 2189 2191
f 1881 1883 1885
f 1899 1903 1901
f 2277 2281 2279
f 2313 2317 2315
f 2169 2173 2171
f 2156 2158 2160
f 2010 2012 2016
f 2208 2210 2214
f 1917 1924 1919
f 2133 2135 2137
f 1971 1973 1978
f 1989 1996 1991
f 2223 2227 2225
f 2300 2304 2302
f 2174 2176 2178
f 2151 2155 2153
f 2007 2014 2009
f 2205 2212 2207
f 1920 1922 1926
f 1855 1864 1857
f 1801 1810 1803
f 1784 1795 1786
f 1820 1831 1822
f 1838 1849 1840
f 1874 1887 1876
f 2180 2193 2182
f 2310 2321 2312
f 2274 2285 2276
f 1896 1907 1898
f 2089 2098 2091
f 2035 2044 2037
f 1950 1961 1952
f 2054 2067 2056
f 2072 2083 2074
f 2126 2139 2128
f 1964 1975 1966
f 1986 1997 1988
f 2220 2231 2222
f 2291 2298 2293
f 2183 2190 2185
f 1877 1884 1879
f 1891 1900 1893
f 2269 2278 2271
f 2305 2314 2307
f 2161 2170 2163
f 2148 2159 2150
f 2004 2015 2006
f 2202 2213 2204
f 1909 1918 1911
f 2129 2136 2131
f 1967 1977 1969
f 1981 1990 1983
f 2215 2224 2217
f 2288 2301 2290
f 2166 2177 2168
f 2143 2152 2145
f 1999 2008 2001
f 2197 2206 2199
f 1914 1925 1916
f 1806 1817 1808
f 1787 1797 1789
f 1823 1833 1825
f 1841 1851 1843
f 1860 1871 1862
f 1931 1941 1933
f 2108 2119 2110
f 2018 2029 2020
f 2234 2247 2236
f 2255 2262 2257
f 2040 2051 2042
f 1945 1954 1947
f 2057 2064 2059
f 2075 2085 2077
f 2094 2105 2096
f 2111 2121 2113
f 2021 2031 2023
f 2237 2244 2239
f 2252 2265 2254
f 1928 1939 1930
f 1812 1814 1818
f 1791 1793 1798
f 1827 1829 1834
f 1845 1847 1852
f 1866 1868 1872
f 1935 1937 1942
f 2118 2124 2120
f 2028 2034 2030
f 2246 2250 2248
f 2259 2261 2263
f 2048 2050 2052
f 1953 1960 1955
f 2061 2063 2065
f 2079 2081 2086
f 2100 2102 2106
f 2115 2117 2122
f 2025 2027 2032
f 2241 2243 2245
f 2264 2268 2266
f 1938 1944 1940
f 1802 1804 1813
f 1783 1785 1792
f 1819 1821 1828
f 1837 1839 1846
f 1856 1858 1867
f 1927 1929 1936
f 2112 2114 2123
f 2022 2024 2033
f 2238 2240 2249
f 2251 2253 2260
f 2036 2038 2049
f 1949 1951 1959
f 2053 2055 2062
f 2071 2073 2080
f 2090 2092 2101
f 2107 2109 2116
f 2017 2019 2026
f 2233 2235 2242
f 2256 2258 2267
f 1932 1934 1943
f 1859 1861 1869
f 1805 1807 1815
f 1788 1790 1799
f 1824 1826 1835
f 1842 1844 1853
f 1878 1880 1889
f 2184 2186 2195
f 2306 2308 2319
f 2270 2272 2283
f 1892 1894 1905
f 2093 2095 2103
f 2039 2041 2046
f 1946 1948 1957
f 2058 2060 2069
f 2076 2078 2087
f 2130 2132 2141
f 1968 1970 1979
f 1982 1984 1993
f 2216 2218 2229
f 2287 2289 2296
f 2179 2181 2188
f 1873 1875 1882
f 1895 1897 1902
f 2273 2275 2280
f 2309 2311 2316
f 2165 2167 2172
f 2144 2146 2157
f 2000 2002 2011
f 2198 2200 2209
f 1913 1915 1923
f 2125 2127 2134
f 1963 1965 1972
f 1985 1987 1995
f 2219 2221 2226
f 2292 2294 2303
f 2162 2164 2175
f 2147 2149 2154
f 2003 2005 2013
f 2201 2203 2211
f 1910 1912 1921
f 1863 1870 1865
f 1809 1816 1811
f 1794 1800 1796
f 1830 1836 1832
f 1848 1854 1850
f 1886 1890 1888
f 2192 2196 2194
f 2318 2320 2322
f 2282 2284 2286
f 1904 1906 1908
f 2097 2104 2099
f 2043 2047 2045
f 1956 1958 1962
f 2066 2070 2068
f 2082 2088 2084
f 2138 2142 2140
f 1974 1980 1976
f 1992 1994 1998
f 2228 2230 2232
f 2295 2297 2299
f 2331 2329 2330
f 2327 2323 2324
f 2328 2326 2325
f 2334 2333 2332
f 2337 2336 2335
f 2346 2345 2344
f 2412 2409 2410
f 2499 2496 2497
f 2487 2485 2486
f 2436 2435 2434
f 2376 2374 2375
f 2372 2368 2369
f 2373 2371 2370
f 2379 2378 2377
f 2382 2381 2380
f 2396 2392 2393
f 2361 2360 2359
f 2418 2416 2415
f 2457 2456 2455
f 2463 2460 2461
f 2492 2488 2489
f 2402 2398 2399
f 2343 2340 2341
f 2433 2430 2431
f 2478 2475 2476
f 2406 2404 2405
f 2502 2501 2500
f 2484 2482 2481
f 2442 2440 2439
f 2349 2347 2348
f 2468 2464 2465
f 2387 2384 2383
f 2358 2355 2356
f 2421 2419 2420
f 2454 2451 2452
f 2472 2470 2471
f 2388 2385 2386
f 2364 2362 2363
f 2426 2423 2422
f 2448 2446 2445
f 2403 2401 2400
f 2342 2339 2338
f 2432 2429 2428
f 2477 2474 2473
f 2493 2491 2490
f 2462 2459 2458
f 2397 2395 2394
f 2367 2365 2366
f 2427 2424 2425
f 2447 2443 2444
f 2391 2390 2389
f 2357 2354 2353
f 2417 2413 2414
f 2453 2450 2449
f 2469 2467 2466
f 2411 2408 2407
f 2498 2495 2494
f 2483 2479 2480
f 2441 2437 2438
f 2352 2350 2351
f 2509 2511 2510
f 2503 2505 2504
f 2506 2507 2508
f 2512 2513 2514
f 2515 2516 2517
f 2518 2519 2520
f 2555 2556 2554
f 2541 2540 2539
f 2562 2561 2560
f 2522 2521 2523
f 2542 2544 2543
f 2528 2529 2527
f 2531 2530 2532
f 2545 2546 2547
f 2548 2549 2550
f 2551 2553 2552
f 2533 2534 2535
f 2537 2536 2538
f 2559 2557 2558
f 2526 2525 2524