v -0.407844 0.613693 0.004001
v 0.407936 0.613732 0.004071
v -0.413395 -0.633323 0.005705
v 0.413327 -0.633207 0.005287
v 0.000007 -0.458937 0.730270
v -0.000000 0.432240 0.720581
v 0.000003 -0.426755 -0.718853
v -0.000034 0.428579 -0.716582
v 0.726764 0.001392 -0.455156
v 0.742858 -0.000217 0.457971
v -0.726712 0.001393 -0.455125
v -0.742856 -0.000221 0.457980
v -0.000003 0.729971 -0.009903
v -0.239785 0.573384 0.387583
v -0.220202 0.650514 -0.437039
v -0.651622 0.387914 -0.247359
v -0.671102 0.402375 0.256162
v 0.239781 0.573381 0.387579
v 0.220312 0.650581 -0.436932
v 0.651666 0.387808 -0.247372
v 0.671112 0.402372 0.256172
v -0.000018 -0.759806 0.034470
v -0.263590 -0.701962 0.461763
v -0.238979 -0.588437 -0.388182
v -0.652731 -0.389777 -0.245474
v -0.669762 -0.404340 0.256642
v 0.264144 -0.701876 0.461408
v 0.238894 -0.588540 -0.388186
v 0.652716 -0.389788 -0.245489
v 0.669790 -0.404292 0.256633
v -0.000012 -0.003381 0.852613
v 0.425777 -0.255569 0.687987
v -0.425751 -0.255620 0.688027
v 0.426289 0.259947 0.692432
v -0.426271 0.259922 0.692376
v 0.000002 0.003036 -0.851918
v 0.422755 -0.258209 -0.687312
v -0.422753 -0.258211 -0.687311
v 0.420713 0.256524 -0.685457
v -0.420709 0.256535 -0.685443
v 0.856780 0.000326 0.004105
v -0.856760 0.000323 0.004098
v -0.191009 0.680509 0.000567
v -0.334025 0.609685 0.177972
v -0.339506 0.639753 -0.186134
v -0.546147 0.540083 -0.110815
v -0.547299 0.532509 0.118929
v 0.191060 0.680593 0.000557
v 0.334027 0.609690 0.177959
v 0.339818 0.640035 -0.186224
v 0.546133 0.540115 -0.110784
v 0.547302 0.532505 0.118941
v -0.206322 -0.723159 0.005948
v -0.345980 -0.651888 0.198611
v -0.351342 -0.670856 -0.189156
v -0.543747 -0.530818 -0.106765
v -0.553800 -0.550851 0.125359
v 0.206565 -0.723402 0.005742
v 0.345730 -0.651646 0.198482
v 0.351373 -0.671067 -0.188741
v 0.543682 -0.530750 -0.106774
v 0.553858 -0.550814 0.125361
v -0.150928 -0.678874 0.703344
v 0.149636 -0.678740 0.703130
v 0.000011 -0.241437 0.813221
v 0.199009 -0.375389 0.728351
v -0.198950 -0.375717 0.728032
v -0.119733 0.509909 0.583016
v 0.119729 0.509905 0.583013
v -0.000002 0.250172 0.817748
v 0.202624 0.366920 0.731299
v -0.202617 0.366908 0.731279
v -0.118107 -0.503021 -0.582405
v 0.118036 -0.502964 -0.582381
v 0.000002 -0.250339 -0.818700
v 0.203604 -0.367513 -0.731565
v -0.203611 -0.367514 -0.731560
v -0.129709 0.577222 -0.625609
v 0.129869 0.577204 -0.625258
v -0.000016 0.248383 -0.817637
v 0.203713 0.360764 -0.729048
v -0.203587 0.360673 -0.728939
v 0.719079 0.191022 -0.373861
v 0.719288 -0.194275 -0.373724
v 0.607646 -0.123819 -0.584103
v 0.608030 0.123809 -0.584643
v 0.806464 0.000511 -0.243683
v 0.740884 0.197890 0.377342
v 0.739523 -0.201242 0.378072
v 0.615109 -0.127562 0.589120
v 0.616228 0.124703 0.588809
v 0.829636 0.000455 0.252508
v -0.719107 0.191047 -0.373882
v -0.719280 -0.194272 -0.373724
v -0.607632 -0.123825 -0.584107
v -0.608036 0.123812 -0.584646
v -0.806590 0.000518 -0.243719
v -0.740872 0.197871 0.377337
v -0.739542 -0.201222 0.378071
v -0.615070 -0.127564 0.589088
v -0.616225 0.124695 0.588794
v -0.829655 0.000444 0.252510
v -0.099771 0.665157 0.172714
v -0.096606 0.710075 -0.203213
v 0.099766 0.665140 0.172724
v 0.096297 0.709941 -0.203092
v -0.474887 0.511030 0.350915
v -0.000004 0.598129 0.387481
v -0.358585 0.460961 0.564531
v -0.471693 0.541671 -0.360261
v 0.000082 0.712578 -0.442191
v -0.354931 0.467790 -0.567275
v -0.699824 0.409825 0.006419
v -0.560023 0.344451 -0.492154
v -0.794505 0.214658 -0.119936
v -0.571713 0.357487 0.495008
v -0.805431 0.219740 0.129465
v 0.474874 0.511077 0.350893
v 0.358582 0.460935 0.564501
v 0.471557 0.541930 -0.359841
v 0.355572 0.468090 -0.567212
v 0.699829 0.409822 0.006413
v 0.560004 0.344594 -0.492161
v 0.794514 0.214656 -0.119934
v 0.571717 0.357487 0.495006
v 0.805436 0.219741 0.129475
v -0.095334 -0.726726 0.215078
v -0.116634 -0.732739 -0.193123
v 0.096190 -0.726730 0.215579
v 0.116170 -0.732767 -0.193021
v -0.484187 -0.548009 0.367731
v 0.000210 -0.730758 0.467691
v -0.364355 -0.507358 0.590722
v -0.463050 -0.499852 -0.343825
v -0.000128 -0.623957 -0.400532
v -0.353982 -0.449324 -0.564369
v -0.700423 -0.410485 0.006662
v -0.560420 -0.348894 -0.491500
v -0.793936 -0.218760 -0.119045
v -0.570269 -0.357727 0.492287
v -0.804476 -0.222569 0.130207
v 0.484191 -0.548042 0.367745
v 0.364714 -0.507282 0.591202
v 0.462763 -0.499901 -0.343426
v 0.354005 -0.449294 -0.564368
v 0.700437 -0.410508 0.006658
v 0.560421 -0.348896 -0.491494
v 0.793938 -0.218751 -0.119059
v 0.570250 -0.357684 0.492388
v 0.804482 -0.222572 0.130206
v 0.230687 -0.130624 0.813700
v -0.230655 -0.130636 0.813697
v 0.231525 0.128962 0.814081
v -0.231518 0.128950 0.814085
v 0.441815 -0.001361 0.734909
v -0.441846 -0.001338 0.734854
v 0.230753 -0.128814 -0.812712
v -0.230751 -0.128815 -0.812714
v 0.228208 0.131806 -0.811586
v -0.228202 0.131814 -0.811585
v 0.440477 0.001971 -0.732322
v -0.440472 0.001970 -0.732320
v -0.314217 0.643756 0.003020
v -0.376332 0.616727 0.081759
v -0.378717 0.625977 -0.076862
v -0.476359 0.586522 -0.046162
v -0.473345 0.580643 0.053431
v 0.314293 0.643874 0.002970
v 0.376330 0.616719 0.081756
v 0.378776 0.625948 -0.076838
v 0.476396 0.586516 -0.046096
v 0.473342 0.580651 0.053416
v -0.324134 -0.676127 0.003784
v -0.386150 -0.644328 0.089523
v -0.382866 -0.649425 -0.077938
v -0.475874 -0.592476 -0.044079
v -0.487199 -0.602832 0.057893
v 0.324143 -0.675985 0.004137
v 0.386101 -0.644347 0.089523
v 0.383399 -0.649010 -0.078379
v 0.475817 -0.592043 -0.044216
v 0.487165 -0.602891 0.057922
v -0.059714 -0.543420 0.708402
v 0.059636 -0.543190 0.707601
v 0.000121 -0.358139 0.762536
v 0.090009 -0.425420 0.735214
v -0.089799 -0.425691 0.734781
v -0.054542 0.470673 0.664665
v 0.054539 0.470681 0.664675
v 0.000002 0.359142 0.768861
v 0.090504 0.409826 0.733468
v -0.090507 0.409824 0.733465
v -0.054713 -0.464010 -0.663420
v 0.054716 -0.463975 -0.663399
v -0.000000 -0.358878 -0.769550
v 0.090838 -0.403973 -0.729534
v -0.090835 -0.403979 -0.729538
v -0.055834 0.495868 -0.677181
v 0.055750 0.495802 -0.677342
v 0.000018 0.350680 -0.768744
v 0.089819 0.400589 -0.726561
v -0.089576 0.400397 -0.725422
v 0.730869 0.086898 -0.423400
v 0.729709 -0.086129 -0.422554
v 0.679705 -0.053398 -0.516554
v 0.680766 0.055426 -0.517534
v 0.766444 0.000907 -0.365695
v 0.748803 0.088439 0.425427
v 0.746517 -0.090135 0.425427
v 0.690624 -0.056744 0.520879
v 0.692028 0.055040 0.520969
v 0.790160 0.000173 0.369850
v -0.730876 0.086887 -0.423412
v -0.729782 -0.086131 -0.422607
v -0.679709 -0.053387 -0.516547
v -0.680754 0.055424 -0.517531
v -0.766532 0.000914 -0.365715
v -0.748825 0.088430 0.425435
v -0.746601 -0.090152 0.425475
v -0.690609 -0.056735 0.520861
v -0.692030 0.055030 0.520970
v -0.790183 0.000176 0.369854
v -0.062457 0.718969 -0.005396
v 0.062462 0.718997 -0.005351
v -0.033103 0.709895 0.056011
v -0.025094 0.735561 -0.070392
v 0.033090 0.709880 0.056011
v 0.025035 0.735500 -0.070265
v -0.288944 0.594977 0.281509
v -0.182837 0.544208 0.488599
v -0.169712 0.619936 0.283035
v -0.359988 0.545826 0.376756
v -0.118807 0.591366 0.388115
v -0.304091 0.521575 0.481013
v -0.290935 0.650983 -0.312313
v -0.191974 0.639357 -0.540368
v -0.162702 0.690934 -0.347809
v -0.372059 0.617834 -0.407732
v -0.157535 0.807740 -0.465091
v -0.311128 0.574159 -0.510688
v -0.602642 0.471498 -0.178351
v -0.691635 0.294439 -0.313895
v -0.562215 0.457528 -0.303360
v -0.686651 0.405976 -0.119845
v -0.611543 0.369568 -0.375853
v -0.730007 0.310101 -0.184614
v -0.615133 0.475338 0.189008
v -0.715018 0.307334 0.319809
v -0.580306 0.465620 0.309601
v -0.695884 0.410354 0.131688
v -0.627610 0.384479 0.376932
v -0.745254 0.317440 0.194356
v 0.288951 0.594987 0.281507
v 0.182832 0.544206 0.488589
v 0.169720 0.619962 0.283053
v 0.118804 0.591365 0.388110
v 0.360004 0.545810 0.376770
v 0.304088 0.521559 0.481003
v 0.290784 0.651122 -0.312438
v 0.191892 0.638894 -0.540125
v 0.162786 0.690868 -0.347832
v 0.157396 0.807858 -0.465121
v 0.370975 0.616489 -0.406900
v 0.311290 0.574354 -0.510683
v 0.602693 0.471335 -0.178152
v 0.691629 0.294445 -0.313916
v 0.562074 0.457868 -0.303170
v 0.686653 0.405974 -0.119827
v 0.611414 0.369663 -0.375797
v 0.730105 0.310160 -0.184660
v 0.615146 0.475351 0.189008
v 0.715014 0.307339 0.319812
v 0.580312 0.465633 0.309613
v 0.695892 0.410353 0.131690
v 0.627609 0.384475 0.376926
v 0.745265 0.317449 0.194355
v -0.076708 -0.749357 0.020862
v 0.076953 -0.749448 0.020870
v -0.024693 -0.758773 0.103985
v -0.051533 -0.738687 -0.061144
v 0.024661 -0.758773 0.103947
v 0.051692 -0.738829 -0.061193
v -0.296547 -0.656016 0.322164
v -0.240392 -0.779082 0.623337
v -0.172229 -0.698488 0.342627
v -0.367993 -0.610278 0.414307
v -0.137243 -0.752394 0.475533
v -0.329402 -0.629959 0.545906
v -0.298520 -0.643255 -0.292673
v -0.180267 -0.543373 -0.489444
v -0.182100 -0.678525 -0.303423
v -0.353153 -0.546724 -0.371433
v -0.120748 -0.611496 -0.395659
v -0.298174 -0.514228 -0.478567
v -0.603424 -0.465562 -0.176166
v -0.692373 -0.298192 -0.312542
v -0.564884 -0.449761 -0.301992
v -0.687200 -0.406234 -0.118071
v -0.611620 -0.373281 -0.373893
v -0.730848 -0.313984 -0.183101
v -0.616419 -0.484507 0.192528
v -0.714010 -0.308825 0.319873
v -0.584757 -0.481498 0.316425
v -0.695696 -0.411366 0.131508
v -0.625856 -0.386570 0.377244
v -0.744411 -0.319160 0.194427
v 0.296699 -0.656431 0.322151
v 0.241087 -0.778783 0.622945
v 0.172322 -0.698157 0.342837
v 0.138682 -0.753782 0.476390
v 0.368102 -0.610296 0.414064
v 0.328823 -0.629744 0.545970
v 0.298881 -0.643707 -0.293712
v 0.180724 -0.543283 -0.489435
v 0.181738 -0.678441 -0.303429
v 0.120710 -0.611325 -0.395608
v 0.352826 -0.547557 -0.371254
v 0.298362 -0.514138 -0.478390
v 0.603452 -0.465531 -0.176161
v 0.692389 -0.298219 -0.312549
v 0.564905 -0.449664 -0.301989
v 0.687213 -0.406234 -0.118062
v 0.611643 -0.373317 -0.373906
v 0.730819 -0.313951 -0.183105
v 0.616421 -0.484478 0.192485
v 0.714014 -0.308815 0.319865
v 0.584783 -0.481587 0.316476
v 0.695654 -0.411375 0.131515
v 0.625902 -0.386531 0.377260
v 0.744394 -0.319179 0.194431
v -0.000011 -0.128759 0.845713
v 0.000012 0.126393 0.846520
v 0.117350 -0.067495 0.842475
v -0.117347 -0.067497 0.842478
v 0.117614 0.062159 0.842770
v -0.117619 0.062165 0.842766
v 0.311918 -0.316479 0.710976
v 0.526303 -0.195554 0.647301
v 0.393442 -0.378496 0.632402
v 0.500407 -0.311922 0.594185
v 0.336279 -0.193466 0.762673
v 0.439263 -0.134126 0.724517
v -0.312257 -0.316169 0.710644
v -0.526290 -0.195523 0.647326
v -0.393653 -0.378444 0.632617
v -0.500286 -0.311778 0.594386
v -0.336194 -0.193493 0.762709
v -0.439227 -0.134139 0.724500
v 0.318413 0.317624 0.719495
v 0.526027 0.195192 0.647957
v 0.398288 0.372032 0.634900
v 0.503212 0.313422 0.599505
v 0.335800 0.196292 0.763175
v 0.439193 0.133124 0.724697
v -0.318434 0.317654 0.719529
v -0.526034 0.195192 0.647955
v -0.398276 0.372028 0.634888
v -0.503223 0.313423 0.599520
v -0.335784 0.196285 0.763169
v -0.439182 0.133100 0.724688
v -0.000001 -0.126308 -0.845434
v -0.000002 0.128209 -0.844540
v 0.117737 -0.061988 -0.842899
v -0.117737 -0.061985 -0.842900
v 0.117161 0.067097 -0.842555
v -0.117164 0.067104 -0.842592
v 0.314766 -0.315275 -0.715445
v 0.521195 -0.194273 -0.644024
v 0.395351 -0.368271 -0.632733
v 0.497252 -0.310091 -0.596619
v 0.333688 -0.195777 -0.760896
v 0.437149 -0.131805 -0.721584
v -0.314769 -0.315276 -0.715439
v -0.521197 -0.194272 -0.644022
v -0.395357 -0.368263 -0.632731
v -0.497251 -0.310089 -0.596618
v -0.333685 -0.195779 -0.760894
v -0.437150 -0.131805 -0.721588
v 0.313219 0.312001 -0.713587
v 0.520080 0.193343 -0.642696
v 0.394844 0.364056 -0.630086
v 0.496609 0.306516 -0.595920
v 0.330381 0.196595 -0.759457
v 0.436251 0.133886 -0.721095
v -0.313132 0.312035 -0.713569
v -0.520087 0.193339 -0.642697
v -0.394937 0.364102 -0.630185
v -0.496590 0.306483 -0.595918
v -0.330380 0.196587 -0.759453
v -0.436245 0.133880 -0.721096
v 0.840759 0.000448 -0.117835
v 0.852002 0.000504 0.127270
v 0.838596 0.109380 -0.056991
v 0.843674 0.111006 0.065615
v 0.836357 -0.111005 -0.056475
v 0.841487 -0.112542 0.066413
v -0.840739 0.000456 -0.117814
v -0.852027 0.000495 0.127310
v -0.838526 0.109366 -0.056997
v -0.843689 0.111009 0.065618
v -0.836351 -0.111012 -0.056484
v -0.841495 -0.112537 0.066414
v -0.260531 0.648904 0.088588
v -0.262302 0.663215 -0.089600
v -0.135828 0.683751 0.081014
v -0.134708 0.701896 -0.088167
v -0.447568 0.575127 0.157378
v -0.214289 0.640835 0.181582
v -0.408015 0.563609 0.267201
v -0.452721 0.595382 -0.155842
v -0.214388 0.676277 -0.202654
v -0.416550 0.607432 -0.283148
v -0.556189 0.536983 0.004424
v -0.513046 0.538502 -0.232577
v -0.628119 0.480545 -0.055594
v -0.517718 0.523939 0.234936
v -0.632439 0.480741 0.067176
v 0.260561 0.648892 0.088609
v 0.262176 0.663204 -0.089608
v 0.135808 0.683772 0.081010
v 0.134814 0.701943 -0.088190
v 0.447564 0.575120 0.157385
v 0.214287 0.640872 0.181576
v 0.407984 0.563574 0.267168
v 0.452897 0.595354 -0.155840
v 0.214252 0.676567 -0.202410
v 0.416555 0.607569 -0.283133
v 0.556170 0.536991 0.004391
v 0.512796 0.538517 -0.232590
v 0.628121 0.480545 -0.055604
v 0.517746 0.523961 0.234943
v 0.632447 0.480736 0.067180
v -0.269542 -0.683858 0.102983
v -0.294867 -0.748646 -0.094486
v -0.139407 -0.723022 0.107330
v -0.166075 -0.768238 -0.090496
v -0.465692 -0.613739 0.170623
v -0.219540 -0.689484 0.214459
v -0.421296 -0.610841 0.289625
v -0.443006 -0.586798 -0.149837
v -0.244396 -0.780434 -0.227064
v -0.401879 -0.574593 -0.261334
v -0.558430 -0.542141 0.007808
v -0.505975 -0.517453 -0.224018
v -0.629023 -0.478460 -0.053797
v -0.528308 -0.552946 0.247360
v -0.633624 -0.485047 0.068756
v 0.269575 -0.683794 0.102589
v 0.294987 -0.748956 -0.094520
v 0.139537 -0.723152 0.107438
v 0.166136 -0.767815 -0.090473
v 0.465601 -0.613760 0.170739
v 0.219201 -0.689362 0.214617
v 0.421342 -0.610741 0.289424
v 0.443227 -0.586783 -0.149919
v 0.243932 -0.780815 -0.227092
v 0.401815 -0.575083 -0.261202
v 0.558422 -0.542227 0.007817
v 0.505898 -0.517808 -0.223811
v 0.628998 -0.478464 -0.053806
v 0.528290 -0.553007 0.247336
v 0.633598 -0.485093 0.068780
v -0.000319 -0.643478 0.667093
v -0.179292 -0.516418 0.703694
v -0.075560 -0.723906 0.593900
v -0.287108 -0.621943 0.676654
v 0.179226 -0.516313 0.703722
v 0.076281 -0.724608 0.593967
v 0.286476 -0.622066 0.676907
v 0.105320 -0.302099 0.778651
v -0.105284 -0.302125 0.778763
v 0.115715 -0.186610 0.826671
v -0.115731 -0.186563 0.826682
v 0.288079 -0.451598 0.671378
v 0.219486 -0.249381 0.776615
v -0.288220 -0.451604 0.671658
v -0.219438 -0.249395 0.776620
v -0.000002 0.516626 0.583334
v -0.169362 0.453593 0.665822
v -0.060846 0.556823 0.489952
v -0.240803 0.491373 0.578848
v 0.169362 0.453586 0.665817
v 0.060851 0.556817 0.489965
v 0.240814 0.491407 0.578860
v 0.108286 0.310234 0.787850
v -0.108289 0.310232 0.787854
v 0.116392 0.190291 0.827633
v -0.116394 0.190291 0.827636
v 0.287689 0.421440 0.657221
v 0.223440 0.254653 0.784171
v -0.287688 0.421443 0.657221
v -0.223434 0.254649 0.784146
v -0.000018 -0.510108 -0.582252
v -0.168861 -0.446333 -0.664190
v -0.060088 -0.559391 -0.492637
v -0.238076 -0.481326 -0.579396
v 0.168862 -0.446225 -0.664104
v 0.060265 -0.559374 -0.492632
v 0.238057 -0.481311 -0.579382
v 0.107371 -0.308600 -0.783740
v -0.107369 -0.308594 -0.783743
v 0.115541 -0.190539 -0.825853
v -0.115542 -0.190538 -0.825852
v 0.283775 -0.412742 -0.653778
v 0.222885 -0.255554 -0.783151
v -0.283765 -0.412715 -0.653752
v -0.222882 -0.255555 -0.783151
v -0.000065 0.600792 -0.633975
v -0.168691 0.464424 -0.669930
v -0.070987 0.670071 -0.551013
v -0.248047 0.530575 -0.604180
v 0.168684 0.463999 -0.669771
v 0.071285 0.669359 -0.550530
v 0.248115 0.530348 -0.604029
v 0.106877 0.303771 -0.782131
v -0.106829 0.303835 -0.782134
v 0.114271 0.190781 -0.824961
v -0.114277 0.190766 -0.824966
v 0.281526 0.416485 -0.652677
v 0.220200 0.254290 -0.782164
v -0.281873 0.416742 -0.652742
v -0.220204 0.254316 -0.782164
v 0.670055 0.166361 -0.487436
v 0.772623 0.099431 -0.307947
v 0.647091 0.274998 -0.438075
v 0.759484 0.204852 -0.247558
v 0.669896 -0.168059 -0.487018
v 0.771024 -0.100062 -0.307298
v 0.648163 -0.278664 -0.437712
v 0.759238 -0.208573 -0.246676
v 0.614480 0.001130 -0.598153
v 0.589990 -0.243321 -0.546995
v 0.530861 -0.064639 -0.666566
v 0.588850 0.240237 -0.546534
v 0.531519 0.066828 -0.667097
v 0.813134 0.105946 -0.181299
v 0.811236 -0.107338 -0.180920
v 0.683861 0.169644 0.489899
v 0.796704 0.103179 0.313618
v 0.663322 0.282957 0.439820
v 0.781627 0.212809 0.255370
v 0.682531 -0.172982 0.490535
v 0.794291 -0.104728 0.314336
v 0.661865 -0.284088 0.438977
v 0.780452 -0.215604 0.256549
v 0.621170 -0.001084 0.603149
v 0.601154 -0.247783 0.551749
v 0.534442 -0.067903 0.670317
v 0.601579 0.247306 0.553030
v 0.535500 0.065517 0.671237
v 0.829167 0.109614 0.190463
v 0.827414 -0.110658 0.191567
v -0.670046 0.166363 -0.487434
v -0.772635 0.099434 -0.307958
v -0.647116 0.275012 -0.438066
v -0.759466 0.204844 -0.247569
v -0.669889 -0.168061 -0.487016
v -0.770991 -0.100059 -0.307269
v -0.648155 -0.278653 -0.437711
v -0.759194 -0.208566 -0.246645
v -0.614480 0.001123 -0.598154
v -0.590003 -0.243319 -0.547000
v -0.530864 -0.064636 -0.666569
v -0.588869 0.240240 -0.546539
v -0.531518 0.066824 -0.667098
v -0.813142 0.105963 -0.181295
v -0.811192 -0.107339 -0.180927
v -0.683883 0.169649 0.489918
v -0.796702 0.103173 0.313609
v -0.663321 0.282951 0.439823
v -0.781610 0.212799 0.255349
v -0.682586 -0.172981 0.490577
v -0.794301 -0.104731 0.314330
v -0.661843 -0.284142 0.438949
v -0.780452 -0.215613 0.256539
v -0.621170 -0.001083 0.603154
v -0.601124 -0.247787 0.551757
v -0.534460 -0.067902 0.670313
v -0.601594 0.247304 0.553026
v -0.535485 0.065514 0.671248
v -0.829177 0.109621 0.190491
v -0.827377 -0.110655 0.191564
v 0.000005 0.675871 0.164305
v -0.055385 0.634205 0.279357
v 0.000130 0.728925 -0.190174
v -0.058598 0.728336 -0.333720
v 0.055388 0.634177 0.279356
v 0.058763 0.727931 -0.333636
v -0.421149 0.490624 0.461918
v -0.529762 0.447252 0.426658
v -0.468889 0.416357 0.535865
v -0.419708 0.511227 -0.469251
v -0.516747 0.438318 -0.423562
v -0.459708 0.405851 -0.532097
v -0.754489 0.318934 -0.057372
v -0.760708 0.322435 0.068660
v -0.809515 0.218725 0.004691
v 0.421120 0.490563 0.461872
v 0.529762 0.447275 0.426657
v 0.468885 0.416334 0.535860
v 0.419124 0.511313 -0.469399
v 0.517412 0.438105 -0.424021
v 0.460152 0.405465 -0.531912
v 0.754465 0.318925 -0.057362
v 0.760735 0.322460 0.068655
v 0.809514 0.218730 0.004692
v -0.000261 -0.750086 0.208140
v -0.056152 -0.733096 0.340446
v 0.000003 -0.702943 -0.173643
v -0.060516 -0.669336 -0.293000
v 0.056407 -0.733292 0.340654
v 0.060301 -0.669149 -0.293276
v -0.425584 -0.532618 0.482827
v -0.531200 -0.460819 0.431789
v -0.467355 -0.428029 0.539086
v -0.414926 -0.476278 -0.461631
v -0.520132 -0.432872 -0.425928
v -0.461659 -0.405668 -0.534826
v -0.754627 -0.321615 -0.056769
v -0.760707 -0.324710 0.068457
v -0.808926 -0.222384 0.005295
v 0.425569 -0.532658 0.482999
v 0.531313 -0.461047 0.431889
v 0.467383 -0.428085 0.539015
v 0.414993 -0.476157 -0.461697
v 0.520131 -0.432754 -0.425929
v 0.461643 -0.405721 -0.534812
v 0.754658 -0.321648 -0.056765
v 0.760738 -0.324720 0.068456
v 0.808932 -0.222387 0.005298
v 0.231789 -0.002459 0.821340
v 0.339785 -0.068199 0.781928
v -0.231799 -0.002447 0.821360
v -0.339799 -0.068187 0.781925
v 0.340427 0.065166 0.782624
v -0.340431 0.065164 0.782609
v 0.231082 0.002554 -0.820003
v 0.339145 -0.064351 -0.779977
v -0.231070 0.002549 -0.819968
v -0.339145 -0.064357 -0.779980
v 0.338192 0.068519 -0.779910
v -0.338190 0.068518 -0.779911
v -0.367032 0.627385 0.003690
v -0.394550 0.616176 0.038563
v -0.395123 0.619180 -0.031194
v -0.439389 0.602689 -0.017764
v -0.437233 0.599692 0.025511
v 0.367093 0.627400 0.003744
v 0.394514 0.616114 0.038601
v 0.395183 0.619304 -0.031154
v 0.439318 0.602615 -0.017690
v 0.437213 0.599693 0.025531
v -0.373970 -0.652235 0.004547
v -0.402525 -0.639169 0.042364
v -0.399182 -0.639377 -0.030954
v -0.442693 -0.616767 -0.016363
v -0.446888 -0.619711 0.028650
v 0.373902 -0.652103 0.004698
v 0.402197 -0.638739 0.042237
v 0.399385 -0.639560 -0.030938
v 0.442639 -0.616803 -0.016377
v 0.447107 -0.619856 0.028723
v -0.025530 -0.495493 0.719949
v 0.025179 -0.495395 0.720070
v 0.000111 -0.413830 0.743379
v 0.040218 -0.444430 0.733604
v -0.040025 -0.444489 0.733347
v -0.024344 0.451003 0.697925
v 0.024339 0.451005 0.697929
v 0.000001 0.403692 0.744230
v 0.039887 0.423867 0.727759
v -0.039889 0.423869 0.727758
v -0.024583 -0.444839 -0.696305
v 0.024590 -0.444804 -0.696247
v 0.000002 -0.400549 -0.743313
v 0.039962 -0.418213 -0.725476
v -0.039960 -0.418220 -0.725486
v -0.024242 0.458181 -0.699074
v 0.024042 0.458074 -0.699279
v 0.000124 0.393289 -0.738373
v 0.039705 0.417037 -0.722874
v -0.039759 0.416803 -0.722447
v 0.731843 0.039393 -0.443198
v 0.731168 -0.036985 -0.442581
v 0.709161 -0.022345 -0.484267
v 0.709525 0.025246 -0.484633
v 0.747102 0.001308 -0.417919
v 0.748830 0.039272 0.445362
v 0.747451 -0.039887 0.445249
v 0.722221 -0.024962 0.487472
v 0.722999 0.024109 0.487555
v 0.765357 -0.000018 0.420013
v -0.731781 0.039384 -0.443160
v -0.731188 -0.036984 -0.442602
v -0.709106 -0.022328 -0.484217
v -0.709535 0.025256 -0.484652
v -0.747117 0.001315 -0.417941
v -0.748839 0.039262 0.445365
v -0.747420 -0.039909 0.445236
v -0.722223 -0.024969 0.487478
v -0.723002 0.024099 0.487555
v -0.765369 -0.000024 0.420023
v -0.027441 0.726903 -0.008728
v 0.027448 0.726923 -0.008714
v -0.014406 0.721412 0.019650
v -0.012744 0.734339 -0.038824
v 0.014379 0.721415 0.019650
v 0.012762 0.734358 -0.038777
v -0.264970 0.584941 0.334498
v -0.212412 0.559645 0.438921
v -0.204853 0.597133 0.336133
v -0.299809 0.560061 0.383150
v -0.179000 0.583466 0.388274
v -0.273109 0.548195 0.435772
v -0.255034 0.647072 -0.373553
v -0.205270 0.655773 -0.491114
v -0.200217 0.691674 -0.398855
v -0.298077 0.627870 -0.418830
v -0.214466 0.784008 -0.478614
v -0.269949 0.617285 -0.473648
v -0.626720 0.430292 -0.212582
v -0.673526 0.342860 -0.281635
v -0.607445 0.422055 -0.275997
v -0.670035 0.396864 -0.183209
v -0.632093 0.378730 -0.311838
v -0.692385 0.351257 -0.216728
v -0.644423 0.441480 0.223092
v -0.694541 0.357057 0.288310
v -0.628587 0.437683 0.284394
v -0.684592 0.405931 0.193832
v -0.653045 0.396499 0.317364
v -0.709523 0.361555 0.225842
v 0.264996 0.584931 0.334540
v 0.212409 0.559657 0.438921
v 0.204865 0.597133 0.336127
v 0.178991 0.583469 0.388254
v 0.299811 0.560083 0.383139
v 0.273104 0.548166 0.435767
v 0.254924 0.647175 -0.373742
v 0.205049 0.655934 -0.491057
v 0.200359 0.691600 -0.398791
v 0.214382 0.784058 -0.478561
v 0.297338 0.627333 -0.418236
v 0.269902 0.617152 -0.473423
v 0.626824 0.430295 -0.212424
v 0.673503 0.342868 -0.281613
v 0.607301 0.422430 -0.275957
v 0.669961 0.396845 -0.183227
v 0.631930 0.378645 -0.311695
v 0.692360 0.351274 -0.216717
v 0.644434 0.441512 0.223103
v 0.694533 0.357047 0.288315
v 0.628589 0.437676 0.284396
v 0.684575 0.405926 0.193832
v 0.653047 0.396503 0.317372
v 0.709529 0.361572 0.225844
v -0.034271 -0.757956 0.031223
v 0.034330 -0.757988 0.031261
v -0.013908 -0.761928 0.068537
v -0.020275 -0.752276 -0.001703
v 0.013835 -0.761942 0.068529
v 0.020344 -0.752225 -0.001652
v -0.273063 -0.663777 0.392718
v -0.271279 -0.769071 0.542226
v -0.214808 -0.696176 0.406921
v -0.311150 -0.646721 0.442135
v -0.210013 -0.758867 0.472337
v -0.302635 -0.678167 0.510319
v -0.268072 -0.614156 -0.339391
v -0.209936 -0.565125 -0.438609
v -0.210440 -0.631754 -0.345122
v -0.296560 -0.569615 -0.381401
v -0.180223 -0.602550 -0.392968
v -0.268444 -0.549441 -0.433394
v -0.628762 -0.429113 -0.210897
v -0.673955 -0.345931 -0.279498
v -0.609525 -0.420866 -0.274697
v -0.671253 -0.398440 -0.181265
v -0.632840 -0.381341 -0.310043
v -0.693103 -0.354152 -0.214712
v -0.643694 -0.445996 0.224729
v -0.693159 -0.357924 0.288308
v -0.628448 -0.443963 0.286919
v -0.683965 -0.407833 0.194173
v -0.651770 -0.398795 0.318056
v -0.708253 -0.362643 0.225833
v 0.273499 -0.663678 0.392855
v 0.271516 -0.768642 0.542796
v 0.215030 -0.695971 0.407126
v 0.211062 -0.759125 0.472629
v 0.311120 -0.646669 0.442097
v 0.302948 -0.678326 0.510169
v 0.267863 -0.613878 -0.339033
v 0.209645 -0.564936 -0.438851
v 0.210267 -0.631801 -0.344877
v 0.180256 -0.602417 -0.392843
v 0.296659 -0.569501 -0.381156
v 0.268399 -0.549575 -0.433333
v 0.628765 -0.429087 -0.210894
v 0.673973 -0.345954 -0.279492
v 0.609586 -0.420832 -0.274699
v 0.671205 -0.398396 -0.181251
v 0.632837 -0.381355 -0.310043
v 0.693042 -0.354082 -0.214697
v 0.643721 -0.445946 0.224705
v 0.693181 -0.357883 0.288292
v 0.628517 -0.443937 0.286910
v 0.683943 -0.407825 0.194169
v 0.651738 -0.398748 0.318016
v 0.708238 -0.362658 0.225822
v -0.000028 -0.067554 0.851160
v 0.000014 0.061783 0.851432
v 0.058883 -0.035527 0.849634
v -0.058911 -0.035527 0.849632
v 0.058999 0.029249 0.849735
v -0.059005 0.029256 0.849734
v 0.369719 -0.285424 0.700494
v 0.476964 -0.226093 0.669331
v 0.408945 -0.316019 0.658855
v 0.462568 -0.284758 0.641461
v 0.384011 -0.224807 0.728721
v 0.435728 -0.196145 0.711341
v -0.369508 -0.285454 0.700466
v -0.476853 -0.226161 0.669383
v -0.408987 -0.315977 0.658505
v -0.462951 -0.284678 0.641552
v -0.383913 -0.224753 0.728706
v -0.435659 -0.196160 0.711411
v 0.374282 0.290401 0.709336
v 0.476918 0.228094 0.671725
v 0.413733 0.317919 0.665632
v 0.465826 0.287750 0.647831
v 0.383594 0.229437 0.731273
v 0.434706 0.198015 0.712002
v -0.374263 0.290399 0.709311
v -0.476936 0.228124 0.671776
v -0.413724 0.317910 0.665618
v -0.465861 0.287778 0.647900
v -0.383607 0.229448 0.731300
v -0.434694 0.198001 0.711962
v 0.000000 -0.061778 -0.850636
v -0.000001 0.066331 -0.850463
v 0.058992 -0.029326 -0.848840
v -0.058991 -0.029319 -0.848847
v 0.058865 0.034886 -0.848790
v -0.058862 0.034889 -0.848783
v 0.369782 -0.287625 -0.703277
v 0.473590 -0.227436 -0.668103
v 0.410567 -0.315765 -0.661896
v 0.462943 -0.287237 -0.645534
v 0.379873 -0.227796 -0.726319
v 0.431890 -0.196768 -0.707868
v -0.369780 -0.287630 -0.703273
v -0.473588 -0.227438 -0.668102
v -0.410566 -0.315768 -0.661894
v -0.462941 -0.287241 -0.645533
v -0.379874 -0.227798 -0.726321
v -0.431888 -0.196767 -0.707870
v 0.367856 0.285240 -0.701322
v 0.471805 0.226236 -0.666470
v 0.409659 0.312312 -0.660057
v 0.461536 0.284266 -0.643914
v 0.377237 0.227473 -0.724770
v 0.429781 0.196897 -0.706390
v -0.367842 0.285267 -0.701299
v -0.471822 0.226229 -0.666460
v -0.409661 0.312354 -0.660057
v -0.461534 0.284279 -0.643907
v -0.377238 0.227473 -0.724767
v -0.429788 0.196886 -0.706386
v 0.851607 0.000424 -0.056641
v 0.856210 0.000375 0.065280
v 0.852101 0.055287 -0.026415
v 0.853306 0.055693 0.034583
v 0.850193 -0.055490 -0.026061
v 0.851308 -0.055848 0.035122
v -0.851624 0.000411 -0.056646
v -0.856195 0.000375 0.065272
v -0.852092 0.055283 -0.026417
v -0.853303 0.055696 0.034577
v -0.850190 -0.055494 -0.026066
v -0.851317 -0.055850 0.035119
v -0.254906 0.661260 0.001653
v -0.123058 0.701430 -0.000594
v -0.224674 0.666305 0.044456
v -0.225502 0.673342 -0.042720
v -0.160154 0.684763 0.041243
v -0.159729 0.693541 -0.042102
v -0.356258 0.615254 0.129089
v -0.311896 0.603414 0.229235
v -0.297131 0.630467 0.133340
v -0.392102 0.593165 0.170064
v -0.274345 0.625492 0.181592
v -0.371262 0.587427 0.222796
v -0.360551 0.633619 -0.128386
v -0.318326 0.647752 -0.248882
v -0.300501 0.652442 -0.137317
v -0.397287 0.618024 -0.173226
v -0.277819 0.659465 -0.195554
v -0.378257 0.625610 -0.235685
v -0.513515 0.566765 -0.077841
v -0.577820 0.509189 -0.144172
v -0.501845 0.569113 -0.134767
v -0.554462 0.539281 -0.052918
v -0.532435 0.540231 -0.170576
v -0.588973 0.511149 -0.084350
v -0.510406 0.557825 0.085066
v -0.582897 0.505349 0.154092
v -0.498948 0.554668 0.140065
v -0.553876 0.534732 0.061529
v -0.534556 0.528715 0.176718
v -0.591095 0.507752 0.094305
v 0.254854 0.661279 0.001682
v 0.123032 0.701416 -0.000588
v 0.224694 0.666267 0.044521
v 0.225448 0.673290 -0.042767
v 0.160149 0.684746 0.041282
v 0.159871 0.693446 -0.042060
v 0.356246 0.615272 0.129069
v 0.311901 0.603425 0.229236
v 0.297124 0.630481 0.133335
v 0.392086 0.593169 0.170050
v 0.274340 0.625466 0.181567
v 0.371257 0.587440 0.222793
v 0.359994 0.633034 -0.128704
v 0.318449 0.647525 -0.248912
v 0.300554 0.652269 -0.137305
v 0.397295 0.617832 -0.173371
v 0.277627 0.659183 -0.195684
v 0.378264 0.625668 -0.235718
v 0.513525 0.566789 -0.077741
v 0.577820 0.509402 -0.144179
v 0.501865 0.569053 -0.134716
v 0.554441 0.539288 -0.052899
v 0.532484 0.540386 -0.170581
v 0.588991 0.511161 -0.084329
v 0.510408 0.557826 0.085058
v 0.582895 0.505366 0.154083
v 0.498955 0.554670 0.140078
v 0.553885 0.534732 0.061519
v 0.534522 0.528696 0.176713
v 0.591098 0.507739 0.094317
v -0.268538 -0.702448 0.004033
v -0.140756 -0.737241 0.010579
v -0.235140 -0.701749 0.054463
v -0.249069 -0.736602 -0.043154
v -0.168978 -0.719952 0.056207
v -0.186704 -0.750811 -0.040356
v -0.367229 -0.648700 0.142090
v -0.321643 -0.653567 0.258415
v -0.306435 -0.667718 0.151060
v -0.408979 -0.634178 0.186556
v -0.282398 -0.670431 0.207876
v -0.385905 -0.634980 0.245337
v -0.367024 -0.661531 -0.131099
v -0.328819 -0.666389 -0.245151
v -0.324919 -0.716945 -0.146978
v -0.393476 -0.620529 -0.168307
v -0.317908 -0.741809 -0.218074
v -0.373999 -0.619097 -0.224140
v -0.509550 -0.562393 -0.074284
v -0.575142 -0.498907 -0.141189
v -0.493208 -0.557636 -0.129635
v -0.554134 -0.537184 -0.049498
v -0.526548 -0.524466 -0.164958
v -0.587834 -0.505452 -0.081509
v -0.521567 -0.579736 0.091231
v -0.586994 -0.519814 0.159714
v -0.511905 -0.583634 0.149877
v -0.558541 -0.546806 0.065863
v -0.542986 -0.552606 0.185932
v -0.594733 -0.518332 0.098260
v 0.268343 -0.702590 0.004394
v 0.140784 -0.737415 0.010638
v 0.234832 -0.701045 0.053985
v 0.249084 -0.736617 -0.042936
v 0.169291 -0.720143 0.056524
v 0.186519 -0.750546 -0.039873
v 0.367805 -0.649145 0.141957
v 0.321468 -0.653411 0.258408
v 0.306606 -0.667753 0.150987
v 0.408681 -0.634261 0.186723
v 0.282553 -0.670315 0.207973
v 0.385854 -0.634757 0.245577
v 0.366677 -0.661425 -0.130777
v 0.328428 -0.666799 -0.244898
v 0.324648 -0.716838 -0.146664
v 0.393511 -0.620511 -0.168298
v 0.317917 -0.741671 -0.216997
v 0.373826 -0.618992 -0.223869
v 0.509421 -0.562294 -0.074352
v 0.575174 -0.498865 -0.141153
v 0.493391 -0.557808 -0.129585
v 0.554205 -0.537244 -0.049416
v 0.526538 -0.524387 -0.165085
v 0.587822 -0.505440 -0.081491
v 0.521684 -0.579688 0.091163
v 0.586971 -0.519836 0.159685
v 0.511941 -0.583675 0.149880
v 0.558547 -0.546803 0.065833
v 0.542984 -0.552562 0.185944
v 0.594712 -0.518401 0.098257
v -0.100765 -0.600725 0.699226
v -0.199152 -0.749536 0.678933
v -0.073006 -0.652700 0.674923
v -0.167771 -0.594102 0.701282
v -0.114776 -0.713613 0.653649
v -0.224592 -0.663575 0.698708
v 0.100593 -0.600908 0.698670
v 0.197721 -0.750350 0.678791
v 0.072815 -0.652710 0.674767
v 0.167326 -0.594519 0.701766
v 0.114555 -0.713817 0.653115
v 0.223510 -0.663911 0.698558
v 0.000030 -0.298923 0.786766
v 0.000060 -0.185795 0.834086
v 0.054320 -0.270705 0.797758
v -0.054371 -0.270726 0.798028
v 0.057440 -0.213621 0.823832
v -0.057347 -0.213480 0.823828
v 0.143947 -0.402258 0.733337
v 0.255424 -0.346464 0.720720
v 0.189141 -0.443808 0.712742
v 0.152774 -0.338417 0.753843
v 0.244203 -0.413902 0.701075
v 0.209276 -0.310978 0.750702
v -0.143810 -0.402259 0.733728
v -0.255299 -0.346697 0.720832
v -0.189296 -0.443945 0.712781
v -0.153058 -0.338299 0.754111
v -0.244110 -0.414093 0.700723
v -0.209084 -0.311177 0.751022
v -0.086823 0.490250 0.625463
v -0.151868 0.527814 0.536993
v -0.059605 0.514778 0.583263
v -0.146328 0.483919 0.626105
v -0.091022 0.534370 0.537925
v -0.180522 0.502438 0.582271
v 0.086824 0.490252 0.625471
v 0.151866 0.527812 0.536990
v 0.059601 0.514777 0.583263
v 0.146325 0.483918 0.626105
v 0.091022 0.534369 0.537930
v 0.180514 0.502434 0.582266
v 0.000001 0.307416 0.794501
v -0.000005 0.189552 0.835864
v 0.055657 0.279966 0.804956
v -0.055655 0.279966 0.804955
v 0.057740 0.220510 0.825597
v -0.057746 0.220511 0.825596
v 0.145414 0.389618 0.733955
v 0.260777 0.342907 0.726467
v 0.187771 0.414229 0.700067
v 0.156919 0.339046 0.762458
v 0.246433 0.394706 0.696187
v 0.214500 0.313025 0.759557
v -0.145410 0.389624 0.733968
v -0.260765 0.342903 0.726459
v -0.187768 0.414215 0.700053
v -0.156916 0.339046 0.762466
v -0.246444 0.394732 0.696202
v -0.214511 0.313012 0.759543
v -0.086328 -0.483222 -0.624979
v -0.149521 -0.522303 -0.536106
v -0.058994 -0.508602 -0.583000
v -0.144696 -0.474994 -0.624248
v -0.089584 -0.530581 -0.538241
v -0.177521 -0.493028 -0.580516
v 0.086342 -0.483244 -0.624984
v 0.149551 -0.522513 -0.536316
v 0.058956 -0.508618 -0.583013
v 0.144669 -0.475010 -0.624260
v 0.089655 -0.530478 -0.538321
v 0.177543 -0.492998 -0.580453
v 0.000000 -0.307670 -0.795531
v 0.000000 -0.189293 -0.835334
v 0.054991 -0.279414 -0.803359
v -0.054990 -0.279413 -0.803359
v 0.057123 -0.220326 -0.823997
v -0.057122 -0.220327 -0.823996
v 0.146433 -0.387222 -0.731841
v 0.259616 -0.342664 -0.725495
v 0.188911 -0.412068 -0.700107
v 0.156763 -0.337805 -0.759410
v 0.245285 -0.391634 -0.694961
v 0.214534 -0.314113 -0.758904
v -0.146437 -0.387226 -0.731838
v -0.259619 -0.342665 -0.725492
v -0.188921 -0.412072 -0.700108
v -0.156764 -0.337802 -0.759412
v -0.245306 -0.391666 -0.694986
v -0.214536 -0.314115 -0.758902
v -0.091381 0.537242 -0.653547
v -0.165855 0.612293 -0.588515
v -0.067320 0.593924 -0.633205
v -0.150337 0.519525 -0.647054
v -0.108400 0.634464 -0.601319
v -0.190224 0.556789 -0.616852
v 0.091141 0.536860 -0.653022
v 0.165842 0.612217 -0.588142
v 0.067270 0.593133 -0.632311
v 0.150107 0.519398 -0.646743
v 0.108541 0.634290 -0.601599
v 0.189713 0.556298 -0.616292
v 0.000019 0.302639 -0.793770
v -0.000003 0.189104 -0.833849
v 0.054591 0.275968 -0.801896
v -0.054578 0.275966 -0.801889
v 0.056583 0.219365 -0.823146
v -0.056599 0.219363 -0.823151
v 0.144213 0.381807 -0.727525
v 0.258851 0.337616 -0.723477
v 0.186066 0.411210 -0.696657
v 0.156908 0.332163 -0.757811
v 0.242544 0.388639 -0.691073
v 0.213458 0.309489 -0.756906
v -0.144387 0.381616 -0.727464
v -0.258657 0.337692 -0.723399
v -0.185892 0.411290 -0.696909
v -0.156838 0.332198 -0.757838
v -0.242647 0.388286 -0.691235
v -0.213429 0.309541 -0.756862
v 0.727372 0.138407 -0.400501
v 0.707220 0.243671 -0.344894
v 0.695971 0.180698 -0.432715
v 0.748439 0.146043 -0.340863
v 0.685085 0.234252 -0.406532
v 0.739924 0.198717 -0.311622
v 0.726482 -0.139764 -0.399869
v 0.707752 -0.247451 -0.344278
v 0.695973 -0.183239 -0.432562
v 0.747387 -0.148070 -0.340159
v 0.685750 -0.237770 -0.406408
v 0.739646 -0.202113 -0.310979
v 0.645345 -0.087758 -0.550180
v 0.565805 -0.159519 -0.615447
v 0.639888 -0.147862 -0.536773
v 0.612488 -0.061272 -0.594232
v 0.600600 -0.185256 -0.568700
v 0.570945 -0.095621 -0.626988
v 0.646322 0.088739 -0.551269
v 0.565464 0.158753 -0.614914
v 0.640052 0.146954 -0.537184
v 0.613027 0.062892 -0.594862
v 0.600075 0.183451 -0.568423
v 0.571557 0.096749 -0.627535
v 0.786149 0.000608 -0.306413
v 0.827007 0.000604 -0.180181
v 0.792991 0.051094 -0.275760
v 0.791768 -0.050567 -0.275442
v 0.813677 0.052621 -0.212357
v 0.812342 -0.052341 -0.212099
v 0.746584 0.142134 0.402633
v 0.730926 0.253977 0.349818
v 0.713625 0.185585 0.435010
v 0.772175 0.151631 0.345346
v 0.704260 0.241706 0.409100
v 0.763677 0.206810 0.317352
v 0.744866 -0.145188 0.403260
v 0.729508 -0.256392 0.350152
v 0.712238 -0.189028 0.435589
v 0.770425 -0.154747 0.346302
v 0.702888 -0.244260 0.409151
v 0.762577 -0.210049 0.318346
v 0.654868 -0.091698 0.555897
v 0.572223 -0.162711 0.620111
v 0.650479 -0.152597 0.542185
v 0.618924 -0.064480 0.599060
v 0.610102 -0.189606 0.574276
v 0.576399 -0.099040 0.631723
v 0.656549 0.089207 0.555808
v 0.572247 0.160152 0.619355
v 0.651643 0.149413 0.541422
v 0.620459 0.062108 0.599633
v 0.610790 0.187106 0.573910
v 0.577639 0.096463 0.632277
v 0.810111 0.000163 0.312746
v 0.841898 0.000499 0.190163
v 0.817317 0.052904 0.282958
v 0.815385 -0.052978 0.283465
v 0.833467 0.054647 0.221325
v 0.831891 -0.054389 0.222048
v -0.727366 0.138403 -0.400493
v -0.707288 0.243697 -0.344892
v -0.695983 0.180697 -0.432711
v -0.748443 0.146056 -0.340849
v -0.685131 0.234263 -0.406550
v -0.739921 0.198716 -0.311595
v -0.726473 -0.139750 -0.399869
v -0.707751 -0.247443 -0.344279
v -0.695974 -0.183239 -0.432558
v -0.747350 -0.148062 -0.340138
v -0.685757 -0.237768 -0.406406
v -0.739635 -0.202105 -0.310963
v -0.645347 -0.087760 -0.550182
v -0.565775 -0.159494 -0.615404
v -0.639879 -0.147866 -0.536776
v -0.612485 -0.061276 -0.594245
v -0.600596 -0.185264 -0.568703
v -0.570914 -0.095606 -0.626949
v -0.646335 0.088740 -0.551274
v -0.565465 0.158753 -0.614917
v -0.640056 0.146950 -0.537184
v -0.613034 0.062890 -0.594862
v -0.600078 0.183447 -0.568424
v -0.571561 0.096748 -0.627537
v -0.785953 0.000608 -0.306343
v -0.826996 0.000607 -0.180181
v -0.793032 0.051077 -0.275779
v -0.791741 -0.050564 -0.275426
v -0.813566 0.052637 -0.212312
v -0.812330 -0.052333 -0.212104
v -0.746576 0.142117 0.402637
v -0.730942 0.253976 0.349827
v -0.713618 0.185573 0.435007
v -0.772174 0.151619 0.345339
v -0.704245 0.241687 0.409092
v -0.763684 0.206806 0.317353
v -0.744894 -0.145196 0.403254
v -0.729515 -0.256370 0.350157
v -0.712249 -0.189001 0.435592
v -0.770430 -0.154753 0.346287
v -0.702859 -0.244280 0.409153
v -0.762591 -0.210044 0.318339
v -0.654842 -0.091679 0.555861
v -0.572262 -0.162700 0.620124
v -0.650462 -0.152582 0.542166
v -0.618915 -0.064479 0.599073
v -0.610112 -0.189594 0.574262
v -0.576414 -0.099060 0.631743
v -0.656554 0.089202 0.555807
v -0.572214 0.160127 0.619304
v -0.651666 0.149426 0.541436
v -0.620462 0.062098 0.599636
v -0.610815 0.187121 0.573936
v -0.577626 0.096464 0.632277
v -0.810129 0.000151 0.312751
v -0.841865 0.000495 0.190121
v -0.817314 0.052896 0.282963
v -0.815413 -0.052986 0.283464
v -0.833466 0.054638 0.221323
v -0.831910 -0.054386 0.222043
v -0.065421 0.687726 0.114943
v -0.134698 0.642390 0.228671
v -0.117526 0.676788 0.124129
v -0.155413 0.654339 0.178204
v -0.048301 0.672638 0.167194
v -0.079181 0.651285 0.225069
v -0.060818 0.722360 -0.134547
v -0.129358 0.699238 -0.273564
v -0.115361 0.706352 -0.142377
v -0.153184 0.693502 -0.205795
v -0.045818 0.722995 -0.196938
v -0.077162 0.716733 -0.269803
v 0.065420 0.687705 0.114956
v 0.134695 0.642367 0.228669
v 0.117527 0.676750 0.124118
v 0.155403 0.654328 0.178186
v 0.048300 0.672647 0.167196
v 0.079188 0.651305 0.225079
v 0.061328 0.722016 -0.135102
v 0.129316 0.699125 -0.273524
v 0.115031 0.706257 -0.142036
v 0.153261 0.693685 -0.205718
v 0.045952 0.723070 -0.196969
v 0.077284 0.716866 -0.269886
v -0.418132 0.529190 0.365619
v -0.529164 0.490218 0.332176
v -0.442667 0.537959 0.309867
v -0.498303 0.518520 0.293500
v -0.448262 0.500999 0.406379
v -0.503907 0.481622 0.389795
v -0.059213 0.596339 0.387653
v 0.059210 0.596340 0.387652
v -0.030128 0.577740 0.439452
v 0.030125 0.577738 0.439448
v -0.028757 0.616986 0.333836
v 0.028752 0.616937 0.333821
v -0.333174 0.493633 0.524344
v -0.379979 0.420420 0.601063
v -0.300443 0.477708 0.573090
v -0.324515 0.443097 0.612816
v -0.391082 0.477114 0.514433
v -0.414323 0.439928 0.551657
v -0.433245 0.611115 -0.400050
v -0.516359 0.496193 -0.330326
v -0.447631 0.584711 -0.325748
v -0.492158 0.539446 -0.295955
v -0.448640 0.532926 -0.418300
v -0.493642 0.488908 -0.390377
v -0.078370 0.726242 -0.445014
v 0.078460 0.726187 -0.444884
v -0.036904 0.697064 -0.498182
v 0.037336 0.696860 -0.498277
v -0.034332 0.726247 -0.389488
v 0.034429 0.726458 -0.389610
v -0.334821 0.522208 -0.538995
v -0.374273 0.414898 -0.597413
v -0.300750 0.498550 -0.584680
v -0.319354 0.443137 -0.611540
v -0.387293 0.489624 -0.518862
v -0.407972 0.436797 -0.549919
v -0.695258 0.408475 -0.056698
v -0.701431 0.411880 0.069381
v -0.664701 0.446677 -0.025020
v -0.668002 0.448128 0.037540
v -0.728927 0.366762 -0.025452
v -0.731870 0.368377 0.037722
v -0.588798 0.359823 -0.437341
v -0.529260 0.326576 -0.545215
v -0.605749 0.312223 -0.467309
v -0.575425 0.293995 -0.520792
v -0.539611 0.390795 -0.458560
v -0.509807 0.374713 -0.512300
v -0.765204 0.264554 -0.152193
v -0.818713 0.162606 -0.088196
v -0.779174 0.210564 -0.183293
v -0.806819 0.160257 -0.150511
v -0.776897 0.268097 -0.088952
v -0.804018 0.216945 -0.057529
v -0.600300 0.371637 0.436343
v -0.539597 0.338043 0.549711
v -0.618332 0.321001 0.468345
v -0.588341 0.304303 0.526250
v -0.552369 0.406174 0.461776
v -0.522250 0.390411 0.517897
v -0.777532 0.270171 0.162007
v -0.827811 0.166173 0.097173
v -0.795377 0.216916 0.192498
v -0.819232 0.164754 0.159884
v -0.786505 0.273122 0.099218
v -0.809735 0.219933 0.066932
v 0.418147 0.529177 0.365646
v 0.529164 0.490194 0.332181
v 0.442664 0.537959 0.309857
v 0.498309 0.518550 0.293489
v 0.448279 0.501034 0.406394
v 0.503924 0.481654 0.389805
v 0.333126 0.493577 0.524286
v 0.379991 0.420432 0.601072
v 0.300456 0.477724 0.573099
v 0.324528 0.443105 0.612826
v 0.391108 0.477140 0.514452
v 0.414329 0.439932 0.551659
v 0.433846 0.610579 -0.400074
v 0.516315 0.496172 -0.330446
v 0.447623 0.584525 -0.325718
v 0.492378 0.539276 -0.296074
v 0.448239 0.532903 -0.418243
v 0.493638 0.488742 -0.390595
v 0.334772 0.521895 -0.538933
v 0.374720 0.415027 -0.597738
v 0.300590 0.498432 -0.584742
v 0.319057 0.443374 -0.611389
v 0.387071 0.489621 -0.518972
v 0.407919 0.437090 -0.549787
v 0.695250 0.408463 -0.056718
v 0.701432 0.411882 0.069377
v 0.664699 0.446676 -0.025016
v 0.668004 0.448126 0.037533
v 0.728947 0.366772 -0.025462
v 0.731887 0.368388 0.037723
v 0.588807 0.359867 -0.437299
v 0.529220 0.326638 -0.545171
v 0.605740 0.312209 -0.467298
v 0.575422 0.293999 -0.520785
v 0.539693 0.390647 -0.458403
v 0.509797 0.374385 -0.512232
v 0.765145 0.264528 -0.152197
v 0.818794 0.162621 -0.088209
v 0.779270 0.210611 -0.183315
v 0.806795 0.160255 -0.150539
v 0.776860 0.268085 -0.088947
v 0.804003 0.216943 -0.057520
v 0.600304 0.371635 0.436346
v 0.539613 0.338052 0.549721
v 0.618340 0.321014 0.468350
v 0.588353 0.304299 0.526245
v 0.552360 0.406157 0.461766
v 0.522241 0.390398 0.517875
v 0.777534 0.270172 0.162013
v 0.827809 0.166168 0.097167
v 0.795376 0.216916 0.192493
v 0.819237 0.164757 0.159884
v 0.786509 0.273123 0.099216
v 0.809738 0.219929 0.066928
v -0.053288 -0.745049 0.152511
v -0.134656 -0.711683 0.278371
v -0.115492 -0.725902 0.159277
v -0.156488 -0.708923 0.216926
v -0.043696 -0.741537 0.212369
v -0.077883 -0.728525 0.277075
v -0.085052 -0.733318 -0.125976
v -0.149624 -0.716779 -0.254519
v -0.141466 -0.762610 -0.143819
v -0.171222 -0.779057 -0.216957
v -0.060693 -0.707474 -0.177170
v -0.090491 -0.696242 -0.240542
v 0.053014 -0.745101 0.152297
v 0.134869 -0.711424 0.278657
v 0.115441 -0.725720 0.159303
v 0.156512 -0.708663 0.217195
v 0.043243 -0.741857 0.211755
v 0.077594 -0.728722 0.276902
v 0.085238 -0.732940 -0.125957
v 0.149409 -0.716293 -0.253970
v 0.141382 -0.762632 -0.143479
v 0.171283 -0.778730 -0.216666
v 0.060758 -0.707495 -0.177161
v 0.090526 -0.695973 -0.240477
v -0.425767 -0.577832 0.390358
v -0.538003 -0.516812 0.344069
v -0.455122 -0.582364 0.330813
v -0.509713 -0.552062 0.308615
v -0.454594 -0.540232 0.425452
v -0.510838 -0.508953 0.401781
v -0.068083 -0.737475 0.470817
v 0.069131 -0.738572 0.471062
v -0.038796 -0.718331 0.528068
v 0.038863 -0.718896 0.528390
v -0.031057 -0.735685 0.404792
v 0.031575 -0.735471 0.404815
v -0.349085 -0.570691 0.570641
v -0.378871 -0.442630 0.610461
v -0.320183 -0.557838 0.625373
v -0.329213 -0.483904 0.635690
v -0.395731 -0.522340 0.538700
v -0.414654 -0.465205 0.562927
v -0.408564 -0.523805 -0.358967
v -0.516193 -0.475543 -0.325308
v -0.431909 -0.535664 -0.301363
v -0.484785 -0.509501 -0.283697
v -0.440537 -0.488269 -0.404015
v -0.493766 -0.466292 -0.386734
v -0.061064 -0.619324 -0.398633
v 0.061014 -0.619173 -0.398292
v -0.030288 -0.589985 -0.446458
v 0.030213 -0.590186 -0.446842
v -0.030331 -0.646132 -0.346695
v 0.030649 -0.646205 -0.347045
v -0.327630 -0.481225 -0.523358
v -0.376636 -0.413148 -0.600351
v -0.296546 -0.466252 -0.573205
v -0.320477 -0.432709 -0.610778
v -0.384879 -0.463320 -0.513735
v -0.409497 -0.429895 -0.552398
v -0.695922 -0.408842 -0.055732
v -0.701904 -0.412682 0.069122
v -0.665831 -0.446715 -0.023998
v -0.668396 -0.449020 0.038062
v -0.729418 -0.368237 -0.025084
v -0.732141 -0.369729 0.037524
v -0.588611 -0.364393 -0.435525
v -0.529620 -0.330428 -0.545006
v -0.606796 -0.316490 -0.466662
v -0.576498 -0.297908 -0.520720
v -0.541992 -0.394699 -0.460282
v -0.511852 -0.378224 -0.514094
v -0.765474 -0.269026 -0.151019
v -0.817343 -0.165706 -0.087485
v -0.778876 -0.214761 -0.182441
v -0.805237 -0.163341 -0.149895
v -0.776670 -0.271790 -0.088121
v -0.803544 -0.220781 -0.056744
v -0.598638 -0.373127 0.435416
v -0.536883 -0.337058 0.545110
v -0.616930 -0.321150 0.466394
v -0.587538 -0.303622 0.523144
v -0.550795 -0.409963 0.461665
v -0.520875 -0.393950 0.516357
v -0.776504 -0.272483 0.162485
v -0.826796 -0.168995 0.097993
v -0.794329 -0.219629 0.193513
v -0.817739 -0.166906 0.160991
v -0.785957 -0.275961 0.099265
v -0.809242 -0.223322 0.067444
v 0.425981 -0.577676 0.390022
v 0.537800 -0.516648 0.344076
v 0.455005 -0.582336 0.330885
v 0.509614 -0.552066 0.308586
v 0.454649 -0.540610 0.425772
v 0.510741 -0.509037 0.401594
v 0.349039 -0.570941 0.570899
v 0.379139 -0.442250 0.610147
v 0.320706 -0.558471 0.625947
v 0.329339 -0.484373 0.635324
v 0.396010 -0.522571 0.538551
v 0.414442 -0.464609 0.563290
v 0.408583 -0.523834 -0.359185
v 0.516249 -0.475774 -0.325426
v 0.431920 -0.535584 -0.301181
v 0.484893 -0.509450 -0.283681
v 0.440550 -0.488476 -0.403922
v 0.493855 -0.466319 -0.386794
v 0.327540 -0.481216 -0.523380
v 0.376614 -0.413181 -0.600342
v 0.296593 -0.466195 -0.573191
v 0.320450 -0.432738 -0.610777
v 0.384927 -0.463169 -0.513752
v 0.409480 -0.429939 -0.552398
v 0.695912 -0.408833 -0.055726
v 0.701909 -0.412697 0.069122
v 0.665814 -0.446690 -0.024000
v 0.668407 -0.449041 0.038075
v 0.729482 -0.368273 -0.025101
v 0.732122 -0.369700 0.037525
v 0.588634 -0.364417 -0.435526
v 0.529623 -0.330431 -0.545005
v 0.606783 -0.316470 -0.466635
v 0.576516 -0.297934 -0.520742
v 0.541988 -0.394725 -0.460284
v 0.511878 -0.378281 -0.514110
v 0.765475 -0.269027 -0.151029
v 0.817341 -0.165696 -0.087483
v 0.778820 -0.214743 -0.182403
v 0.805240 -0.163332 -0.149893
v 0.776671 -0.271795 -0.088122
v 0.803542 -0.220777 -0.056749
v 0.598572 -0.373065 0.435434
v 0.537012 -0.337006 0.545204
v 0.616962 -0.321094 0.466318
v 0.587643 -0.303497 0.523041
v 0.550695 -0.409892 0.461588
v 0.520971 -0.394050 0.516548
v 0.776500 -0.272477 0.162489
v 0.826759 -0.168985 0.097990
v 0.794326 -0.219613 0.193519
v 0.817740 -0.166905 0.160996
v 0.785973 -0.275966 0.099268
v 0.809224 -0.223319 0.067444
v 0.174705 -0.098979 0.830271
v 0.284784 -0.162066 0.791319
v 0.173709 -0.159231 0.822705
v 0.227834 -0.189897 0.801442
v 0.231308 -0.067632 0.819074
v 0.286280 -0.100221 0.800485
v -0.174679 -0.098974 0.830275
v -0.284764 -0.162113 0.791330
v -0.173692 -0.159251 0.822709
v -0.227838 -0.189853 0.801431
v -0.231306 -0.067612 0.819084
v -0.286276 -0.100203 0.800442
v 0.175266 0.095315 0.830625
v 0.285444 0.162736 0.791940
v 0.174272 0.159855 0.823223
v 0.228954 0.192902 0.802460
v 0.231917 0.063469 0.819303
v 0.287007 0.097440 0.800652
v -0.175267 0.095312 0.830624
v -0.285430 0.162724 0.791956
v -0.174261 0.159849 0.823229
v -0.228943 0.192899 0.802464
v -0.231924 0.063471 0.819300
v -0.287013 0.097433 0.800653
v 0.440877 -0.068784 0.731935
v 0.441487 0.066414 0.732458
v 0.489246 -0.034990 0.704016
v 0.489832 0.032575 0.704618
v 0.391582 -0.035185 0.759984
v 0.391887 0.032156 0.760229
v -0.440891 -0.068766 0.731910
v -0.441453 0.066419 0.732445
v -0.489266 -0.034986 0.704004
v -0.489844 0.032585 0.704623
v -0.391632 -0.035180 0.760047
v -0.391891 0.032167 0.760209
v 0.175100 -0.095178 -0.830274
v 0.283785 -0.162601 -0.789939
v 0.173826 -0.160021 -0.821730
v 0.228045 -0.193235 -0.800860
v 0.231449 -0.063234 -0.818410
v 0.286038 -0.097042 -0.799204
v -0.175097 -0.095178 -0.830273
v -0.283783 -0.162605 -0.789939
v -0.173825 -0.160021 -0.821730
v -0.228044 -0.193235 -0.800861
v -0.231448 -0.063236 -0.818410
v -0.286036 -0.097049 -0.799208
v 0.173615 0.099239 -0.829630
v 0.280769 0.164628 -0.788966
v 0.171549 0.161687 -0.820347
v 0.225146 0.194369 -0.800487
v 0.230117 0.067906 -0.818287
v 0.283873 0.100924 -0.798341
v -0.173607 0.099242 -0.829637
v -0.280765 0.164622 -0.788961
v -0.171546 0.161676 -0.820351
v -0.225155 0.194352 -0.800500
v -0.230106 0.067903 -0.818243
v -0.283871 0.100933 -0.798338
v 0.439532 -0.064982 -0.729201
v 0.439475 0.068506 -0.729423
v 0.486998 -0.031631 -0.701277
v 0.487131 0.034809 -0.701270
v 0.391252 -0.031265 -0.758725
v 0.390971 0.035578 -0.758652
v -0.439531 -0.064981 -0.729204
v -0.439471 0.068503 -0.729423
v -0.486996 -0.031629 -0.701279
v -0.487126 0.034805 -0.701266
v -0.391250 -0.031268 -0.758726
v -0.390969 0.035576 -0.758651
v -0.343528 0.631797 0.043524
v -0.344513 0.636146 -0.037508
v -0.286346 0.648476 0.045095
v -0.287503 0.654284 -0.041194
v -0.426818 0.599105 0.070699
v -0.320439 0.633403 0.087366
v -0.411695 0.597789 0.119425
v -0.431312 0.607519 -0.063815
v -0.322520 0.644455 -0.084811
v -0.416119 0.612707 -0.115706
v -0.478370 0.583007 0.003836
v -0.467449 0.591119 -0.098688
v -0.516413 0.562428 -0.023020
v -0.462230 0.578092 0.104501
v -0.515832 0.560006 0.030907
v 0.343570 0.631759 0.043627
v 0.344545 0.636149 -0.037548
v 0.286422 0.648399 0.045122
v 0.287390 0.654227 -0.041151
v 0.426814 0.599081 0.070656
v 0.320416 0.633384 0.087407
v 0.411675 0.597804 0.119385
v 0.431378 0.607562 -0.063710
v 0.322488 0.644460 -0.085018
v 0.416123 0.612876 -0.115859
v 0.478354 0.583021 0.003801
v 0.467453 0.591094 -0.098597
v 0.516414 0.562470 -0.023000
v 0.462226 0.578104 0.104500
v 0.515817 0.560013 0.030884
v -0.352308 -0.658856 0.048009
v -0.352799 -0.667152 -0.039620
v -0.296222 -0.681067 0.051930
v -0.304265 -0.703168 -0.042701
v -0.439172 -0.624784 0.076859
v -0.329660 -0.663937 0.097616
v -0.425725 -0.629957 0.129782
v -0.429237 -0.617942 -0.063072
v -0.337693 -0.691362 -0.088844
v -0.412759 -0.620769 -0.114351
v -0.487624 -0.597194 0.006506
v -0.460877 -0.589401 -0.095916
v -0.520589 -0.568164 -0.019749
v -0.477293 -0.607601 0.112710
v -0.524476 -0.574083 0.034881
v 0.351841 -0.658842 0.048009
v 0.353246 -0.667857 -0.038980
v 0.296501 -0.680800 0.051718
v 0.304356 -0.703379 -0.043121
v 0.439341 -0.624934 0.077030
v 0.330051 -0.664163 0.097376
v 0.425379 -0.629812 0.129801
v 0.429162 -0.618073 -0.063431
v 0.337496 -0.690968 -0.088803
v 0.412666 -0.620475 -0.114300
v 0.487487 -0.597566 0.006686
v 0.461572 -0.589112 -0.095947
v 0.520416 -0.568421 -0.019690
v 0.477216 -0.607567 0.112798
v 0.524514 -0.574062 0.034813
v -0.000258 -0.545495 0.707118
v -0.077898 -0.485254 0.720395
v -0.033696 -0.597516 0.691744
v -0.120210 -0.534489 0.708067
v 0.077729 -0.484870 0.720693
v 0.032908 -0.597694 0.691343
v 0.119538 -0.534777 0.708370
v 0.046416 -0.389015 0.750399
v -0.046455 -0.389386 0.750087
v 0.050734 -0.329466 0.772150
v -0.050788 -0.330188 0.771773
v 0.133363 -0.467530 0.718467
v 0.098300 -0.363922 0.754113
v -0.133249 -0.467901 0.718612
v -0.098363 -0.364476 0.753873
v -0.000001 0.473369 0.664237
v -0.075482 0.444408 0.701279
v -0.028792 0.494446 0.625625
v -0.110974 0.464183 0.666141
v 0.075478 0.444388 0.701263
v 0.028784 0.494439 0.625616
v 0.110978 0.464181 0.666144
v 0.047506 0.384198 0.754248
v -0.047505 0.384194 0.754247
v 0.052246 0.334896 0.779790
v -0.052245 0.334894 0.779789
v 0.130487 0.431938 0.702473
v 0.100830 0.363793 0.761685
v -0.130481 0.431922 0.702458
v -0.100834 0.363795 0.761683
v 0.000003 -0.465691 -0.661823
v -0.076031 -0.437797 -0.698661
v -0.028611 -0.486785 -0.623943
v -0.110882 -0.456798 -0.664233
v 0.076036 -0.437803 -0.698661
v 0.028638 -0.486796 -0.623955
v 0.110884 -0.456884 -0.664293
v 0.047346 -0.380924 -0.752142
v -0.047339 -0.380933 -0.752138
v 0.051856 -0.333588 -0.778355
v -0.051851 -0.333593 -0.778354
v 0.131403 -0.426512 -0.700228
v 0.100540 -0.360181 -0.757442
v -0.131409 -0.426526 -0.700241
v -0.100538 -0.360172 -0.757434
v 0.000026 0.500428 -0.677482
v -0.075121 0.448103 -0.699569
v -0.030986 0.547235 -0.655970
v -0.111926 0.482797 -0.675097
v 0.075167 0.447746 -0.700070
v 0.030716 0.547540 -0.656256
v 0.111910 0.482975 -0.674787
v 0.046878 0.373757 -0.748332
v -0.046888 0.373591 -0.748693
v 0.051660 0.327458 -0.777051
v -0.051608 0.327519 -0.776983
v 0.129308 0.431226 -0.699239
v 0.100003 0.353369 -0.754396
v -0.129283 0.431328 -0.699230
v -0.100032 0.353309 -0.754655
v 0.707135 0.074346 -0.472796
v 0.753151 0.045674 -0.394274
v 0.702744 0.126724 -0.454797
v 0.752767 0.094633 -0.368345
v 0.706119 -0.072847 -0.471796
v 0.752154 -0.043964 -0.393625
v 0.701881 -0.127176 -0.454023
v 0.751526 -0.094655 -0.367617
v 0.683077 0.001478 -0.522681
v 0.675352 -0.110042 -0.504008
v 0.650361 -0.028239 -0.559388
v 0.676177 0.110328 -0.504917
v 0.650908 0.030731 -0.559919
v 0.772880 0.049039 -0.337275
v 0.771831 -0.048049 -0.336793
v 0.721866 0.075010 0.475232
v 0.773657 0.046244 0.396802
v 0.718929 0.129235 0.457046
v 0.775398 0.097469 0.371832
v 0.719953 -0.076645 0.475160
v 0.772079 -0.046761 0.396874
v 0.717163 -0.132152 0.457506
v 0.773029 -0.099252 0.372227
v 0.693853 -0.000610 0.526934
v 0.686850 -0.114274 0.507969
v 0.658873 -0.031218 0.564721
v 0.688596 0.111641 0.507684
v 0.659644 0.029282 0.564680
v 0.797233 0.050405 0.342141
v 0.795195 -0.050757 0.342356
v -0.707118 0.074338 -0.472782
v -0.753153 0.045684 -0.394283
v -0.702739 0.126713 -0.454778
v -0.752743 0.094627 -0.368320
v -0.706163 -0.072841 -0.471822
v -0.752127 -0.043964 -0.393609
v -0.701865 -0.127163 -0.454003
v -0.751522 -0.094647 -0.367621
v -0.683069 0.001491 -0.522660
v -0.675353 -0.110035 -0.504004
v -0.650401 -0.028249 -0.559422
v -0.676185 0.110335 -0.504929
v -0.650925 0.030726 -0.559922
v -0.772969 0.049020 -0.337307
v -0.771834 -0.048053 -0.336793
v -0.721863 0.074996 0.475231
v -0.773660 0.046237 0.396802
v -0.718914 0.129219 0.457047
v -0.775373 0.097450 0.371814
v -0.719968 -0.076657 0.475158
v -0.772134 -0.046775 0.396881
v -0.717182 -0.132140 0.457497
v -0.772948 -0.099240 0.372207
v -0.693859 -0.000609 0.526938
v -0.686839 -0.114261 0.507960
v -0.658873 -0.031204 0.564725
v -0.688593 0.111637 0.507682
v -0.659647 0.029277 0.564686
v -0.797242 0.050404 0.342135
v -0.795214 -0.050764 0.342351
v -0.044807 0.717261 0.022773
v -0.040440 0.729214 -0.037629
v -0.094632 0.703955 0.033892
v -0.093257 0.713837 -0.039141
v 0.044807 0.717254 0.022768
v 0.040451 0.729251 -0.037619
v 0.094638 0.703973 0.033913
v 0.093215 0.713804 -0.039179
v -0.000005 0.714122 0.047975
v -0.078614 0.699064 0.070054
v -0.020533 0.694140 0.107173
v 0.000039 0.739634 -0.070314
v -0.071712 0.721358 -0.079207
v -0.015814 0.735076 -0.120631
v 0.078605 0.699057 0.070049
v 0.020534 0.694143 0.107160
v 0.071709 0.721444 -0.079179
v 0.015684 0.735181 -0.120504
v -0.229040 0.609086 0.283831
v -0.325281 0.570881 0.330170
v -0.251915 0.618366 0.231917
v -0.349246 0.580278 0.276757
v -0.151068 0.568022 0.439320
v -0.244076 0.534387 0.486432
v -0.121719 0.551996 0.489654
v -0.213023 0.519034 0.535233
v -0.145226 0.606572 0.335639
v -0.192492 0.631865 0.231470
v -0.111792 0.629452 0.281337
v -0.333259 0.534649 0.430033
v -0.385352 0.555718 0.322822
v -0.391709 0.519008 0.420288
v -0.090568 0.574933 0.439870
v -0.086616 0.613380 0.334615
v -0.273169 0.507014 0.530591
v -0.363701 0.507482 0.473591
v -0.221374 0.664187 -0.324664
v -0.332597 0.642703 -0.362965
v -0.251967 0.663490 -0.258650
v -0.364789 0.641316 -0.305123
v -0.168811 0.710303 -0.504844
v -0.247642 0.604947 -0.526168
v -0.135635 0.663182 -0.548061
v -0.228317 0.588762 -0.581998
v -0.185085 0.814864 -0.422054
v -0.188551 0.681082 -0.268854
v -0.111945 0.719429 -0.348525
v -0.337275 0.591958 -0.457383
v -0.405307 0.634310 -0.355418
v -0.405079 0.570701 -0.443935
v -0.108834 0.711366 -0.501506
v -0.104309 0.753869 -0.400645
v -0.280423 0.554857 -0.559146
v -0.366620 0.543394 -0.490113
v -0.582420 0.464532 -0.240298
v -0.645055 0.439125 -0.149632
v -0.558329 0.504419 -0.205564
v -0.619982 0.478632 -0.116617
v -0.652977 0.333983 -0.345885
v -0.711268 0.302227 -0.249278
v -0.670672 0.285946 -0.377414
v -0.727281 0.251111 -0.280965
v -0.586616 0.413575 -0.338907
v -0.537990 0.500305 -0.268087
v -0.540829 0.449528 -0.365173
v -0.710324 0.360456 -0.152331
v -0.658927 0.445694 -0.087480
v -0.722409 0.365031 -0.088741
v -0.630828 0.324524 -0.408385
v -0.566700 0.403041 -0.402052
v -0.746609 0.257966 -0.216358
v -0.746184 0.316919 -0.120530
v -0.599856 0.471185 0.249665
v -0.656921 0.444878 0.161302
v -0.568399 0.501066 0.213597
v -0.625754 0.478246 0.127978
v -0.673390 0.348177 0.349308
v -0.731514 0.312887 0.257245
v -0.690570 0.296242 0.380238
v -0.750376 0.261402 0.288031
v -0.606093 0.429134 0.343981
v -0.550547 0.496209 0.273105
v -0.556430 0.457678 0.368568
v -0.721660 0.365715 0.163105
v -0.666064 0.448247 0.099725
v -0.731080 0.369863 0.100630
v -0.646958 0.335484 0.409217
v -0.579780 0.417889 0.403084
v -0.766057 0.266635 0.225237
v -0.755690 0.321173 0.131389
v 0.229038 0.609070 0.283822
v 0.325293 0.570921 0.330172
v 0.251919 0.618366 0.231907
v 0.349260 0.580269 0.276784
v 0.151053 0.568013 0.439284
v 0.244071 0.534397 0.486423
v 0.121726 0.551993 0.489671
v 0.213022 0.519031 0.535229
v 0.145238 0.606607 0.335652
v 0.192480 0.631857 0.231471
v 0.111800 0.629467 0.281346
v 0.090562 0.574925 0.439871
v 0.086616 0.613439 0.334624
v 0.333257 0.534675 0.430026
v 0.385372 0.555738 0.322822
v 0.391692 0.518982 0.420259
v 0.273183 0.507001 0.530600
v 0.363723 0.507444 0.473615
v 0.221611 0.664076 -0.324884
v 0.333268 0.642923 -0.362958
v 0.251933 0.663203 -0.258805
v 0.364289 0.640968 -0.305355
v 0.168944 0.710402 -0.504448
v 0.248020 0.604965 -0.526108
v 0.136012 0.662838 -0.548134
v 0.228029 0.588709 -0.582182
v 0.185084 0.814952 -0.422056
v 0.188569 0.680910 -0.268850
v 0.111937 0.719497 -0.348470
v 0.108548 0.711358 -0.501513
v 0.104346 0.753638 -0.400483
v 0.337177 0.591342 -0.457591
v 0.405794 0.635072 -0.356584
v 0.405179 0.569900 -0.443351
v 0.280073 0.554294 -0.558739
v 0.365919 0.543195 -0.489725
v 0.582869 0.464596 -0.240683
v 0.644928 0.439146 -0.149727
v 0.558566 0.504281 -0.205566
v 0.619964 0.478704 -0.116671
v 0.652995 0.333987 -0.345880
v 0.711225 0.302221 -0.249279
v 0.670648 0.285949 -0.377405
v 0.727343 0.251162 -0.280973
v 0.587063 0.413458 -0.339137
v 0.537630 0.500112 -0.268213
v 0.541501 0.448737 -0.365057
v 0.710339 0.360485 -0.152325
v 0.658928 0.445670 -0.087456
v 0.722382 0.365015 -0.088749
v 0.630849 0.324534 -0.408390
v 0.566395 0.403346 -0.401761
v 0.746752 0.258042 -0.216380
v 0.746195 0.316934 -0.120542
v 0.599852 0.471179 0.249669
v 0.656878 0.444827 0.161291
v 0.568405 0.501087 0.213597
v 0.625734 0.478229 0.127965
v 0.673420 0.348196 0.349332
v 0.731519 0.312890 0.257252
v 0.690578 0.296251 0.380246
v 0.750378 0.261410 0.288032
v 0.606119 0.429155 0.343991
v 0.550557 0.496218 0.273120
v 0.556449 0.457700 0.368581
v 0.721645 0.365709 0.163104
v 0.666037 0.448217 0.099709
v 0.731082 0.369872 0.100621
v 0.646906 0.335451 0.409184
v 0.579760 0.417887 0.403066
v 0.766059 0.266636 0.225236
v 0.755694 0.321156 0.131400
v -0.045760 -0.755500 0.065027
v -0.067967 -0.749706 -0.018435
v -0.098785 -0.739059 0.059265
v -0.123867 -0.750975 -0.032496
v 0.045715 -0.755458 0.064939
v 0.067813 -0.749812 -0.018706
v 0.098540 -0.739278 0.059208
v 0.123447 -0.750356 -0.032570
v -0.000010 -0.760885 0.106317
v -0.070334 -0.744175 0.104926
v -0.014809 -0.755775 0.150319
v -0.000019 -0.736311 -0.055380
v -0.106150 -0.750664 -0.078482
v -0.028724 -0.720742 -0.114537
v 0.070049 -0.744337 0.104749
v 0.014723 -0.755783 0.150456
v 0.105826 -0.750226 -0.078510
v 0.028916 -0.720838 -0.114499
v -0.234802 -0.678758 0.335278
v -0.333538 -0.636549 0.371533
v -0.258131 -0.673220 0.269236
v -0.359141 -0.633442 0.306470
v -0.186066 -0.809439 0.550146
v -0.296566 -0.705277 0.588345
v -0.151428 -0.788001 0.625487
v -0.274527 -0.706847 0.663060
v -0.154739 -0.719094 0.411694
v -0.195462 -0.693143 0.275926
v -0.113742 -0.718711 0.343032
v -0.346039 -0.618171 0.479549
v -0.393890 -0.608495 0.350557
v -0.399253 -0.575914 0.450963
v -0.109299 -0.755850 0.540692
v -0.093310 -0.732221 0.408235
v -0.309868 -0.632305 0.612463
v -0.373695 -0.574597 0.511238
v -0.242575 -0.669461 -0.303581
v -0.323893 -0.589414 -0.329412
v -0.279016 -0.713342 -0.266885
v -0.349823 -0.607421 -0.277292
v -0.150691 -0.576719 -0.442704
v -0.239571 -0.530521 -0.484981
v -0.120555 -0.553059 -0.491197
v -0.209953 -0.511714 -0.535206
v -0.150755 -0.640361 -0.346895
v -0.217089 -0.739747 -0.274098
v -0.121009 -0.673804 -0.297320
v -0.326471 -0.530477 -0.425509
v -0.378011 -0.562822 -0.316364
v -0.384046 -0.509853 -0.416211
v -0.090669 -0.585100 -0.444966
v -0.090795 -0.643399 -0.346555
v -0.269991 -0.497777 -0.531700
v -0.356667 -0.495939 -0.470515
v -0.584927 -0.457699 -0.238714
v -0.646623 -0.437948 -0.147882
v -0.557215 -0.491660 -0.201659
v -0.619193 -0.473019 -0.114682
v -0.653130 -0.337249 -0.343838
v -0.712048 -0.306039 -0.247666
v -0.671245 -0.289470 -0.376432
v -0.727621 -0.255099 -0.279917
v -0.589428 -0.413260 -0.338863
v -0.536963 -0.483981 -0.263050
v -0.543924 -0.442051 -0.365369
v -0.711175 -0.362944 -0.150639
v -0.659691 -0.444285 -0.085890
v -0.723059 -0.366852 -0.087706
v -0.631245 -0.328406 -0.406979
v -0.567773 -0.405705 -0.401954
v -0.747105 -0.262268 -0.215196
v -0.746280 -0.319950 -0.119532
v -0.601977 -0.483070 0.254601
v -0.657103 -0.448597 0.162427
v -0.573961 -0.519379 0.221199
v -0.628459 -0.486080 0.130692
v -0.671629 -0.348951 0.349037
v -0.730508 -0.314458 0.257454
v -0.688865 -0.297486 0.379757
v -0.749060 -0.263588 0.288544
v -0.605542 -0.435293 0.346646
v -0.557848 -0.518666 0.282940
v -0.558974 -0.472002 0.374605
v -0.720824 -0.366789 0.162929
v -0.666886 -0.450539 0.100256
v -0.730830 -0.370907 0.100119
v -0.645293 -0.336268 0.408399
v -0.579311 -0.423795 0.404889
v -0.764883 -0.268793 0.225804
v -0.754932 -0.322962 0.131267
v 0.234643 -0.678841 0.335329
v 0.333416 -0.636475 0.371481
v 0.258267 -0.673181 0.269463
v 0.359117 -0.633483 0.306378
v 0.188877 -0.808994 0.550691
v 0.296546 -0.705320 0.588191
v 0.153783 -0.788719 0.625070
v 0.273904 -0.708313 0.663035
v 0.155324 -0.719027 0.412175
v 0.195675 -0.692932 0.276024
v 0.113423 -0.718436 0.343389
v 0.110818 -0.758873 0.541311
v 0.094092 -0.732825 0.408141
v 0.345963 -0.618104 0.479473
v 0.394091 -0.608465 0.350662
v 0.398952 -0.575333 0.450739
v 0.309757 -0.632953 0.612483
v 0.373909 -0.574696 0.511534
v 0.242412 -0.670053 -0.303418
v 0.323597 -0.589310 -0.328890
v 0.280126 -0.715974 -0.268422
v 0.349835 -0.607420 -0.277083
v 0.150737 -0.576731 -0.442738
v 0.239842 -0.530526 -0.484988
v 0.120219 -0.553000 -0.490828
v 0.209887 -0.511665 -0.535261
v 0.150602 -0.639949 -0.347065
v 0.215807 -0.738342 -0.273103
v 0.120904 -0.673763 -0.297221
v 0.090686 -0.585049 -0.444840
v 0.090912 -0.643567 -0.346639
v 0.326176 -0.530886 -0.425346
v 0.377991 -0.562469 -0.316706
v 0.384221 -0.509821 -0.416340
v 0.269862 -0.497670 -0.531790
v 0.356660 -0.495790 -0.470665
v 0.584909 -0.457633 -0.238710
v 0.646564 -0.437937 -0.147903
v 0.557360 -0.491649 -0.201766
v 0.619166 -0.473070 -0.114694
v 0.653164 -0.337267 -0.343844
v 0.712002 -0.306003 -0.247660
v 0.671276 -0.289506 -0.376443
v 0.727711 -0.255166 -0.279945
v 0.589462 -0.413238 -0.338897
v 0.536884 -0.484003 -0.263133
v 0.544015 -0.441853 -0.365432
v 0.711141 -0.362904 -0.150631
v 0.659750 -0.444334 -0.085914
v 0.723036 -0.366857 -0.087697
v 0.631274 -0.328430 -0.406984
v 0.567731 -0.405686 -0.401934
v 0.747005 -0.262228 -0.215149
v 0.746304 -0.319963 -0.119524
v 0.602045 -0.483052 0.254612
v 0.657086 -0.448577 0.162412
v 0.573998 -0.519377 0.221233
v 0.628492 -0.486126 0.130700
v 0.671590 -0.348898 0.349041
v 0.730492 -0.314486 0.257447
v 0.688897 -0.297410 0.379809
v 0.749040 -0.263604 0.288557
v 0.605636 -0.435406 0.346664
v 0.557800 -0.518638 0.282994
v 0.558931 -0.472088 0.374654
v 0.720803 -0.366811 0.162932
v 0.666877 -0.450571 0.100270
v 0.730842 -0.370918 0.100120
v 0.645263 -0.336340 0.408305
v 0.579340 -0.424129 0.404943
v 0.764883 -0.268796 0.225815
v 0.754940 -0.322970 0.131271
v 0.058821 -0.098416 0.846099
v -0.058844 -0.098418 0.846098
v 0.058613 -0.157899 0.839078
v -0.058596 -0.157903 0.839095
v 0.059005 0.094241 0.846632
v -0.058983 0.094244 0.846636
v 0.058719 0.158206 0.839557
v -0.058715 0.158204 0.839558
v 0.117461 -0.003087 0.844228
v 0.117058 -0.129025 0.837191
v 0.175020 -0.035325 0.833920
v -0.117480 -0.003083 0.844230
v -0.117058 -0.129032 0.837189
v -0.175015 -0.035314 0.833898
v 0.117428 0.126935 0.837769
v 0.175317 0.029910 0.834173
v -0.117413 0.126931 0.837775
v -0.175334 0.029916 0.834170
v 0.353738 -0.348649 0.673742
v 0.325455 -0.253737 0.737855
v 0.299051 -0.381960 0.688004
v 0.267340 -0.282250 0.745314
v 0.515675 -0.254456 0.623286
v 0.484626 -0.165940 0.688843
v 0.565002 -0.222897 0.600976
v 0.531622 -0.133549 0.662331
v 0.447043 -0.344520 0.613662
v 0.340332 -0.414348 0.651672
v 0.430805 -0.404700 0.587484
v 0.552279 -0.280270 0.574281
v 0.484512 -0.370557 0.566163
v 0.389341 -0.164638 0.746312
v 0.278723 -0.221440 0.772351
v 0.339053 -0.132561 0.775744
v 0.487422 -0.101600 0.698692
v 0.390906 -0.101423 0.755792
v -0.353856 -0.348878 0.673778
v -0.325410 -0.253717 0.737864
v -0.299029 -0.381769 0.688055
v -0.266913 -0.282476 0.745089
v -0.515575 -0.254557 0.623329
v -0.484602 -0.165941 0.688853
v -0.564960 -0.222907 0.601039
v -0.531640 -0.133562 0.662318
v -0.447356 -0.344406 0.613624
v -0.340777 -0.414242 0.651923
v -0.431280 -0.404736 0.587502
v -0.552311 -0.280387 0.574248
v -0.484591 -0.370234 0.566044
v -0.389274 -0.164700 0.746330
v -0.278736 -0.221351 0.772366
v -0.339037 -0.132606 0.775778
v -0.487436 -0.101605 0.698674
v -0.390920 -0.101437 0.755823
v 0.360774 0.347304 0.680813
v 0.329275 0.258728 0.744639
v 0.304803 0.372731 0.690341
v 0.272662 0.286466 0.753985
v 0.516401 0.256111 0.626830
v 0.484216 0.165195 0.688687
v 0.565113 0.222719 0.602381
v 0.532005 0.131111 0.662102
v 0.451362 0.343573 0.618524
v 0.344386 0.399123 0.648550
v 0.434031 0.394526 0.586015
v 0.554033 0.282057 0.578692
v 0.487452 0.367507 0.569011
v 0.388810 0.165475 0.746698
v 0.280757 0.226093 0.776095
v 0.339204 0.131542 0.775839
v 0.488062 0.099541 0.699163
v 0.391260 0.099440 0.756189
v -0.360762 0.347309 0.680803
v -0.329298 0.258741 0.744669
v -0.304799 0.372727 0.690331
v -0.272662 0.286476 0.753991
v -0.516399 0.256105 0.626823
v -0.484232 0.165208 0.688715
v -0.565098 0.222720 0.602377
v -0.532004 0.131113 0.662108
v -0.451321 0.343521 0.618473
v -0.344388 0.399138 0.648556
v -0.434019 0.394516 0.586002
v -0.554029 0.282072 0.578711
v -0.487449 0.367518 0.569005
v -0.388798 0.165466 0.746689
v -0.280751 0.226090 0.776088
v -0.339195 0.131528 0.775836
v -0.488063 0.099520 0.699184
v -0.391274 0.099431 0.756221
v 0.058890 -0.094176 -0.845690
v -0.058890 -0.094176 -0.845690
v 0.058357 -0.158171 -0.837923
v -0.058358 -0.158172 -0.837924
v 0.058544 0.097678 -0.845065
v -0.058541 0.097682 -0.845062
v 0.057809 0.159169 -0.836465
v -0.057815 0.159165 -0.836474
v 0.117627 0.003179 -0.844560
v 0.117210 -0.126960 -0.837246
v 0.175300 -0.029634 -0.834136
v -0.117623 0.003177 -0.844547
v -0.117211 -0.126962 -0.837246
v -0.175301 -0.029638 -0.834137
v 0.116139 0.129519 -0.836203
v 0.174708 0.035412 -0.833875
v -0.116141 0.129524 -0.836234
v -0.174724 0.035429 -0.833949
v 0.356203 -0.342352 -0.675206
v 0.325926 -0.257685 -0.741143
v 0.300967 -0.367789 -0.686317
v 0.270967 -0.286868 -0.752672
v 0.511010 -0.254539 -0.622953
v 0.481100 -0.164241 -0.685087
v 0.557095 -0.220563 -0.597256
v 0.527362 -0.130383 -0.657989
v 0.447949 -0.341249 -0.617289
v 0.339968 -0.391320 -0.644221
v 0.429995 -0.389303 -0.585946
v 0.544964 -0.277768 -0.573397
v 0.480435 -0.360416 -0.566511
v 0.386750 -0.164308 -0.743584
v 0.278870 -0.226254 -0.774367
v 0.337694 -0.130756 -0.773474
v 0.484898 -0.098313 -0.695482
v 0.390131 -0.098178 -0.754116
v -0.356209 -0.342356 -0.675200
v -0.325930 -0.257696 -0.741153
v -0.300970 -0.367781 -0.686302
v -0.270966 -0.286873 -0.752671
v -0.511007 -0.254541 -0.622952
v -0.481106 -0.164235 -0.685089
v -0.557087 -0.220566 -0.597255
v -0.527410 -0.130421 -0.658080
v -0.447951 -0.341243 -0.617287
v -0.339980 -0.391321 -0.644221
v -0.430003 -0.389299 -0.585956
v -0.544962 -0.277773 -0.573398
v -0.480427 -0.360391 -0.566504
v -0.386750 -0.164309 -0.743586
v -0.278868 -0.226257 -0.774365
v -0.337694 -0.130760 -0.773476
v -0.484904 -0.098311 -0.695484
v -0.390132 -0.098181 -0.754118
v 0.355189 0.338607 -0.672867
v 0.323049 0.256397 -0.739277
v 0.297983 0.364367 -0.682592
v 0.268559 0.284141 -0.750575
v 0.509617 0.252159 -0.621808
v 0.480275 0.164907 -0.684243
v 0.556015 0.218380 -0.596393
v 0.527486 0.131202 -0.657823
v 0.448250 0.337088 -0.616100
v 0.338566 0.390241 -0.641574
v 0.428871 0.386207 -0.582663
v 0.543822 0.274368 -0.572782
v 0.480346 0.356869 -0.565637
v 0.384444 0.165957 -0.742555
v 0.275706 0.226366 -0.773531
v 0.335406 0.133639 -0.772717
v 0.485098 0.100605 -0.695610
v 0.389032 0.101702 -0.753721
v -0.355088 0.338633 -0.672897
v -0.323032 0.256416 -0.739260
v -0.298378 0.364176 -0.682500
v -0.268537 0.284185 -0.750547
v -0.509642 0.252181 -0.621834
v -0.480277 0.164899 -0.684244
v -0.556030 0.218394 -0.596404
v -0.527490 0.131198 -0.657825
v -0.448202 0.337043 -0.616062
v -0.338124 0.390278 -0.641541
v -0.428839 0.386406 -0.582699
v -0.543777 0.274331 -0.572753
v -0.480328 0.356780 -0.565564
v -0.384440 0.165946 -0.742550
v -0.275711 0.226356 -0.773534
v -0.335399 0.133637 -0.772715
v -0.485097 0.100601 -0.695611
v -0.389028 0.101700 -0.753723
v 0.843343 0.054734 -0.087357
v 0.841348 -0.054778 -0.087164
v 0.831612 0.054010 -0.149099
v 0.829898 -0.053789 -0.148961
v 0.852499 0.056104 0.096047
v 0.850686 -0.055891 0.096669
v 0.843668 0.055655 0.158669
v 0.842085 -0.055428 0.159295
v 0.844082 0.110225 0.004136
v 0.828166 0.108090 -0.118568
v 0.827180 0.164125 -0.026439
v 0.839200 0.111068 0.127749
v 0.828856 0.165276 0.035237
v 0.841792 -0.112030 0.004803
v 0.825931 -0.109608 -0.118166
v 0.825825 -0.167320 -0.025709
v 0.837336 -0.112266 0.128671
v 0.827485 -0.168259 0.035980
v -0.843333 0.054723 -0.087342
v -0.841335 -0.054780 -0.087160
v -0.831596 0.054018 -0.149107
v -0.829910 -0.053795 -0.148955
v -0.852498 0.056114 0.096048
v -0.850704 -0.055898 0.096657
v -0.843660 0.055653 0.158670
v -0.842002 -0.055426 0.159297
v -0.844104 0.110218 0.004139
v -0.828169 0.108088 -0.118555
v -0.827192 0.164111 -0.026448
v -0.839195 0.111068 0.127734
v -0.828861 0.165274 0.035234
v -0.841848 -0.112048 0.004807
v -0.825915 -0.109616 -0.118170
v -0.825843 -0.167332 -0.025712
v -0.837307 -0.112261 0.128662
v -0.827498 -0.168260 0.035982
v -0.198247 0.666735 0.086950
v -0.236571 0.646709 0.134062
v -0.199063 0.682554 -0.090849
v -0.238540 0.670987 -0.142684
v -0.175846 0.662452 0.130976
v -0.175656 0.688681 -0.145012
v -0.428477 0.569692 0.211534
v -0.483502 0.550493 0.196203
v -0.464646 0.545118 0.253225
v -0.433997 0.598832 -0.217762
v -0.485659 0.571174 -0.195442
v -0.466154 0.573192 -0.259137
v -0.593845 0.510813 -0.024746
v -0.594924 0.509667 0.034848
v -0.632050 0.480822 0.005752
v 0.198213 0.666735 0.086959
v 0.236538 0.646747 0.134068
v 0.198998 0.682669 -0.090561
v 0.238349 0.670955 -0.142640
v 0.175898 0.662446 0.130978
v 0.176010 0.688817 -0.145232
v 0.428486 0.569704 0.211537
v 0.483509 0.550484 0.196229
v 0.464667 0.545125 0.253223
v 0.434259 0.598966 -0.217768
v 0.485822 0.571170 -0.195195
v 0.466051 0.573282 -0.258944
v 0.593832 0.510805 -0.024786
v 0.594937 0.509655 0.034841
v 0.632052 0.480816 0.005751
v -0.206007 -0.703517 0.106365
v -0.243528 -0.686109 0.157022
v -0.233838 -0.788505 -0.092016
v -0.279371 -0.785768 -0.158744
v -0.179891 -0.706075 0.160337
v -0.205691 -0.801495 -0.157616
v -0.449143 -0.615796 0.230444
v -0.497695 -0.585431 0.209828
v -0.479214 -0.584836 0.270666
v -0.423585 -0.582162 -0.205592
v -0.474585 -0.552003 -0.186319
v -0.454074 -0.545106 -0.243790
v -0.594840 -0.510808 -0.022164
v -0.597266 -0.515221 0.037595
v -0.632898 -0.481794 0.007307
v 0.206007 -0.703335 0.105949
v 0.244090 -0.686878 0.157389
v 0.233740 -0.788380 -0.092201
v 0.279089 -0.785789 -0.158599
v 0.180023 -0.706061 0.160408
v 0.205483 -0.801493 -0.157464
v 0.449061 -0.615793 0.230446
v 0.497645 -0.585403 0.209771
v 0.479081 -0.584883 0.270618
v 0.423485 -0.582119 -0.205368
v 0.474551 -0.552048 -0.186186
v 0.453660 -0.545108 -0.243548
v 0.594840 -0.510830 -0.022194
v 0.597265 -0.515246 0.037586
v 0.632918 -0.481814 0.007309
v -0.038644 -0.680595 0.634120
v 0.038353 -0.680813 0.634181
v -0.230126 -0.569353 0.691190
v -0.235824 -0.487705 0.691130
v -0.000025 -0.686679 0.581907
v -0.282265 -0.529083 0.666015
v 0.230118 -0.570516 0.692124
v 0.235503 -0.487762 0.690642
v 0.281883 -0.529187 0.665973
v 0.112133 -0.241877 0.807616
v 0.161711 -0.276365 0.779496
v -0.112060 -0.241726 0.807572
v -0.161550 -0.276281 0.779403
v 0.169996 -0.216159 0.807464
v -0.170037 -0.216088 0.807422
v -0.030292 0.537024 0.537679
v 0.030289 0.537024 0.537679
v -0.206497 0.474122 0.624705
v -0.228362 0.438468 0.662166
v -0.000000 0.557376 0.489166
v -0.266074 0.460031 0.619839
v 0.206510 0.474153 0.624723
v 0.228348 0.438456 0.662155
v 0.266056 0.459995 0.619816
v 0.113382 0.251838 0.810739
v 0.165742 0.282909 0.788720
v -0.113382 0.251840 0.810737
v -0.165741 0.282910 0.788711
v 0.171438 0.222662 0.809553
v -0.171437 0.222662 0.809549
v -0.029897 -0.534190 -0.538622
v 0.029834 -0.534117 -0.538637
v -0.204119 -0.463875 -0.623132
v -0.226982 -0.431836 -0.660910
v 0.000011 -0.561054 -0.492878
v -0.262874 -0.449753 -0.618785
v 0.204074 -0.463892 -0.623110
v 0.226974 -0.431829 -0.660913
v 0.262856 -0.449777 -0.618787
v 0.112377 -0.251651 -0.807765
v 0.164841 -0.282679 -0.785274
v -0.112376 -0.251653 -0.807764
v -0.164844 -0.282681 -0.785272
v 0.170445 -0.222877 -0.806507
v -0.170444 -0.222878 -0.806507
v -0.036334 0.642760 -0.604812
v 0.036232 0.640381 -0.601900
v -0.208575 0.497704 -0.638255
v -0.225943 0.441560 -0.662734
v -0.000016 0.669181 -0.551579
v -0.264414 0.471814 -0.625873
v 0.208504 0.497564 -0.638308
v 0.225687 0.441470 -0.662645
v 0.264459 0.471335 -0.625936
v 0.111265 0.249616 -0.806850
v 0.163366 0.279409 -0.783591
v -0.111263 0.249630 -0.806856
v -0.163338 0.279446 -0.783562
v 0.168520 0.222675 -0.806743
v -0.168528 0.222670 -0.806744
v 0.660316 0.221853 -0.464834
v 0.631103 0.204101 -0.517754
v 0.768004 0.151604 -0.278085
v 0.792771 0.102926 -0.245072
v 0.619837 0.259788 -0.494351
v 0.788076 0.156278 -0.214239
v 0.661117 -0.224990 -0.464853
v 0.631965 -0.206820 -0.518072
v 0.766949 -0.154007 -0.277459
v 0.790944 -0.104048 -0.244540
v 0.621204 -0.263401 -0.494573
v 0.786768 -0.159073 -0.213585
v 0.573954 -0.031004 -0.633414
v 0.574583 0.033288 -0.634167
v 0.532473 0.001444 -0.669946
v 0.675795 0.227303 0.467241
v 0.644417 0.209068 0.522311
v 0.791749 0.157818 0.284817
v 0.815816 0.107175 0.252809
v 0.633316 0.266673 0.497681
v 0.808357 0.162220 0.222721
v 0.674562 -0.229908 0.467189
v 0.643393 -0.211502 0.522341
v 0.790000 -0.160396 0.285978
v 0.813748 -0.108418 0.253955
v 0.632200 -0.267369 0.496212
v 0.806770 -0.164439 0.224088
v 0.579519 -0.033909 0.638731
v 0.580218 0.031486 0.639116
v 0.536404 -0.001206 0.674211
v -0.660334 0.221881 -0.464856
v -0.631065 0.204062 -0.517700
v -0.767993 0.151602 -0.278064
v -0.792745 0.102937 -0.245060
v -0.619792 0.259776 -0.494306
v -0.788123 0.156325 -0.214296
v -0.661118 -0.224995 -0.464857
v -0.631948 -0.206818 -0.518068
v -0.766889 -0.153990 -0.277468
v -0.790955 -0.104044 -0.244539
v -0.621183 -0.263404 -0.494564
v -0.786781 -0.159078 -0.213606
v -0.573949 -0.031004 -0.633414
v -0.574580 0.033284 -0.634164
v -0.532469 0.001442 -0.669946
v -0.675787 0.227285 0.467240
v -0.644435 0.209090 0.522363
v -0.791749 0.157813 0.284815
v -0.815815 0.107168 0.252805
v -0.633298 0.266678 0.497700
v -0.808356 0.162220 0.222720
v -0.674539 -0.229896 0.467155
v -0.643452 -0.211534 0.522369
v -0.790002 -0.160401 0.285975
v -0.813771 -0.108417 0.253956
v -0.632225 -0.267425 0.496302
v -0.806773 -0.164441 0.224085
v -0.579523 -0.033904 0.638735
v -0.580212 0.031487 0.639123
v -0.536450 -0.001195 0.674265
v -0.026070 0.655131 0.222663
v 0.026072 0.655137 0.222659
v 0.000001 0.637099 0.278639
v -0.026244 0.724780 -0.264002
v 0.025816 0.724972 -0.264182
v -0.000027 0.728207 -0.329570
v -0.476844 0.471268 0.446393
v -0.446817 0.457100 0.500223
v -0.501379 0.435089 0.483377
v -0.468599 0.474458 -0.445890
v -0.438843 0.457036 -0.499239
v -0.489937 0.423032 -0.478983
v -0.759680 0.320942 0.005647
v -0.784414 0.270374 -0.026206
v -0.786956 0.271823 0.036501
v 0.476858 0.471283 0.446408
v 0.446807 0.457065 0.500206
v 0.501385 0.435086 0.483376
v 0.467645 0.475202 -0.446645
v 0.438743 0.456780 -0.499092
v 0.489796 0.423167 -0.478987
v 0.759643 0.320912 0.005644
v 0.784401 0.270373 -0.026196
v 0.786951 0.271819 0.036495
v -0.025289 -0.739770 0.274418
v 0.025041 -0.739988 0.274406
v -0.000353 -0.742677 0.336906
v -0.030174 -0.687517 -0.234865
v 0.030337 -0.687536 -0.234689
v -0.000128 -0.667052 -0.291697
v -0.480954 -0.498077 0.458115
v -0.448518 -0.482992 0.512135
v -0.501941 -0.447965 0.487607
v -0.468477 -0.455564 -0.445351
v -0.439962 -0.443273 -0.500255
v -0.492080 -0.420413 -0.481736
v -0.759633 -0.323273 0.005815
v -0.784301 -0.273773 -0.025643
v -0.786668 -0.274931 0.036717
v 0.480900 -0.498063 0.458007
v 0.448572 -0.483014 0.512071
v 0.502066 -0.447924 0.487652
v 0.468524 -0.455376 -0.445423
v 0.439989 -0.443184 -0.500296
v 0.492090 -0.420449 -0.481758
v 0.759599 -0.323244 0.005811
v 0.784303 -0.273775 -0.025647
v 0.786673 -0.274932 0.036717
v 0.286804 -0.035310 0.804417
v 0.287269 0.031055 0.804817
v 0.340266 -0.001847 0.784180
v -0.286809 -0.035290 0.804419
v -0.287269 0.031071 0.804816
v -0.340269 -0.001831 0.784149
v 0.286303 -0.030811 -0.802769
v 0.285695 0.035402 -0.802896
v 0.339284 0.002224 -0.782081
v -0.286303 -0.030814 -0.802769
v -0.285698 0.035410 -0.802896
v -0.339283 0.002221 -0.782080
f 1 647 644
f 1 644 643
f 1 643 645
f 1 645 646
f 1 646 647
f 2 649 652
f 6 672 670
f 12 702 699
f 11 696 695
f 8 679 681
f 4 662 659
f 4 659 658
f 4 658 660
f 4 660 661
f 4 661 662
f 5 666 665
f 3 654 657
f 7 673 677
f 9 685 686
f 10 692 688
f 12 701 698
f 6 669 668
f 2 650 648
f 8 682 678
f 11 697 693
f 6 671 669
f 12 700 701
f 11 694 697
f 8 680 682
f 2 651 650
f 10 690 689
f 5 663 664
f 3 655 653
f 7 676 674
f 9 687 684
f 10 691 690
f 5 667 663
f 3 656 655
f 7 675 676
f 9 683 687
f 6 668 672
f 2 648 649
f 8 678 679
f 11 693 696
f 12 698 702
f 10 688 691
f 5 665 667
f 3 657 656
f 7 677 675
f 9 686 683
f 5 664 666
f 3 653 654
f 7 674 673
f 9 684 685
f 10 689 692
f 6 670 671
f 12 699 700
f 11 695 694
f 8 681 680
f 2 652 651
f 35 837 838
f 18 735 736
f 19 742 741
f 40 868 867
f 42 880 879
f 34 832 831
f 33 827 828
f 25 778 780
f 36 844 846
f 20 749 747
f 32 819 820
f 23 765 767
f 24 773 771
f 37 850 849
f 41 876 875
f 34 833 834
f 33 826 825
f 25 779 777
f 36 845 843
f 20 748 750
f 17 729 727
f 14 711 709
f 13 706 703
f 15 718 715
f 16 724 721
f 18 737 733
f 35 839 835
f 42 882 878
f 40 870 866
f 19 744 740
f 30 807 805
f 27 789 787
f 22 762 758
f 28 797 793
f 29 802 799
f 32 821 817
f 23 766 763
f 24 774 770
f 37 852 848
f 41 874 872
f 35 838 836
f 18 736 734
f 19 741 739
f 40 867 865
f 42 879 877
f 34 831 829
f 33 828 824
f 25 780 776
f 36 846 842
f 20 747 745
f 32 820 818
f 23 767 764
f 24 771 769
f 37 849 847
f 41 875 871
f 34 834 830
f 33 825 823
f 25 777 775
f 36 843 841
f 20 750 746
f 14 714 710
f 13 707 704
f 15 719 716
f 16 725 722
f 17 732 728
f 21 755 752
f 31 814 811
f 26 784 781
f 38 857 853
f 39 862 860
f 27 792 788
f 22 759 757
f 28 796 794
f 29 803 800
f 30 810 806
f 31 815 812
f 26 785 782
f 38 856 854
f 39 863 859
f 21 754 751
f 14 712 714
f 13 705 707
f 15 717 719
f 16 723 725
f 17 730 732
f 21 753 755
f 31 816 814
f 26 786 784
f 38 858 857
f 39 861 862
f 27 791 792
f 22 761 759
f 28 795 796
f 29 801 803
f 30 808 810
f 31 813 815
f 26 783 785
f 38 855 856
f 39 864 863
f 21 756 754
f 14 709 712
f 13 703 705
f 15 715 717
f 16 721 723
f 17 727 730
f 21 751 753
f 31 812 816
f 26 782 786
f 38 854 858
f 39 859 861
f 27 787 791
f 22 758 761
f 28 793 795
f 29 799 801
f 30 805 808
f 31 811 813
f 26 781 783
f 38 853 855
f 39 860 864
f 21 752 756
f 17 728 731
f 14 710 713
f 13 704 708
f 15 716 720
f 16 722 726
f 18 734 738
f 35 836 840
f 42 877 881
f 40 865 869
f 19 739 743
f 30 806 809
f 27 788 790
f 22 757 760
f 28 794 798
f 29 800 804
f 32 818 822
f 23 764 768
f 24 769 772
f 37 847 851
f 41 871 873
f 35 835 837
f 18 733 735
f 19 740 742
f 40 866 868
f 42 878 880
f 34 830 832
f 33 823 827
f 25 775 778
f 36 841 844
f 20 746 749
f 32 817 819
f 23 763 765
f 24 770 773
f 37 848 850
f 41 872 876
f 34 829 833
f 33 824 826
f 25 776 779
f 36 842 845
f 20 745 748
f 17 731 729
f 14 713 711
f 13 708 706
f 15 720 718
f 16 726 724
f 18 738 737
f 35 840 839
f 42 881 882
f 40 869 870
f 19 743 744
f 30 809 807
f 27 790 789
f 22 760 762
f 28 798 797
f 29 804 802
f 32 822 821
f 23 768 766
f 24 772 774
f 37 851 852
f 41 873 874
f 107 1269 1270
f 103 1245 1246
f 104 1252 1251
f 110 1288 1287
f 113 1306 1305
f 118 1336 1335
f 154 1551 1552
f 141 1473 1474
f 162 1599 1600
f 121 1354 1353
f 142 1479 1480
f 129 1401 1402
f 130 1408 1407
f 144 1492 1491
f 146 1504 1503
f 151 1533 1534
f 131 1414 1413
f 136 1444 1443
f 161 1594 1593
f 126 1383 1384
f 116 1323 1324
f 108 1275 1276
f 106 1263 1264
f 112 1299 1300
f 115 1317 1318
f 119 1341 1342
f 156 1564 1563
f 139 1462 1461
f 160 1588 1587
f 120 1347 1348
f 149 1521 1522
f 132 1420 1419
f 128 1395 1396
f 145 1497 1498
f 148 1515 1516
f 155 1557 1558
f 133 1425 1426
f 134 1431 1432
f 157 1570 1569
f 124 1372 1371
f 109 1282 1281
f 105 1258 1257
f 111 1294 1293
f 114 1312 1311
f 117 1330 1329
f 125 1378 1377
f 152 1540 1539
f 137 1449 1450
f 158 1575 1576
f 123 1365 1366
f 143 1486 1485
f 127 1390 1389
f 135 1437 1438
f 147 1510 1509
f 150 1528 1527
f 153 1546 1545
f 140 1468 1467
f 138 1455 1456
f 159 1581 1582
f 122 1359 1360
f 107 1272 1271
f 103 1248 1247
f 104 1253 1254
f 110 1289 1290
f 113 1307 1308
f 118 1337 1338
f 154 1554 1553
f 141 1476 1475
f 162 1602 1601
f 121 1355 1356
f 142 1482 1481
f 129 1404 1403
f 130 1409 1410
f 144 1493 1494
f 146 1505 1506
f 151 1536 1535
f 131 1415 1416
f 136 1445 1446
f 161 1595 1596
f 126 1386 1385
f 47 909 907
f 44 891 889
f 43 886 883
f 45 898 895
f 46 904 901
f 49 922 919
f 72 1060 1057
f 102 1240 1237
f 96 1204 1201
f 79 1102 1099
f 62 999 997
f 59 981 979
f 58 976 973
f 60 988 985
f 61 994 991
f 66 1024 1021
f 54 952 949
f 73 1066 1063
f 85 1138 1135
f 92 1179 1177
f 101 1233 1231
f 69 1041 1039
f 50 927 925
f 82 1119 1117
f 97 1209 1207
f 71 1053 1051
f 100 1228 1225
f 94 1192 1189
f 80 1108 1105
f 51 933 931
f 90 1167 1165
f 63 1005 1003
f 55 957 955
f 76 1083 1081
f 87 1150 1147
f 91 1174 1171
f 67 1029 1027
f 56 963 961
f 75 1077 1075
f 83 1126 1123
f 68 1036 1033
f 48 915 913
f 78 1095 1093
f 93 1185 1183
f 98 1216 1213
f 88 1155 1153
f 65 1018 1015
f 57 970 967
f 77 1090 1087
f 86 1143 1141
f 64 1012 1009
f 53 945 943
f 74 1071 1069
f 84 1131 1129
f 89 1162 1159
f 70 1047 1045
f 99 1221 1219
f 95 1197 1195
f 81 1114 1111
f 52 940 937
f 109 1284 1280
f 105 1260 1256
f 111 1296 1292
f 114 1314 1310
f 117 1332 1328
f 125 1380 1376
f 152 1542 1538
f 137 1451 1447
f 158 1577 1573
f 123 1367 1363
f 143 1488 1484
f 127 1392 1388
f 135 1439 1435
f 147 1512 1508
f 150 1530 1526
f 153 1548 1544
f 140 1470 1466
f 138 1457 1453
f 159 1583 1579
f 122 1361 1357
f 107 1270 1268
f 103 1246 1244
f 104 1251 1249
f 110 1287 1285
f 113 1305 1303
f 118 1335 1333
f 154 1552 1550
f 141 1474 1472
f 162 1600 1598
f 121 1353 1351
f 142 1480 1478
f 129 1402 1400
f 130 1407 1405
f 144 1491 1489
f 146 1503 1501
f 151 1534 1532
f 131 1413 1411
f 136 1443 1441
f 161 1593 1591
f 126 1384 1382
f 116 1324 1322
f 108 1276 1274
f 106 1264 1262
f 112 1300 1298
f 115 1318 1316
f 119 1342 1340
f 156 1563 1561
f 139 1461 1459
f 160 1587 1585
f 120 1348 1346
f 149 1522 1520
f 132 1419 1417
f 128 1396 1394
f 145 1498 1496
f 148 1516 1514
f 155 1558 1556
f 133 1426 1424
f 134 1432 1430
f 157 1569 1567
f 124 1371 1369
f 109 1281 1279
f 105 1257 1255
f 111 1293 1291
f 114 1311 1309
f 117 1329 1327
f 125 1377 1375
f 152 1539 1537
f 137 1450 1448
f 158 1576 1574
f 123 1366 1364
f 143 1485 1483
f 127 1389 1387
f 135 1438 1436
f 147 1509 1507
f 150 1527 1525
f 153 1545 1543
f 140 1467 1465
f 138 1456 1454
f 159 1582 1580
f 122 1360 1358
f 107 1271 1267
f 103 1247 1243
f 104 1254 1250
f 110 1290 1286
f 113 1308 1304
f 118 1338 1334
f 154 1553 1549
f 141 1475 1471
f 162 1601 1597
f 121 1356 1352
f 142 1481 1477
f 129 1403 1399
f 130 1410 1406
f 144 1494 1490
f 146 1506 1502
f 151 1535 1531
f 131 1416 1412
f 136 1446 1442
f 161 1596 1592
f 126 1385 1381
f 44 894 890
f 43 887 884
f 45 899 896
f 46 905 902
f 47 912 908
f 52 941 938
f 70 1050 1046
f 99 1224 1220
f 95 1200 1196
f 81 1115 1112
f 59 984 980
f 58 977 974
f 60 989 986
f 61 995 992
f 62 1002 998
f 65 1019 1016
f 57 971 968
f 77 1091 1088
f 86 1146 1142
f 88 1158 1154
f 98 1217 1214
f 68 1037 1034
f 48 918 914
f 78 1098 1094
f 93 1188 1184
f 69 1044 1040
f 101 1236 1232
f 97 1212 1208
f 82 1122 1118
f 50 930 926
f 89 1163 1160
f 64 1013 1010
f 53 948 944
f 74 1074 1070
f 84 1134 1130
f 90 1170 1166
f 63 1008 1004
f 55 960 956
f 76 1086 1082
f 87 1151 1148
f 72 1061 1058
f 49 923 920
f 79 1103 1100
f 96 1205 1202
f 102 1241 1238
f 91 1175 1172
f 67 1032 1028
f 56 966 962
f 75 1080 1076
f 83 1127 1124
f 66 1025 1022
f 54 953 950
f 73 1067 1064
f 85 1139 1136
f 92 1182 1178
f 71 1056 1052
f 100 1229 1226
f 94 1193 1190
f 80 1109 1106
f 51 936 932
f 116 1325 1321
f 108 1277 1273
f 106 1265 1261
f 112 1301 1297
f 115 1319 1315
f 119 1343 1339
f 156 1566 1562
f 139 1464 1460
f 160 1590 1586
f 120 1349 1345
f 149 1523 1519
f 132 1422 1418
f 128 1397 1393
f 145 1499 1495
f 148 1517 1513
f 155 1559 1555
f 133 1427 1423
f 134 1433 1429
f 157 1572 1568
f 124 1374 1370
f 44 892 894
f 43 885 887
f 45 897 899
f 46 903 905
f 47 910 912
f 52 939 941
f 70 1048 1050
f 99 1222 1224
f 95 1198 1200
f 81 1113 1115
f 59 982 984
f 58 975 977
f 60 987 989
f 61 993 995
f 62 1000 1002
f 65 1017 1019
f 57 969 971
f 77 1089 1091
f 86 1144 1146
f 88 1156 1158
f 98 1215 1217
f 68 1035 1037
f 48 916 918
f 78 1096 1098
f 93 1186 1188
f 69 1042 1044
f 101 1234 1236
f 97 1210 1212
f 82 1120 1122
f 50 928 930
f 89 1161 1163
f 64 1011 1013
f 53 946 948
f 74 1072 1074
f 84 1132 1134
f 90 1168 1170
f 63 1006 1008
f 55 958 960
f 76 1084 1086
f 87 1149 1151
f 72 1059 1061
f 49 921 923
f 79 1101 1103
f 96 1203 1205
f 102 1239 1241
f 91 1173 1175
f 67 1030 1032
f 56 964 966
f 75 1078 1080
f 83 1125 1127
f 66 1023 1025
f 54 951 953
f 73 1065 1067
f 85 1137 1139
f 92 1180 1182
f 71 1054 1056
f 100 1227 1229
f 94 1191 1193
f 80 1107 1109
f 51 934 936
f 116 1326 1325
f 108 1278 1277
f 106 1266 1265
f 112 1302 1301
f 115 1320 1319
f 119 1344 1343
f 156 1565 1566
f 139 1463 1464
f 160 1589 1590
f 120 1350 1349
f 149 1524 1523
f 132 1421 1422
f 128 1398 1397
f 145 1500 1499
f 148 1518 1517
f 155 1560 1559
f 133 1428 1427
f 134 1434 1433
f 157 1571 1572
f 124 1373 1374
f 44 889 892
f 43 883 885
f 45 895 897
f 46 901 903
f 47 907 910
f 52 937 939
f 70 1045 1048
f 99 1219 1222
f 95 1195 1198
f 81 1111 1113
f 59 979 982
f 58 973 975
f 60 985 987
f 61 991 993
f 62 997 1000
f 65 1015 1017
f 57 967 969
f 77 1087 1089
f 86 1141 1144
f 88 1153 1156
f 98 1213 1215
f 68 1033 1035
f 48 913 916
f 78 1093 1096
f 93 1183 1186
f 69 1039 1042
f 101 1231 1234
f 97 1207 1210
f 82 1117 1120
f 50 925 928
f 89 1159 1161
f 64 1009 1011
f 53 943 946
f 74 1069 1072
f 84 1129 1132
f 90 1165 1168
f 63 1003 1006
f 55 955 958
f 76 1081 1084
f 87 1147 1149
f 72 1057 1059
f 49 919 921
f 79 1099 1101
f 96 1201 1203
f 102 1237 1239
f 91 1171 1173
f 67 1027 1030
f 56 961 964
f 75 1075 1078
f 83 1123 1125
f 66 1021 1023
f 54 949 951
f 73 1063 1065
f 85 1135 1137
f 92 1177 1180
f 71 1051 1054
f 100 1225 1227
f 94 1189 1191
f 80 1105 1107
f 51 931 934
f 116 1322 1326
f 108 1274 1278
f 106 1262 1266
f 112 1298 1302
f 115 1316 1320
f 119 1340 1344
f 156 1561 1565
f 139 1459 1463
f 160 1585 1589
f 120 1346 1350
f 149 1520 1524
f 132 1417 1421
f 128 1394 1398
f 145 1496 1500
f 148 1514 1518
f 155 1556 1560
f 133 1424 1428
f 134 1430 1434
f 157 1567 1571
f 124 1369 1373
f 47 908 911
f 44 890 893
f 43 884 888
f 45 896 900
f 46 902 906
f 49 920 924
f 72 1058 1062
f 102 1238 1242
f 96 1202 1206
f 79 1100 1104
f 62 998 1001
f 59 980 983
f 58 974 978
f 60 986 990
f 61 992 996
f 66 1022 1026
f 54 950 954
f 73 1064 1068
f 85 1136 1140
f 92 1178 1181
f 101 1232 1235
f 69 1040 1043
f 50 926 929
f 82 1118 1121
f 97 1208 1211
f 71 1052 1055
f 100 1226 1230
f 94 1190 1194
f 80 1106 1110
f 51 932 935
f 90 1166 1169
f 63 1004 1007
f 55 956 959
f 76 1082 1085
f 87 1148 1152
f 91 1172 1176
f 67 1028 1031
f 56 962 965
f 75 1076 1079
f 83 1124 1128
f 68 1034 1038
f 48 914 917
f 78 1094 1097
f 93 1184 1187
f 98 1214 1218
f 88 1154 1157
f 65 1016 1020
f 57 968 972
f 77 1088 1092
f 86 1142 1145
f 64 1010 1014
f 53 944 947
f 74 1070 1073
f 84 1130 1133
f 89 1160 1164
f 70 1046 1049
f 99 1220 1223
f 95 1196 1199
f 81 1112 1116
f 52 938 942
f 109 1279 1283
f 105 1255 1259
f 111 1291 1295
f 114 1309 1313
f 117 1327 1331
f 125 1375 1379
f 152 1537 1541
f 137 1448 1452
f 158 1574 1578
f 123 1364 1368
f 143 1483 1487
f 127 1387 1391
f 135 1436 1440
f 147 1507 1511
f 150 1525 1529
f 153 1543 1547
f 140 1465 1469
f 138 1454 1458
f 159 1580 1584
f 122 1358 1362
f 107 1267 1269
f 103 1243 1245
f 104 1250 1252
f 110 1286 1288
f 113 1304 1306
f 118 1334 1336
f 154 1549 1551
f 141 1471 1473
f 162 1597 1599
f 121 1352 1354
f 142 1477 1479
f 129 1399 1401
f 130 1406 1408
f 144 1490 1492
f 146 1502 1504
f 151 1531 1533
f 131 1412 1414
f 136 1442 1444
f 161 1592 1594
f 126 1381 1383
f 116 1321 1323
f 108 1273 1275
f 106 1261 1263
f 112 1297 1299
f 115 1315 1317
f 119 1339 1341
f 156 1562 1564
f 139 1460 1462
f 160 1586 1588
f 120 1345 1347
f 149 1519 1521
f 132 1418 1420
f 128 1393 1395
f 145 1495 1497
f 148 1513 1515
f 155 1555 1557
f 133 1423 1425
f 134 1429 1431
f 157 1568 1570
f 124 1370 1372
f 109 1280 1282
f 105 1256 1258
f 111 1292 1294
f 114 1310 1312
f 117 1328 1330
f 125 1376 1378
f 152 1538 1540
f 137 1447 1449
f 158 1573 1575
f 123 1363 1365
f 143 1484 1486
f 127 1388 1390
f 135 1435 1437
f 147 1508 1510
f 150 1526 1528
f 153 1544 1546
f 140 1466 1468
f 138 1453 1455
f 159 1579 1581
f 122 1357 1359
f 107 1268 1272
f 103 1244 1248
f 104 1249 1253
f 110 1285 1289
f 113 1303 1307
f 118 1333 1337
f 154 1550 1554
f 141 1472 1476
f 162 1598 1602
f 121 1351 1355
f 142 1478 1482
f 129 1400 1404
f 130 1405 1409
f 144 1489 1493
f 146 1501 1505
f 151 1532 1536
f 131 1411 1415
f 136 1441 1445
f 161 1591 1595
f 126 1382 1386
f 47 911 909
f 44 893 891
f 43 888 886
f 45 900 898
f 46 906 904
f 49 924 922
f 72 1062 1060
f 102 1242 1240
f 96 1206 1204
f 79 1104 1102
f 62 1001 999
f 59 983 981
f 58 978 976
f 60 990 988
f 61 996 994
f 66 1026 1024
f 54 954 952
f 73 1068 1066
f 85 1140 1138
f 92 1181 1179
f 101 1235 1233
f 69 1043 1041
f 50 929 927
f 82 1121 1119
f 97 1211 1209
f 71 1055 1053
f 100 1230 1228
f 94 1194 1192
f 80 1110 1108
f 51 935 933
f 90 1169 1167
f 63 1007 1005
f 55 959 957
f 76 1085 1083
f 87 1152 1150
f 91 1176 1174
f 67 1031 1029
f 56 965 963
f 75 1079 1077
f 83 1128 1126
f 68 1038 1036
f 48 917 915
f 78 1097 1095
f 93 1187 1185
f 98 1218 1216
f 88 1157 1155
f 65 1020 1018
f 57 972 970
f 77 1092 1090
f 86 1145 1143
f 64 1014 1012
f 53 947 945
f 74 1073 1071
f 84 1133 1131
f 89 1164 1162
f 70 1049 1047
f 99 1223 1221
f 95 1199 1197
f 81 1116 1114
f 52 942 940
f 109 1283 1284
f 105 1259 1260
f 111 1295 1296
f 114 1313 1314
f 117 1331 1332
f 125 1379 1380
f 152 1541 1542
f 137 1452 1451
f 158 1578 1577
f 123 1368 1367
f 143 1487 1488
f 127 1391 1392
f 135 1440 1439
f 147 1511 1512
f 150 1529 1530
f 153 1547 1548
f 140 1469 1470
f 138 1458 1457
f 159 1584 1583
f 122 1362 1361
f 407 1609 1616
f 403 1605 1608
f 404 1611 1606
f 410 1614 1612
f 413 1617 1615
f 422 1631 1624
f 486 1688 1692
f 573 1775 1782
f 561 1763 1765
f 512 1719 1714
f 452 1654 1661
f 448 1650 1653
f 449 1656 1651
f 455 1659 1657
f 458 1662 1660
f 470 1672 1675
f 437 1646 1639
f 494 1706 1696
f 531 1735 1733
f 539 1741 1751
f 568 1770 1779
f 478 1680 1683
f 419 1621 1626
f 509 1711 1721
f 554 1756 1766
f 482 1684 1689
f 576 1780 1778
f 558 1767 1760
f 516 1722 1718
f 425 1627 1629
f 542 1744 1747
f 463 1668 1665
f 434 1636 1641
f 497 1699 1704
f 528 1730 1737
f 546 1748 1750
f 464 1666 1676
f 440 1642 1644
f 500 1705 1702
f 524 1736 1726
f 479 1691 1681
f 418 1623 1620
f 508 1713 1710
f 553 1764 1755
f 569 1781 1771
f 538 1749 1740
f 471 1677 1673
f 443 1645 1647
f 501 1703 1707
f 523 1725 1734
f 467 1674 1669
f 433 1638 1635
f 493 1695 1698
f 527 1732 1729
f 543 1752 1745
f 485 1690 1687
f 572 1777 1774
f 557 1759 1762
f 515 1717 1720
f 428 1630 1632
f 591 2191 2189
f 587 1885 1883
f 588 1901 1903
f 594 2279 2281
f 597 2315 2317
f 600 2171 2173
f 634 2160 2158
f 619 2016 2012
f 639 2214 2210
f 602 1919 1924
f 624 2137 2135
f 608 1978 1973
f 610 1991 1996
f 627 2225 2227
f 630 2302 2304
f 635 2178 2176
f 615 2153 2155
f 617 2009 2014
f 637 2207 2212
f 604 1926 1922
f 416 1857 1864
f 408 1803 1810
f 406 1786 1795
f 412 1822 1831
f 415 1840 1849
f 424 1876 1887
f 492 2182 2193
f 582 2312 2321
f 565 2276 2285
f 514 1898 1907
f 461 2091 2098
f 453 2037 2044
f 451 1952 1961
f 457 2056 2067
f 460 2074 2083
f 475 2128 2139
f 439 1966 1975
f 496 1988 1997
f 533 2222 2231
f 551 2293 2298
f 579 2185 2190
f 483 1879 1884
f 426 1893 1900
f 521 2271 2278
f 566 2307 2314
f 489 2163 2170
f 578 2150 2159
f 560 2006 2015
f 518 2204 2213
f 429 1911 1918
f 547 2131 2136
f 465 1969 1977
f 441 1983 1990
f 504 2217 2224
f 537 2290 2301
f 550 2168 2177
f 476 2145 2152
f 444 2001 2008
f 502 2199 2206
f 526 1916 1925
f 481 1808 1817
f 420 1789 1797
f 510 1825 1833
f 555 1843 1851
f 571 1862 1871
f 540 1933 1941
f 473 2110 2119
f 447 2020 2029
f 507 2236 2247
f 534 2257 2262
f 469 2042 2051
f 435 1947 1954
f 498 2059 2064
f 529 2077 2085
f 545 2096 2105
f 487 2113 2121
f 574 2023 2031
f 562 2239 2244
f 520 2254 2265
f 432 1930 1939
f 589 1818 1814
f 583 1798 1793
f 586 1834 1829
f 593 1852 1847
f 596 1872 1868
f 599 1942 1937
f 633 2120 2124
f 620 2030 2034
f 640 2248 2250
f 603 2263 2261
f 622 2052 2050
f 607 1955 1960
f 612 2065 2063
f 626 2086 2081
f 629 2106 2102
f 631 2122 2117
f 614 2032 2027
f 618 2245 2243
f 641 2266 2268
f 605 1940 1944
f 409 1813 1804
f 405 1792 1785
f 411 1828 1821
f 414 1846 1839
f 417 1867 1858
f 431 1936 1929
f 488 2123 2114
f 575 2033 2024
f 563 2249 2240
f 519 2260 2253
f 454 2049 2038
f 450 1959 1951
f 456 2062 2055
f 459 2080 2073
f 462 2101 2092
f 472 2116 2109
f 446 2026 2019
f 506 2242 2235
f 535 2267 2258
f 541 1943 1934
f 570 1869 1861
f 480 1815 1807
f 421 1799 1790
f 511 1835 1826
f 556 1853 1844
f 484 1889 1880
f 580 2195 2186
f 567 2319 2308
f 522 2283 2272
f 427 1905 1894
f 544 2103 2095
f 468 2046 2041
f 436 1957 1948
f 499 2069 2060
f 530 2087 2078
f 548 2141 2132
f 466 1979 1970
f 442 1993 1984
f 505 2229 2218
f 536 2296 2289
f 491 2188 2181
f 423 1882 1875
f 513 1902 1897
f 564 2280 2275
f 581 2316 2311
f 549 2172 2167
f 477 2157 2146
f 445 2011 2002
f 503 2209 2200
f 525 1923 1915
f 474 2134 2127
f 438 1972 1965
f 495 1995 1987
f 532 2226 2221
f 552 2303 2294
f 490 2175 2164
f 577 2154 2149
f 559 2013 2005
f 517 2211 2203
f 430 1921 1912
f 590 1865 1870
f 584 1811 1816
f 585 1796 1800
f 592 1832 1836
f 595 1850 1854
f 598 1888 1890
f 636 2194 2196
f 621 2322 2320
f 642 2286 2284
f 601 1908 1906
f 623 2099 2104
f 611 2045 2047
f 609 1962 1958
f 625 2068 2070
f 628 2084 2088
f 632 2140 2142
f 613 1976 1980
f 616 1998 1994
f 638 2232 2230
f 606 2299 2297
f 407 2330 2329
f 403 2324 2323
f 404 2325 2326
f 410 2332 2333
f 413 2335 2336
f 422 2344 2345
f 486 2410 2409
f 573 2497 2496
f 561 2486 2485
f 512 2434 2435
f 452 2375 2374
f 448 2369 2368
f 449 2370 2371
f 455 2377 2378
f 458 2380 2381
f 470 2393 2392
f 437 2359 2360
f 494 2415 2416
f 531 2455 2456
f 539 2461 2460
f 568 2489 2488
f 478 2399 2398
f 419 2341 2340
f 509 2431 2430
f 554 2476 2475
f 482 2405 2404
f 576 2500 2501
f 558 2481 2482
f 516 2439 2440
f 425 2348 2347
f 542 2465 2464
f 463 2383 2384
f 434 2356 2355
f 497 2420 2419
f 528 2452 2451
f 546 2471 2470
f 464 2386 2385
f 440 2363 2362
f 500 2422 2423
f 524 2445 2446
f 479 2400 2401
f 418 2338 2339
f 508 2428 2429
f 553 2473 2474
f 569 2490 2491
f 538 2458 2459
f 471 2394 2395
f 443 2366 2365
f 501 2425 2424
f 523 2444 2443
f 467 2389 2390
f 433 2353 2354
f 493 2414 2413
f 527 2449 2450
f 543 2466 2467
f 485 2407 2408
f 572 2494 2495
f 557 2480 2479
f 515 2438 2437
f 428 2351 2350
f 591 2510 2511
f 587 2504 2505
f 588 2508 2507
f 594 2514 2513
f 597 2517 2516
f 600 2520 2519
f 634 2554 2556
f 619 2539 2540
f 639 2560 2561
f 602 2523 2521
f 624 2543 2544
f 608 2527 2529
f 610 2532 2530
f 627 2547 2546
f 630 2550 2549
f 635 2552 2553
f 615 2535 2534
f 617 2538 2536
f 637 2558 2557
f 604 2524 2525
f 167 1607 647
f 164 1603 644
f 163 1604 643
f 165 1610 645
f 166 1613 646
f 169 1622 649
f 192 1686 672
f 222 1773 702
f 216 1761 696
f 199 1712 679
f 182 1652 662
f 179 1648 659
f 178 1649 658
f 180 1655 660
f 181 1658 661
f 186 1670 666
f 174 1637 654
f 193 1694 673
f 205 1731 685
f 212 1739 692
f 221 1768 701
f 189 1678 669
f 170 1619 650
f 202 1709 682
f 217 1754 697
f 191 1682 671
f 220 1776 700
f 214 1758 694
f 200 1716 680
f 171 1625 651
f 210 1742 690
f 183 1663 663
f 175 1634 655
f 196 1697 676
f 207 1728 687
f 211 1746 691
f 187 1664 667
f 176 1640 656
f 195 1700 675
f 203 1724 683
f 188 1679 668
f 168 1618 648
f 198 1708 678
f 213 1753 693
f 218 1769 698
f 208 1738 688
f 185 1671 665
f 177 1643 657
f 197 1701 677
f 206 1723 686
f 184 1667 664
f 173 1633 653
f 194 1693 674
f 204 1727 684
f 209 1743 689
f 190 1685 670
f 219 1772 699
f 215 1757 695
f 201 1715 681
f 172 1628 652
f 357 2187 837
f 255 1881 735
f 262 1899 742
f 388 2277 868
f 400 2313 880
f 352 2169 832
f 347 2156 827
f 298 2010 778
f 364 2208 844
f 269 1917 749
f 339 2133 819
f 285 1971 765
f 293 1989 773
f 370 2223 850
f 396 2300 876
f 353 2174 833
f 346 2151 826
f 299 2007 779
f 365 2205 845
f 268 1920 748
f 249 1855 729
f 231 1801 711
f 226 1784 706
f 238 1820 718
f 244 1838 724
f 257 1874 737
f 359 2180 839
f 402 2310 882
f 390 2274 870
f 264 1896 744
f 327 2089 807
f 309 2035 789
f 282 1950 762
f 317 2054 797
f 322 2072 802
f 341 2126 821
f 286 1964 766
f 294 1986 774
f 372 2220 852
f 394 2291 874
f 358 2183 838
f 256 1877 736
f 261 1891 741
f 387 2269 867
f 399 2305 879
f 351 2161 831
f 348 2148 828
f 300 2004 780
f 366 2202 846
f 267 1909 747
f 340 2129 820
f 287 1967 767
f 291 1981 771
f 369 2215 849
f 395 2288 875
f 354 2166 834
f 345 2143 825
f 297 1999 777
f 363 2197 843
f 270 1914 750
f 234 1806 714
f 227 1787 707
f 239 1823 719
f 245 1841 725
f 252 1860 732
f 275 1931 755
f 334 2108 814
f 304 2018 784
f 377 2234 857
f 382 2255 862
f 312 2040 792
f 279 1945 759
f 316 2057 796
f 323 2075 803
f 330 2094 810
f 335 2111 815
f 305 2021 785
f 376 2237 856
f 383 2252 863
f 274 1928 754
f 232 1812 712
f 225 1791 705
f 237 1827 717
f 243 1845 723
f 250 1866 730
f 273 1935 753
f 336 2118 816
f 306 2028 786
f 378 2246 858
f 381 2259 861
f 311 2048 791
f 281 1953 761
f 315 2061 795
f 321 2079 801
f 328 2100 808
f 333 2115 813
f 303 2025 783
f 375 2241 855
f 384 2264 864
f 276 1938 756
f 229 1802 709
f 223 1783 703
f 235 1819 715
f 241 1837 721
f 247 1856 727
f 271 1927 751
f 332 2112 812
f 302 2022 782
f 374 2238 854
f 379 2251 859
f 307 2036 787
f 278 1949 758
f 313 2053 793
f 319 2071 799
f 325 2090 805
f 331 2107 811
f 301 2017 781
f 373 2233 853
f 380 2256 860
f 272 1932 752
f 248 1859 728
f 230 1805 710
f 224 1788 704
f 236 1824 716
f 242 1842 722
f 254 1878 734
f 356 2184 836
f 397 2306 877
f 385 2270 865
f 259 1892 739
f 326 2093 806
f 308 2039 788
f 277 1946 757
f 314 2058 794
f 320 2076 800
f 338 2130 818
f 284 1968 764
f 289 1982 769
f 367 2216 847
f 391 2287 871
f 355 2179 835
f 253 1873 733
f 260 1895 740
f 386 2273 866
f 398 2309 878
f 350 2165 830
f 343 2144 823
f 295 2000 775
f 361 2198 841
f 266 1913 746
f 337 2125 817
f 283 1963 763
f 290 1985 770
f 368 2219 848
f 392 2292 872
f 349 2162 829
f 344 2147 824
f 296 2003 776
f 362 2201 842
f 265 1910 745
f 251 1863 731
f 233 1809 713
f 228 1794 708
f 240 1830 720
f 246 1848 726
f 258 1886 738
f 360 2192 840
f 401 2318 881
f 389 2282 869
f 263 1904 743
f 329 2097 809
f 310 2043 790
f 280 1956 760
f 318 2066 798
f 324 2082 804
f 342 2138 822
f 288 1974 768
f 292 1992 772
f 371 2228 851
f 393 2295 873
f 409 2331 1269
f 405 2327 1245
f 411 2328 1252
f 414 2334 1288
f 417 2337 1306
f 431 2346 1336
f 488 2412 1551
f 575 2499 1473
f 563 2487 1599
f 519 2436 1354
f 454 2376 1479
f 450 2372 1401
f 456 2373 1408
f 459 2379 1492
f 462 2382 1504
f 472 2396 1533
f 446 2361 1414
f 506 2418 1444
f 535 2457 1594
f 541 2463 1383
f 570 2492 1323
f 480 2402 1275
f 421 2343 1263
f 511 2433 1299
f 556 2478 1317
f 484 2406 1341
f 580 2502 1564
f 567 2484 1462
f 522 2442 1588
f 427 2349 1347
f 544 2468 1521
f 468 2387 1420
f 436 2358 1395
f 499 2421 1497
f 530 2454 1515
f 548 2472 1557
f 466 2388 1425
f 442 2364 1431
f 505 2426 1570
f 536 2448 1372
f 491 2403 1282
f 423 2342 1258
f 513 2432 1294
f 564 2477 1312
f 581 2493 1330
f 549 2462 1378
f 477 2397 1540
f 445 2367 1449
f 503 2427 1575
f 525 2447 1365
f 474 2391 1486
f 438 2357 1390
f 495 2417 1437
f 532 2453 1510
f 552 2469 1528
f 490 2411 1546
f 577 2498 1468
f 559 2483 1455
f 517 2441 1581
f 430 2352 1359
f 590 2509 1272
f 584 2503 1248
f 585 2506 1253
f 592 2512 1289
f 595 2515 1307
f 598 2518 1337
f 636 2555 1554
f 621 2541 1476
f 642 2562 1602
f 601 2522 1355
f 623 2542 1482
f 611 2528 1404
f 609 2531 1409
f 625 2545 1493
f 628 2548 1505
f 632 2551 1536
f 613 2533 1415
f 616 2537 1445
f 638 2559 1595
f 606 2526 1386
f 407 1616 909
f 403 1608 891
f 404 1606 886
f 410 1612 898
f 413 1615 904
f 422 1624 922
f 486 1692 1060
f 573 1782 1240
f 561 1765 1204
f 512 1714 1102
f 452 1661 999
f 448 1653 981
f 449 1651 976
f 455 1657 988
f 458 1660 994
f 470 1675 1024
f 437 1639 952
f 494 1696 1066
f 531 1733 1138
f 539 1751 1179
f 568 1779 1233
f 478 1683 1041
f 419 1626 927
f 509 1721 1119
f 554 1766 1209
f 482 1689 1053
f 576 1778 1228
f 558 1760 1192
f 516 1718 1108
f 425 1629 933
f 542 1747 1167
f 463 1665 1005
f 434 1641 957
f 497 1704 1083
f 528 1737 1150
f 546 1750 1174
f 464 1676 1029
f 440 1644 963
f 500 1702 1077
f 524 1726 1126
f 479 1681 1036
f 418 1620 915
f 508 1710 1095
f 553 1755 1185
f 569 1771 1216
f 538 1740 1155
f 471 1673 1018
f 443 1647 970
f 501 1707 1090
f 523 1734 1143
f 467 1669 1012
f 433 1635 945
f 493 1698 1071
f 527 1729 1131
f 543 1745 1162
f 485 1687 1047
f 572 1774 1221
f 557 1762 1197
f 515 1720 1114
f 428 1632 940
f 591 2189 1284
f 587 1883 1260
f 588 1903 1296
f 594 2281 1314
f 597 2317 1332
f 600 2173 1380
f 634 2158 1542
f 619 2012 1451
f 639 2210 1577
f 602 1924 1367
f 624 2135 1488
f 608 1973 1392
f 610 1996 1439
f 627 2227 1512
f 630 2304 1530
f 635 2176 1548
f 615 2155 1470
f 617 2014 1457
f 637 2212 1583
f 604 1922 1361
f 416 1864 1270
f 408 1810 1246
f 406 1795 1251
f 412 1831 1287
f 415 1849 1305
f 424 1887 1335
f 492 2193 1552
f 582 2321 1474
f 565 2285 1600
f 514 1907 1353
f 461 2098 1480
f 453 2044 1402
f 451 1961 1407
f 457 2067 1491
f 460 2083 1503
f 475 2139 1534
f 439 1975 1413
f 496 1997 1443
f 533 2231 1593
f 551 2298 1384
f 579 2190 1324
f 483 1884 1276
f 426 1900 1264
f 521 2278 1300
f 566 2314 1318
f 489 2170 1342
f 578 2159 1563
f 560 2015 1461
f 518 2213 1587
f 429 1918 1348
f 547 2136 1522
f 465 1977 1419
f 441 1990 1396
f 504 2224 1498
f 537 2301 1516
f 550 2177 1558
f 476 2152 1426
f 444 2008 1432
f 502 2206 1569
f 526 1925 1371
f 481 1817 1281
f 420 1797 1257
f 510 1833 1293
f 555 1851 1311
f 571 1871 1329
f 540 1941 1377
f 473 2119 1539
f 447 2029 1450
f 507 2247 1576
f 534 2262 1366
f 469 2051 1485
f 435 1954 1389
f 498 2064 1438
f 529 2085 1509
f 545 2105 1527
f 487 2121 1545
f 574 2031 1467
f 562 2244 1456
f 520 2265 1582
f 432 1939 1360
f 589 1814 1271
f 583 1793 1247
f 586 1829 1254
f 593 1847 1290
f 596 1868 1308
f 599 1937 1338
f 633 2124 1553
f 620 2034 1475
f 640 2250 1601
f 603 2261 1356
f 622 2050 1481
f 607 1960 1403
f 612 2063 1410
f 626 2081 1494
f 629 2102 1506
f 631 2117 1535
f 614 2027 1416
f 618 2243 1446
f 641 2268 1596
f 605 1944 1385
f 409 1804 894
f 405 1785 887
f 411 1821 899
f 414 1839 905
f 417 1858 912
f 431 1929 941
f 488 2114 1050
f 575 2024 1224
f 563 2240 1200
f 519 2253 1115
f 454 2038 984
f 450 1951 977
f 456 2055 989
f 459 2073 995
f 462 2092 1002
f 472 2109 1019
f 446 2019 971
f 506 2235 1091
f 535 2258 1146
f 541 1934 1158
f 570 1861 1217
f 480 1807 1037
f 421 1790 918
f 511 1826 1098
f 556 1844 1188
f 484 1880 1044
f 580 2186 1236
f 567 2308 1212
f 522 2272 1122
f 427 1894 930
f 544 2095 1163
f 468 2041 1013
f 436 1948 948
f 499 2060 1074
f 530 2078 1134
f 548 2132 1170
f 466 1970 1008
f 442 1984 960
f 505 2218 1086
f 536 2289 1151
f 491 2181 1061
f 423 1875 923
f 513 1897 1103
f 564 2275 1205
f 581 2311 1241
f 549 2167 1175
f 477 2146 1032
f 445 2002 966
f 503 2200 1080
f 525 1915 1127
f 474 2127 1025
f 438 1965 953
f 495 1987 1067
f 532 2221 1139
f 552 2294 1182
f 490 2164 1056
f 577 2149 1229
f 559 2005 1193
f 517 2203 1109
f 430 1912 936
f 590 1870 1325
f 584 1816 1277
f 585 1800 1265
f 592 1836 1301
f 595 1854 1319
f 598 1890 1343
f 636 2196 1566
f 621 2320 1464
f 642 2284 1590
f 601 1906 1349
f 623 2104 1523
f 611 2047 1422
f 609 1958 1397
f 625 2070 1499
f 628 2088 1517
f 632 2142 1559
f 613 1980 1427
f 616 1994 1433
f 638 2230 1572
f 606 2297 1374
f 407 2329 892
f 403 2323 885
f 404 2326 897
f 410 2333 903
f 413 2336 910
f 422 2345 939
f 486 2409 1048
f 573 2496 1222
f 561 2485 1198
f 512 2435 1113
f 452 2374 982
f 448 2368 975
f 449 2371 987
f 455 2378 993
f 458 2381 1000
f 470 2392 1017
f 437 2360 969
f 494 2416 1089
f 531 2456 1144
f 539 2460 1156
f 568 2488 1215
f 478 2398 1035
f 419 2340 916
f 509 2430 1096
f 554 2475 1186
f 482 2404 1042
f 576 2501 1234
f 558 2482 1210
f 516 2440 1120
f 425 2347 928
f 542 2464 1161
f 463 2384 1011
f 434 2355 946
f 497 2419 1072
f 528 2451 1132
f 546 2470 1168
f 464 2385 1006
f 440 2362 958
f 500 2423 1084
f 524 2446 1149
f 479 2401 1059
f 418 2339 921
f 508 2429 1101
f 553 2474 1203
f 569 2491 1239
f 538 2459 1173
f 471 2395 1030
f 443 2365 964
f 501 2424 1078
f 523 2443 1125
f 467 2390 1023
f 433 2354 951
f 493 2413 1065
f 527 2450 1137
f 543 2467 1180
f 485 2408 1054
f 572 2495 1227
f 557 2479 1191
f 515 2437 1107
f 428 2350 934
f 591 2511 1326
f 587 2505 1278
f 588 2507 1266
f 594 2513 1302
f 597 2516 1320
f 600 2519 1344
f 634 2556 1565
f 619 2540 1463
f 639 2561 1589
f 602 2521 1350
f 624 2544 1524
f 608 2529 1421
f 610 2530 1398
f 627 2546 1500
f 630 2549 1518
f 635 2553 1560
f 615 2534 1428
f 617 2536 1434
f 637 2557 1571
f 604 2525 1373
f 164 1609 889
f 163 1605 883
f 165 1611 895
f 166 1614 901
f 167 1617 907
f 172 1631 937
f 190 1688 1045
f 219 1775 1219
f 215 1763 1195
f 201 1719 1111
f 179 1654 979
f 178 1650 973
f 180 1656 985
f 181 1659 991
f 182 1662 997
f 185 1672 1015
f 177 1646 967
f 197 1706 1087
f 206 1735 1141
f 208 1741 1153
f 218 1770 1213
f 188 1680 1033
f 168 1621 913
f 198 1711 1093
f 213 1756 1183
f 189 1684 1039
f 221 1780 1231
f 217 1767 1207
f 202 1722 1117
f 170 1627 925
f 209 1744 1159
f 184 1668 1009
f 173 1636 943
f 194 1699 1069
f 204 1730 1129
f 210 1748 1165
f 183 1666 1003
f 175 1642 955
f 196 1705 1081
f 207 1736 1147
f 192 1691 1057
f 169 1623 919
f 199 1713 1099
f 216 1764 1201
f 222 1781 1237
f 211 1749 1171
f 187 1677 1027
f 176 1645 961
f 195 1703 1075
f 203 1725 1123
f 186 1674 1021
f 174 1638 949
f 193 1695 1063
f 205 1732 1135
f 212 1752 1177
f 191 1690 1051
f 220 1777 1225
f 214 1759 1189
f 200 1717 1105
f 171 1630 931
f 358 2191 1322
f 256 1885 1274
f 261 1901 1262
f 387 2279 1298
f 399 2315 1316
f 351 2171 1340
f 348 2160 1561
f 300 2016 1459
f 366 2214 1585
f 267 1919 1346
f 340 2137 1520
f 287 1978 1417
f 291 1991 1394
f 369 2225 1496
f 395 2302 1514
f 354 2178 1556
f 345 2153 1424
f 297 2009 1430
f 363 2207 1567
f 270 1926 1369
f 247 1857 908
f 229 1803 890
f 223 1786 884
f 235 1822 896
f 241 1840 902
f 253 1876 920
f 355 2182 1058
f 398 2312 1238
f 386 2276 1202
f 260 1898 1100
f 325 2091 998
f 307 2037 980
f 278 1952 974
f 313 2056 986
f 319 2074 992
f 337 2128 1022
f 283 1966 950
f 290 1988 1064
f 368 2222 1136
f 392 2293 1178
f 356 2185 1232
f 254 1879 1040
f 259 1893 926
f 385 2271 1118
f 397 2307 1208
f 349 2163 1052
f 344 2150 1226
f 296 2006 1190
f 362 2204 1106
f 265 1911 932
f 338 2131 1166
f 284 1969 1004
f 289 1983 956
f 367 2217 1082
f 391 2290 1148
f 350 2168 1172
f 343 2145 1028
f 295 2001 962
f 361 2199 1076
f 266 1916 1124
f 230 1808 1034
f 224 1789 914
f 236 1825 1094
f 242 1843 1184
f 248 1862 1214
f 272 1933 1154
f 331 2110 1016
f 301 2020 968
f 373 2236 1088
f 380 2257 1142
f 308 2042 1010
f 277 1947 944
f 314 2059 1070
f 320 2077 1130
f 326 2096 1160
f 332 2113 1046
f 302 2023 1220
f 374 2239 1196
f 379 2254 1112
f 271 1930 938
f 234 1818 1279
f 227 1798 1255
f 239 1834 1291
f 245 1852 1309
f 252 1872 1327
f 275 1942 1375
f 334 2120 1537
f 304 2030 1448
f 377 2248 1574
f 382 2263 1364
f 312 2052 1483
f 279 1955 1387
f 316 2065 1436
f 323 2086 1507
f 330 2106 1525
f 335 2122 1543
f 305 2032 1465
f 376 2245 1454
f 383 2266 1580
f 274 1940 1358
f 232 1813 1267
f 225 1792 1243
f 237 1828 1250
f 243 1846 1286
f 250 1867 1304
f 273 1936 1334
f 336 2123 1549
f 306 2033 1471
f 378 2249 1597
f 381 2260 1352
f 311 2049 1477
f 281 1959 1399
f 315 2062 1406
f 321 2080 1490
f 328 2101 1502
f 333 2116 1531
f 303 2026 1412
f 375 2242 1442
f 384 2267 1592
f 276 1943 1381
f 251 1869 1321
f 233 1815 1273
f 228 1799 1261
f 240 1835 1297
f 246 1853 1315
f 258 1889 1339
f 360 2195 1562
f 401 2319 1460
f 389 2283 1586
f 263 1905 1345
f 329 2103 1519
f 310 2046 1418
f 280 1957 1393
f 318 2069 1495
f 324 2087 1513
f 342 2141 1555
f 288 1979 1423
f 292 1993 1429
f 371 2229 1568
f 393 2296 1370
f 357 2188 1280
f 255 1882 1256
f 262 1902 1292
f 388 2280 1310
f 400 2316 1328
f 352 2172 1376
f 347 2157 1538
f 298 2011 1447
f 364 2209 1573
f 269 1923 1363
f 339 2134 1484
f 285 1972 1388
f 293 1995 1435
f 370 2226 1508
f 396 2303 1526
f 353 2175 1544
f 346 2154 1466
f 299 2013 1453
f 365 2211 1579
f 268 1921 1357
f 249 1865 1268
f 231 1811 1244
f 226 1796 1249
f 238 1832 1285
f 244 1850 1303
f 257 1888 1333
f 359 2194 1550
f 402 2322 1472
f 390 2286 1598
f 264 1908 1351
f 327 2099 1478
f 309 2045 1400
f 282 1962 1405
f 317 2068 1489
f 322 2084 1501
f 341 2140 1532
f 286 1976 1411
f 294 1998 1441
f 372 2232 1591
f 394 2299 1382
f 416 2330 911
f 408 2324 893
f 406 2325 888
f 412 2332 900
f 415 2335 906
f 424 2344 924
f 492 2410 1062
f 582 2497 1242
f 565 2486 1206
f 514 2434 1104
f 461 2375 1001
f 453 2369 983
f 451 2370 978
f 457 2377 990
f 460 2380 996
f 475 2393 1026
f 439 2359 954
f 496 2415 1068
f 533 2455 1140
f 551 2461 1181
f 579 2489 1235
f 483 2399 1043
f 426 2341 929
f 521 2431 1121
f 566 2476 1211
f 489 2405 1055
f 578 2500 1230
f 560 2481 1194
f 518 2439 1110
f 429 2348 935
f 547 2465 1169
f 465 2383 1007
f 441 2356 959
f 504 2420 1085
f 537 2452 1152
f 550 2471 1176
f 476 2386 1031
f 444 2363 965
f 502 2422 1079
f 526 2445 1128
f 481 2400 1038
f 420 2338 917
f 510 2428 1097
f 555 2473 1187
f 571 2490 1218
f 540 2458 1157
f 473 2394 1020
f 447 2366 972
f 507 2425 1092
f 534 2444 1145
f 469 2389 1014
f 435 2353 947
f 498 2414 1073
f 529 2449 1133
f 545 2466 1164
f 487 2407 1049
f 574 2494 1223
f 562 2480 1199
f 520 2438 1116
f 432 2351 942
f 589 2510 1283
f 583 2504 1259
f 586 2508 1295
f 593 2514 1313
f 596 2517 1331
f 599 2520 1379
f 633 2554 1541
f 620 2539 1452
f 640 2560 1578
f 603 2523 1368
f 622 2543 1487
f 607 2527 1391
f 612 2532 1440
f 626 2547 1511
f 629 2550 1529
f 631 2552 1547
f 614 2535 1469
f 618 2538 1458
f 641 2558 1584
f 605 2524 1362
f 164 1607 1609
f 163 1603 1605
f 165 1604 1611
f 166 1610 1614
f 167 1613 1617
f 172 1622 1631
f 190 1686 1688
f 219 1773 1775
f 215 1761 1763
f 201 1712 1719
f 179 1652 1654
f 178 1648 1650
f 180 1649 1656
f 181 1655 1659
f 182 1658 1662
f 185 1670 1672
f 177 1637 1646
f 197 1694 1706
f 206 1731 1735
f 208 1739 1741
f 218 1768 1770
f 188 1678 1680
f 168 1619 1621
f 198 1709 1711
f 213 1754 1756
f 189 1682 1684
f 221 1776 1780
f 217 1758 1767
f 202 1716 1722
f 170 1625 1627
f 209 1742 1744
f 184 1663 1668
f 173 1634 1636
f 194 1697 1699
f 204 1728 1730
f 210 1746 1748
f 183 1664 1666
f 175 1640 1642
f 196 1700 1705
f 207 1724 1736
f 192 1679 1691
f 169 1618 1623
f 199 1708 1713
f 216 1753 1764
f 222 1769 1781
f 211 1738 1749
f 187 1671 1677
f 176 1643 1645
f 195 1701 1703
f 203 1723 1725
f 186 1667 1674
f 174 1633 1638
f 193 1693 1695
f 205 1727 1732
f 212 1743 1752
f 191 1685 1690
f 220 1772 1777
f 214 1757 1759
f 200 1715 1717
f 171 1628 1630
f 358 2187 2191
f 256 1881 1885
f 261 1899 1901
f 387 2277 2279
f 399 2313 2315
f 351 2169 2171
f 348 2156 2160
f 300 2010 2016
f 366 2208 2214
f 267 1917 1919
f 340 2133 2137
f 287 1971 1978
f 291 1989 1991
f 369 2223 2225
f 395 2300 2302
f 354 2174 2178
f 345 2151 2153
f 297 2007 2009
f 363 2205 2207
f 270 1920 1926
f 247 1855 1857
f 229 1801 1803
f 223 1784 1786
f 235 1820 1822
f 241 1838 1840
f 253 1874 1876
f 355 2180 2182
f 398 2310 2312
f 386 2274 2276
f 260 1896 1898
f 325 2089 2091
f 307 2035 2037
f 278 1950 1952
f 313 2054 2056
f 319 2072 2074
f 337 2126 2128
f 283 1964 1966
f 290 1986 1988
f 368 2220 2222
f 392 2291 2293
f 356 2183 2185
f 254 1877 1879
f 259 1891 1893
f 385 2269 2271
f 397 2305 2307
f 349 2161 2163
f 344 2148 2150
f 296 2004 2006
f 362 2202 2204
f 265 1909 1911
f 338 2129 2131
f 284 1967 1969
f 289 1981 1983
f 367 2215 2217
f 391 2288 2290
f 350 2166 2168
f 343 2143 2145
f 295 1999 2001
f 361 2197 2199
f 266 1914 1916
f 230 1806 1808
f 224 1787 1789
f 236 1823 1825
f 242 1841 1843
f 248 1860 1862
f 272 1931 1933
f 331 2108 2110
f 301 2018 2020
f 373 2234 2236
f 380 2255 2257
f 308 2040 2042
f 277 1945 1947
f 314 2057 2059
f 320 2075 2077
f 326 2094 2096
f 332 2111 2113
f 302 2021 2023
f 374 2237 2239
f 379 2252 2254
f 271 1928 1930
f 234 1812 1818
f 227 1791 1798
f 239 1827 1834
f 245 1845 1852
f 252 1866 1872
f 275 1935 1942
f 334 2118 2120
f 304 2028 2030
f 377 2246 2248
f 382 2259 2263
f 312 2048 2052
f 279 1953 1955
f 316 2061 2065
f 323 2079 2086
f 330 2100 2106
f 335 2115 2122
f 305 2025 2032
f 376 2241 2245
f 383 2264 2266
f 274 1938 1940
f 232 1802 1813
f 225 1783 1792
f 237 1819 1828
f 243 1837 1846
f 250 1856 1867
f 273 1927 1936
f 336 2112 2123
f 306 2022 2033
f 378 2238 2249
f 381 2251 2260
f 311 2036 2049
f 281 1949 1959
f 315 2053 2062
f 321 2071 2080
f 328 2090 2101
f 333 2107 2116
f 303 2017 2026
f 375 2233 2242
f 384 2256 2267
f 276 1932 1943
f 251 1859 1869
f 233 1805 1815
f 228 1788 1799
f 240 1824 1835
f 246 1842 1853
f 258 1878 1889
f 360 2184 2195
f 401 2306 2319
f 389 2270 2283
f 263 1892 1905
f 329 2093 2103
f 310 2039 2046
f 280 1946 1957
f 318 2058 2069
f 324 2076 2087
f 342 2130 2141
f 288 1968 1979
f 292 1982 1993
f 371 2216 2229
f 393 2287 2296
f 357 2179 2188
f 255 1873 1882
f 262 1895 1902
f 388 2273 2280
f 400 2309 2316
f 352 2165 2172
f 347 2144 2157
f 298 2000 2011
f 364 2198 2209
f 269 1913 1923
f 339 2125 2134
f 285 1963 1972
f 293 1985 1995
f 370 2219 2226
f 396 2292 2303
f 353 2162 2175
f 346 2147 2154
f 299 2003 2013
f 365 2201 2211
f 268 1910 1921
f 249 1863 1865
f 231 1809 1811
f 226 1794 1796
f 238 1830 1832
f 244 1848 1850
f 257 1886 1888
f 359 2192 2194
f 402 2318 2322
f 390 2282 2286
f 264 1904 1908
f 327 2097 2099
f 309 2043 2045
f 282 1956 1962
f 317 2066 2068
f 322 2082 2084
f 341 2138 2140
f 286 1974 1976
f 294 1992 1998
f 372 2228 2232
f 394 2295 2299
f 416 2331 2330
f 408 2327 2324
f 406 2328 2325
f 412 2334 2332
f 415 2337 2335
f 424 2346 2344
f 492 2412 2410
f 582 2499 2497
f 565 2487 2486
f 514 2436 2434
f 461 2376 2375
f 453 2372 2369
f 451 2373 2370
f 457 2379 2377
f 460 2382 2380
f 475 2396 2393
f 439 2361 2359
f 496 2418 2415
f 533 2457 2455
f 551 2463 2461
f 579 2492 2489
f 483 2402 2399
f 426 2343 2341
f 521 2433 2431
f 566 2478 2476
f 489 2406 2405
f 578 2502 2500
f 560 2484 2481
f 518 2442 2439
f 429 2349 2348
f 547 2468 2465
f 465 2387 2383
f 441 2358 2356
f 504 2421 2420
f 537 2454 2452
f 550 2472 2471
f 476 2388 2386
f 444 2364 2363
f 502 2426 2422
f 526 2448 2445
f 481 2403 2400
f 420 2342 2338
f 510 2432 2428
f 555 2477 2473
f 571 2493 2490
f 540 2462 2458
f 473 2397 2394
f 447 2367 2366
f 507 2427 2425
f 534 2447 2444
f 469 2391 2389
f 435 2357 2353
f 498 2417 2414
f 529 2453 2449
f 545 2469 2466
f 487 2411 2407
f 574 2498 2494
f 562 2483 2480
f 520 2441 2438
f 432 2352 2351
f 589 2509 2510
f 583 2503 2504
f 586 2506 2508
f 593 2512 2514
f 596 2515 2517
f 599 2518 2520
f 633 2555 2554
f 620 2541 2539
f 640 2562 2560
f 603 2522 2523
f 622 2542 2543
f 607 2528 2527
f 612 2531 2532
f 626 2545 2547
f 629 2548 2550
f 631 2551 2552
f 614 2533 2535
f 618 2537 2538
f 641 2559 2558
f 605 2526 2524
f 164 644 1607
f 163 643 1603
f 165 645 1604
f 166 646 1610
f 167 647 1613
f 172 652 1622
f 190 670 1686
f 219 699 1773
f 215 695 1761
f 201 681 1712
f 179 659 1652
f 178 658 1648
f 180 660 1649
f 181 661 1655
f 182 662 1658
f 185 665 1670
f 177 657 1637
f 197 677 1694
f 206 686 1731
f 208 688 1739
f 218 698 1768
f 188 668 1678
f 168 648 1619
f 198 678 1709
f 213 693 1754
f 189 669 1682
f 221 701 1776
f 217 697 1758
f 202 682 1716
f 170 650 1625
f 209 689 1742
f 184 664 1663
f 173 653 1634
f 194 674 1697
f 204 684 1728
f 210 690 1746
f 183 663 1664
f 175 655 1640
f 196 676 1700
f 207 687 1724
f 192 672 1679
f 169 649 1618
f 199 679 1708
f 216 696 1753
f 222 702 1769
f 211 691 1738
f 187 667 1671
f 176 656 1643
f 195 675 1701
f 203 683 1723
f 186 666 1667
f 174 654 1633
f 193 673 1693
f 205 685 1727
f 212 692 1743
f 191 671 1685
f 220 700 1772
f 214 694 1757
f 200 680 1715
f 171 651 1628
f 358 838 2187
f 256 736 1881
f 261 741 1899
f 387 867 2277
f 399 879 2313
f 351 831 2169
f 348 828 2156
f 300 780 2010
f 366 846 2208
f 267 747 1917
f 340 820 2133
f 287 767 1971
f 291 771 1989
f 369 849 2223
f 395 875 2300
f 354 834 2174
f 345 825 2151
f 297 777 2007
f 363 843 2205
f 270 750 1920
f 247 727 1855
f 229 709 1801
f 223 703 1784
f 235 715 1820
f 241 721 1838
f 253 733 1874
f 355 835 2180
f 398 878 2310
f 386 866 2274
f 260 740 1896
f 325 805 2089
f 307 787 2035
f 278 758 1950
f 313 793 2054
f 319 799 2072
f 337 817 2126
f 283 763 1964
f 290 770 1986
f 368 848 2220
f 392 872 2291
f 356 836 2183
f 254 734 1877
f 259 739 1891
f 385 865 2269
f 397 877 2305
f 349 829 2161
f 344 824 2148
f 296 776 2004
f 362 842 2202
f 265 745 1909
f 338 818 2129
f 284 764 1967
f 289 769 1981
f 367 847 2215
f 391 871 2288
f 350 830 2166
f 343 823 2143
f 295 775 1999
f 361 841 2197
f 266 746 1914
f 230 710 1806
f 224 704 1787
f 236 716 1823
f 242 722 1841
f 248 728 1860
f 272 752 1931
f 331 811 2108
f 301 781 2018
f 373 853 2234
f 380 860 2255
f 308 788 2040
f 277 757 1945
f 314 794 2057
f 320 800 2075
f 326 806 2094
f 332 812 2111
f 302 782 2021
f 374 854 2237
f 379 859 2252
f 271 751 1928
f 234 714 1812
f 227 707 1791
f 239 719 1827
f 245 725 1845
f 252 732 1866
f 275 755 1935
f 334 814 2118
f 304 784 2028
f 377 857 2246
f 382 862 2259
f 312 792 2048
f 279 759 1953
f 316 796 2061
f 323 803 2079
f 330 810 2100
f 335 815 2115
f 305 785 2025
f 376 856 2241
f 383 863 2264
f 274 754 1938
f 232 712 1802
f 225 705 1783
f 237 717 1819
f 243 723 1837
f 250 730 1856
f 273 753 1927
f 336 816 2112
f 306 786 2022
f 378 858 2238
f 381 861 2251
f 311 791 2036
f 281 761 1949
f 315 795 2053
f 321 801 2071
f 328 808 2090
f 333 813 2107
f 303 783 2017
f 375 855 2233
f 384 864 2256
f 276 756 1932
f 251 731 1859
f 233 713 1805
f 228 708 1788
f 240 720 1824
f 246 726 1842
f 258 738 1878
f 360 840 2184
f 401 881 2306
f 389 869 2270
f 263 743 1892
f 329 809 2093
f 310 790 2039
f 280 760 1946
f 318 798 2058
f 324 804 2076
f 342 822 2130
f 288 768 1968
f 292 772 1982
f 371 851 2216
f 393 873 2287
f 357 837 2179
f 255 735 1873
f 262 742 1895
f 388 868 2273
f 400 880 2309
f 352 832 2165
f 347 827 2144
f 298 778 2000
f 364 844 2198
f 269 749 1913
f 339 819 2125
f 285 765 1963
f 293 773 1985
f 370 850 2219
f 396 876 2292
f 353 833 2162
f 346 826 2147
f 299 779 2003
f 365 845 2201
f 268 748 1910
f 249 729 1863
f 231 711 1809
f 226 706 1794
f 238 718 1830
f 244 724 1848
f 257 737 1886
f 359 839 2192
f 402 882 2318
f 390 870 2282
f 264 744 1904
f 327 807 2097
f 309 789 2043
f 282 762 1956
f 317 797 2066
f 322 802 2082
f 341 821 2138
f 286 766 1974
f 294 774 1992
f 372 852 2228
f 394 874 2295
f 416 1270 2331
f 408 1246 2327
f 406 1251 2328
f 412 1287 2334
f 415 1305 2337
f 424 1335 2346
f 492 1552 2412
f 582 1474 2499
f 565 1600 2487
f 514 1353 2436
f 461 1480 2376
f 453 1402 2372
f 451 1407 2373
f 457 1491 2379
f 460 1503 2382
f 475 1534 2396
f 439 1413 2361
f 496 1443 2418
f 533 1593 2457
f 551 1384 2463
f 579 1324 2492
f 483 1276 2402
f 426 1264 2343
f 521 1300 2433
f 566 1318 2478
f 489 1342 2406
f 578 1563 2502
f 560 1461 2484
f 518 1587 2442
f 429 1348 2349
f 547 1522 2468
f 465 1419 2387
f 441 1396 2358
f 504 1498 2421
f 537 1516 2454
f 550 1558 2472
f 476 1426 2388
f 444 1432 2364
f 502 1569 2426
f 526 1371 2448
f 481 1281 2403
f 420 1257 2342
f 510 1293 2432
f 555 1311 2477
f 571 1329 2493
f 540 1377 2462
f 473 1539 2397
f 447 1450 2367
f 507 1576 2427
f 534 1366 2447
f 469 1485 2391
f 435 1389 2357
f 498 1438 2417
f 529 1509 2453
f 545 1527 2469
f 487 1545 2411
f 574 1467 2498
f 562 1456 2483
f 520 1582 2441
f 432 1360 2352
f 589 1271 2509
f 583 1247 2503
f 586 1254 2506
f 593 1290 2512
f 596 1308 2515
f 599 1338 2518
f 633 1553 2555
f 620 1475 2541
f 640 1601 2562
f 603 1356 2522
f 622 1481 2542
f 607 1403 2528
f 612 1410 2531
f 626 1494 2545
f 629 1506 2548
f 631 1535 2551
f 614 1416 2533
f 618 1446 2537
f 641 1596 2559
f 605 1385 2526
f 167 907 1616
f 164 889 1608
f 163 883 1606
f 165 895 1612
f 166 901 1615
f 169 919 1624
f 192 1057 1692
f 222 1237 1782
f 216 1201 1765
f 199 1099 1714
f 182 997 1661
f 179 979 1653
f 178 973 1651
f 180 985 1657
f 181 991 1660
f 186 1021 1675
f 174 949 1639
f 193 1063 1696
f 205 1135 1733
f 212 1177 1751
f 221 1231 1779
f 189 1039 1683
f 170 925 1626
f 202 1117 1721
f 217 1207 1766
f 191 1051 1689
f 220 1225 1778
f 214 1189 1760
f 200 1105 1718
f 171 931 1629
f 210 1165 1747
f 183 1003 1665
f 175 955 1641
f 196 1081 1704
f 207 1147 1737
f 211 1171 1750
f 187 1027 1676
f 176 961 1644
f 195 1075 1702
f 203 1123 1726
f 188 1033 1681
f 168 913 1620
f 198 1093 1710
f 213 1183 1755
f 218 1213 1771
f 208 1153 1740
f 185 1015 1673
f 177 967 1647
f 197 1087 1707
f 206 1141 1734
f 184 1009 1669
f 173 943 1635
f 194 1069 1698
f 204 1129 1729
f 209 1159 1745
f 190 1045 1687
f 219 1219 1774
f 215 1195 1762
f 201 1111 1720
f 172 937 1632
f 357 1280 2189
f 255 1256 1883
f 262 1292 1903
f 388 1310 2281
f 400 1328 2317
f 352 1376 2173
f 347 1538 2158
f 298 1447 2012
f 364 1573 2210
f 269 1363 1924
f 339 1484 2135
f 285 1388 1973
f 293 1435 1996
f 370 1508 2227
f 396 1526 2304
f 353 1544 2176
f 346 1466 2155
f 299 1453 2014
f 365 1579 2212
f 268 1357 1922
f 249 1268 1864
f 231 1244 1810
f 226 1249 1795
f 238 1285 1831
f 244 1303 1849
f 257 1333 1887
f 359 1550 2193
f 402 1472 2321
f 390 1598 2285
f 264 1351 1907
f 327 1478 2098
f 309 1400 2044
f 282 1405 1961
f 317 1489 2067
f 322 1501 2083
f 341 1532 2139
f 286 1411 1975
f 294 1441 1997
f 372 1591 2231
f 394 1382 2298
f 358 1322 2190
f 256 1274 1884
f 261 1262 1900
f 387 1298 2278
f 399 1316 2314
f 351 1340 2170
f 348 1561 2159
f 300 1459 2015
f 366 1585 2213
f 267 1346 1918
f 340 1520 2136
f 287 1417 1977
f 291 1394 1990
f 369 1496 2224
f 395 1514 2301
f 354 1556 2177
f 345 1424 2152
f 297 1430 2008
f 363 1567 2206
f 270 1369 1925
f 234 1279 1817
f 227 1255 1797
f 239 1291 1833
f 245 1309 1851
f 252 1327 1871
f 275 1375 1941
f 334 1537 2119
f 304 1448 2029
f 377 1574 2247
f 382 1364 2262
f 312 1483 2051
f 279 1387 1954
f 316 1436 2064
f 323 1507 2085
f 330 1525 2105
f 335 1543 2121
f 305 1465 2031
f 376 1454 2244
f 383 1580 2265
f 274 1358 1939
f 232 1267 1814
f 225 1243 1793
f 237 1250 1829
f 243 1286 1847
f 250 1304 1868
f 273 1334 1937
f 336 1549 2124
f 306 1471 2034
f 378 1597 2250
f 381 1352 2261
f 311 1477 2050
f 281 1399 1960
f 315 1406 2063
f 321 1490 2081
f 328 1502 2102
f 333 1531 2117
f 303 1412 2027
f 375 1442 2243
f 384 1592 2268
f 276 1381 1944
f 229 890 1804
f 223 884 1785
f 235 896 1821
f 241 902 1839
f 247 908 1858
f 271 938 1929
f 332 1046 2114
f 302 1220 2024
f 374 1196 2240
f 379 1112 2253
f 307 980 2038
f 278 974 1951
f 313 986 2055
f 319 992 2073
f 325 998 2092
f 331 1016 2109
f 301 968 2019
f 373 1088 2235
f 380 1142 2258
f 272 1154 1934
f 248 1214 1861
f 230 1034 1807
f 224 914 1790
f 236 1094 1826
f 242 1184 1844
f 254 1040 1880
f 356 1232 2186
f 397 1208 2308
f 385 1118 2272
f 259 926 1894
f 326 1160 2095
f 308 1010 2041
f 277 944 1948
f 314 1070 2060
f 320 1130 2078
f 338 1166 2132
f 284 1004 1970
f 289 956 1984
f 367 1082 2218
f 391 1148 2289
f 355 1058 2181
f 253 920 1875
f 260 1100 1897
f 386 1202 2275
f 398 1238 2311
f 350 1172 2167
f 343 1028 2146
f 295 962 2002
f 361 1076 2200
f 266 1124 1915
f 337 1022 2127
f 283 950 1965
f 290 1064 1987
f 368 1136 2221
f 392 1178 2294
f 349 1052 2164
f 344 1226 2149
f 296 1190 2005
f 362 1106 2203
f 265 932 1912
f 251 1321 1870
f 233 1273 1816
f 228 1261 1800
f 240 1297 1836
f 246 1315 1854
f 258 1339 1890
f 360 1562 2196
f 401 1460 2320
f 389 1586 2284
f 263 1345 1906
f 329 1519 2104
f 310 1418 2047
f 280 1393 1958
f 318 1495 2070
f 324 1513 2088
f 342 1555 2142
f 288 1423 1980
f 292 1429 1994
f 371 1568 2230
f 393 1370 2297
f 409 894 2329
f 405 887 2323
f 411 899 2326
f 414 905 2333
f 417 912 2336
f 431 941 2345
f 488 1050 2409
f 575 1224 2496
f 563 1200 2485
f 519 1115 2435
f 454 984 2374
f 450 977 2368
f 456 989 2371
f 459 995 2378
f 462 1002 2381
f 472 1019 2392
f 446 971 2360
f 506 1091 2416
f 535 1146 2456
f 541 1158 2460
f 570 1217 2488
f 480 1037 2398
f 421 918 2340
f 511 1098 2430
f 556 1188 2475
f 484 1044 2404
f 580 1236 2501
f 567 1212 2482
f 522 1122 2440
f 427 930 2347
f 544 1163 2464
f 468 1013 2384
f 436 948 2355
f 499 1074 2419
f 530 1134 2451
f 548 1170 2470
f 466 1008 2385
f 442 960 2362
f 505 1086 2423
f 536 1151 2446
f 491 1061 2401
f 423 923 2339
f 513 1103 2429
f 564 1205 2474
f 581 1241 2491
f 549 1175 2459
f 477 1032 2395
f 445 966 2365
f 503 1080 2424
f 525 1127 2443
f 474 1025 2390
f 438 953 2354
f 495 1067 2413
f 532 1139 2450
f 552 1182 2467
f 490 1056 2408
f 577 1229 2495
f 559 1193 2479
f 517 1109 2437
f 430 936 2350
f 590 1325 2511
f 584 1277 2505
f 585 1265 2507
f 592 1301 2513
f 595 1319 2516
f 598 1343 2519
f 636 1566 2556
f 621 1464 2540
f 642 1590 2561
f 601 1349 2521
f 623 1523 2544
f 611 1422 2529
f 609 1397 2530
f 625 1499 2546
f 628 1517 2549
f 632 1559 2553
f 613 1427 2534
f 616 1433 2536
f 638 1572 2557
f 606 1374 2525
f 407 892 1609
f 403 885 1605
f 404 897 1611
f 410 903 1614
f 413 910 1617
f 422 939 1631
f 486 1048 1688
f 573 1222 1775
f 561 1198 1763
f 512 1113 1719
f 452 982 1654
f 448 975 1650
f 449 987 1656
f 455 993 1659
f 458 1000 1662
f 470 1017 1672
f 437 969 1646
f 494 1089 1706
f 531 1144 1735
f 539 1156 1741
f 568 1215 1770
f 478 1035 1680
f 419 916 1621
f 509 1096 1711
f 554 1186 1756
f 482 1042 1684
f 576 1234 1780
f 558 1210 1767
f 516 1120 1722
f 425 928 1627
f 542 1161 1744
f 463 1011 1668
f 434 946 1636
f 497 1072 1699
f 528 1132 1730
f 546 1168 1748
f 464 1006 1666
f 440 958 1642
f 500 1084 1705
f 524 1149 1736
f 479 1059 1691
f 418 921 1623
f 508 1101 1713
f 553 1203 1764
f 569 1239 1781
f 538 1173 1749
f 471 1030 1677
f 443 964 1645
f 501 1078 1703
f 523 1125 1725
f 467 1023 1674
f 433 951 1638
f 493 1065 1695
f 527 1137 1732
f 543 1180 1752
f 485 1054 1690
f 572 1227 1777
f 557 1191 1759
f 515 1107 1717
f 428 934 1630
f 591 1326 2191
f 587 1278 1885
f 588 1266 1901
f 594 1302 2279
f 597 1320 2315
f 600 1344 2171
f 634 1565 2160
f 619 1463 2016
f 639 1589 2214
f 602 1350 1919
f 624 1524 2137
f 608 1421 1978
f 610 1398 1991
f 627 1500 2225
f 630 1518 2302
f 635 1560 2178
f 615 1428 2153
f 617 1434 2009
f 637 1571 2207
f 604 1373 1926
f 416 911 1857
f 408 893 1803
f 406 888 1786
f 412 900 1822
f 415 906 1840
f 424 924 1876
f 492 1062 2182
f 582 1242 2312
f 565 1206 2276
f 514 1104 1898
f 461 1001 2091
f 453 983 2037
f 451 978 1952
f 457 990 2056
f 460 996 2074
f 475 1026 2128
f 439 954 1966
f 496 1068 1988
f 533 1140 2222
f 551 1181 2293
f 579 1235 2185
f 483 1043 1879
f 426 929 1893
f 521 1121 2271
f 566 1211 2307
f 489 1055 2163
f 578 1230 2150
f 560 1194 2006
f 518 1110 2204
f 429 935 1911
f 547 1169 2131
f 465 1007 1969
f 441 959 1983
f 504 1085 2217
f 537 1152 2290
f 550 1176 2168
f 476 1031 2145
f 444 965 2001
f 502 1079 2199
f 526 1128 1916
f 481 1038 1808
f 420 917 1789
f 510 1097 1825
f 555 1187 1843
f 571 1218 1862
f 540 1157 1933
f 473 1020 2110
f 447 972 2020
f 507 1092 2236
f 534 1145 2257
f 469 1014 2042
f 435 947 1947
f 498 1073 2059
f 529 1133 2077
f 545 1164 2096
f 487 1049 2113
f 574 1223 2023
f 562 1199 2239
f 520 1116 2254
f 432 942 1930
f 589 1283 1818
f 583 1259 1798
f 586 1295 1834
f 593 1313 1852
f 596 1331 1872
f 599 1379 1942
f 633 1541 2120
f 620 1452 2030
f 640 1578 2248
f 603 1368 2263
f 622 1487 2052
f 607 1391 1955
f 612 1440 2065
f 626 1511 2086
f 629 1529 2106
f 631 1547 2122
f 614 1469 2032
f 618 1458 2245
f 641 1584 2266
f 605 1362 1940
f 409 1269 1813
f 405 1245 1792
f 411 1252 1828
f 414 1288 1846
f 417 1306 1867
f 431 1336 1936
f 488 1551 2123
f 575 1473 2033
f 563 1599 2249
f 519 1354 2260
f 454 1479 2049
f 450 1401 1959
f 456 1408 2062
f 459 1492 2080
f 462 1504 2101
f 472 1533 2116
f 446 1414 2026
f 506 1444 2242
f 535 1594 2267
f 541 1383 1943
f 570 1323 1869
f 480 1275 1815
f 421 1263 1799
f 511 1299 1835
f 556 1317 1853
f 484 1341 1889
f 580 1564 2195
f 567 1462 2319
f 522 1588 2283
f 427 1347 1905
f 544 1521 2103
f 468 1420 2046
f 436 1395 1957
f 499 1497 2069
f 530 1515 2087
f 548 1557 2141
f 466 1425 1979
f 442 1431 1993
f 505 1570 2229
f 536 1372 2296
f 491 1282 2188
f 423 1258 1882
f 513 1294 1902
f 564 1312 2280
f 581 1330 2316
f 549 1378 2172
f 477 1540 2157
f 445 1449 2011
f 503 1575 2209
f 525 1365 1923
f 474 1486 2134
f 438 1390 1972
f 495 1437 1995
f 532 1510 2226
f 552 1528 2303
f 490 1546 2175
f 577 1468 2154
f 559 1455 2013
f 517 1581 2211
f 430 1359 1921
f 590 1272 1865
f 584 1248 1811
f 585 1253 1796
f 592 1289 1832
f 595 1307 1850
f 598 1337 1888
f 636 1554 2194
f 621 1476 2322
f 642 1602 2286
f 601 1355 1908
f 623 1482 2099
f 611 1404 2045
f 609 1409 1962
f 625 1493 2068
f 628 1505 2084
f 632 1536 2140
f 613 1415 1976
f 616 1445 1998
f 638 1595 2232
f 606 1386 2299
f 407 909 2330
f 403 891 2324
f 404 886 2325
f 410 898 2332
f 413 904 2335
f 422 922 2344
f 486 1060 2410
f 573 1240 2497
f 561 1204 2486
f 512 1102 2434
f 452 999 2375
f 448 981 2369
f 449 976 2370
f 455 988 2377
f 458 994 2380
f 470 1024 2393
f 437 952 2359
f 494 1066 2415
f 531 1138 2455
f 539 1179 2461
f 568 1233 2489
f 478 1041 2399
f 419 927 2341
f 509 1119 2431
f 554 1209 2476
f 482 1053 2405
f 576 1228 2500
f 558 1192 2481
f 516 1108 2439
f 425 933 2348
f 542 1167 2465
f 463 1005 2383
f 434 957 2356
f 497 1083 2420
f 528 1150 2452
f 546 1174 2471
f 464 1029 2386
f 440 963 2363
f 500 1077 2422
f 524 1126 2445
f 479 1036 2400
f 418 915 2338
f 508 1095 2428
f 553 1185 2473
f 569 1216 2490
f 538 1155 2458
f 471 1018 2394
f 443 970 2366
f 501 1090 2425
f 523 1143 2444
f 467 1012 2389
f 433 945 2353
f 493 1071 2414
f 527 1131 2449
f 543 1162 2466
f 485 1047 2407
f 572 1221 2494
f 557 1197 2480
f 515 1114 2438
f 428 940 2351
f 591 1284 2510
f 587 1260 2504
f 588 1296 2508
f 594 1314 2514
f 597 1332 2517
f 600 1380 2520
f 634 1542 2554
f 619 1451 2539
f 639 1577 2560
f 602 1367 2523
f 624 1488 2543
f 608 1392 2527
f 610 1439 2532
f 627 1512 2547
f 630 1530 2550
f 635 1548 2552
f 615 1470 2535
f 617 1457 2538
f 637 1583 2558
f 604 1361 2524
f 167 1616 1607
f 164 1608 1603
f 163 1606 1604
f 165 1612 1610
f 166 1615 1613
f 169 1624 1622
f 192 1692 1686
f 222 1782 1773
f 216 1765 1761
f 199 1714 1712
f 182 1661 1652
f 179 1653 1648
f 178 1651 1649
f 180 1657 1655
f 181 1660 1658
f 186 1675 1670
f 174 1639 1637
f 193 1696 1694
f 205 1733 1731
f 212 1751 1739
f 221 1779 1768
f 189 1683 1678
f 170 1626 1619
f 202 1721 1709
f 217 1766 1754
f 191 1689 1682
f 220 1778 1776
f 214 1760 1758
f 200 1718 1716
f 171 1629 1625
f 210 1747 1742
f 183 1665 1663
f 175 1641 1634
f 196 1704 1697
f 207 1737 1728
f 211 1750 1746
f 187 1676 1664
f 176 1644 1640
f 195 1702 1700
f 203 1726 1724
f 188 1681 1679
f 168 1620 1618
f 198 1710 1708
f 213 1755 1753
f 218 1771 1769
f 208 1740 1738
f 185 1673 1671
f 177 1647 1643
f 197 1707 1701
f 206 1734 1723
f 184 1669 1667
f 173 1635 1633
f 194 1698 1693
f 204 1729 1727
f 209 1745 1743
f 190 1687 1685
f 219 1774 1772
f 215 1762 1757
f 201 1720 1715
f 172 1632 1628
f 357 2189 2187
f 255 1883 1881
f 262 1903 1899
f 388 2281 2277
f 400 2317 2313
f 352 2173 2169
f 347 2158 2156
f 298 2012 2010
f 364 2210 2208
f 269 1924 1917
f 339 2135 2133
f 285 1973 1971
f 293 1996 1989
f 370 2227 2223
f 396 2304 2300
f 353 2176 2174
f 346 2155 2151
f 299 2014 2007
f 365 2212 2205
f 268 1922 1920
f 249 1864 1855
f 231 1810 1801
f 226 1795 1784
f 238 1831 1820
f 244 1849 1838
f 257 1887 1874
f 359 2193 2180
f 402 2321 2310
f 390 2285 2274
f 264 1907 1896
f 327 2098 2089
f 309 2044 2035
f 282 1961 1950
f 317 2067 2054
f 322 2083 2072
f 341 2139 2126
f 286 1975 1964
f 294 1997 1986
f 372 2231 2220
f 394 2298 2291
f 358 2190 2183
f 256 1884 1877
f 261 1900 1891
f 387 2278 2269
f 399 2314 2305
f 351 2170 2161
f 348 2159 2148
f 300 2015 2004
f 366 2213 2202
f 267 1918 1909
f 340 2136 2129
f 287 1977 1967
f 291 1990 1981
f 369 2224 2215
f 395 2301 2288
f 354 2177 2166
f 345 2152 2143
f 297 2008 1999
f 363 2206 2197
f 270 1925 1914
f 234 1817 1806
f 227 1797 1787
f 239 1833 1823
f 245 1851 1841
f 252 1871 1860
f 275 1941 1931
f 334 2119 2108
f 304 2029 2018
f 377 2247 2234
f 382 2262 2255
f 312 2051 2040
f 279 1954 1945
f 316 2064 2057
f 323 2085 2075
f 330 2105 2094
f 335 2121 2111
f 305 2031 2021
f 376 2244 2237
f 383 2265 2252
f 274 1939 1928
f 232 1814 1812
f 225 1793 1791
f 237 1829 1827
f 243 1847 1845
f 250 1868 1866
f 273 1937 1935
f 336 2124 2118
f 306 2034 2028
f 378 2250 2246
f 381 2261 2259
f 311 2050 2048
f 281 1960 1953
f 315 2063 2061
f 321 2081 2079
f 328 2102 2100
f 333 2117 2115
f 303 2027 2025
f 375 2243 2241
f 384 2268 2264
f 276 1944 1938
f 229 1804 1802
f 223 1785 1783
f 235 1821 1819
f 241 1839 1837
f 247 1858 1856
f 271 1929 1927
f 332 2114 2112
f 302 2024 2022
f 374 2240 2238
f 379 2253 2251
f 307 2038 2036
f 278 1951 1949
f 313 2055 2053
f 319 2073 2071
f 325 2092 2090
f 331 2109 2107
f 301 2019 2017
f 373 2235 2233
f 380 2258 2256
f 272 1934 1932
f 248 1861 1859
f 230 1807 1805
f 224 1790 1788
f 236 1826 1824
f 242 1844 1842
f 254 1880 1878
f 356 2186 2184
f 397 2308 2306
f 385 2272 2270
f 259 1894 1892
f 326 2095 2093
f 308 2041 2039
f 277 1948 1946
f 314 2060 2058
f 320 2078 2076
f 338 2132 2130
f 284 1970 1968
f 289 1984 1982
f 367 2218 2216
f 391 2289 2287
f 355 2181 2179
f 253 1875 1873
f 260 1897 1895
f 386 2275 2273
f 398 2311 2309
f 350 2167 2165
f 343 2146 2144
f 295 2002 2000
f 361 2200 2198
f 266 1915 1913
f 337 2127 2125
f 283 1965 1963
f 290 1987 1985
f 368 2221 2219
f 392 2294 2292
f 349 2164 2162
f 344 2149 2147
f 296 2005 2003
f 362 2203 2201
f 265 1912 1910
f 251 1870 1863
f 233 1816 1809
f 228 1800 1794
f 240 1836 1830
f 246 1854 1848
f 258 1890 1886
f 360 2196 2192
f 401 2320 2318
f 389 2284 2282
f 263 1906 1904
f 329 2104 2097
f 310 2047 2043
f 280 1958 1956
f 318 2070 2066
f 324 2088 2082
f 342 2142 2138
f 288 1980 1974
f 292 1994 1992
f 371 2230 2228
f 393 2297 2295
f 409 2329 2331
f 405 2323 2327
f 411 2326 2328
f 414 2333 2334
f 417 2336 2337
f 431 2345 2346
f 488 2409 2412
f 575 2496 2499
f 563 2485 2487
f 519 2435 2436
f 454 2374 2376
f 450 2368 2372
f 456 2371 2373
f 459 2378 2379
f 462 2381 2382
f 472 2392 2396
f 446 2360 2361
f 506 2416 2418
f 535 2456 2457
f 541 2460 2463
f 570 2488 2492
f 480 2398 2402
f 421 2340 2343
f 511 2430 2433
f 556 2475 2478
f 484 2404 2406
f 580 2501 2502
f 567 2482 2484
f 522 2440 2442
f 427 2347 2349
f 544 2464 2468
f 468 2384 2387
f 436 2355 2358
f 499 2419 2421
f 530 2451 2454
f 548 2470 2472
f 466 2385 2388
f 442 2362 2364
f 505 2423 2426
f 536 2446 2448
f 491 2401 2403
f 423 2339 2342
f 513 2429 2432
f 564 2474 2477
f 581 2491 2493
f 549 2459 2462
f 477 2395 2397
f 445 2365 2367
f 503 2424 2427
f 525 2443 2447
f 474 2390 2391
f 438 2354 2357
f 495 2413 2417
f 532 2450 2453
f 552 2467 2469
f 490 2408 2411
f 577 2495 2498
f 559 2479 2483
f 517 2437 2441
f 430 2350 2352
f 590 2511 2509
f 584 2505 2503
f 585 2507 2506
f 592 2513 2512
f 595 2516 2515
f 598 2519 2518
f 636 2556 2555
f 621 2540 2541
f 642 2561 2562
f 601 2521 2522
f 623 2544 2542
f 611 2529 2528
f 609 2530 2531
f 625 2546 2545
f 628 2549 2548
f 632 2553 2551
f 613 2534 2533
f 616 2536 2537
f 638 2557 2559
f 606 2525 2526
f 1607 644 647
f 1603 643 644
f 1604 645 643
f 1610 646 645
f 1613 647 646
f 1622 652 649
f 1686 670 672
f 1773 699 702
f 1761 695 696
f 1712 681 679
f 1652 659 662
f 1648 658 659
f 1649 660 658
f 1655 661 660
f 1658 662 661
f 1670 665 666
f 1637 657 654
f 1694 677 673
f 1731 686 685
f 1739 688 692
f 1768 698 701
f 1678 668 669
f 1619 648 650
f 1709 678 682
f 1754 693 697
f 1682 669 671
f 1776 701 700
f 1758 697 694
f 1716 682 680
f 1625 650 651
f 1742 689 690
f 1663 664 663
f 1634 653 655
f 1697 674 676
f 1728 684 687
f 1746 690 691
f 1664 663 667
f 1640 655 656
f 1700 676 675
f 1724 687 683
f 1679 672 668
f 1618 649 648
f 1708 679 678
f 1753 696 693
f 1769 702 698
f 1738 691 688
f 1671 667 665
f 1643 656 657
f 1701 675 677
f 1723 683 686
f 1667 666 664
f 1633 654 653
f 1693 673 674
f 1727 685 684
f 1743 692 689
f 1685 671 670
f 1772 700 699
f 1757 694 695
f 1715 680 681
f 1628 651 652
f 2187 838 837
f 1881 736 735
f 1899 741 742
f 2277 867 868
f 2313 879 880
f 2169 831 832
f 2156 828 827
f 2010 780 778
f 2208 846 844
f 1917 747 749
f 2133 820 819
f 1971 767 765
f 1989 771 773
f 2223 849 850
f 2300 875 876
f 2174 834 833
f 2151 825 826
f 2007 777 779
f 2205 843 845
f 1920 750 748
f 1855 727 729
f 1801 709 711
f 1784 703 706
f 1820 715 718
f 1838 721 724
f 1874 733 737
f 2180 835 839
f 2310 878 882
f 2274 866 870
f 1896 740 744
f 2089 805 807
f 2035 787 789
f 1950 758 762
f 2054 793 797
f 2072 799 802
f 2126 817 821
f 1964 763 766
f 1986 770 774
f 2220 848 852
f 2291 872 874
f 2183 836 838
f 1877 734 736
f 1891 739 741
f 2269 865 867
f 2305 877 879
f 2161 829 831
f 2148 824 828
f 2004 776 780
f 2202 842 846
f 1909 745 747
f 2129 818 820
f 1967 764 767
f 1981 769 771
f 2215 847 849
f 2288 871 875
f 2166 830 834
f 2143 823 825
f 1999 775 777
f 2197 841 843
f 1914 746 750
f 1806 710 714
f 1787 704 707
f 1823 716 719
f 1841 722 725
f 1860 728 732
f 1931 752 755
f 2108 811 814
f 2018 781 784
f 2234 853 857
f 2255 860 862
f 2040 788 792
f 1945 757 759
f 2057 794 796
f 2075 800 803
f 2094 806 810
f 2111 812 815
f 2021 782 785
f 2237 854 856
f 2252 859 863
f 1928 751 754
f 1812 714 712
f 1791 707 705
f 1827 719 717
f 1845 725 723
f 1866 732 730
f 1935 755 753
f 2118 814 816
f 2028 784 786
f 2246 857 858
f 2259 862 861
f 2048 792 791
f 1953 759 761
f 2061 796 795
f 2079 803 801
f 2100 810 808
f 2115 815 813
f 2025 785 783
f 2241 856 855
f 2264 863 864
f 1938 754 756
f 1802 712 709
f 1783 705 703
f 1819 717 715
f 1837 723 721
f 1856 730 727
f 1927 753 751
f 2112 816 812
f 2022 786 782
f 2238 858 854
f 2251 861 859
f 2036 791 787
f 1949 761 758
f 2053 795 793
f 2071 801 799
f 2090 808 805
f 2107 813 811
f 2017 783 781
f 2233 855 853
f 2256 864 860
f 1932 756 752
f 1859 731 728
f 1805 713 710
f 1788 708 704
f 1824 720 716
f 1842 726 722
f 1878 738 734
f 2184 840 836
f 2306 881 877
f 2270 869 865
f 1892 743 739
f 2093 809 806
f 2039 790 788
f 1946 760 757
f 2058 798 794
f 2076 804 800
f 2130 822 818
f 1968 768 764
f 1982 772 769
f 2216 851 847
f 2287 873 871
f 2179 837 835
f 1873 735 733
f 1895 742 740
f 2273 868 866
f 2309 880 878
f 2165 832 830
f 2144 827 823
f 2000 778 775
f 2198 844 841
f 1913 749 746
f 2125 819 817
f 1963 765 763
f 1985 773 770
f 2219 850 848
f 2292 876 872
f 2162 833 829
f 2147 826 824
f 2003 779 776
f 2201 845 842
f 1910 748 745
f 1863 729 731
f 1809 711 713
f 1794 706 708
f 1830 718 720
f 1848 724 726
f 1886 737 738
f 2192 839 840
f 2318 882 881
f 2282 870 869
f 1904 744 743
f 2097 807 809
f 2043 789 790
f 1956 762 760
f 2066 797 798
f 2082 802 804
f 2138 821 822
f 1974 766 768
f 1992 774 772
f 2228 852 851
f 2295 874 873
f 2331 1270 1269
f 2327 1246 1245
f 2328 1251 1252
f 2334 1287 1288
f 2337 1305 1306
f 2346 1335 1336
f 2412 1552 1551
f 2499 1474 1473
f 2487 1600 1599
f 2436 1353 1354
f 2376 1480 1479
f 2372 1402 1401
f 2373 1407 1408
f 2379 1491 1492
f 2382 1503 1504
f 2396 1534 1533
f 2361 1413 1414
f 2418 1443 1444
f 2457 1593 1594
f 2463 1384 1383
f 2492 1324 1323
f 2402 1276 1275
f 2343 1264 1263
f 2433 1300 1299
f 2478 1318 1317
f 2406 1342 1341
f 2502 1563 1564
f 2484 1461 1462
f 2442 1587 1588
f 2349 1348 1347
f 2468 1522 1521
f 2387 1419 1420
f 2358 1396 1395
f 2421 1498 1497
f 2454 1516 1515
f 2472 1558 1557
f 2388 1426 1425
f 2364 1432 1431
f 2426 1569 1570
f 2448 1371 1372
f 2403 1281 1282
f 2342 1257 1258
f 2432 1293 1294
f 2477 1311 1312
f 2493 1329 1330
f 2462 1377 1378
f 2397 1539 1540
f 2367 1450 1449
f 2427 1576 1575
f 2447 1366 1365
f 2391 1485 1486
f 2357 1389 1390
f 2417 1438 1437
f 2453 1509 1510
f 2469 1527 1528
f 2411 1545 1546
f 2498 1467 1468
f 2483 1456 1455
f 2441 1582 1581
f 2352 1360 1359
f 2509 1271 1272
f 2503 1247 1248
f 2506 1254 1253
f 2512 1290 1289
f 2515 1308 1307
f 2518 1338 1337
f 2555 1553 1554
f 2541 1475 1476
f 2562 1601 1602
f 2522 1356 1355
f 2542 1481 1482
f 2528 1403 1404
f 2531 1410 1409
f 2545 1494 1493
f 2548 1506 1505
f 2551 1535 1536
f 2533 1416 1415
f 2537 1446 1445
f 2559 1596 1595
f 2526 1385 1386
f 1616 907 909
f 1608 889 891
f 1606 883 886
f 1612 895 898
f 1615 901 904
f 1624 919 922
f 1692 1057 1060
f 1782 1237 1240
f 1765 1201 1204
f 1714 1099 1102
f 1661 997 999
f 1653 979 981
f 1651 973 976
f 1657 985 988
f 1660 991 994
f 1675 1021 1024
f 1639 949 952
f 1696 1063 1066
f 1733 1135 1138
f 1751 1177 1179
f 1779 1231 1233
f 1683 1039 1041
f 1626 925 927
f 1721 1117 1119
f 1766 1207 1209
f 1689 1051 1053
f 1778 1225 1228
f 1760 1189 1192
f 1718 1105 1108
f 1629 931 933
f 1747 1165 1167
f 1665 1003 1005
f 1641 955 957
f 1704 1081 1083
f 1737 1147 1150
f 1750 1171 1174
f 1676 1027 1029
f 1644 961 963
f 1702 1075 1077
f 1726 1123 1126
f 1681 1033 1036
f 1620 913 915
f 1710 1093 1095
f 1755 1183 1185
f 1771 1213 1216
f 1740 1153 1155
f 1673 1015 1018
f 1647 967 970
f 1707 1087 1090
f 1734 1141 1143
f 1669 1009 1012
f 1635 943 945
f 1698 1069 1071
f 1729 1129 1131
f 1745 1159 1162
f 1687 1045 1047
f 1774 1219 1221
f 1762 1195 1197
f 1720 1111 1114
f 1632 937 940
f 2189 1280 1284
f 1883 1256 1260
f 1903 1292 1296
f 2281 1310 1314
f 2317 1328 1332
f 2173 1376 1380
f 2158 1538 1542
f 2012 1447 1451
f 2210 1573 1577
f 1924 1363 1367
f 2135 1484 1488
f 1973 1388 1392
f 1996 1435 1439
f 2227 1508 1512
f 2304 1526 1530
f 2176 1544 1548
f 2155 1466 1470
f 2014 1453 1457
f 2212 1579 1583
f 1922 1357 1361
f 1864 1268 1270
f 1810 1244 1246
f 1795 1249 1251
f 1831 1285 1287
f 1849 1303 1305
f 1887 1333 1335
f 2193 1550 1552
f 2321 1472 1474
f 2285 1598 1600
f 1907 1351 1353
f 2098 1478 1480
f 2044 1400 1402
f 1961 1405 1407
f 2067 1489 1491
f 2083 1501 1503
f 2139 1532 1534
f 1975 1411 1413
f 1997 1441 1443
f 2231 1591 1593
f 2298 1382 1384
f 2190 1322 1324
f 1884 1274 1276
f 1900 1262 1264
f 2278 1298 1300
f 2314 1316 1318
f 2170 1340 1342
f 2159 1561 1563
f 2015 1459 1461
f 2213 1585 1587
f 1918 1346 1348
f 2136 1520 1522
f 1977 1417 1419
f 1990 1394 1396
f 2224 1496 1498
f 2301 1514 1516
f 2177 1556 1558
f 2152 1424 1426
f 2008 1430 1432
f 2206 1567 1569
f 1925 1369 1371
f 1817 1279 1281
f 1797 1255 1257
f 1833 1291 1293
f 1851 1309 1311
f 1871 1327 1329
f 1941 1375 1377
f 2119 1537 1539
f 2029 1448 1450
f 2247 1574 1576
f 2262 1364 1366
f 2051 1483 1485
f 1954 1387 1389
f 2064 1436 1438
f 2085 1507 1509
f 2105 1525 1527
f 2121 1543 1545
f 2031 1465 1467
f 2244 1454 1456
f 2265 1580 1582
f 1939 1358 1360
f 1814 1267 1271
f 1793 1243 1247
f 1829 1250 1254
f 1847 1286 1290
f 1868 1304 1308
f 1937 1334 1338
f 2124 1549 1553
f 2034 1471 1475
f 2250 1597 1601
f 2261 1352 1356
f 2050 1477 1481
f 1960 1399 1403
f 2063 1406 1410
f 2081 1490 1494
f 2102 1502 1506
f 2117 1531 1535
f 2027 1412 1416
f 2243 1442 1446
f 2268 1592 1596
f 1944 1381 1385
f 1804 890 894
f 1785 884 887
f 1821 896 899
f 1839 902 905
f 1858 908 912
f 1929 938 941
f 2114 1046 1050
f 2024 1220 1224
f 2240 1196 1200
f 2253 1112 1115
f 2038 980 984
f 1951 974 977
f 2055 986 989
f 2073 992 995
f 2092 998 1002
f 2109 1016 1019
f 2019 968 971
f 2235 1088 1091
f 2258 1142 1146
f 1934 1154 1158
f 1861 1214 1217
f 1807 1034 1037
f 1790 914 918
f 1826 1094 1098
f 1844 1184 1188
f 1880 1040 1044
f 2186 1232 1236
f 2308 1208 1212
f 2272 1118 1122
f 1894 926 930
f 2095 1160 1163
f 2041 1010 1013
f 1948 944 948
f 2060 1070 1074
f 2078 1130 1134
f 2132 1166 1170
f 1970 1004 1008
f 1984 956 960
f 2218 1082 1086
f 2289 1148 1151
f 2181 1058 1061
f 1875 920 923
f 1897 1100 1103
f 2275 1202 1205
f 2311 1238 1241
f 2167 1172 1175
f 2146 1028 1032
f 2002 962 966
f 2200 1076 1080
f 1915 1124 1127
f 2127 1022 1025
f 1965 950 953
f 1987 1064 1067
f 2221 1136 1139
f 2294 1178 1182
f 2164 1052 1056
f 2149 1226 1229
f 2005 1190 1193
f 2203 1106 1109
f 1912 932 936
f 1870 1321 1325
f 1816 1273 1277
f 1800 1261 1265
f 1836 1297 1301
f 1854 1315 1319
f 1890 1339 1343
f 2196 1562 1566
f 2320 1460 1464
f 2284 1586 1590
f 1906 1345 1349
f 2104 1519 1523
f 2047 1418 1422
f 1958 1393 1397
f 2070 1495 1499
f 2088 1513 1517
f 2142 1555 1559
f 1980 1423 1427
f 1994 1429 1433
f 2230 1568 1572
f 2297 1370 1374
f 2329 894 892
f 2323 887 885
f 2326 899 897
f 2333 905 903
f 2336 912 910
f 2345 941 939
f 2409 1050 1048
f 2496 1224 1222
f 2485 1200 1198
f 2435 1115 1113
f 2374 984 982
f 2368 977 975
f 2371 989 987
f 2378 995 993
f 2381 1002 1000
f 2392 1019 1017
f 2360 971 969
f 2416 1091 1089
f 2456 1146 1144
f 2460 1158 1156
f 2488 1217 1215
f 2398 1037 1035
f 2340 918 916
f 2430 1098 1096
f 2475 1188 1186
f 2404 1044 1042
f 2501 1236 1234
f 2482 1212 1210
f 2440 1122 1120
f 2347 930 928
f 2464 1163 1161
f 2384 1013 1011
f 2355 948 946
f 2419 1074 1072
f 2451 1134 1132
f 2470 1170 1168
f 2385 1008 1006
f 2362 960 958
f 2423 1086 1084
f 2446 1151 1149
f 2401 1061 1059
f 2339 923 921
f 2429 1103 1101
f 2474 1205 1203
f 2491 1241 1239
f 2459 1175 1173
f 2395 1032 1030
f 2365 966 964
f 2424 1080 1078
f 2443 1127 1125
f 2390 1025 1023
f 2354 953 951
f 2413 1067 1065
f 2450 1139 1137
f 2467 1182 1180
f 2408 1056 1054
f 2495 1229 1227
f 2479 1193 1191
f 2437 1109 1107
f 2350 936 934
f 2511 1325 1326
f 2505 1277 1278
f 2507 1265 1266
f 2513 1301 1302
f 2516 1319 1320
f 2519 1343 1344
f 2556 1566 1565
f 2540 1464 1463
f 2561 1590 1589
f 2521 1349 1350
f 2544 1523 1524
f 2529 1422 1421
f 2530 1397 1398
f 2546 1499 1500
f 2549 1517 1518
f 2553 1559 1560
f 2534 1427 1428
f 2536 1433 1434
f 2557 1572 1571
f 2525 1374 1373
f 1609 892 889
f 1605 885 883
f 1611 897 895
f 1614 903 901
f 1617 910 907
f 1631 939 937
f 1688 1048 1045
f 1775 1222 1219
f 1763 1198 1195
f 1719 1113 1111
f 1654 982 979
f 1650 975 973
f 1656 987 985
f 1659 993 991
f 1662 1000 997
f 1672 1017 1015
f 1646 969 967
f 1706 1089 1087
f 1735 1144 1141
f 1741 1156 1153
f 1770 1215 1213
f 1680 1035 1033
f 1621 916 913
f 1711 1096 1093
f 1756 1186 1183
f 1684 1042 1039
f 1780 1234 1231
f 1767 1210 1207
f 1722 1120 1117
f 1627 928 925
f 1744 1161 1159
f 1668 1011 1009
f 1636 946 943
f 1699 1072 1069
f 1730 1132 1129
f 1748 1168 1165
f 1666 1006 1003
f 1642 958 955
f 1705 1084 1081
f 1736 1149 1147
f 1691 1059 1057
f 1623 921 919
f 1713 1101 1099
f 1764 1203 1201
f 1781 1239 1237
f 1749 1173 1171
f 1677 1030 1027
f 1645 964 961
f 1703 1078 1075
f 1725 1125 1123
f 1674 1023 1021
f 1638 951 949
f 1695 1065 1063
f 1732 1137 1135
f 1752 1180 1177
f 1690 1054 1051
f 1777 1227 1225
f 1759 1191 1189
f 1717 1107 1105
f 1630 934 931
f 2191 1326 1322
f 1885 1278 1274
f 1901 1266 1262
f 2279 1302 1298
f 2315 1320 1316
f 2171 1344 1340
f 2160 1565 1561
f 2016 1463 1459
f 2214 1589 1585
f 1919 1350 1346
f 2137 1524 1520
f 1978 1421 1417
f 1991 1398 1394
f 2225 1500 1496
f 2302 1518 1514
f 2178 1560 1556
f 2153 1428 1424
f 2009 1434 1430
f 2207 1571 1567
f 1926 1373 1369
f 1857 911 908
f 1803 893 890
f 1786 888 884
f 1822 900 896
f 1840 906 902
f 1876 924 920
f 2182 1062 1058
f 2312 1242 1238
f 2276 1206 1202
f 1898 1104 1100
f 2091 1001 998
f 2037 983 980
f 1952 978 974
f 2056 990 986
f 2074 996 992
f 2128 1026 1022
f 1966 954 950
f 1988 1068 1064
f 2222 1140 1136
f 2293 1181 1178
f 2185 1235 1232
f 1879 1043 1040
f 1893 929 926
f 2271 1121 1118
f 2307 1211 1208
f 2163 1055 1052
f 2150 1230 1226
f 2006 1194 1190
f 2204 1110 1106
f 1911 935 932
f 2131 1169 1166
f 1969 1007 1004
f 1983 959 956
f 2217 1085 1082
f 2290 1152 1148
f 2168 1176 1172
f 2145 1031 1028
f 2001 965 962
f 2199 1079 1076
f 1916 1128 1124
f 1808 1038 1034
f 1789 917 914
f 1825 1097 1094
f 1843 1187 1184
f 1862 1218 1214
f 1933 1157 1154
f 2110 1020 1016
f 2020 972 968
f 2236 1092 1088
f 2257 1145 1142
f 2042 1014 1010
f 1947 947 944
f 2059 1073 1070
f 2077 1133 1130
f 2096 1164 1160
f 2113 1049 1046
f 2023 1223 1220
f 2239 1199 1196
f 2254 1116 1112
f 1930 942 938
f 1818 1283 1279
f 1798 1259 1255
f 1834 1295 1291
f 1852 1313 1309
f 1872 1331 1327
f 1942 1379 1375
f 2120 1541 1537
f 2030 1452 1448
f 2248 1578 1574
f 2263 1368 1364
f 2052 1487 1483
f 1955 1391 1387
f 2065 1440 1436
f 2086 1511 1507
f 2106 1529 1525
f 2122 1547 1543
f 2032 1469 1465
f 2245 1458 1454
f 2266 1584 1580
f 1940 1362 1358
f 1813 1269 1267
f 1792 1245 1243
f 1828 1252 1250
f 1846 1288 1286
f 1867 1306 1304
f 1936 1336 1334
f 2123 1551 1549
f 2033 1473 1471
f 2249 1599 1597
f 2260 1354 1352
f 2049 1479 1477
f 1959 1401 1399
f 2062 1408 1406
f 2080 1492 1490
f 2101 1504 1502
f 2116 1533 1531
f 2026 1414 1412
f 2242 1444 1442
f 2267 1594 1592
f 1943 1383 1381
f 1869 1323 1321
f 1815 1275 1273
f 1799 1263 1261
f 1835 1299 1297
f 1853 1317 1315
f 1889 1341 1339
f 2195 1564 1562
f 2319 1462 1460
f 2283 1588 1586
f 1905 1347 1345
f 2103 1521 1519
f 2046 1420 1418
f 1957 1395 1393
f 2069 1497 1495
f 2087 1515 1513
f 2141 1557 1555
f 1979 1425 1423
f 1993 1431 1429
f 2229 1570 1568
f 2296 1372 1370
f 2188 1282 1280
f 1882 1258 1256
f 1902 1294 1292
f 2280 1312 1310
f 2316 1330 1328
f 2172 1378 1376
f 2157 1540 1538
f 2011 1449 1447
f 2209 1575 1573
f 1923 1365 1363
f 2134 1486 1484
f 1972 1390 1388
f 1995 1437 1435
f 2226 1510 1508
f 2303 1528 1526
f 2175 1546 1544
f 2154 1468 1466
f 2013 1455 1453
f 2211 1581 1579
f 1921 1359 1357
f 1865 1272 1268
f 1811 1248 1244
f 1796 1253 1249
f 1832 1289 1285
f 1850 1307 1303
f 1888 1337 1333
f 2194 1554 1550
f 2322 1476 1472
f 2286 1602 1598
f 1908 1355 1351
f 2099 1482 1478
f 2045 1404 1400
f 1962 1409 1405
f 2068 1493 1489
f 2084 1505 1501
f 2140 1536 1532
f 1976 1415 1411
f 1998 1445 1441
f 2232 1595 1591
f 2299 1386 1382
f 2330 909 911
f 2324 891 893
f 2325 886 888
f 2332 898 900
f 2335 904 906
f 2344 922 924
f 2410 1060 1062
f 2497 1240 1242
f 2486 1204 1206
f 2434 1102 1104
f 2375 999 1001
f 2369 981 983
f 2370 976 978
f 2377 988 990
f 2380 994 996
f 2393 1024 1026
f 2359 952 954
f 2415 1066 1068
f 2455 1138 1140
f 2461 1179 1181
f 2489 1233 1235
f 2399 1041 1043
f 2341 927 929
f 2431 1119 1121
f 2476 1209 1211
f 2405 1053 1055
f 2500 1228 1230
f 2481 1192 1194
f 2439 1108 1110
f 2348 933 935
f 2465 1167 1169
f 2383 1005 1007
f 2356 957 959
f 2420 1083 1085
f 2452 1150 1152
f 2471 1174 1176
f 2386 1029 1031
f 2363 963 965
f 2422 1077 1079
f 2445 1126 1128
f 2400 1036 1038
f 2338 915 917
f 2428 1095 1097
f 2473 1185 1187
f 2490 1216 1218
f 2458 1155 1157
f 2394 1018 1020
f 2366 970 972
f 2425 1090 1092
f 2444 1143 1145
f 2389 1012 1014
f 2353 945 947
f 2414 1071 1073
f 2449 1131 1133
f 2466 1162 1164
f 2407 1047 1049
f 2494 1221 1223
f 2480 1197 1199
f 2438 1114 1116
f 2351 940 942
f 2510 1284 1283
f 2504 1260 1259
f 2508 1296 1295
f 2514 1314 1313
f 2517 1332 1331
f 2520 1380 1379
f 2554 1542 1541
f 2539 1451 1452
f 2560 1577 1578
f 2523 1367 1368
f 2543 1488 1487
f 2527 1392 1391
f 2532 1439 1440
f 2547 1512 1511
f 2550 1530 1529
f 2552 1548 1547
f 2535 1470 1469
f 2538 1457 1458
f 2558 1583 1584
f 2524 1361 1362
f 1607 1616 1609
f 1603 1608 1605
f 1604 1606 1611
f 1610 1612 1614
f 1613 1615 1617
f 1622 1624 1631
f 1686 1692 1688
f 1773 1782 1775
f 1761 1765 1763
f 1712 1714 1719
f 1652 1661 1654
f 1648 1653 1650
f 1649 1651 1656
f 1655 1657 1659
f 1658 1660 1662
f 1670 1675 1672
f 1637 1639 1646
f 1694 1696 1706
f 1731 1733 1735
f 1739 1751 1741
f 1768 1779 1770
f 1678 1683 1680
f 1619 1626 1621
f 1709 1721 1711
f 1754 1766 1756
f 1682 1689 1684
f 1776 1778 1780
f 1758 1760 1767
f 1716 1718 1722
f 1625 1629 1627
f 1742 1747 1744
f 1663 1665 1668
f 1634 1641 1636
f 1697 1704 1699
f 1728 1737 1730
f 1746 1750 1748
f 1664 1676 1666
f 1640 1644 1642
f 1700 1702 1705
f 1724 1726 1736
f 1679 1681 1691
f 1618 1620 1623
f 1708 1710 1713
f 1753 1755 1764
f 1769 1771 1781
f 1738 1740 1749
f 1671 1673 1677
f 1643 1647 1645
f 1701 1707 1703
f 1723 1734 1725
f 1667 1669 1674
f 1633 1635 1638
f 1693 1698 1695
f 1727 1729 1732
f 1743 1745 1752
f 1685 1687 1690
f 1772 1774 1777
f 1757 1762 1759
f 1715 1720 1717
f 1628 1632 1630
f 2187 2189 2191
f 1881 1883 1885
f 1899 1903 1901
f 2277 2281 2279
f 2313 2317 2315
f 2169 2173 2171
f 2156 2158 2160
f 2010 2012 2016
f 2208 2210 2214
f 1917 1924 1919
f 2133 2135 2137
f 1971 1973 1978
f 1989 1996 1991
f 2223 2227 2225
f 2300 2304 2302
f 2174 2176 2178
f 2151 2155 2153
f 2007 2014 2009
f 2205 2212 2207
f 1920 1922 1926
f 1855 1864 1857
f 1801 1810 1803
f 1784 1795 1786
f 1820 1831 1822
f 1838 1849 1840
f 1874 1887 1876
f 2180 2193 2182
f 2310 2321 2312
f 2274 2285 2276
f 1896 1907 1898
f 2089 2098 2091
f 2035 2044 2037
f 1950 1961 1952
f 2054 2067 2056
f 2072 2083 2074
f 2126 2139 2128
f 1964 1975 1966
f 1986 1997 1988
f 2220 2231 2222
f 2291 2298 2293
f 2183 2190 2185
f 1877 1884 1879
f 1891 1900 1893
f 2269 2278 2271
f 2305 2314 2307
f 2161 2170 2163
f 2148 2159 2150
f 2004 2015 2006
f 2202 2213 2204
f 1909 1918 1911
f 2129 2136 2131
f 1967 1977 1969
f 1981 1990 1983
f 2215 2224 2217
f 2288 2301 2290
f 2166 2177 2168
f 2143 2152 2145
f 1999 2008 2001
f 2197 2206 2199
f 1914 1925 1916
f 1806 1817 1808
f 1787 1797 1789
f 1823 1833 1825
f 1841 1851 1843
f 1860 1871 1862
f 1931 1941 1933
f 2108 2119 2110
f 2018 2029 2020
f 2234 2247 2236
f 2255 2262 2257
f 2040 2051 2042
f 1945 1954 1947
f 2057 2064 2059
f 2075 2085 2077
f 2094 2105 2096
f 2111 2121 2113
f 2021 2031 2023
f 2237 2244 2239
f 2252 2265 2254
f 1928 1939 1930
f 1812 1814 1818
f 1791 1793 1798
f 1827 1829 1834
f 1845 1847 1852
f 1866 1868 1872
f 1935 1937 1942
f 2118 2124 2120
f 2028 2034 2030
f 2246 2250 2248
f 2259 2261 2263
f 2048 2050 2052
f 1953 1960 1955
f 2061 2063 2065
f 2079 2081 2086
f 2100 2102 2106
f 2115 2117 2122
f 2025 2027 2032
f 2241 2243 2245
f 2264 2268 2266
f 1938 1944 1940
f 1802 1804 1813
f 1783 1785 1792
f 1819 1821 1828
f 1837 1839 1846
f 1856 1858 1867
f 1927 1929 1936
f 2112 2114 2123
f 2022 2024 2033
f 2238 2240 2249
f 2251 2253 2260
f 2036 2038 2049
f 1949 1951 1959
f 2053 2055 2062
f 2071 2073 2080
f 2090 2092 2101
f 2107 2109 2116
f 2017 2019 2026
f 2233 2235 2242
f 2256 2258 2267
f 1932 1934 1943
f 1859 1861 1869
f 1805 1807 1815
f 1788 1790 1799
f 1824 1826 1835
f 1842 1844 1853
f 1878 1880 1889
f 2184 2186 2195
f 2306 2308 2319
f 2270 2272 2283
f 1892 1894 1905
f 2093 2095 2103
f 2039 2041 2046
f 1946 1948 1957
f 2058 2060 2069
f 2076 2078 2087
f 2130 2132 2141
f 1968 1970 1979
f 1982 1984 1993
f 2216 2218 2229
f 2287 2289 2296
f 2179 2181 2188
f 1873 1875 1882
f 1895 1897 1902
f 2273 2275 2280
f 2309 2311 2316
f 2165 2167 2172
f 2144 2146 2157
f 2000 2002 2011
f 2198 2200 2209
f 1913 1915 1923
f 2125 2127 2134
f 1963 1965 1972
f 1985 1987 1995
f 2219 2221 2226
f 2292 2294 2303
f 2162 2164 2175
f 2147 2149 2154
f 2003 2005 2013
f 2201 2203 2211
f 1910 1912 1921
f 1863 1870 1865
f 1809 1816 1811
f 1794 1800 1796
f 1830 1836 1832
f 1848 1854 1850
f 1886 1890 1888
f 2192 2196 2194
f 2318 2320 2322
f 2282 2284 2286
f 1904 1906 1908
f 2097 2104 2099
f 2043 2047 2045
f 1956 1958 1962
f 2066 2070 2068
f 2082 2088 2084
f 2138 2142 2140
f 1974 1980 1976
f 1992 1994 1998
f 2228 2230 2232
f 2295 2297 2299
f 2331 2329 2330
f 2327 2323 2324
f 2328 2326 2325
f 2334 2333 2332
f 2337 2336 2335
f 2346 2345 2344
f 2412 2409 2410
f 2499 2496 2497
f 2487 2485 2486
f 2436 2435 2434
f 2376 2374 2375
f 2372 2368 2369
f 2373 2371 2370
f 2379 2378 2377
f 2382 2381 2380
f 2396 2392 2393
f 2361 2360 2359
f 2418 2416 2415
f 2457 2456 2455
f 2463 2460 2461
f 2492 2488 2489
f 2402 2398 2399
f 2343 2340 2341
f 2433 2430 2431
f 2478 2475 2476
f 2406 2404 2405
f 2502 2501 2500
f 2484 2482 2481
f 2442 2440 2439
f 2349 2347 2348
f 2468 2464 2465
f 2387 2384 2383
f 2358 2355 2356
f 2421 2419 2420
f 2454 2451 2452
f 2472 2470 2471
f 2388 2385 2386
f 2364 2362 2363
f 2426 2423 2422
f 2448 2446 2445
f 2403 2401 2400
f 2342 2339 2338
f 2432 2429 2428
f 2477 2474 2473
f 2493 2491 2490
f 2462 2459 2458
f 2397 2395 2394
f 2367 2365 2366
f 2427 2424 2425
f 2447 2443 2444
f 2391 2390 2389
f 2357 2354 2353
f 2417 2413 2414
f 2453 2450 2449
f 2469 2467 2466
f 2411 2408 2407
f 2498 2495 2494
f 2483 2479 2480
f 2441 2437 2438
f 2352 2350 2351
f 2509 2511 2510
f 2503 2505 2504
f 2506 2507 2508
f 2512 2513 2514
f 2515 2516 2517
f 2518 2519 2520
f 2555 2556 2554
f 2541 2540 2539
f 2562 2561 2560
f 2522 2521 2523
f 2542 2544 2543
f 2528 2529 2527
f 2531 2530 2532
f 2545 2546 2547
f 2548 2549 2550
f 2551 2553 2552
f 2533 2534 2535
f 2537 2536 2538
f 2559 2557 2558
f 2526 2525 2524