v -0.268713 0.332101 -0.062941
v 0.268733 0.332162 -0.063555
v -0.333383 -0.537396 0.003820
v 0.333677 -0.538209 0.004203
v -0.000196 -0.443816 0.704082
v -0.000010 0.184190 0.555747
v 0.000022 -0.188329 -0.535409
v -0.000069 0.420680 -0.706473
v 0.517495 0.004010 -0.334413
v 0.540356 0.007077 0.325653
v -0.517593 0.003994 -0.334498
v -0.540256 0.007093 0.325630
v -0.000283 0.419666 -0.101298
v -0.176954 0.234610 0.266846
v -0.215155 0.658425 -0.444999
v -0.425173 0.224450 -0.196224
v -0.475365 0.179384 0.193654
v 0.176597 0.234601 0.266763
v 0.214952 0.657206 -0.448134
v 0.425147 0.224196 -0.195882
v 0.475449 0.179342 0.193751
v -0.000100 -0.597933 0.010937
v -0.238907 -0.668539 0.452448
v -0.194784 -0.478139 -0.303098
v -0.422097 -0.198259 -0.160694
v -0.441984 -0.242559 0.206299
v 0.238927 -0.668379 0.451048
v 0.194574 -0.477471 -0.303254
v 0.422442 -0.198572 -0.160734
v 0.441973 -0.242149 0.206169
v 0.000048 0.003684 0.693944
v 0.319913 -0.212767 0.561921
v -0.320253 -0.212564 0.561990
v 0.298912 0.144139 0.483870
v -0.298888 0.144140 0.483685
v -0.000199 0.028980 -0.688594
v 0.283661 -0.114481 -0.477385
v -0.283512 -0.114577 -0.477436
v 0.334575 0.208923 -0.607032
v -0.334644 0.208736 -0.607084
v 0.611903 0.002607 0.018635
v -0.611934 0.002672 0.018578
v -0.153645 0.390671 -0.091022
v -0.239091 0.283734 0.082566
v -0.238910 0.463517 -0.232238
v -0.341952 0.308588 -0.125510
v -0.371962 0.246855 0.063881
v 0.153763 0.390542 -0.091326
v 0.238109 0.284167 0.082965
v 0.238820 0.464379 -0.233834
v 0.341659 0.308692 -0.126043
v 0.372273 0.246607 0.064113
v -0.212144 -0.644214 -0.000100
v -0.281196 -0.527798 0.188279
v -0.353268 -0.677947 -0.189992
v -0.375101 -0.394255 -0.071490
v -0.383212 -0.399042 0.113516
v 0.210900 -0.645412 0.000094
v 0.280870 -0.527897 0.188787
v 0.353173 -0.678187 -0.189930
v 0.375278 -0.394275 -0.070967
v 0.383346 -0.398798 0.113718
v -0.132410 -0.645958 0.674563
v 0.132216 -0.645621 0.673993
v -0.000236 -0.229381 0.764303
v 0.187077 -0.365021 0.697693
v -0.187234 -0.364985 0.697131
v -0.089524 0.194813 0.457921
v 0.089699 0.194748 0.458172
v 0.000115 0.159503 0.570991
v 0.141273 0.182495 0.537966
v -0.141257 0.182413 0.538092
v -0.076719 -0.269224 -0.399350
v 0.076752 -0.269204 -0.399324
v 0.000034 -0.151840 -0.554652
v 0.128728 -0.179263 -0.517996
v -0.128662 -0.179176 -0.517983
v -0.125125 0.573301 -0.634533
v 0.125120 0.573037 -0.634495
v 0.000127 0.238205 -0.789126
v 0.189154 0.350687 -0.720902
v -0.188883 0.350788 -0.720646
v 0.504646 0.082263 -0.281832
v 0.501498 -0.067152 -0.271773
v 0.431518 -0.042117 -0.416521
v 0.449065 0.074199 -0.448809
v 0.558887 0.001969 -0.177534
v 0.521779 0.084886 0.274177
v 0.511950 -0.090909 0.275118
v 0.441847 -0.069004 0.420043
v 0.444621 0.063087 0.408770
v 0.596233 0.004735 0.196205
v -0.505027 0.081822 -0.281767
v -0.501423 -0.067084 -0.271745
v -0.431675 -0.042218 -0.416655
v -0.448110 0.074587 -0.448577
v -0.559005 0.002022 -0.177588
v -0.521530 0.085096 0.274275
v -0.511868 -0.089856 0.274515
v -0.441148 -0.069833 0.420051
v -0.443175 0.062552 0.408042
v -0.596243 0.004864 0.196260
v -0.082681 0.310963 0.080272
v -0.092778 0.575135 -0.265545
v 0.082690 0.310826 0.080411
v 0.093568 0.575267 -0.265842
v -0.345651 0.212640 0.248368
v -0.000300 0.240826 0.268782
v -0.270326 0.189420 0.438012
v -0.348400 0.456523 -0.329551
v -0.000042 0.701389 -0.457760
v -0.283335 0.435505 -0.539610
v -0.482552 0.194824 0.012626
v -0.372886 0.237474 -0.401214
v -0.548961 0.093019 -0.078734
v -0.411638 0.167229 0.361438
v -0.561584 0.092871 0.110260
v 0.345860 0.212423 0.248683
v 0.270353 0.189349 0.438047
v 0.348698 0.456578 -0.329774
v 0.283209 0.435201 -0.539644
v 0.482746 0.194667 0.012732
v 0.372605 0.237206 -0.401291
v 0.549146 0.092887 -0.078586
v 0.411645 0.167399 0.361313
v 0.561014 0.092847 0.109900
v -0.099893 -0.582797 0.231974
v -0.105764 -0.670867 -0.188468
v 0.100022 -0.583210 0.231909
v 0.104429 -0.668028 -0.188756
v -0.355726 -0.429595 0.329285
v -0.000039 -0.640643 0.471077
v -0.324780 -0.478792 0.568318
v -0.330607 -0.348500 -0.245255
v -0.000120 -0.465186 -0.294664
v -0.228432 -0.233942 -0.380105
v -0.450228 -0.223016 0.024205
v -0.372812 -0.155988 -0.337839
v -0.540709 -0.079027 -0.076922
v -0.396634 -0.250874 0.390961
v -0.550636 -0.088031 0.107925
v 0.355072 -0.429276 0.329072
v 0.324642 -0.479165 0.568435
v 0.330483 -0.348922 -0.245263
v 0.228416 -0.233792 -0.380127
v 0.450260 -0.223156 0.024264
v 0.372701 -0.156289 -0.337637
v 0.540672 -0.079104 -0.076967
v 0.396549 -0.250820 0.391073
v 0.550265 -0.088562 0.107945
v 0.191929 -0.109707 0.692345
v -0.191756 -0.110013 0.692217
v 0.160412 0.074707 0.582306
v -0.160463 0.075148 0.582472
v 0.326191 -0.006694 0.534039
v -0.326614 -0.006006 0.534293
v 0.161255 -0.054122 -0.578051
v -0.161100 -0.054047 -0.578060
v 0.225869 0.115911 -0.777942
v -0.225877 0.116063 -0.778007
v 0.329075 0.028370 -0.560382
v -0.329284 0.028136 -0.560292
v -0.219255 0.360272 -0.077999
v -0.257759 0.309913 0.001070
v -0.249227 0.378752 -0.139167
v -0.302690 0.324751 -0.092068
v -0.312777 0.290645 -0.007022
v 0.219299 0.360119 -0.078077
v 0.257625 0.309459 0.001256
v 0.249338 0.378444 -0.139789
v 0.302622 0.325652 -0.092769
v 0.312869 0.291002 -0.007016
v -0.292199 -0.600810 -0.003202
v -0.312635 -0.528314 0.076689
v -0.341227 -0.600306 -0.072444
v -0.359317 -0.485481 -0.031641
v -0.357590 -0.472941 0.055715
v 0.291529 -0.601224 -0.003642
v 0.311925 -0.528460 0.077024
v 0.340694 -0.600454 -0.072374
v 0.359430 -0.485931 -0.032132
v 0.357863 -0.473012 0.055492
v -0.056329 -0.520857 0.688376
v 0.056153 -0.520889 0.687964
v -0.000289 -0.348890 0.724275
v 0.085660 -0.413994 0.707586
v -0.085690 -0.413734 0.707161
v -0.040951 0.184338 0.540051
v 0.040974 0.184394 0.540060
v -0.000096 0.179649 0.565063
v 0.063429 0.182278 0.553560
v -0.063484 0.182111 0.553823
v -0.034482 -0.211194 -0.482834
v 0.034485 -0.211217 -0.482874
v 0.000021 -0.183614 -0.545370
v 0.057030 -0.186599 -0.534873
v -0.057003 -0.186616 -0.534843
v -0.053404 0.487205 -0.675104
v 0.053232 0.487557 -0.675900
v -0.000169 0.340103 -0.747136
v 0.084819 0.393253 -0.716684
v -0.084825 0.393272 -0.716884
v 0.522914 0.033729 -0.317038
v 0.517423 -0.026806 -0.310008
v 0.486311 -0.014130 -0.374964
v 0.491206 0.029875 -0.383628
v 0.538263 0.001977 -0.269522
v 0.541921 0.038204 0.307458
v 0.541250 -0.026450 0.305632
v 0.505990 -0.016679 0.366867
v 0.504171 0.029097 0.364965
v 0.567888 0.006014 0.270199
v -0.522932 0.033695 -0.317133
v -0.517491 -0.026907 -0.310040
v -0.486411 -0.014200 -0.375068
v -0.491260 0.029899 -0.383693
v -0.538337 0.001978 -0.269562
v -0.542136 0.038286 0.307536
v -0.541282 -0.026673 0.305844
v -0.505933 -0.016865 0.366832
v -0.504007 0.029223 0.365117
v -0.567884 0.006086 0.270190
v -0.079051 0.411697 -0.099252
v 0.079059 0.412252 -0.099522
v -0.039853 0.360563 -0.011829
v -0.041907 0.494722 -0.182314
v 0.040147 0.360467 -0.011551
v 0.041845 0.494113 -0.181959
v -0.212030 0.258827 0.172366
v -0.135582 0.212396 0.363478
v -0.128111 0.269290 0.173353
v -0.263282 0.224864 0.261276
v -0.088347 0.239536 0.268558
v -0.227047 0.207130 0.358869
v -0.244271 0.583426 -0.334033
v -0.182478 0.638269 -0.542072
v -0.162234 0.674112 -0.357550
v -0.414567 0.630319 -0.402395
v -0.154008 0.810991 -0.459391
v -0.280863 0.563117 -0.498774
v -0.383133 0.276920 -0.158868
v -0.464639 0.155579 -0.237876
v -0.349231 0.317117 -0.263007
v -0.461825 0.207633 -0.086995
v -0.395628 0.236910 -0.299152
v -0.492701 0.153145 -0.133979
v -0.431161 0.210934 0.134179
v -0.500731 0.135065 0.237510
v -0.414972 0.199937 0.224483
v -0.484894 0.185843 0.104207
v -0.449338 0.172348 0.279818
v -0.521484 0.141006 0.153489
v 0.210772 0.259063 0.172666
v 0.135803 0.212130 0.363592
v 0.128334 0.269406 0.173760
v 0.088847 0.239684 0.268279
v 0.263291 0.225035 0.261462
v 0.227027 0.207136 0.358828
v 0.244223 0.586378 -0.338074
v 0.182556 0.638021 -0.542597
v 0.163003 0.674170 -0.358199
v 0.153751 0.811047 -0.458787
v 0.415552 0.629534 -0.404916
v 0.281077 0.562259 -0.500666
v 0.383130 0.277252 -0.159090
v 0.465421 0.154682 -0.237522
v 0.349218 0.317106 -0.262886
v 0.461207 0.207898 -0.087890
v 0.395537 0.237021 -0.299279
v 0.493158 0.152888 -0.133683
v 0.431335 0.210715 0.134553
v 0.500579 0.135175 0.237473
v 0.415321 0.199853 0.224808
v 0.485057 0.185795 0.104415
v 0.449403 0.172613 0.279899
v 0.521800 0.141456 0.153782
v -0.108159 -0.620045 0.005106
v 0.107429 -0.620020 0.004750
v -0.051005 -0.590519 0.113988
v -0.066635 -0.602754 -0.083626
v 0.051165 -0.590247 0.114021
v 0.066098 -0.601943 -0.083970
v -0.249734 -0.549762 0.329158
v -0.197190 -0.801751 0.607246
v -0.152876 -0.582414 0.369076
v -0.305473 -0.534384 0.401389
v -0.115917 -0.696141 0.466833
v -0.308142 -0.626957 0.535007
v -0.289987 -0.629052 -0.293862
v -0.127390 -0.358640 -0.335038
v -0.160969 -0.624692 -0.275443
v -0.281464 -0.431689 -0.288570
v -0.096822 -0.475089 -0.298743
v -0.206578 -0.331717 -0.321126
v -0.386229 -0.287583 -0.108946
v -0.465162 -0.123975 -0.218385
v -0.365618 -0.265455 -0.197852
v -0.438126 -0.210643 -0.066677
v -0.402024 -0.178073 -0.252448
v -0.481546 -0.135568 -0.120788
v -0.410019 -0.321092 0.164446
v -0.477679 -0.164349 0.242230
v -0.397122 -0.332962 0.263525
v -0.451339 -0.233545 0.114850
v -0.423560 -0.249787 0.298834
v -0.494268 -0.159773 0.155025
v 0.250142 -0.549386 0.329518
v 0.197752 -0.802208 0.605937
v 0.153266 -0.582713 0.368822
v 0.115467 -0.695388 0.466503
v 0.304829 -0.534426 0.402130
v 0.308028 -0.627569 0.534956
v 0.289681 -0.629041 -0.294031
v 0.127324 -0.358548 -0.334746
v 0.160655 -0.623994 -0.275439
v 0.096411 -0.474322 -0.298472
v 0.281245 -0.431182 -0.288275
v 0.206589 -0.331946 -0.321435
v 0.386304 -0.287571 -0.109051
v 0.465173 -0.123804 -0.218500
v 0.365658 -0.265115 -0.197903
v 0.438151 -0.210386 -0.066739
v 0.402128 -0.178173 -0.252505
v 0.481452 -0.135857 -0.120601
v 0.409573 -0.321265 0.164268
v 0.477737 -0.164480 0.242105
v 0.396822 -0.332659 0.263875
v 0.451506 -0.233272 0.114536
v 0.423511 -0.249202 0.298977
v 0.494319 -0.158748 0.155180
v 0.000206 -0.103263 0.773470
v 0.000076 0.079288 0.613183
v 0.095159 -0.055038 0.704491
v -0.095180 -0.054812 0.705473
v 0.084639 0.035919 0.634822
v -0.084750 0.036157 0.635209
v 0.267056 -0.293262 0.646852
v 0.376808 -0.136703 0.484648
v 0.319692 -0.337270 0.567590
v 0.362307 -0.240371 0.479935
v 0.267237 -0.166806 0.637452
v 0.324122 -0.103292 0.551844
v -0.266887 -0.293384 0.646888
v -0.376977 -0.136564 0.484627
v -0.319392 -0.336851 0.567243
v -0.362697 -0.240197 0.479894
v -0.267404 -0.167294 0.637492
v -0.324533 -0.103097 0.552167
v 0.220718 0.176692 0.513884
v 0.373558 0.100969 0.448568
v 0.286844 0.180318 0.466879
v 0.359971 0.160224 0.429568
v 0.231403 0.112933 0.532869
v 0.312272 0.071459 0.506453
v -0.220830 0.176450 0.513927
v -0.374077 0.101252 0.448847
v -0.286752 0.180200 0.466933
v -0.359776 0.159813 0.429442
v -0.231388 0.112939 0.533077
v -0.312422 0.071615 0.506499
v -0.000061 -0.059676 -0.595844
v 0.000021 0.126518 -0.773178
v 0.088614 -0.014817 -0.636509
v -0.088670 -0.014558 -0.635948
v 0.106847 0.068450 -0.744976
v -0.107300 0.066603 -0.747094
v 0.206151 -0.153979 -0.499431
v 0.359205 -0.075512 -0.450114
v 0.259146 -0.170529 -0.441591
v 0.335170 -0.135181 -0.416906
v 0.225886 -0.088736 -0.531318
v 0.305385 -0.046328 -0.514579
v -0.206178 -0.153959 -0.499319
v -0.359271 -0.075359 -0.450191
v -0.259121 -0.170611 -0.441675
v -0.335216 -0.135349 -0.416885
v -0.225756 -0.088679 -0.531163
v -0.305606 -0.046750 -0.514287
v 0.274807 0.286890 -0.686742
v 0.403489 0.134598 -0.529753
v 0.297608 0.314085 -0.576065
v 0.355411 0.226985 -0.503922
v 0.306463 0.177817 -0.720221
v 0.347068 0.112982 -0.601712
v -0.274775 0.287258 -0.686893
v -0.403249 0.134589 -0.529782
v -0.297990 0.314362 -0.575467
v -0.355214 0.227039 -0.504103
v -0.306438 0.177865 -0.720200
v -0.347285 0.113166 -0.601999
v 0.588833 0.002173 -0.078719
v 0.606462 0.003732 0.110129
v 0.595542 0.041547 -0.027634
v 0.598417 0.043993 0.066037
v 0.588969 -0.034440 -0.030085
v 0.595774 -0.035342 0.063244
v -0.588809 0.002203 -0.078715
v -0.606472 0.003761 0.110096
v -0.595529 0.041598 -0.027648
v -0.598285 0.044001 0.066006
v -0.588975 -0.034471 -0.030108
v -0.595786 -0.035316 0.063296
v -0.192331 0.331325 -0.002809
v -0.191870 0.430557 -0.165556
v -0.118453 0.350204 -0.007725
v -0.121329 0.471271 -0.179394
v -0.308324 0.266163 0.077705
v -0.162963 0.299942 0.082296
v -0.290981 0.244810 0.166695
v -0.282440 0.379622 -0.191149
v -0.173969 0.532366 -0.257024
v -0.303475 0.483449 -0.289812
v -0.362652 0.272066 -0.028052
v -0.311982 0.364328 -0.230752
v -0.411500 0.246583 -0.056196
v -0.367380 0.227831 0.155310
v -0.427787 0.225603 0.040942
v 0.192263 0.331182 -0.002876
v 0.192004 0.430851 -0.166089
v 0.118490 0.349856 -0.008654
v 0.121830 0.471474 -0.179042
v 0.308461 0.265543 0.077540
v 0.162728 0.300223 0.082477
v 0.290978 0.244320 0.166863
v 0.282141 0.379853 -0.191690
v 0.174446 0.533036 -0.258002
v 0.303919 0.485031 -0.291892
v 0.362254 0.272490 -0.028555
v 0.311879 0.364674 -0.231440
v 0.411346 0.246544 -0.056301
v 0.366682 0.227932 0.155106
v 0.427885 0.225225 0.041084
v -0.240736 -0.556801 0.079626
v -0.298589 -0.747543 -0.082792
v -0.149308 -0.574948 0.094339
v -0.159182 -0.765550 -0.071257
v -0.359379 -0.480455 0.154733
v -0.195469 -0.561674 0.216084
v -0.325680 -0.489472 0.272221
v -0.361716 -0.510438 -0.127816
v -0.227650 -0.785042 -0.222708
v -0.359666 -0.508465 -0.234476
v -0.381965 -0.394353 0.019733
v -0.363156 -0.385508 -0.164237
v -0.403111 -0.300649 -0.019483
v -0.374724 -0.409618 0.217312
v -0.412763 -0.311197 0.070573
v 0.240239 -0.556803 0.079861
v 0.297571 -0.749217 -0.083176
v 0.149070 -0.574600 0.094402
v 0.156803 -0.764651 -0.073651
v 0.359307 -0.480252 0.154700
v 0.195849 -0.561838 0.216082
v 0.325162 -0.489440 0.272059
v 0.361335 -0.510196 -0.127585
v 0.226346 -0.785133 -0.223043
v 0.359592 -0.508405 -0.234388
v 0.381906 -0.394375 0.019833
v 0.362945 -0.385495 -0.164480
v 0.403107 -0.301005 -0.019394
v 0.374497 -0.409968 0.217545
v 0.412804 -0.311521 0.070203
v -0.000225 -0.594532 0.651003
v -0.176887 -0.508114 0.695113
v -0.058138 -0.665514 0.584282
v -0.283200 -0.630262 0.677114
v 0.176621 -0.508176 0.695165
v 0.058061 -0.664793 0.583950
v 0.283218 -0.630750 0.676961
v 0.095695 -0.293681 0.728854
v -0.095853 -0.293598 0.728740
v 0.100174 -0.168704 0.744685
v -0.100214 -0.168987 0.745073
v 0.281904 -0.441112 0.666115
v 0.191379 -0.232717 0.703102
v -0.282054 -0.440719 0.666234
v -0.191574 -0.233030 0.703045
v -0.000021 0.194899 0.457803
v -0.126006 0.184693 0.531080
v -0.045367 0.212103 0.365427
v -0.181627 0.192496 0.454755
v 0.126045 0.184838 0.531133
v 0.045441 0.212219 0.365211
v 0.181778 0.192651 0.454977
v 0.072056 0.177934 0.557888
v -0.071953 0.177944 0.557631
v 0.077666 0.118786 0.580346
v -0.077737 0.118981 0.580243
v 0.208546 0.185034 0.501624
v 0.151010 0.157570 0.548289
v -0.208422 0.185019 0.501551
v -0.151015 0.157116 0.548496
v 0.000040 -0.272037 -0.400961
v -0.106485 -0.207304 -0.476998
v -0.042996 -0.365781 -0.341554
v -0.152988 -0.255771 -0.391199
v 0.106519 -0.207371 -0.476954
v 0.042831 -0.365814 -0.341744
v 0.153043 -0.255862 -0.391258
v 0.067878 -0.175165 -0.543278
v -0.067847 -0.175148 -0.543260
v 0.076901 -0.103625 -0.568844
v -0.076965 -0.103459 -0.568865
v 0.182189 -0.195708 -0.462486
v 0.144564 -0.134974 -0.537897
v -0.182126 -0.195689 -0.462575
v -0.144599 -0.134850 -0.537911
v -0.000004 0.584227 -0.636821
v -0.162362 0.461324 -0.673579
v -0.067909 0.664874 -0.560506
v -0.224125 0.522060 -0.601608
v 0.162052 0.461531 -0.673632
v 0.067818 0.664828 -0.560544
v 0.224067 0.521405 -0.601668
v 0.105875 0.294209 -0.772722
v -0.105651 0.294570 -0.772408
v 0.120381 0.182401 -0.820917
v -0.120473 0.182514 -0.821015
v 0.247480 0.401536 -0.643074
v 0.223944 0.243557 -0.789131
v -0.247545 0.401952 -0.642692
v -0.223725 0.243899 -0.789026
v 0.485358 0.077169 -0.373391
v 0.542116 0.037410 -0.228024
v 0.442179 0.152948 -0.338424
v 0.523619 0.090381 -0.181031
v 0.468807 -0.058823 -0.347468
v 0.537918 -0.032330 -0.225530
v 0.444036 -0.107709 -0.310042
v 0.519634 -0.075349 -0.176162
v 0.449511 0.013149 -0.440495
v 0.406629 -0.095895 -0.384461
v 0.382320 -0.011858 -0.483794
v 0.422596 0.146862 -0.434936
v 0.400438 0.057098 -0.514015
v 0.566350 0.040680 -0.128406
v 0.560394 -0.034862 -0.128442
v 0.487289 0.077210 0.344519
v 0.571158 0.041835 0.236997
v 0.469062 0.128804 0.316277
v 0.548140 0.090056 0.196129
v 0.481333 -0.083831 0.350731
v 0.570087 -0.031286 0.232984
v 0.451145 -0.164621 0.326555
v 0.540308 -0.087500 0.193867
v 0.456148 0.004986 0.422556
v 0.418031 -0.156405 0.408218
v 0.391696 -0.041563 0.483471
v 0.425879 0.118102 0.386060
v 0.394276 0.038750 0.472435
v 0.590838 0.043639 0.155762
v 0.588843 -0.034044 0.151835
v -0.485392 0.077342 -0.373417
v -0.542177 0.037450 -0.228008
v -0.442394 0.152799 -0.338332
v -0.524340 0.089560 -0.181044
v -0.469361 -0.058722 -0.347888
v -0.537969 -0.032343 -0.225522
v -0.444016 -0.107847 -0.309877
v -0.519600 -0.075471 -0.176185
v -0.449739 0.013045 -0.440616
v -0.406609 -0.095949 -0.384448
v -0.382169 -0.012068 -0.483485
v -0.423092 0.146252 -0.435322
v -0.400481 0.057250 -0.514095
v -0.566393 0.040680 -0.128338
v -0.560488 -0.034798 -0.128496
v -0.487532 0.077191 0.344647
v -0.571203 0.041613 0.237026
v -0.469046 0.128732 0.316390
v -0.547940 0.090227 0.196023
v -0.481855 -0.083602 0.350407
v -0.570190 -0.031467 0.233177
v -0.451418 -0.164532 0.326874
v -0.540486 -0.087278 0.193694
v -0.455894 0.004964 0.422671
v -0.418327 -0.156501 0.408527
v -0.391856 -0.041512 0.483371
v -0.425828 0.117805 0.386087
v -0.394262 0.038757 0.472599
v -0.590680 0.043766 0.155703
v -0.588817 -0.034011 0.151827
v -0.000175 0.314820 0.079408
v -0.043039 0.274984 0.173388
v -0.000027 0.600058 -0.252942
v -0.058845 0.674831 -0.359161
v 0.043253 0.275222 0.173456
v 0.059433 0.675421 -0.358671
v -0.316802 0.198691 0.347677
v -0.386602 0.191102 0.316035
v -0.343719 0.184256 0.400496
v -0.344110 0.474768 -0.441870
v -0.323039 0.341645 -0.363803
v -0.307821 0.332534 -0.469928
v -0.522907 0.149978 -0.029034
v -0.527282 0.144520 0.063751
v -0.565940 0.093660 0.019270
v 0.317032 0.198486 0.347887
v 0.386783 0.190879 0.316200
v 0.343802 0.184319 0.400531
v 0.344457 0.473757 -0.442262
v 0.322906 0.341423 -0.363897
v 0.307897 0.332406 -0.470232
v 0.522861 0.149734 -0.028953
v 0.527339 0.144584 0.063952
v 0.565967 0.093432 0.019342
v 0.000162 -0.591151 0.235730
v -0.051188 -0.603195 0.362637
v -0.000384 -0.558456 -0.165002
v -0.053690 -0.554726 -0.244836
v 0.051543 -0.603525 0.362295
v 0.053022 -0.554062 -0.244178
v -0.338023 -0.460940 0.445573
v -0.377277 -0.345870 0.366281
v -0.352395 -0.352062 0.469623
v -0.274187 -0.284635 -0.303963
v -0.336108 -0.232000 -0.280482
v -0.301612 -0.198853 -0.363205
v -0.498552 -0.142169 -0.024858
v -0.502748 -0.151568 0.065944
v -0.559807 -0.080268 0.018489
v 0.338102 -0.461788 0.446034
v 0.377797 -0.345794 0.366662
v 0.352408 -0.352547 0.469587
v 0.274228 -0.284394 -0.304236
v 0.336292 -0.231998 -0.280687
v 0.301733 -0.198736 -0.363603
v 0.498513 -0.142170 -0.025078
v 0.502849 -0.151355 0.066262
v 0.559882 -0.080285 0.018437
v 0.174577 -0.010954 0.634206
v 0.256644 -0.059829 0.604621
v -0.174323 -0.011218 0.634378
v -0.256247 -0.060161 0.604018
v 0.244164 0.031201 0.565915
v -0.244416 0.031668 0.565556
v 0.187567 0.025840 -0.668384
v 0.248281 -0.010787 -0.584397
v -0.187923 0.025812 -0.667799
v -0.248249 -0.010338 -0.584599
v 0.279414 0.072486 -0.658522
v -0.279163 0.072642 -0.658817
v -0.247402 0.345175 -0.070012
v -0.264221 0.321836 -0.034833
v -0.259754 0.351558 -0.096227
v -0.284015 0.329600 -0.076081
v -0.287748 0.313143 -0.038385
v 0.247133 0.344988 -0.070081
v 0.264199 0.321844 -0.034707
v 0.259832 0.351175 -0.096824
v 0.284271 0.329397 -0.076574
v 0.287922 0.313153 -0.038594
v -0.317049 -0.567090 -0.000062
v -0.323929 -0.533376 0.034817
v -0.334955 -0.562396 -0.029214
v -0.346876 -0.517958 -0.012389
v -0.343671 -0.507317 0.027060
v 0.317355 -0.567758 -0.000254
v 0.324136 -0.533900 0.034961
v 0.334680 -0.562842 -0.028998
v 0.347212 -0.518310 -0.012312
v 0.344109 -0.507494 0.026859
v -0.024410 -0.477508 0.697891
v 0.023881 -0.477078 0.697014
v -0.000228 -0.402445 0.713074
v 0.037823 -0.430780 0.706457
v -0.038402 -0.431034 0.706717
v -0.017778 0.182524 0.552216
v 0.017800 0.182415 0.552312
v -0.000020 0.182230 0.560482
v 0.028020 0.182880 0.556493
v -0.028156 0.182813 0.556776
v -0.015578 -0.191913 -0.523349
v 0.015595 -0.191893 -0.523378
v 0.000030 -0.185717 -0.543036
v 0.025380 -0.186163 -0.541458
v -0.025342 -0.186177 -0.541463
v -0.023452 0.449739 -0.692798
v 0.023403 0.450270 -0.692829
v -0.000058 0.385050 -0.723943
v 0.037704 0.409158 -0.711642
v -0.037287 0.409022 -0.711722
v 0.522180 0.016818 -0.328069
v 0.519361 -0.009792 -0.324414
v 0.505332 -0.003395 -0.353252
v 0.507709 0.014345 -0.356389
v 0.528941 0.002575 -0.307876
v 0.543742 0.020564 0.318577
v 0.543913 -0.006765 0.317749
v 0.528278 -0.001600 0.344250
v 0.527624 0.016103 0.344096
v 0.553722 0.006690 0.301865
v -0.522303 0.016884 -0.328235
v -0.519404 -0.009856 -0.324470
v -0.505454 -0.003476 -0.353349
v -0.507841 0.014284 -0.356499
v -0.528987 0.002636 -0.307983
v -0.543657 0.020577 0.318593
v -0.543954 -0.006708 0.317769
v -0.528268 -0.001654 0.344222
v -0.527415 0.016134 0.344121
v -0.553687 0.006798 0.301847
v -0.040002 0.417287 -0.101293
v 0.039836 0.417689 -0.101114
v -0.019843 0.388550 -0.057112
v -0.020457 0.455146 -0.142489
v 0.019665 0.388463 -0.057349
v 0.020382 0.455736 -0.142221
v -0.195008 0.246548 0.219118
v -0.157021 0.222893 0.315189
v -0.152198 0.250895 0.220109
v -0.220318 0.230543 0.264706
v -0.132596 0.237969 0.267972
v -0.201814 0.220393 0.313070
v -0.233005 0.636425 -0.392205
v -0.204364 0.666042 -0.495008
v -0.199654 0.699873 -0.403986
v -0.290488 0.632471 -0.424237
v -0.218353 0.793704 -0.469828
v -0.257941 0.618124 -0.473504
v -0.404803 0.253349 -0.176406
v -0.444803 0.190968 -0.216558
v -0.387968 0.266840 -0.229143
v -0.442500 0.215826 -0.142599
v -0.409578 0.231837 -0.248010
v -0.460372 0.186757 -0.164147
v -0.455431 0.195590 0.165612
v -0.489748 0.159261 0.217229
v -0.446919 0.191341 0.210238
v -0.482546 0.182828 0.149595
v -0.464066 0.175792 0.237036
v -0.500165 0.162815 0.174639
v 0.194316 0.246943 0.219001
v 0.156636 0.223047 0.314871
v 0.151762 0.251074 0.220431
v 0.132822 0.237606 0.268080
v 0.219991 0.230210 0.264750
v 0.201759 0.219863 0.313343
v 0.232475 0.637445 -0.397279
v 0.203604 0.664879 -0.496453
v 0.199587 0.699689 -0.405983
v 0.218006 0.793764 -0.469657
v 0.291659 0.629731 -0.428505
v 0.259015 0.617241 -0.475279
v 0.404307 0.253429 -0.176917
v 0.445358 0.190647 -0.216348
v 0.387734 0.266497 -0.229421
v 0.442097 0.215724 -0.142654
v 0.409703 0.231725 -0.247937
v 0.460951 0.186504 -0.163539
v 0.455570 0.195457 0.165848
v 0.490031 0.159354 0.217335
v 0.447092 0.191233 0.210465
v 0.482635 0.182670 0.149706
v 0.464125 0.175890 0.237119
v 0.500394 0.162712 0.174823
v -0.055293 -0.604857 0.009435
v 0.055123 -0.604543 0.009258
v -0.026426 -0.595671 0.061103
v -0.030796 -0.595465 -0.037209
v 0.026314 -0.595910 0.061195
v 0.030639 -0.595311 -0.037398
v -0.239820 -0.580889 0.407028
v -0.239997 -0.784409 0.510629
v -0.193646 -0.629014 0.411538
v -0.276855 -0.594444 0.438892
v -0.188682 -0.739202 0.450245
v -0.294922 -0.683570 0.496345
v -0.238159 -0.551811 -0.297794
v -0.158599 -0.414122 -0.315616
v -0.182753 -0.556147 -0.293934
v -0.241275 -0.461466 -0.299434
v -0.145842 -0.480631 -0.302010
v -0.201807 -0.402461 -0.311399
v -0.402510 -0.240665 -0.133887
v -0.443232 -0.159551 -0.188953
v -0.393493 -0.230771 -0.179525
v -0.430401 -0.205126 -0.113593
v -0.413142 -0.189178 -0.206923
v -0.451825 -0.166744 -0.141140
v -0.425081 -0.282196 0.185632
v -0.459907 -0.202634 0.224516
v -0.418780 -0.287297 0.233687
v -0.447864 -0.238617 0.160036
v -0.433730 -0.245985 0.252647
v -0.467322 -0.200361 0.180170
v 0.239402 -0.580995 0.407082
v 0.239656 -0.784323 0.508937
v 0.193354 -0.628170 0.411091
v 0.188309 -0.735540 0.448883
v 0.276447 -0.594910 0.438687
v 0.294464 -0.684073 0.496009
v 0.237895 -0.551304 -0.298120
v 0.158573 -0.414089 -0.315473
v 0.182476 -0.556172 -0.293409
v 0.145619 -0.480525 -0.302236
v 0.240969 -0.461538 -0.299566
v 0.201661 -0.402352 -0.311615
v 0.402634 -0.240436 -0.133808
v 0.443395 -0.159595 -0.188937
v 0.393727 -0.231658 -0.179592
v 0.430511 -0.204858 -0.113688
v 0.413147 -0.189600 -0.207005
v 0.451802 -0.166593 -0.141117
v 0.424892 -0.281581 0.186178
v 0.459509 -0.202596 0.224934
v 0.418794 -0.287064 0.233929
v 0.447872 -0.237563 0.160005
v 0.433960 -0.245991 0.252556
v 0.467250 -0.199778 0.179954
v 0.000170 -0.047529 0.731753
v 0.000047 0.039648 0.647719
v 0.046868 -0.025637 0.703138
v -0.046766 -0.025804 0.703231
v 0.043965 0.017468 0.662657
v -0.043583 0.017630 0.662934
v 0.294150 -0.252940 0.604879
v 0.347342 -0.173672 0.521715
v 0.318483 -0.272895 0.565078
v 0.342690 -0.229024 0.522397
v 0.294839 -0.191901 0.600193
v 0.322403 -0.156521 0.558055
v -0.294240 -0.253168 0.604763
v -0.347940 -0.173832 0.521986
v -0.318547 -0.273178 0.564861
v -0.342873 -0.229223 0.522331
v -0.294495 -0.192107 0.599980
v -0.322731 -0.156151 0.558149
v 0.259957 0.171088 0.497921
v 0.337182 0.122851 0.467296
v 0.293641 0.171891 0.476046
v 0.331268 0.156543 0.458827
v 0.265587 0.130156 0.508183
v 0.305141 0.108101 0.494200
v -0.260332 0.170582 0.498289
v -0.337133 0.122898 0.467017
v -0.293674 0.171663 0.476268
v -0.331210 0.156330 0.459082
v -0.265615 0.130963 0.507933
v -0.305617 0.109369 0.494098
v -0.000019 -0.014723 -0.640449
v -0.000049 0.075595 -0.735399
v 0.046802 0.006927 -0.663612
v -0.046877 0.006749 -0.663702
v 0.051152 0.050715 -0.713962
v -0.051168 0.050268 -0.714532
v 0.245083 -0.135149 -0.488802
v 0.321564 -0.094391 -0.464393
v 0.271972 -0.143975 -0.460611
v 0.309977 -0.124969 -0.447742
v 0.255670 -0.103260 -0.505063
v 0.294407 -0.081448 -0.494648
v -0.245147 -0.135058 -0.488799
v -0.321493 -0.094219 -0.464247
v -0.272002 -0.143895 -0.460498
v -0.309995 -0.124911 -0.447846
v -0.255572 -0.103471 -0.504965
v -0.294297 -0.081346 -0.494822
v 0.305178 0.247950 -0.649185
v 0.370324 0.170496 -0.569303
v 0.316060 0.260078 -0.593217
v 0.346689 0.218766 -0.555771
v 0.320052 0.195502 -0.660778
v 0.347753 0.159941 -0.612159
v -0.305125 0.248047 -0.648618
v -0.370229 0.170537 -0.569615
v -0.316025 0.260573 -0.592991
v -0.346667 0.219038 -0.555641
v -0.320037 0.195804 -0.660847
v -0.348903 0.160339 -0.613247
v 0.604004 0.002217 -0.029134
v 0.609874 0.003255 0.064778
v 0.608284 0.020849 -0.003939
v 0.609266 0.021988 0.042728
v 0.604998 -0.015402 -0.005725
v 0.607561 -0.015410 0.040913
v -0.604003 0.002262 -0.029133
v -0.609880 0.003311 0.064741
v -0.608343 0.020888 -0.004037
v -0.609250 0.022023 0.042664
v -0.605088 -0.015413 -0.005632
v -0.607569 -0.015391 0.040997
v -0.187826 0.375883 -0.085386
v -0.117381 0.402844 -0.095688
v -0.171985 0.359252 -0.046321
v -0.171928 0.410595 -0.130002
v -0.136223 0.370245 -0.050228
v -0.136951 0.427027 -0.136358
v -0.249025 0.297002 0.040908
v -0.226212 0.271634 0.126667
v -0.214488 0.306448 0.040384
v -0.274673 0.274744 0.081014
v -0.201541 0.292562 0.083054
v -0.264443 0.263399 0.124876
v -0.240950 0.415042 -0.186134
v -0.241719 0.520654 -0.280960
v -0.214027 0.448209 -0.199795
v -0.261614 0.422294 -0.215406
v -0.209191 0.500362 -0.246398
v -0.268274 0.475588 -0.262797
v -0.321992 0.318295 -0.109035
v -0.362054 0.295557 -0.142241
v -0.310154 0.343250 -0.159204
v -0.353704 0.288239 -0.075894
v -0.327791 0.333741 -0.177586
v -0.375859 0.276404 -0.091216
v -0.341572 0.268370 0.027637
v -0.404248 0.227313 0.100548
v -0.341693 0.255906 0.071800
v -0.368685 0.258844 0.017931
v -0.372361 0.236554 0.109644
v -0.399980 0.237200 0.053089
v 0.188080 0.375705 -0.085536
v 0.117431 0.402772 -0.096615
v 0.171689 0.358826 -0.046803
v 0.171821 0.410422 -0.130935
v 0.135687 0.370350 -0.050820
v 0.136988 0.427526 -0.136534
v 0.248849 0.296955 0.040600
v 0.225521 0.271536 0.126990
v 0.214355 0.306444 0.040362
v 0.273860 0.275228 0.081089
v 0.201080 0.292533 0.082820
v 0.264180 0.263256 0.125255
v 0.241117 0.415482 -0.186889
v 0.242252 0.522056 -0.283155
v 0.214047 0.449068 -0.200649
v 0.261788 0.422901 -0.216092
v 0.209792 0.501356 -0.247664
v 0.268367 0.477274 -0.264804
v 0.321944 0.318966 -0.109483
v 0.362109 0.295512 -0.142540
v 0.310287 0.343383 -0.159938
v 0.353155 0.288408 -0.076244
v 0.327743 0.333584 -0.178124
v 0.375686 0.276313 -0.091435
v 0.341013 0.268648 0.027376
v 0.404284 0.227079 0.100860
v 0.341255 0.256131 0.071855
v 0.368570 0.258754 0.017935
v 0.372395 0.236200 0.110004
v 0.401393 0.236651 0.053775
v -0.257648 -0.630950 -0.002118
v -0.159412 -0.637373 0.001635
v -0.224372 -0.587177 0.030373
v -0.257747 -0.716489 -0.025625
v -0.177869 -0.593331 0.036026
v -0.193004 -0.703129 -0.035172
v -0.297460 -0.526081 0.128713
v -0.264940 -0.534787 0.255517
v -0.259171 -0.543365 0.137875
v -0.319581 -0.505269 0.172485
v -0.240252 -0.546869 0.203424
v -0.304267 -0.510514 0.233665
v -0.348742 -0.643018 -0.125795
v -0.330815 -0.673224 -0.253996
v -0.330671 -0.737958 -0.145504
v -0.359578 -0.586162 -0.158095
v -0.307042 -0.749075 -0.213129
v -0.362125 -0.597357 -0.219376
v -0.368202 -0.443217 -0.051826
v -0.380368 -0.341506 -0.090193
v -0.366701 -0.447915 -0.099073
v -0.379419 -0.394165 -0.025536
v -0.369968 -0.392055 -0.117865
v -0.387199 -0.345768 -0.044687
v -0.370685 -0.436668 0.085214
v -0.396041 -0.360144 0.139948
v -0.370740 -0.440428 0.134771
v -0.383433 -0.395738 0.066006
v -0.380608 -0.403728 0.164468
v -0.397379 -0.355601 0.092057
v 0.256815 -0.632241 -0.002112
v 0.158360 -0.637830 0.001158
v 0.223993 -0.587254 0.029939
v 0.256245 -0.719323 -0.026377
v 0.177557 -0.593328 0.035568
v 0.191390 -0.703823 -0.035833
v 0.297677 -0.525636 0.128623
v 0.264783 -0.535147 0.255310
v 0.259307 -0.543492 0.137711
v 0.319960 -0.505025 0.172199
v 0.239898 -0.546723 0.203400
v 0.304149 -0.510497 0.233432
v 0.348934 -0.643842 -0.125829
v 0.330679 -0.673403 -0.253984
v 0.330336 -0.738589 -0.145384
v 0.359073 -0.585777 -0.157939
v 0.306541 -0.749636 -0.213163
v 0.362274 -0.597410 -0.219414
v 0.368686 -0.443243 -0.051811
v 0.380188 -0.341503 -0.089878
v 0.366741 -0.448158 -0.099095
v 0.379209 -0.394161 -0.026009
v 0.370434 -0.392266 -0.117846
v 0.387241 -0.345547 -0.044953
v 0.370569 -0.436294 0.085344
v 0.395786 -0.360122 0.140595
v 0.370225 -0.440284 0.134903
v 0.383728 -0.396087 0.066050
v 0.380952 -0.403836 0.164176
v 0.397788 -0.355515 0.092100
v -0.093249 -0.574044 0.679542
v -0.166997 -0.753141 0.676686
v -0.063989 -0.610786 0.656630
v -0.161094 -0.582958 0.690864
v -0.093108 -0.675324 0.638288
v -0.214699 -0.677842 0.701628
v 0.093213 -0.573742 0.679642
v 0.168061 -0.753225 0.677180
v 0.063574 -0.610643 0.656750
v 0.160983 -0.582847 0.690980
v 0.092993 -0.674915 0.638306
v 0.214747 -0.677263 0.701209
v -0.000038 -0.290486 0.739740
v 0.000025 -0.166127 0.825679
v 0.048553 -0.260817 0.744980
v -0.048646 -0.260651 0.745065
v 0.049551 -0.198864 0.764038
v -0.049386 -0.198904 0.764045
v 0.136554 -0.392510 0.705395
v 0.233152 -0.331881 0.681005
v 0.183668 -0.435201 0.696308
v 0.141702 -0.328258 0.713726
v 0.234435 -0.403993 0.684017
v 0.189889 -0.298159 0.701797
v -0.136632 -0.392129 0.705159
v -0.233448 -0.331883 0.681002
v -0.183801 -0.434878 0.695889
v -0.141577 -0.328315 0.712372
v -0.235029 -0.403659 0.684240
v -0.190453 -0.298044 0.702344
v -0.065245 0.188402 0.502456
v -0.113292 0.202349 0.411174
v -0.044440 0.194856 0.458224
v -0.110300 0.187967 0.503075
v -0.067811 0.202720 0.412371
v -0.135062 0.194118 0.456526
v 0.065313 0.188601 0.502460
v 0.113280 0.202407 0.411448
v 0.044526 0.194896 0.458140
v 0.110323 0.188157 0.502945
v 0.067751 0.202938 0.412047
v 0.135106 0.194188 0.456545
v -0.000051 0.177318 0.569623
v -0.000082 0.119474 0.587743
v 0.036170 0.175326 0.565372
v -0.035959 0.175330 0.564943
v 0.037795 0.139015 0.576564
v -0.037940 0.138839 0.577050
v 0.101755 0.182832 0.547182
v 0.181244 0.181370 0.527215
v 0.135007 0.183970 0.536046
v 0.107026 0.181196 0.548900
v 0.175503 0.183931 0.523487
v 0.146454 0.178992 0.541259
v -0.101816 0.182652 0.547430
v -0.181162 0.181341 0.527254
v -0.134902 0.183878 0.536000
v -0.106985 0.180905 0.548931
v -0.175313 0.183892 0.523514
v -0.146442 0.178784 0.541354
v -0.054958 -0.236918 -0.440574
v -0.100544 -0.309867 -0.362886
v -0.038408 -0.271454 -0.400679
v -0.092037 -0.233716 -0.438231
v -0.060654 -0.314298 -0.366018
v -0.114841 -0.263260 -0.395773
v 0.055018 -0.236894 -0.440625
v 0.100513 -0.309798 -0.362915
v 0.038479 -0.271455 -0.400663
v 0.092098 -0.233768 -0.438241
v 0.060633 -0.314204 -0.365788
v 0.114882 -0.263234 -0.395773
v 0.000022 -0.179014 -0.548033
v 0.000036 -0.107278 -0.569735
v 0.035109 -0.176890 -0.547536
v -0.035062 -0.176879 -0.547580
v 0.037392 -0.129676 -0.561139
v -0.037369 -0.129286 -0.561440
v 0.091848 -0.184586 -0.526781
v 0.167121 -0.169058 -0.509156
v 0.119137 -0.190554 -0.506337
v 0.099069 -0.175881 -0.533246
v 0.156636 -0.185632 -0.495397
v 0.137052 -0.163730 -0.527198
v -0.091793 -0.184550 -0.526714
v -0.167069 -0.169018 -0.509119
v -0.119102 -0.190510 -0.506338
v -0.099021 -0.175843 -0.533234
v -0.156603 -0.185565 -0.495461
v -0.137115 -0.163712 -0.527229
v -0.087718 0.529049 -0.656300
v -0.159839 0.612583 -0.601314
v -0.062823 0.581061 -0.635751
v -0.145960 0.517503 -0.654346
v -0.098870 0.624400 -0.605518
v -0.186090 0.559515 -0.630795
v 0.087488 0.528936 -0.656099
v 0.159691 0.612177 -0.601509
v 0.062731 0.580882 -0.635382
v 0.146078 0.517521 -0.654421
v 0.098777 0.624238 -0.605495
v 0.186060 0.559069 -0.630791
v -0.000043 0.290826 -0.770255
v 0.000153 0.182396 -0.791860
v 0.055342 0.265885 -0.783529
v -0.055282 0.266240 -0.783743
v 0.058670 0.211243 -0.799998
v -0.058659 0.211377 -0.799693
v 0.136589 0.373462 -0.720399
v 0.240248 0.323777 -0.715246
v 0.175267 0.405135 -0.694400
v 0.150021 0.322352 -0.750273
v 0.224532 0.379409 -0.687585
v 0.206355 0.298276 -0.754752
v -0.136157 0.373589 -0.719987
v -0.239908 0.324152 -0.715219
v -0.175051 0.405399 -0.694448
v -0.149726 0.322684 -0.750182
v -0.224683 0.379710 -0.687728
v -0.206518 0.298863 -0.755037
v 0.517551 0.054534 -0.301563
v 0.484810 0.118427 -0.259437
v 0.495901 0.078765 -0.329440
v 0.526817 0.057123 -0.254619
v 0.474690 0.115775 -0.309142
v 0.513237 0.086830 -0.231925
v 0.511671 -0.045955 -0.292374
v 0.486069 -0.092181 -0.247315
v 0.486970 -0.063538 -0.311788
v 0.522064 -0.049354 -0.249104
v 0.475212 -0.086572 -0.292153
v 0.510503 -0.071663 -0.225052
v 0.462090 -0.027424 -0.396735
v 0.396302 -0.058069 -0.433996
v 0.451444 -0.051933 -0.382759
v 0.442449 -0.015135 -0.430042
v 0.419579 -0.069039 -0.401304
v 0.407597 -0.028639 -0.449522
v 0.471761 0.049830 -0.414614
v 0.425783 0.102769 -0.486866
v 0.468952 0.077253 -0.412553
v 0.450102 0.043296 -0.446340
v 0.443877 0.106626 -0.447158
v 0.427279 0.067333 -0.483179
v 0.547992 0.001799 -0.225251
v 0.573295 0.001980 -0.128514
v 0.552534 0.019500 -0.202459
v 0.550170 -0.015430 -0.201674
v 0.564981 0.020355 -0.153372
v 0.561938 -0.016058 -0.153136
v 0.532967 0.060739 0.291795
v 0.510866 0.109701 0.255929
v 0.505994 0.081645 0.310707
v 0.547155 0.063242 0.255223
v 0.495121 0.106764 0.294333
v 0.535898 0.087741 0.235955
v 0.527409 -0.057073 0.290832
v 0.495495 -0.126813 0.258854
v 0.496969 -0.088568 0.313592
v 0.542807 -0.058375 0.252882
v 0.481155 -0.126342 0.299637
v 0.526458 -0.090722 0.234932
v 0.474998 -0.040313 0.392237
v 0.408772 -0.101505 0.450972
v 0.463313 -0.077768 0.386204
v 0.450633 -0.030211 0.422852
v 0.430068 -0.112072 0.415160
v 0.417257 -0.057292 0.452571
v 0.474553 0.045022 0.386275
v 0.409601 0.081292 0.428806
v 0.466635 0.071179 0.376723
v 0.451636 0.034806 0.417100
v 0.434257 0.090481 0.397336
v 0.419062 0.051876 0.439724
v 0.583080 0.005391 0.234637
v 0.602339 0.004201 0.154209
v 0.588008 0.022405 0.217326
v 0.587405 -0.012016 0.214583
v 0.597717 0.022535 0.176966
v 0.596588 -0.013320 0.174228
v -0.517727 0.054574 -0.301522
v -0.484546 0.119149 -0.259555
v -0.496257 0.078729 -0.329510
v -0.526931 0.057122 -0.254513
v -0.474707 0.115940 -0.309229
v -0.513888 0.085974 -0.231882
v -0.511775 -0.045949 -0.292383
v -0.486031 -0.092233 -0.247341
v -0.486916 -0.063541 -0.311741
v -0.522077 -0.049322 -0.249113
v -0.475129 -0.086495 -0.292075
v -0.510416 -0.071749 -0.225018
v -0.462194 -0.027459 -0.396759
v -0.396061 -0.057996 -0.434047
v -0.451323 -0.051914 -0.382719
v -0.442493 -0.015247 -0.430151
v -0.419642 -0.069020 -0.401472
v -0.407454 -0.028593 -0.449490
v -0.470832 0.050028 -0.414422
v -0.426057 0.102930 -0.487139
v -0.468723 0.077274 -0.412456
v -0.449896 0.043427 -0.446281
v -0.443794 0.106611 -0.447104
v -0.425726 0.067749 -0.482711
v -0.548108 0.001862 -0.225322
v -0.573356 0.002057 -0.128555
v -0.552658 0.019531 -0.202502
v -0.550270 -0.015388 -0.201710
v -0.565062 0.020411 -0.153376
v -0.561988 -0.016020 -0.153165
v -0.532388 0.060966 0.291526
v -0.511281 0.110294 0.256403
v -0.505917 0.081833 0.310760
v -0.547109 0.063187 0.255172
v -0.495566 0.106794 0.294544
v -0.535795 0.087838 0.235950
v -0.527050 -0.057181 0.290543
v -0.494966 -0.127010 0.258664
v -0.497397 -0.087310 0.313107
v -0.541841 -0.059189 0.252750
v -0.481336 -0.125793 0.299442
v -0.526017 -0.090710 0.235094
v -0.475151 -0.040175 0.392110
v -0.408444 -0.101814 0.450669
v -0.462711 -0.078100 0.386214
v -0.450692 -0.030512 0.422769
v -0.429774 -0.111879 0.415253
v -0.418074 -0.056793 0.452710
v -0.475255 0.045221 0.386639
v -0.409459 0.081335 0.428960
v -0.466193 0.070994 0.376595
v -0.452054 0.034848 0.417252
v -0.434209 0.090189 0.397334
v -0.419656 0.052187 0.440081
v -0.583038 0.005528 0.234647
v -0.602328 0.004257 0.154210
v -0.587989 0.022399 0.217406
v -0.587367 -0.011932 0.214541
v -0.597673 0.022533 0.177000
v -0.596564 -0.013227 0.174273
v -0.060876 0.334935 0.034720
v -0.105435 0.289434 0.126912
v -0.100826 0.330322 0.035441
v -0.122778 0.306535 0.081477
v -0.041429 0.314243 0.080136
v -0.063339 0.292849 0.126823
v -0.065996 0.534096 -0.222320
v -0.124489 0.620808 -0.311208
v -0.107825 0.520937 -0.221972
v -0.134820 0.557676 -0.263782
v -0.047750 0.585605 -0.263414
v -0.077765 0.629992 -0.311306
v 0.061183 0.334338 0.033675
v 0.105130 0.289200 0.127053
v 0.100729 0.330365 0.035385
v 0.123069 0.306512 0.081022
v 0.041422 0.314151 0.079493
v 0.063133 0.292965 0.126342
v 0.065815 0.534144 -0.222760
v 0.125770 0.620982 -0.310902
v 0.107554 0.521269 -0.222519
v 0.135783 0.558011 -0.264322
v 0.047982 0.585753 -0.263314
v 0.077862 0.630334 -0.311580
v -0.305167 0.219067 0.255855
v -0.381495 0.206817 0.237338
v -0.318559 0.227739 0.208288
v -0.357944 0.220091 0.201187
v -0.332177 0.205327 0.297366
v -0.368092 0.200927 0.284560
v -0.044201 0.240634 0.269062
v 0.044209 0.240728 0.268860
v -0.022373 0.224847 0.317190
v 0.022585 0.225240 0.317383
v -0.021577 0.257430 0.220973
v 0.021938 0.257570 0.221112
v -0.252032 0.196177 0.403458
v -0.279301 0.185100 0.454997
v -0.227440 0.191109 0.449251
v -0.240678 0.186513 0.473790
v -0.296163 0.193434 0.395427
v -0.307544 0.187805 0.419060
v -0.457592 0.573447 -0.348244
v -0.309200 0.382646 -0.297949
v -0.343680 0.483511 -0.309810
v -0.305074 0.409270 -0.283646
v -0.369139 0.482229 -0.385564
v -0.314984 0.404430 -0.348658
v -0.074733 0.715418 -0.455257
v 0.074435 0.715209 -0.454959
v -0.035720 0.692248 -0.510764
v 0.035928 0.692195 -0.510638
v -0.033577 0.697918 -0.407618
v 0.033649 0.697706 -0.407510
v -0.284878 0.500376 -0.520738
v -0.286358 0.373227 -0.557923
v -0.257279 0.480498 -0.571723
v -0.264680 0.419290 -0.591940
v -0.308137 0.453932 -0.490148
v -0.298324 0.386620 -0.505873
v -0.476383 0.200615 -0.034708
v -0.484909 0.189812 0.058623
v -0.448053 0.219463 -0.020898
v -0.455435 0.211465 0.027503
v -0.506340 0.174699 -0.005787
v -0.507779 0.170350 0.039754
v -0.383345 0.238652 -0.350144
v -0.363768 0.233304 -0.452683
v -0.408017 0.193224 -0.369048
v -0.398260 0.190989 -0.419273
v -0.346762 0.286416 -0.382291
v -0.337550 0.282959 -0.434703
v -0.521676 0.122028 -0.105819
v -0.574384 0.065593 -0.052426
v -0.535851 0.092131 -0.129914
v -0.560832 0.064959 -0.103153
v -0.535208 0.121706 -0.054365
v -0.560880 0.093199 -0.028423
v -0.432424 0.170001 0.322123
v -0.386780 0.163147 0.396730
v -0.441713 0.150233 0.339352
v -0.418713 0.144589 0.374472
v -0.401195 0.181078 0.341989
v -0.378548 0.177844 0.381463
v -0.541338 0.117061 0.131821
v -0.580049 0.068372 0.087916
v -0.558029 0.091709 0.154602
v -0.576814 0.067830 0.132994
v -0.545392 0.118641 0.087249
v -0.564276 0.093495 0.064980
v 0.305291 0.218719 0.256325
v 0.381971 0.206600 0.237737
v 0.318158 0.227678 0.208260
v 0.357540 0.220098 0.201241
v 0.332635 0.205073 0.297791
v 0.368509 0.200755 0.284922
v 0.252344 0.196120 0.403651
v 0.279401 0.185115 0.455047
v 0.227620 0.191162 0.449324
v 0.240753 0.186545 0.473885
v 0.296193 0.193290 0.395414
v 0.307628 0.187744 0.419102
v 0.457641 0.573553 -0.347866
v 0.309124 0.382825 -0.298408
v 0.343924 0.483950 -0.310795
v 0.305268 0.409513 -0.284019
v 0.369132 0.481831 -0.385876
v 0.314939 0.404410 -0.348656
v 0.284406 0.499916 -0.521608
v 0.286648 0.372586 -0.558112
v 0.257463 0.480253 -0.572038
v 0.265073 0.419033 -0.592032
v 0.308209 0.453163 -0.489902
v 0.298504 0.386088 -0.506030
v 0.476448 0.200760 -0.034832
v 0.485043 0.189627 0.058733
v 0.447728 0.219374 -0.021305
v 0.455238 0.211462 0.027437
v 0.506442 0.174711 -0.005557
v 0.507907 0.170401 0.039886
v 0.383064 0.238367 -0.350116
v 0.363717 0.233408 -0.452477
v 0.407732 0.193674 -0.369161
v 0.397993 0.190933 -0.419017
v 0.346875 0.286608 -0.382597
v 0.337749 0.283047 -0.434618
v 0.522021 0.121833 -0.105571
v 0.574149 0.065706 -0.052386
v 0.535914 0.092077 -0.129696
v 0.560559 0.065179 -0.103097
v 0.535837 0.121598 -0.053873
v 0.560664 0.093340 -0.028425
v 0.432424 0.170276 0.322057
v 0.386856 0.163483 0.396738
v 0.441874 0.150266 0.339330
v 0.418543 0.144755 0.374332
v 0.401222 0.181147 0.341992
v 0.378589 0.178032 0.381493
v 0.541071 0.117380 0.131575
v 0.580024 0.068308 0.088033
v 0.556092 0.091806 0.153932
v 0.576585 0.067888 0.132844
v 0.544967 0.118702 0.087151
v 0.563818 0.093642 0.064825
v -0.075056 -0.585029 0.170624
v -0.125682 -0.582140 0.297805
v -0.124649 -0.577362 0.164039
v -0.148379 -0.574173 0.225701
v -0.050167 -0.589109 0.235114
v -0.075571 -0.590892 0.298894
v -0.087366 -0.641415 -0.133790
v -0.131409 -0.667894 -0.241981
v -0.117798 -0.750232 -0.147305
v -0.151210 -0.765931 -0.218283
v -0.065655 -0.590719 -0.171929
v -0.082442 -0.604885 -0.218372
v 0.075101 -0.584915 0.170920
v 0.125897 -0.581865 0.297658
v 0.124571 -0.577763 0.163726
v 0.148786 -0.573781 0.225979
v 0.050329 -0.588773 0.234937
v 0.075918 -0.590339 0.299058
v 0.086923 -0.638891 -0.133925
v 0.130403 -0.664897 -0.240803
v 0.116402 -0.744311 -0.147109
v 0.146344 -0.761893 -0.218989
v 0.064827 -0.589550 -0.171979
v 0.081682 -0.603545 -0.217842
v -0.332048 -0.480513 0.364264
v -0.377187 -0.380508 0.295699
v -0.344505 -0.463195 0.304422
v -0.366764 -0.418650 0.272138
v -0.345842 -0.444456 0.386421
v -0.366839 -0.390110 0.349453
v -0.056757 -0.657344 0.471264
v 0.056873 -0.656693 0.471031
v -0.031357 -0.638665 0.525884
v 0.031085 -0.638289 0.525467
v -0.027003 -0.629313 0.416018
v 0.027364 -0.628787 0.415891
v -0.321689 -0.554700 0.558533
v -0.323023 -0.405528 0.569924
v -0.319383 -0.556463 0.629458
v -0.314838 -0.469081 0.628460
v -0.331882 -0.474682 0.506822
v -0.336077 -0.411343 0.515751
v -0.311104 -0.392038 -0.269212
v -0.346432 -0.305744 -0.220306
v -0.346966 -0.422966 -0.241248
v -0.351016 -0.371268 -0.207666
v -0.303224 -0.319829 -0.276600
v -0.325473 -0.282419 -0.256484
v -0.048362 -0.468106 -0.295782
v 0.048091 -0.467960 -0.295707
v -0.022992 -0.416792 -0.317984
v 0.022662 -0.416714 -0.318422
v -0.026011 -0.510557 -0.269538
v 0.025022 -0.510267 -0.269971
v -0.215096 -0.274673 -0.346824
v -0.243797 -0.198846 -0.413841
v -0.191044 -0.247224 -0.386137
v -0.205589 -0.213902 -0.420514
v -0.250458 -0.256193 -0.340081
v -0.265167 -0.217528 -0.372670
v -0.444862 -0.216268 -0.020768
v -0.452509 -0.228436 0.069051
v -0.424992 -0.260357 0.003048
v -0.430400 -0.266669 0.047700
v -0.473480 -0.181487 -0.000160
v -0.476528 -0.186631 0.044996
v -0.388629 -0.166813 -0.296050
v -0.355582 -0.145025 -0.379599
v -0.408414 -0.132055 -0.324061
v -0.391050 -0.124117 -0.363856
v -0.353908 -0.191966 -0.309320
v -0.337519 -0.177786 -0.352026
v -0.511170 -0.106883 -0.099241
v -0.567137 -0.055299 -0.053919
v -0.529612 -0.077845 -0.126463
v -0.553250 -0.055638 -0.103054
v -0.522228 -0.107160 -0.050514
v -0.552254 -0.079263 -0.028379
v -0.411406 -0.251335 0.345182
v -0.380166 -0.247239 0.435821
v -0.422937 -0.206088 0.357351
v -0.407007 -0.202929 0.400427
v -0.387005 -0.298670 0.380057
v -0.372409 -0.299273 0.428097
v -0.522857 -0.121819 0.131123
v -0.575682 -0.059376 0.085453
v -0.546338 -0.088303 0.151442
v -0.571877 -0.059304 0.129503
v -0.527855 -0.118238 0.086828
v -0.555141 -0.085583 0.063514
v 0.331203 -0.480495 0.364584
v 0.376674 -0.380503 0.295222
v 0.342617 -0.463169 0.304201
v 0.365359 -0.418004 0.272136
v 0.345538 -0.444532 0.386514
v 0.366751 -0.390169 0.349722
v 0.321793 -0.555490 0.558698
v 0.322729 -0.406246 0.569864
v 0.319160 -0.557354 0.629525
v 0.314564 -0.469538 0.628669
v 0.331668 -0.475304 0.506728
v 0.335904 -0.412081 0.516135
v 0.310738 -0.392441 -0.268948
v 0.346397 -0.305794 -0.220210
v 0.346864 -0.422963 -0.241317
v 0.351127 -0.371564 -0.207706
v 0.303224 -0.319466 -0.276204
v 0.325460 -0.282222 -0.256659
v 0.215166 -0.274495 -0.347034
v 0.243794 -0.198869 -0.413779
v 0.191125 -0.247277 -0.386300
v 0.205655 -0.213767 -0.420574
v 0.250319 -0.255976 -0.340055
v 0.265507 -0.217718 -0.372630
v 0.445136 -0.216214 -0.020768
v 0.452493 -0.228750 0.069093
v 0.425256 -0.260219 0.003038
v 0.430375 -0.266836 0.047372
v 0.473345 -0.181265 0.000128
v 0.476309 -0.187047 0.045003
v 0.388434 -0.166901 -0.295519
v 0.355710 -0.144900 -0.379883
v 0.408593 -0.131987 -0.324266
v 0.391045 -0.124072 -0.363777
v 0.353956 -0.192166 -0.309083
v 0.337229 -0.178285 -0.351343
v 0.511590 -0.106259 -0.099300
v 0.567103 -0.055285 -0.053928
v 0.529600 -0.077894 -0.126390
v 0.553178 -0.055652 -0.103026
v 0.522071 -0.107312 -0.050647
v 0.552279 -0.079295 -0.028475
v 0.411054 -0.251515 0.344646
v 0.379917 -0.247297 0.435990
v 0.422829 -0.205958 0.357014
v 0.406192 -0.202735 0.399992
v 0.387135 -0.299205 0.379687
v 0.372599 -0.299336 0.428242
v 0.522617 -0.121871 0.131183
v 0.575830 -0.059370 0.085411
v 0.546215 -0.088465 0.151426
v 0.572114 -0.059334 0.129530
v 0.527366 -0.118811 0.086996
v 0.555465 -0.085451 0.063597
v 0.146011 -0.081147 0.705835
v 0.230669 -0.139817 0.665432
v 0.152792 -0.137211 0.731758
v 0.194230 -0.169332 0.704400
v 0.184848 -0.056251 0.667178
v 0.223992 -0.085251 0.646137
v -0.146306 -0.080692 0.706357
v -0.229869 -0.140309 0.664328
v -0.153027 -0.137764 0.731793
v -0.194458 -0.169719 0.704511
v -0.184282 -0.056513 0.666264
v -0.223685 -0.085692 0.645392
v 0.123511 0.055374 0.607799
v 0.196240 0.094793 0.556710
v 0.118845 0.097152 0.583295
v 0.155153 0.116282 0.562719
v 0.166358 0.032730 0.606030
v 0.202420 0.052998 0.576213
v -0.123468 0.055637 0.607948
v -0.196473 0.094101 0.557210
v -0.118653 0.097424 0.582844
v -0.155173 0.116310 0.562625
v -0.166523 0.032542 0.606228
v -0.202451 0.052833 0.576317
v 0.326402 -0.052867 0.543854
v 0.320269 0.033591 0.520373
v 0.364397 -0.022231 0.512322
v 0.362570 0.018709 0.503444
v 0.289926 -0.033518 0.567022
v 0.285584 0.011110 0.551806
v -0.326129 -0.053138 0.543651
v -0.319705 0.033480 0.520348
v -0.364189 -0.022385 0.512225
v -0.362607 0.018795 0.503378
v -0.289986 -0.033631 0.566758
v -0.285325 0.011205 0.551271
v 0.126165 -0.034248 -0.605463
v 0.194321 -0.072275 -0.555507
v 0.118224 -0.078194 -0.574499
v 0.152407 -0.095903 -0.554990
v 0.172651 -0.012781 -0.617909
v 0.205176 -0.031684 -0.585184
v -0.126346 -0.034267 -0.605651
v -0.194284 -0.072255 -0.555327
v -0.118214 -0.078111 -0.574652
v -0.152532 -0.095681 -0.555057
v -0.172771 -0.012830 -0.618458
v -0.205355 -0.031665 -0.585212
v 0.167323 0.084075 -0.775945
v 0.276089 0.148240 -0.762769
v 0.176182 0.148037 -0.809762
v 0.231522 0.180753 -0.799376
v 0.208840 0.060913 -0.729896
v 0.260627 0.090683 -0.725466
v -0.167307 0.083951 -0.776197
v -0.276087 0.148311 -0.762789
v -0.176200 0.148249 -0.809800
v -0.231498 0.180968 -0.799388
v -0.208739 0.061202 -0.730187
v -0.260748 0.090774 -0.725685
v 0.317163 -0.009771 -0.536435
v 0.340570 0.069023 -0.583714
v 0.355830 0.007243 -0.520071
v 0.366658 0.044383 -0.539536
v 0.289993 0.009826 -0.575614
v 0.302991 0.050708 -0.605449
v -0.317255 -0.009933 -0.536725
v -0.339457 0.069258 -0.583173
v -0.355916 0.007155 -0.520278
v -0.365919 0.044355 -0.539345
v -0.290032 0.010060 -0.575314
v -0.303386 0.051223 -0.606072
v -0.236836 0.333419 -0.037585
v -0.233548 0.371384 -0.109956
v -0.205882 0.346646 -0.042014
v -0.204391 0.391660 -0.121194
v -0.286257 0.299911 -0.000749
v -0.226265 0.320789 0.000048
v -0.281643 0.287366 0.039118
v -0.275893 0.352371 -0.118256
v -0.221602 0.404773 -0.155329
v -0.265989 0.381474 -0.165652
v -0.309707 0.305743 -0.048350
v -0.292939 0.349209 -0.139303
v -0.331673 0.298092 -0.061559
v -0.312603 0.277423 0.034739
v -0.338016 0.281892 -0.016438
v 0.236820 0.333421 -0.037569
v 0.233551 0.371341 -0.110691
v 0.205710 0.346524 -0.041888
v 0.204501 0.391769 -0.121389
v 0.286614 0.299430 -0.000863
v 0.225881 0.320554 -0.000116
v 0.281333 0.287398 0.039234
v 0.275899 0.352138 -0.118829
v 0.221985 0.404840 -0.155537
v 0.266067 0.381585 -0.166425
v 0.309834 0.306315 -0.048802
v 0.292868 0.349573 -0.139961
v 0.331421 0.298672 -0.062039
v 0.312178 0.277724 0.034709
v 0.337996 0.282293 -0.016647
v -0.298854 -0.557120 0.034294
v -0.319103 -0.612361 -0.038128
v -0.265787 -0.573224 0.027754
v -0.293443 -0.664627 -0.039368
v -0.338212 -0.503399 0.068776
v -0.279109 -0.547068 0.080391
v -0.331660 -0.503175 0.116960
v -0.349733 -0.538313 -0.054359
v -0.334517 -0.678657 -0.083773
v -0.354255 -0.563170 -0.102892
v -0.358412 -0.476443 0.011641
v -0.360152 -0.497991 -0.077711
v -0.369902 -0.438808 -0.006448
v -0.357998 -0.474716 0.102325
v -0.370687 -0.436199 0.038826
v 0.299131 -0.557225 0.033751
v 0.318880 -0.613064 -0.038392
v 0.265488 -0.573398 0.027684
v 0.292792 -0.666242 -0.039566
v 0.338059 -0.503570 0.068762
v 0.279417 -0.546951 0.079830
v 0.331261 -0.503109 0.117034
v 0.349778 -0.538139 -0.054467
v 0.335098 -0.679999 -0.083739
v 0.353839 -0.563175 -0.102517
v 0.358872 -0.476958 0.011645
v 0.360646 -0.498338 -0.077967
v 0.370067 -0.438616 -0.006731
v 0.357190 -0.474214 0.102614
v 0.370756 -0.436373 0.038258
v -0.000281 -0.520870 0.686540
v -0.074668 -0.469526 0.698978
v -0.030635 -0.564243 0.672476
v -0.115244 -0.518832 0.692348
v 0.074613 -0.469894 0.698552
v 0.030193 -0.564048 0.672641
v 0.115155 -0.518525 0.692204
v 0.043569 -0.378734 0.716835
v -0.043955 -0.378680 0.716396
v 0.046481 -0.321380 0.728939
v -0.046811 -0.321172 0.729096
v 0.128959 -0.456638 0.699590
v 0.091829 -0.354968 0.717507
v -0.129075 -0.456527 0.699576
v -0.091529 -0.354696 0.716826
v 0.000018 0.184208 0.540901
v -0.054854 0.182658 0.550333
v -0.021673 0.188992 0.501196
v -0.083122 0.184385 0.537799
v 0.054900 0.182590 0.550986
v 0.021609 0.188851 0.501341
v 0.083157 0.184482 0.537834
v 0.032488 0.181276 0.559374
v -0.032492 0.181385 0.559623
v 0.034610 0.179393 0.563068
v -0.034438 0.179511 0.562669
v 0.094481 0.183265 0.546107
v 0.068563 0.181057 0.555867
v -0.094504 0.183209 0.546259
v -0.068453 0.181015 0.555707
v -0.000006 -0.212529 -0.482918
v -0.048093 -0.191672 -0.521964
v -0.018267 -0.238102 -0.441284
v -0.069940 -0.209377 -0.481508
v 0.048108 -0.191620 -0.521987
v 0.018283 -0.238090 -0.441334
v 0.069970 -0.209386 -0.481515
v 0.029737 -0.184930 -0.543232
v -0.029696 -0.184962 -0.543222
v 0.032653 -0.181991 -0.545506
v -0.032623 -0.182024 -0.545521
v 0.083106 -0.190167 -0.519715
v 0.063082 -0.182393 -0.539036
v -0.083062 -0.190142 -0.519666
v -0.063026 -0.182404 -0.538965
v 0.000112 0.490949 -0.675357
v -0.071509 0.440582 -0.694583
v -0.029042 0.534725 -0.656272
v -0.107265 0.477035 -0.675238
v 0.071568 0.440297 -0.695031
v 0.029282 0.535559 -0.657543
v 0.107372 0.477068 -0.675263
v 0.044600 0.365183 -0.733591
v -0.044934 0.364738 -0.733387
v 0.050016 0.316947 -0.758634
v -0.050177 0.317464 -0.759341
v 0.122752 0.425210 -0.695905
v 0.095245 0.344494 -0.742475
v -0.123049 0.425404 -0.696021
v -0.095277 0.344454 -0.742326
v 0.509438 0.032698 -0.352776
v 0.532722 0.017609 -0.292142
v 0.507115 0.052868 -0.344158
v 0.532166 0.035636 -0.274573
v 0.502201 -0.022040 -0.343293
v 0.530843 -0.012839 -0.289868
v 0.495941 -0.042063 -0.328962
v 0.528577 -0.030098 -0.270493
v 0.489906 0.007692 -0.381900
v 0.478908 -0.036160 -0.362988
v 0.469277 -0.002559 -0.407115
v 0.490930 0.052694 -0.381024
v 0.471532 0.023228 -0.412794
v 0.542176 0.018468 -0.249372
v 0.540147 -0.014413 -0.247888
v 0.525128 0.034861 0.337544
v 0.557982 0.022126 0.288387
v 0.517339 0.057095 0.325982
v 0.556231 0.040680 0.273459
v 0.526927 -0.021309 0.337822
v 0.557628 -0.009710 0.286836
v 0.514369 -0.051326 0.326663
v 0.554760 -0.030348 0.270479
v 0.507143 0.006811 0.368678
v 0.498340 -0.045335 0.360689
v 0.481913 -0.008256 0.394964
v 0.496811 0.052431 0.356442
v 0.481541 0.019333 0.393088
v 0.572801 0.022684 0.254219
v 0.572122 -0.011380 0.251991
v -0.509384 0.032675 -0.352815
v -0.532797 0.017573 -0.292256
v -0.507139 0.052924 -0.344173
v -0.532261 0.035620 -0.274580
v -0.502259 -0.022121 -0.343392
v -0.530889 -0.012816 -0.289897
v -0.495998 -0.042120 -0.329056
v -0.528616 -0.030087 -0.270541
v -0.490028 0.007642 -0.382048
v -0.478919 -0.036182 -0.362999
v -0.469428 -0.002669 -0.407145
v -0.490779 0.052727 -0.380951
v -0.471818 0.023303 -0.412920
v -0.542325 0.018434 -0.249435
v -0.540206 -0.014383 -0.247930
v -0.525220 0.035040 0.337655
v -0.558078 0.022110 0.288475
v -0.517498 0.057188 0.326061
v -0.556192 0.040684 0.273385
v -0.526980 -0.021469 0.337904
v -0.557601 -0.009711 0.286858
v -0.513854 -0.051903 0.326733
v -0.554703 -0.030646 0.270601
v -0.506962 0.006771 0.368683
v -0.498237 -0.045447 0.360686
v -0.481777 -0.008273 0.395030
v -0.497235 0.052421 0.356671
v -0.481281 0.019340 0.393168
v -0.572756 0.022611 0.254223
v -0.572110 -0.011349 0.252033
v -0.059673 0.385234 -0.056433
v -0.060596 0.450554 -0.141643
v -0.098600 0.379275 -0.053846
v -0.099353 0.441082 -0.139849
v 0.059333 0.385172 -0.056308
v 0.060669 0.451099 -0.141504
v 0.098239 0.378824 -0.054717
v 0.099619 0.441338 -0.139872
v 0.000053 0.361638 -0.012623
v -0.079531 0.356445 -0.010285
v -0.020421 0.337336 0.033882
v -0.000034 0.497522 -0.181631
v -0.082859 0.485369 -0.181223
v -0.022343 0.542419 -0.220061
v 0.079786 0.355970 -0.011204
v 0.020592 0.337105 0.033594
v 0.083043 0.485547 -0.181166
v 0.022259 0.542485 -0.219722
v -0.170419 0.264418 0.173342
v -0.236954 0.241105 0.217007
v -0.187001 0.278263 0.127674
v -0.252187 0.252397 0.170347
v -0.111923 0.225192 0.315888
v -0.181430 0.210267 0.361969
v -0.090381 0.213281 0.364451
v -0.159256 0.201388 0.410128
v -0.109014 0.254321 0.220686
v -0.145861 0.284768 0.127559
v -0.085817 0.273023 0.173462
v -0.246270 0.215863 0.310019
v -0.277925 0.234651 0.213330
v -0.290881 0.210668 0.305711
v -0.067166 0.225507 0.316565
v -0.065303 0.256525 0.220784
v -0.205376 0.199408 0.407382
v -0.273338 0.202911 0.355278
v -0.200176 0.624813 -0.350011
v -0.299988 0.618799 -0.371083
v -0.205788 0.559614 -0.296426
v -0.284455 0.539876 -0.313014
v -0.166377 0.712363 -0.504653
v -0.229693 0.601214 -0.522416
v -0.130837 0.659779 -0.553653
v -0.205028 0.579183 -0.574563
v -0.171257 0.812076 -0.408358
v -0.166586 0.595386 -0.306849
v -0.116075 0.691031 -0.359485
v -0.334647 0.591389 -0.453384
v -0.350472 0.554915 -0.339085
v -0.433466 0.576156 -0.444586
v -0.107529 0.704655 -0.505468
v -0.101025 0.733762 -0.407596
v -0.246776 0.541050 -0.548326
v -0.331229 0.527015 -0.475110
v -0.366236 0.295865 -0.211105
v -0.421706 0.240507 -0.123236
v -0.345718 0.317869 -0.194063
v -0.398469 0.260736 -0.107046
v -0.431187 0.193581 -0.267995
v -0.478204 0.154776 -0.186168
v -0.452674 0.154895 -0.288592
v -0.495883 0.120949 -0.208808
v -0.372502 0.278849 -0.280558
v -0.327744 0.346185 -0.246109
v -0.335103 0.334126 -0.313005
v -0.477701 0.182209 -0.110270
v -0.436523 0.229022 -0.071317
v -0.495551 0.178314 -0.055817
v -0.418928 0.194633 -0.318641
v -0.358920 0.285675 -0.331079
v -0.508253 0.121938 -0.157593
v -0.508352 0.151279 -0.081166
v -0.425844 0.205252 0.179691
v -0.459579 0.200251 0.120513
v -0.401422 0.219676 0.146270
v -0.431453 0.217608 0.087903
v -0.475765 0.155478 0.258790
v -0.513257 0.138625 0.196296
v -0.485778 0.131778 0.277620
v -0.525691 0.113352 0.217062
v -0.434735 0.187483 0.254709
v -0.392609 0.213079 0.191244
v -0.402005 0.195169 0.270158
v -0.505214 0.164693 0.130224
v -0.458957 0.205289 0.074304
v -0.507194 0.166879 0.084969
v -0.460056 0.152666 0.299985
v -0.419329 0.183899 0.298821
v -0.535882 0.115900 0.175362
v -0.525151 0.142476 0.108813
v 0.169803 0.264827 0.173178
v 0.236932 0.240978 0.217002
v 0.185633 0.278735 0.127499
v 0.251315 0.251990 0.170202
v 0.112301 0.225041 0.316197
v 0.181661 0.209913 0.362110
v 0.090313 0.212988 0.364420
v 0.159214 0.201533 0.410023
v 0.109371 0.254772 0.220611
v 0.145360 0.285157 0.127477
v 0.085660 0.273291 0.173786
v 0.067352 0.225651 0.316611
v 0.065730 0.256770 0.220954
v 0.246337 0.215804 0.309973
v 0.277793 0.234692 0.213432
v 0.290295 0.210490 0.305461
v 0.205067 0.199765 0.407012
v 0.273692 0.202831 0.355743
v 0.201047 0.625606 -0.351915
v 0.299797 0.627326 -0.380338
v 0.206202 0.561807 -0.298359
v 0.284747 0.542869 -0.316836
v 0.166274 0.711978 -0.504835
v 0.229304 0.600225 -0.523249
v 0.131212 0.659728 -0.554044
v 0.204758 0.578723 -0.575148
v 0.171579 0.811478 -0.408236
v 0.166965 0.595809 -0.307537
v 0.116177 0.690939 -0.359189
v 0.107488 0.704484 -0.505482
v 0.101418 0.734138 -0.407995
v 0.335203 0.589789 -0.454834
v 0.350959 0.557669 -0.342425
v 0.432984 0.574215 -0.444212
v 0.246922 0.540865 -0.549313
v 0.331146 0.525326 -0.475354
v 0.366427 0.296549 -0.211482
v 0.421413 0.240431 -0.123538
v 0.345662 0.318005 -0.194730
v 0.398367 0.260181 -0.106901
v 0.431527 0.193595 -0.267864
v 0.478844 0.154175 -0.185922
v 0.453122 0.154571 -0.288412
v 0.496569 0.120361 -0.208440
v 0.372374 0.278614 -0.280463
v 0.327484 0.346429 -0.246766
v 0.334909 0.334190 -0.313367
v 0.477660 0.182275 -0.110370
v 0.437034 0.228808 -0.070889
v 0.495511 0.178420 -0.056012
v 0.418975 0.194918 -0.318842
v 0.358952 0.285782 -0.331382
v 0.508740 0.121585 -0.157230
v 0.508266 0.151165 -0.081170
v 0.426070 0.205123 0.180039
v 0.459717 0.200037 0.120786
v 0.401732 0.219502 0.146467
v 0.431456 0.217450 0.088049
v 0.475961 0.155680 0.258893
v 0.513705 0.138979 0.196622
v 0.485676 0.131916 0.277528
v 0.524317 0.113129 0.216350
v 0.434879 0.187312 0.254884
v 0.393002 0.212867 0.191599
v 0.402297 0.195091 0.270398
v 0.505396 0.164725 0.130367
v 0.459074 0.205093 0.074444
v 0.507374 0.166985 0.085187
v 0.460207 0.153032 0.299995
v 0.419432 0.183807 0.298870
v 0.535279 0.115850 0.175219
v 0.525247 0.142548 0.108992
v -0.078338 -0.597501 0.056196
v -0.087882 -0.623318 -0.039553
v -0.128878 -0.593891 0.044501
v -0.136373 -0.670554 -0.037504
v 0.078357 -0.597056 0.056110
v 0.087499 -0.622261 -0.040252
v 0.128772 -0.593888 0.044026
v 0.135319 -0.670361 -0.038481
v -0.000008 -0.591195 0.116114
v -0.100621 -0.584457 0.105623
v -0.025134 -0.589391 0.174076
v -0.000313 -0.578874 -0.080764
v -0.109393 -0.675326 -0.085623
v -0.038133 -0.573575 -0.124239
v 0.100865 -0.584206 0.105740
v 0.025436 -0.589164 0.174121
v 0.108270 -0.673639 -0.086291
v 0.037194 -0.573317 -0.124411
v -0.203152 -0.564978 0.360747
v -0.279849 -0.543979 0.373789
v -0.221337 -0.554793 0.275917
v -0.290007 -0.522118 0.299981
v -0.143724 -0.795355 0.519280
v -0.287855 -0.753723 0.581003
v -0.104378 -0.764739 0.611426
v -0.254751 -0.742049 0.660050
v -0.138934 -0.646025 0.414472
v -0.174530 -0.570154 0.291363
v -0.101964 -0.593890 0.368255
v -0.305027 -0.579445 0.465514
v -0.312858 -0.505483 0.336252
v -0.324716 -0.505842 0.425824
v -0.085445 -0.702882 0.529632
v -0.081994 -0.637468 0.416672
v -0.316265 -0.655918 0.618319
v -0.321660 -0.533887 0.489743
v -0.228213 -0.660680 -0.301032
v -0.289935 -0.523221 -0.292849
v -0.268728 -0.732623 -0.272924
v -0.336422 -0.576624 -0.270440
v -0.113851 -0.418854 -0.318115
v -0.168045 -0.348226 -0.328048
v -0.085658 -0.363864 -0.339418
v -0.139662 -0.301073 -0.357258
v -0.128157 -0.541159 -0.283372
v -0.190843 -0.736348 -0.274124
v -0.105566 -0.585945 -0.256339
v -0.241330 -0.381822 -0.304205
v -0.327181 -0.477597 -0.271213
v -0.275412 -0.353515 -0.292580
v -0.068464 -0.418144 -0.318476
v -0.076559 -0.522630 -0.274891
v -0.177948 -0.289297 -0.351808
v -0.242216 -0.310262 -0.313955
v -0.377462 -0.278828 -0.154547
v -0.410179 -0.247437 -0.087322
v -0.373182 -0.334934 -0.135778
v -0.394502 -0.294970 -0.064011
v -0.434613 -0.150292 -0.236676
v -0.473038 -0.130573 -0.169360
v -0.458836 -0.113287 -0.268597
v -0.493049 -0.099044 -0.197770
v -0.381932 -0.219184 -0.223644
v -0.362464 -0.323334 -0.179638
v -0.351067 -0.248670 -0.239116
v -0.459932 -0.171676 -0.093300
v -0.418232 -0.253784 -0.041613
v -0.467481 -0.175945 -0.046045
v -0.425155 -0.138586 -0.284017
v -0.368845 -0.206098 -0.266789
v -0.501788 -0.103702 -0.148522
v -0.490367 -0.139131 -0.072354
v -0.404311 -0.326748 0.213619
v -0.429792 -0.276786 0.139355
v -0.392052 -0.365627 0.190024
v -0.412799 -0.316172 0.116663
v -0.449657 -0.206059 0.269463
v -0.487138 -0.162780 0.199015
v -0.465557 -0.165478 0.284867
v -0.507266 -0.125917 0.217209
v -0.410195 -0.291625 0.282139
v -0.385371 -0.372216 0.242254
v -0.387845 -0.339587 0.314905
v -0.472835 -0.196611 0.135093
v -0.431464 -0.271897 0.092815
v -0.475946 -0.191666 0.090169
v -0.436994 -0.206718 0.313688
v -0.399909 -0.296491 0.331450
v -0.516476 -0.123805 0.174520
v -0.499393 -0.156126 0.110712
v 0.203294 -0.565130 0.360810
v 0.279397 -0.544305 0.373719
v 0.221359 -0.554960 0.275966
v 0.289568 -0.522589 0.300221
v 0.143353 -0.794537 0.517928
v 0.287474 -0.753945 0.580661
v 0.103824 -0.764242 0.611061
v 0.255746 -0.741738 0.659528
v 0.139012 -0.645072 0.413647
v 0.174745 -0.570178 0.290787
v 0.102403 -0.594044 0.367957
v 0.084866 -0.702358 0.529424
v 0.082137 -0.636677 0.416714
v 0.304914 -0.580227 0.465294
v 0.312521 -0.505602 0.336599
v 0.324746 -0.505970 0.426463
v 0.316074 -0.656924 0.618306
v 0.321773 -0.534576 0.490100
v 0.227691 -0.660457 -0.301168
v 0.289998 -0.523229 -0.292834
v 0.268333 -0.732968 -0.273038
v 0.336351 -0.576561 -0.270599
v 0.113630 -0.418185 -0.318035
v 0.167990 -0.348205 -0.327991
v 0.085404 -0.363992 -0.339501
v 0.139628 -0.301121 -0.357362
v 0.127336 -0.540574 -0.282709
v 0.190923 -0.735620 -0.273606
v 0.104722 -0.584755 -0.256021
v 0.068309 -0.417951 -0.318684
v 0.076282 -0.522345 -0.274662
v 0.241391 -0.381716 -0.304086
v 0.327233 -0.477275 -0.271409
v 0.275406 -0.353114 -0.292502
v 0.177985 -0.289243 -0.351992
v 0.242239 -0.310253 -0.314240
v 0.377470 -0.278534 -0.154496
v 0.410480 -0.247180 -0.087444
v 0.373029 -0.334638 -0.135810
v 0.394589 -0.294661 -0.063682
v 0.434652 -0.150155 -0.236752
v 0.473006 -0.130798 -0.169524
v 0.458811 -0.113147 -0.268538
v 0.493104 -0.099042 -0.197761
v 0.382150 -0.219373 -0.223816
v 0.362368 -0.323073 -0.179659
v 0.351171 -0.248454 -0.239335
v 0.459854 -0.171362 -0.093236
v 0.418168 -0.253393 -0.041607
v 0.467624 -0.175515 -0.046111
v 0.425127 -0.138524 -0.284050
v 0.368721 -0.205472 -0.266806
v 0.501517 -0.103995 -0.148356
v 0.490434 -0.138670 -0.072289
v 0.404565 -0.326320 0.213360
v 0.429635 -0.276941 0.139283
v 0.391861 -0.365698 0.189798
v 0.412863 -0.315902 0.116260
v 0.449679 -0.205651 0.269420
v 0.487785 -0.161239 0.198742
v 0.465591 -0.165670 0.285018
v 0.507438 -0.125520 0.217165
v 0.410005 -0.292006 0.282719
v 0.385363 -0.372168 0.241805
v 0.388674 -0.340166 0.314871
v 0.472676 -0.195927 0.135241
v 0.431354 -0.272222 0.092782
v 0.476155 -0.191680 0.090099
v 0.437162 -0.206919 0.313505
v 0.399555 -0.296524 0.331328
v 0.516685 -0.123804 0.174371
v 0.499350 -0.155977 0.110885
v 0.049029 -0.078280 0.738820
v -0.049030 -0.078157 0.738400
v 0.050200 -0.136723 0.765780
v -0.050065 -0.136902 0.764869
v 0.041725 0.058099 0.626490
v -0.041780 0.058144 0.626232
v 0.039667 0.099239 0.596828
v -0.039473 0.099120 0.596870
v 0.089609 -0.007587 0.669088
v 0.099746 -0.108689 0.734828
v 0.137272 -0.032198 0.671002
v -0.089723 -0.007213 0.669512
v -0.099605 -0.108938 0.734061
v -0.137157 -0.032041 0.671594
v 0.080934 0.077471 0.604369
v 0.129160 0.012192 0.637201
v -0.080877 0.078319 0.604183
v -0.129468 0.012453 0.637498
v 0.296160 -0.318488 0.610537
v 0.266524 -0.227927 0.643192
v 0.274592 -0.364133 0.658011
v 0.232667 -0.264126 0.678755
v 0.369436 -0.187581 0.483028
v 0.352445 -0.121477 0.519880
v 0.398735 -0.148368 0.447628
v 0.384449 -0.088112 0.484822
v 0.339166 -0.287035 0.521792
v 0.302335 -0.389616 0.617762
v 0.337500 -0.348259 0.519970
v 0.388983 -0.196885 0.442431
v 0.356053 -0.295866 0.475689
v 0.293916 -0.135237 0.592044
v 0.233395 -0.199966 0.676182
v 0.260830 -0.111411 0.621166
v 0.357386 -0.071418 0.516177
v 0.292308 -0.082515 0.580277
v -0.295917 -0.318054 0.609694
v -0.266936 -0.228347 0.643252
v -0.275014 -0.364119 0.658110
v -0.232629 -0.264432 0.678487
v -0.369873 -0.187287 0.483042
v -0.352483 -0.121469 0.519539
v -0.398792 -0.148311 0.447261
v -0.384642 -0.088215 0.484681
v -0.339158 -0.287106 0.521909
v -0.301872 -0.389266 0.617106
v -0.337695 -0.348124 0.520178
v -0.388847 -0.196598 0.442272
v -0.356419 -0.295736 0.475594
v -0.294166 -0.135322 0.591927
v -0.233293 -0.200323 0.675977
v -0.260889 -0.111764 0.621057
v -0.357316 -0.071552 0.515976
v -0.292402 -0.082715 0.579977
v 0.254545 0.179149 0.492267
v 0.225955 0.150864 0.521152
v 0.215010 0.182174 0.507711
v 0.185986 0.175271 0.531878
v 0.366159 0.132015 0.438429
v 0.344278 0.088070 0.477994
v 0.400839 0.110564 0.418150
v 0.383165 0.069851 0.459955
v 0.324380 0.173423 0.449083
v 0.248079 0.183639 0.484172
v 0.316698 0.181917 0.436281
v 0.393183 0.138658 0.407378
v 0.352594 0.175117 0.417086
v 0.271837 0.091225 0.520809
v 0.191021 0.134765 0.542089
v 0.237384 0.072525 0.548092
v 0.353257 0.053508 0.490257
v 0.278722 0.052535 0.535430
v -0.254478 0.178831 0.492249
v -0.225817 0.151432 0.520959
v -0.214927 0.182113 0.507747
v -0.186102 0.175330 0.531812
v -0.366275 0.131756 0.438417
v -0.344290 0.088230 0.477940
v -0.401381 0.110907 0.418513
v -0.383445 0.069816 0.460281
v -0.324332 0.173165 0.449124
v -0.248010 0.183560 0.484212
v -0.316608 0.181783 0.436317
v -0.393454 0.138691 0.407949
v -0.352554 0.175017 0.417209
v -0.271991 0.091515 0.520745
v -0.191097 0.134708 0.542386
v -0.237445 0.073025 0.547855
v -0.352941 0.053612 0.490288
v -0.278701 0.052290 0.535436
v 0.042719 -0.036320 -0.616041
v -0.042887 -0.036348 -0.616418
v 0.039865 -0.082954 -0.580592
v -0.039874 -0.082855 -0.580712
v 0.055568 0.098304 -0.762238
v -0.055751 0.097802 -0.761377
v 0.058730 0.152910 -0.792819
v -0.058646 0.153226 -0.792686
v 0.096670 0.026364 -0.687784
v 0.081880 -0.058140 -0.593820
v 0.137107 0.005880 -0.654427
v -0.096863 0.026090 -0.688161
v -0.081950 -0.057874 -0.593951
v -0.137146 0.005820 -0.654648
v 0.116761 0.117948 -0.800803
v 0.151351 0.043652 -0.711467
v -0.116890 0.117925 -0.801130
v -0.151284 0.043552 -0.712061
v 0.233485 -0.161317 -0.472351
v 0.216363 -0.125703 -0.513362
v 0.194865 -0.175676 -0.483965
v 0.176393 -0.145886 -0.520676
v 0.347703 -0.105838 -0.433699
v 0.332896 -0.061788 -0.482018
v 0.384391 -0.087084 -0.418209
v 0.370622 -0.044105 -0.466759
v 0.297556 -0.153686 -0.430205
v 0.220451 -0.185106 -0.451914
v 0.282071 -0.182455 -0.405533
v 0.371551 -0.115625 -0.401298
v 0.319593 -0.164497 -0.394443
v 0.265993 -0.066691 -0.524738
v 0.185093 -0.110908 -0.535307
v 0.236519 -0.050237 -0.554389
v 0.344146 -0.027933 -0.500757
v 0.277341 -0.029043 -0.548336
v -0.233398 -0.161264 -0.472380
v -0.216428 -0.125882 -0.513467
v -0.194848 -0.175621 -0.484039
v -0.176570 -0.145947 -0.520685
v -0.347484 -0.105683 -0.433831
v -0.332901 -0.061866 -0.481926
v -0.384381 -0.087003 -0.418255
v -0.371084 -0.044240 -0.466678
v -0.297576 -0.153810 -0.430315
v -0.220446 -0.185141 -0.452023
v -0.282016 -0.182647 -0.405315
v -0.371568 -0.115719 -0.401294
v -0.319519 -0.164795 -0.394202
v -0.266203 -0.066978 -0.524930
v -0.184956 -0.110627 -0.535527
v -0.236176 -0.049935 -0.554740
v -0.344490 -0.028066 -0.500870
v -0.277480 -0.028767 -0.548259
v 0.287648 0.301633 -0.629934
v 0.295922 0.234257 -0.712994
v 0.258526 0.342353 -0.662649
v 0.257596 0.269175 -0.744950
v 0.379924 0.179626 -0.518563
v 0.380324 0.126455 -0.569129
v 0.414064 0.141360 -0.482929
v 0.402499 0.095271 -0.523352
v 0.324045 0.269674 -0.540326
v 0.273818 0.359098 -0.610801
v 0.302447 0.324031 -0.523537
v 0.389026 0.185914 -0.468917
v 0.330093 0.276880 -0.487681
v 0.323103 0.143836 -0.654933
v 0.273058 0.211240 -0.767254
v 0.296364 0.120923 -0.695846
v 0.373608 0.084195 -0.555633
v 0.315439 0.095032 -0.633745
v -0.287599 0.301910 -0.629768
v -0.295676 0.234159 -0.713051
v -0.258444 0.342646 -0.662649
v -0.257761 0.269739 -0.745633
v -0.379985 0.179607 -0.518715
v -0.380402 0.126627 -0.569218
v -0.413546 0.141378 -0.482727
v -0.402948 0.095481 -0.523792
v -0.324208 0.269680 -0.540128
v -0.273969 0.359015 -0.610365
v -0.301931 0.324024 -0.523577
v -0.389025 0.186193 -0.468800
v -0.330408 0.276937 -0.487810
v -0.323155 0.143891 -0.655161
v -0.273116 0.211392 -0.767421
v -0.296403 0.121018 -0.695718
v -0.373774 0.084123 -0.555776
v -0.315452 0.094849 -0.633998
v 0.596012 0.020676 -0.052880
v 0.592014 -0.015808 -0.054292
v 0.579805 0.020731 -0.103281
v 0.576418 -0.016110 -0.103826
v 0.605894 0.022865 0.088452
v 0.604618 -0.015288 0.086625
v 0.602005 0.022941 0.133394
v 0.600804 -0.014647 0.131188
v 0.601501 0.042543 0.020157
v 0.581295 0.041324 -0.077621
v 0.585225 0.066240 -0.003331
v 0.594650 0.044262 0.111264
v 0.584007 0.067768 0.042742
v 0.597911 -0.034162 0.017290
v 0.574741 -0.034837 -0.078971
v 0.578775 -0.055166 -0.005904
v 0.592168 -0.035421 0.108149
v 0.580741 -0.056942 0.040454
v -0.596039 0.020727 -0.052896
v -0.591963 -0.015805 -0.054291
v -0.579728 0.020807 -0.103241
v -0.576493 -0.016096 -0.103858
v -0.605786 0.022868 0.088385
v -0.604601 -0.015222 0.086653
v -0.601981 0.022946 0.133359
v -0.600805 -0.014574 0.131241
v -0.601447 0.042530 0.020168
v -0.581329 0.041368 -0.077553
v -0.585278 0.066183 -0.003257
v -0.594603 0.044342 0.111271
v -0.584297 0.067680 0.042855
v -0.597965 -0.034207 0.017351
v -0.574772 -0.034847 -0.079006
v -0.578790 -0.055240 -0.005874
v -0.592164 -0.035414 0.108198
v -0.580765 -0.056855 0.040480
v -0.156340 0.341760 -0.005454
v -0.178553 0.315486 0.038558
v -0.158195 0.452776 -0.174418
v -0.182107 0.477699 -0.210954
v -0.139893 0.323847 0.037025
v -0.146230 0.501949 -0.218176
v -0.301067 0.255094 0.121457
v -0.337264 0.246229 0.116321
v -0.329404 0.236719 0.161839
v -0.280537 0.424796 -0.243684
v -0.297929 0.375069 -0.213201
v -0.296137 0.421876 -0.267998
v -0.386759 0.260596 -0.041849
v -0.394865 0.247734 0.006406
v -0.421341 0.234870 -0.006839
v 0.156214 0.341505 -0.005770
v 0.177796 0.315685 0.039016
v 0.158292 0.452909 -0.174460
v 0.182870 0.477845 -0.211412
v 0.139882 0.323716 0.037198
v 0.146473 0.502465 -0.218412
v 0.301308 0.254841 0.121649
v 0.337647 0.245698 0.116602
v 0.329510 0.236419 0.161923
v 0.281030 0.425212 -0.244441
v 0.297916 0.375264 -0.213715
v 0.296665 0.422335 -0.268475
v 0.386795 0.260376 -0.041626
v 0.394832 0.247614 0.006250
v 0.421117 0.235020 -0.007036
v -0.196340 -0.566162 0.084753
v -0.217034 -0.556717 0.145839
v -0.233129 -0.784068 -0.077720
v -0.271940 -0.788562 -0.153832
v -0.171870 -0.567998 0.155004
v -0.186262 -0.799365 -0.148975
v -0.342369 -0.482197 0.211537
v -0.366004 -0.446128 0.188171
v -0.357010 -0.452706 0.245245
v -0.361169 -0.515884 -0.180537
v -0.363483 -0.448940 -0.147568
v -0.358032 -0.442521 -0.195777
v -0.392792 -0.349152 0.000243
v -0.396441 -0.352216 0.045801
v -0.409341 -0.306569 0.024806
v 0.195986 -0.565854 0.084822
v 0.217511 -0.556919 0.146152
v 0.230400 -0.785661 -0.079414
v 0.270591 -0.789127 -0.154191
v 0.172377 -0.568655 0.154804
v 0.181535 -0.798647 -0.150344
v 0.343083 -0.482400 0.211758
v 0.366108 -0.445970 0.188706
v 0.356639 -0.453179 0.245485
v 0.361742 -0.516093 -0.181142
v 0.364458 -0.449044 -0.147528
v 0.358192 -0.442251 -0.196083
v 0.392452 -0.348785 0.000085
v 0.396378 -0.352475 0.045231
v 0.409548 -0.306614 0.024707
v -0.033160 -0.611900 0.623639
v 0.032691 -0.611746 0.623605
v -0.232745 -0.572132 0.698415
v -0.236572 -0.482551 0.690682
v -0.000352 -0.602522 0.576216
v -0.286179 -0.529097 0.673646
v 0.232450 -0.572571 0.698460
v 0.236059 -0.483041 0.690632
v 0.286192 -0.529767 0.673618
v 0.098284 -0.231193 0.739269
v 0.145588 -0.264314 0.722413
v -0.098374 -0.231284 0.739334
v -0.146131 -0.264365 0.722664
v 0.149586 -0.200392 0.729834
v -0.149599 -0.200794 0.729357
v -0.022456 0.201921 0.412818
v 0.022657 0.201742 0.413043
v -0.155308 0.187580 0.498673
v -0.168281 0.185325 0.519228
v 0.000145 0.210146 0.366019
v -0.199257 0.187199 0.488982
v 0.155357 0.187643 0.498695
v 0.168325 0.185352 0.519346
v 0.199280 0.187200 0.489001
v 0.074513 0.158996 0.563268
v 0.110922 0.178671 0.550286
v -0.074313 0.159786 0.563174
v -0.110867 0.178493 0.550408
v 0.114739 0.138162 0.564548
v -0.114849 0.138055 0.564529
v -0.020322 -0.315798 -0.366993
v 0.020230 -0.315747 -0.366910
v -0.129592 -0.229440 -0.433841
v -0.144027 -0.202574 -0.470817
v -0.000030 -0.366124 -0.341510
v -0.167575 -0.223842 -0.427648
v 0.129670 -0.229577 -0.433820
v 0.144078 -0.202688 -0.470597
v 0.167620 -0.223964 -0.427587
v 0.072331 -0.150954 -0.550250
v 0.105173 -0.161849 -0.539751
v -0.072342 -0.150512 -0.550463
v -0.105211 -0.161687 -0.539887
v 0.111601 -0.121339 -0.554041
v -0.111577 -0.121511 -0.553785
v -0.033681 0.632321 -0.611587
v 0.033593 0.632282 -0.611609
v -0.204600 0.502084 -0.651272
v -0.214894 0.440065 -0.668201
v 0.000003 0.675558 -0.574693
v -0.240467 0.465000 -0.626737
v 0.204597 0.501704 -0.651364
v 0.214854 0.439810 -0.668147
v 0.240135 0.464556 -0.626927
v 0.116575 0.243556 -0.809298
v 0.166011 0.271932 -0.789483
v -0.116515 0.243592 -0.809180
v -0.165904 0.272241 -0.789243
v 0.176463 0.213852 -0.815375
v -0.176378 0.214083 -0.815326
v 0.465934 0.111824 -0.357584
v 0.457391 0.107987 -0.404069
v 0.536796 0.059910 -0.204939
v 0.552924 0.039491 -0.178754
v 0.432364 0.150398 -0.387198
v 0.548030 0.062939 -0.154155
v 0.457392 -0.082532 -0.329876
v 0.439033 -0.076834 -0.366216
v 0.531499 -0.052257 -0.201884
v 0.548084 -0.034011 -0.177591
v 0.425307 -0.102883 -0.347310
v 0.541766 -0.054365 -0.152743
v 0.418677 0.001355 -0.464033
v 0.425766 0.033384 -0.475673
v 0.393343 0.021353 -0.500295
v 0.477714 0.102996 0.330795
v 0.456857 0.097512 0.364609
v 0.561219 0.065034 0.217113
v 0.584213 0.042536 0.198166
v 0.449011 0.124443 0.352425
v 0.571436 0.066627 0.176406
v 0.465956 -0.122813 0.338956
v 0.449276 -0.118798 0.377978
v 0.558409 -0.057101 0.213378
v 0.582932 -0.032076 0.193565
v 0.435375 -0.161334 0.368039
v 0.568610 -0.057312 0.172329
v 0.425785 -0.015258 0.452416
v 0.427721 0.021648 0.449034
v 0.399532 0.003676 0.481325
v -0.465899 0.111824 -0.357415
v -0.457113 0.108215 -0.404087
v -0.536956 0.060010 -0.204927
v -0.552945 0.039530 -0.178744
v -0.432404 0.150177 -0.387135
v -0.548281 0.062834 -0.154164
v -0.457536 -0.082532 -0.329889
v -0.439070 -0.076881 -0.366183
v -0.531464 -0.052259 -0.201857
v -0.548124 -0.033996 -0.177601
v -0.425272 -0.102917 -0.347268
v -0.541786 -0.054347 -0.152783
v -0.418529 0.001521 -0.464001
v -0.425904 0.033295 -0.475861
v -0.393059 0.021523 -0.500165
v -0.477654 0.102835 0.330862
v -0.457482 0.097617 0.365045
v -0.560817 0.065122 0.216827
v -0.584233 0.042358 0.198161
v -0.448905 0.123925 0.352359
v -0.570909 0.066572 0.176232
v -0.466102 -0.122940 0.338916
v -0.448832 -0.118468 0.377736
v -0.558488 -0.057321 0.213465
v -0.582961 -0.032063 0.193629
v -0.435583 -0.161385 0.368095
v -0.568563 -0.057209 0.172259
v -0.425477 -0.015679 0.452597
v -0.427449 0.021593 0.449015
v -0.399330 0.003530 0.481142
v -0.021053 0.294498 0.126591
v 0.021457 0.294269 0.126457
v -0.000241 0.275850 0.173486
v -0.026614 0.632103 -0.308506
v 0.026466 0.632276 -0.308941
v -0.000007 0.668411 -0.358040
v -0.352427 0.195664 0.332344
v -0.331966 0.191112 0.377479
v -0.367528 0.187457 0.360297
v -0.315043 0.408746 -0.401538
v -0.307555 0.399717 -0.454610
v -0.315123 0.339980 -0.416759
v -0.528081 0.147468 0.018518
v -0.545866 0.121406 -0.004484
v -0.546855 0.120077 0.041817
v 0.352607 0.195442 0.332457
v 0.332005 0.190973 0.377454
v 0.367605 0.187421 0.360366
v 0.314707 0.408686 -0.401332
v 0.307570 0.399738 -0.454523
v 0.315174 0.339858 -0.416773
v 0.528479 0.147402 0.018953
v 0.545882 0.121273 -0.004391
v 0.546642 0.119983 0.041824
v -0.025188 -0.596230 0.298440
v 0.025508 -0.596086 0.298093
v 0.000117 -0.608950 0.359116
v -0.031194 -0.561783 -0.206929
v 0.030412 -0.561309 -0.207020
v -0.000869 -0.541853 -0.240434
v -0.356789 -0.400524 0.404593
v -0.347082 -0.408458 0.459963
v -0.365863 -0.350782 0.417883
v -0.304290 -0.258300 -0.292448
v -0.285450 -0.237098 -0.332193
v -0.319719 -0.215680 -0.321592
v -0.502982 -0.146315 0.021130
v -0.533193 -0.106400 -0.002746
v -0.531939 -0.113337 0.042329
v 0.356610 -0.400562 0.404312
v 0.347163 -0.409210 0.460625
v 0.365458 -0.351435 0.418496
v 0.304432 -0.257962 -0.292676
v 0.285733 -0.237508 -0.332353
v 0.319923 -0.215776 -0.321802
v 0.503085 -0.146588 0.021084
v 0.533134 -0.106402 -0.002830
v 0.531929 -0.113199 0.042159
v 0.216952 -0.035485 0.623271
v 0.209441 0.009567 0.598730
v 0.250432 -0.012713 0.585432
v -0.217005 -0.035271 0.622918
v -0.209157 0.009590 0.598630
v -0.250464 -0.012405 0.585225
v 0.218895 0.008125 -0.624684
v 0.236690 0.047899 -0.671523
v 0.263135 0.030003 -0.619887
v -0.219337 0.008454 -0.624030
v -0.236479 0.047796 -0.671054
v -0.262982 0.029843 -0.619875
f 1 647 644
f 1 644 643
f 1 643 645
f 1 645 646
f 1 646 647
f 2 649 652
f 6 672 670
f 12 702 699
f 11 696 695
f 8 679 681
f 4 662 659
f 4 659 658
f 4 658 660
f 4 660 661
f 4 661 662
f 5 666 665
f 3 654 657
f 7 673 677
f 9 685 686
f 10 692 688
f 12 701 698
f 6 669 668
f 2 650 648
f 8 682 678
f 11 697 693
f 6 671 669
f 12 700 701
f 11 694 697
f 8 680 682
f 2 651 650
f 10 690 689
f 5 663 664
f 3 655 653
f 7 676 674
f 9 687 684
f 10 691 690
f 5 667 663
f 3 656 655
f 7 675 676
f 9 683 687
f 6 668 672
f 2 648 649
f 8 678 679
f 11 693 696
f 12 698 702
f 10 688 691
f 5 665 667
f 3 657 656
f 7 677 675
f 9 686 683
f 5 664 666
f 3 653 654
f 7 674 673
f 9 684 685
f 10 689 692
f 6 670 671
f 12 699 700
f 11 695 694
f 8 681 680
f 2 652 651
f 35 837 838
f 18 735 736
f 19 742 741
f 40 868 867
f 42 880 879
f 34 832 831
f 33 827 828
f 25 778 780
f 36 844 846
f 20 749 747
f 32 819 820
f 23 765 767
f 24 773 771
f 37 850 849
f 41 876 875
f 34 833 834
f 33 826 825
f 25 779 777
f 36 845 843
f 20 748 750
f 17 729 727
f 14 711 709
f 13 706 703
f 15 718 715
f 16 724 721
f 18 737 733
f 35 839 835
f 42 882 878
f 40 870 866
f 19 744 740
f 30 807 805
f 27 789 787
f 22 762 758
f 28 797 793
f 29 802 799
f 32 821 817
f 23 766 763
f 24 774 770
f 37 852 848
f 41 874 872
f 35 838 836
f 18 736 734
f 19 741 739
f 40 867 865
f 42 879 877
f 34 831 829
f 33 828 824
f 25 780 776
f 36 846 842
f 20 747 745
f 32 820 818
f 23 767 764
f 24 771 769
f 37 849 847
f 41 875 871
f 34 834 830
f 33 825 823
f 25 777 775
f 36 843 841
f 20 750 746
f 14 714 710
f 13 707 704
f 15 719 716
f 16 725 722
f 17 732 728
f 21 755 752
f 31 814 811
f 26 784 781
f 38 857 853
f 39 862 860
f 27 792 788
f 22 759 757
f 28 796 794
f 29 803 800
f 30 810 806
f 31 815 812
f 26 785 782
f 38 856 854
f 39 863 859
f 21 754 751
f 14 712 714
f 13 705 707
f 15 717 719
f 16 723 725
f 17 730 732
f 21 753 755
f 31 816 814
f 26 786 784
f 38 858 857
f 39 861 862
f 27 791 792
f 22 761 759
f 28 795 796
f 29 801 803
f 30 808 810
f 31 813 815
f 26 783 785
f 38 855 856
f 39 864 863
f 21 756 754
f 14 709 712
f 13 703 705
f 15 715 717
f 16 721 723
f 17 727 730
f 21 751 753
f 31 812 816
f 26 782 786
f 38 854 858
f 39 859 861
f 27 787 791
f 22 758 761
f 28 793 795
f 29 799 801
f 30 805 808
f 31 811 813
f 26 781 783
f 38 853 855
f 39 860 864
f 21 752 756
f 17 728 731
f 14 710 713
f 13 704 708
f 15 716 720
f 16 722 726
f 18 734 738
f 35 836 840
f 42 877 881
f 40 865 869
f 19 739 743
f 30 806 809
f 27 788 790
f 22 757 760
f 28 794 798
f 29 800 804
f 32 818 822
f 23 764 768
f 24 769 772
f 37 847 851
f 41 871 873
f 35 835 837
f 18 733 735
f 19 740 742
f 40 866 868
f 42 878 880
f 34 830 832
f 33 823 827
f 25 775 778
f 36 841 844
f 20 746 749
f 32 817 819
f 23 763 765
f 24 770 773
f 37 848 850
f 41 872 876
f 34 829 833
f 33 824 826
f 25 776 779
f 36 842 845
f 20 745 748
f 17 731 729
f 14 713 711
f 13 708 706
f 15 720 718
f 16 726 724
f 18 738 737
f 35 840 839
f 42 881 882
f 40 869 870
f 19 743 744
f 30 809 807
f 27 790 789
f 22 760 762
f 28 798 797
f 29 804 802
f 32 822 821
f 23 768 766
f 24 772 774
f 37 851 852
f 41 873 874
f 107 1269 1270
f 103 1245 1246
f 104 1252 1251
f 110 1288 1287
f 113 1306 1305
f 118 1336 1335
f 154 1551 1552
f 141 1473 1474
f 162 1599 1600
f 121 1354 1353
f 142 1479 1480
f 129 1401 1402
f 130 1408 1407
f 144 1492 1491
f 146 1504 1503
f 151 1533 1534
f 131 1414 1413
f 136 1444 1443
f 161 1594 1593
f 126 1383 1384
f 116 1323 1324
f 108 1275 1276
f 106 1263 1264
f 112 1299 1300
f 115 1317 1318
f 119 1341 1342
f 156 1564 1563
f 139 1462 1461
f 160 1588 1587
f 120 1347 1348
f 149 1521 1522
f 132 1420 1419
f 128 1395 1396
f 145 1497 1498
f 148 1515 1516
f 155 1557 1558
f 133 1425 1426
f 134 1431 1432
f 157 1570 1569
f 124 1372 1371
f 109 1282 1281
f 105 1258 1257
f 111 1294 1293
f 114 1312 1311
f 117 1330 1329
f 125 1378 1377
f 152 1540 1539
f 137 1449 1450
f 158 1575 1576
f 123 1365 1366
f 143 1486 1485
f 127 1390 1389
f 135 1437 1438
f 147 1510 1509
f 150 1528 1527
f 153 1546 1545
f 140 1468 1467
f 138 1455 1456
f 159 1581 1582
f 122 1359 1360
f 107 1272 1271
f 103 1248 1247
f 104 1253 1254
f 110 1289 1290
f 113 1307 1308
f 118 1337 1338
f 154 1554 1553
f 141 1476 1475
f 162 1602 1601
f 121 1355 1356
f 142 1482 1481
f 129 1404 1403
f 130 1409 1410
f 144 1493 1494
f 146 1505 1506
f 151 1536 1535
f 131 1415 1416
f 136 1445 1446
f 161 1595 1596
f 126 1386 1385
f 47 909 907
f 44 891 889
f 43 886 883
f 45 898 895
f 46 904 901
f 49 922 919
f 72 1060 1057
f 102 1240 1237
f 96 1204 1201
f 79 1102 1099
f 62 999 997
f 59 981 979
f 58 976 973
f 60 988 985
f 61 994 991
f 66 1024 1021
f 54 952 949
f 73 1066 1063
f 85 1138 1135
f 92 1179 1177
f 101 1233 1231
f 69 1041 1039
f 50 927 925
f 82 1119 1117
f 97 1209 1207
f 71 1053 1051
f 100 1228 1225
f 94 1192 1189
f 80 1108 1105
f 51 933 931
f 90 1167 1165
f 63 1005 1003
f 55 957 955
f 76 1083 1081
f 87 1150 1147
f 91 1174 1171
f 67 1029 1027
f 56 963 961
f 75 1077 1075
f 83 1126 1123
f 68 1036 1033
f 48 915 913
f 78 1095 1093
f 93 1185 1183
f 98 1216 1213
f 88 1155 1153
f 65 1018 1015
f 57 970 967
f 77 1090 1087
f 86 1143 1141
f 64 1012 1009
f 53 945 943
f 74 1071 1069
f 84 1131 1129
f 89 1162 1159
f 70 1047 1045
f 99 1221 1219
f 95 1197 1195
f 81 1114 1111
f 52 940 937
f 109 1284 1280
f 105 1260 1256
f 111 1296 1292
f 114 1314 1310
f 117 1332 1328
f 125 1380 1376
f 152 1542 1538
f 137 1451 1447
f 158 1577 1573
f 123 1367 1363
f 143 1488 1484
f 127 1392 1388
f 135 1439 1435
f 147 1512 1508
f 150 1530 1526
f 153 1548 1544
f 140 1470 1466
f 138 1457 1453
f 159 1583 1579
f 122 1361 1357
f 107 1270 1268
f 103 1246 1244
f 104 1251 1249
f 110 1287 1285
f 113 1305 1303
f 118 1335 1333
f 154 1552 1550
f 141 1474 1472
f 162 1600 1598
f 121 1353 1351
f 142 1480 1478
f 129 1402 1400
f 130 1407 1405
f 144 1491 1489
f 146 1503 1501
f 151 1534 1532
f 131 1413 1411
f 136 1443 1441
f 161 1593 1591
f 126 1384 1382
f 116 1324 1322
f 108 1276 1274
f 106 1264 1262
f 112 1300 1298
f 115 1318 1316
f 119 1342 1340
f 156 1563 1561
f 139 1461 1459
f 160 1587 1585
f 120 1348 1346
f 149 1522 1520
f 132 1419 1417
f 128 1396 1394
f 145 1498 1496
f 148 1516 1514
f 155 1558 1556
f 133 1426 1424
f 134 1432 1430
f 157 1569 1567
f 124 1371 1369
f 109 1281 1279
f 105 1257 1255
f 111 1293 1291
f 114 1311 1309
f 117 1329 1327
f 125 1377 1375
f 152 1539 1537
f 137 1450 1448
f 158 1576 1574
f 123 1366 1364
f 143 1485 1483
f 127 1389 1387
f 135 1438 1436
f 147 1509 1507
f 150 1527 1525
f 153 1545 1543
f 140 1467 1465
f 138 1456 1454
f 159 1582 1580
f 122 1360 1358
f 107 1271 1267
f 103 1247 1243
f 104 1254 1250
f 110 1290 1286
f 113 1308 1304
f 118 1338 1334
f 154 1553 1549
f 141 1475 1471
f 162 1601 1597
f 121 1356 1352
f 142 1481 1477
f 129 1403 1399
f 130 1410 1406
f 144 1494 1490
f 146 1506 1502
f 151 1535 1531
f 131 1416 1412
f 136 1446 1442
f 161 1596 1592
f 126 1385 1381
f 44 894 890
f 43 887 884
f 45 899 896
f 46 905 902
f 47 912 908
f 52 941 938
f 70 1050 1046
f 99 1224 1220
f 95 1200 1196
f 81 1115 1112
f 59 984 980
f 58 977 974
f 60 989 986
f 61 995 992
f 62 1002 998
f 65 1019 1016
f 57 971 968
f 77 1091 1088
f 86 1146 1142
f 88 1158 1154
f 98 1217 1214
f 68 1037 1034
f 48 918 914
f 78 1098 1094
f 93 1188 1184
f 69 1044 1040
f 101 1236 1232
f 97 1212 1208
f 82 1122 1118
f 50 930 926
f 89 1163 1160
f 64 1013 1010
f 53 948 944
f 74 1074 1070
f 84 1134 1130
f 90 1170 1166
f 63 1008 1004
f 55 960 956
f 76 1086 1082
f 87 1151 1148
f 72 1061 1058
f 49 923 920
f 79 1103 1100
f 96 1205 1202
f 102 1241 1238
f 91 1175 1172
f 67 1032 1028
f 56 966 962
f 75 1080 1076
f 83 1127 1124
f 66 1025 1022
f 54 953 950
f 73 1067 1064
f 85 1139 1136
f 92 1182 1178
f 71 1056 1052
f 100 1229 1226
f 94 1193 1190
f 80 1109 1106
f 51 936 932
f 116 1325 1321
f 108 1277 1273
f 106 1265 1261
f 112 1301 1297
f 115 1319 1315
f 119 1343 1339
f 156 1566 1562
f 139 1464 1460
f 160 1590 1586
f 120 1349 1345
f 149 1523 1519
f 132 1422 1418
f 128 1397 1393
f 145 1499 1495
f 148 1517 1513
f 155 1559 1555
f 133 1427 1423
f 134 1433 1429
f 157 1572 1568
f 124 1374 1370
f 44 892 894
f 43 885 887
f 45 897 899
f 46 903 905
f 47 910 912
f 52 939 941
f 70 1048 1050
f 99 1222 1224
f 95 1198 1200
f 81 1113 1115
f 59 982 984
f 58 975 977
f 60 987 989
f 61 993 995
f 62 1000 1002
f 65 1017 1019
f 57 969 971
f 77 1089 1091
f 86 1144 1146
f 88 1156 1158
f 98 1215 1217
f 68 1035 1037
f 48 916 918
f 78 1096 1098
f 93 1186 1188
f 69 1042 1044
f 101 1234 1236
f 97 1210 1212
f 82 1120 1122
f 50 928 930
f 89 1161 1163
f 64 1011 1013
f 53 946 948
f 74 1072 1074
f 84 1132 1134
f 90 1168 1170
f 63 1006 1008
f 55 958 960
f 76 1084 1086
f 87 1149 1151
f 72 1059 1061
f 49 921 923
f 79 1101 1103
f 96 1203 1205
f 102 1239 1241
f 91 1173 1175
f 67 1030 1032
f 56 964 966
f 75 1078 1080
f 83 1125 1127
f 66 1023 1025
f 54 951 953
f 73 1065 1067
f 85 1137 1139
f 92 1180 1182
f 71 1054 1056
f 100 1227 1229
f 94 1191 1193
f 80 1107 1109
f 51 934 936
f 116 1326 1325
f 108 1278 1277
f 106 1266 1265
f 112 1302 1301
f 115 1320 1319
f 119 1344 1343
f 156 1565 1566
f 139 1463 1464
f 160 1589 1590
f 120 1350 1349
f 149 1524 1523
f 132 1421 1422
f 128 1398 1397
f 145 1500 1499
f 148 1518 1517
f 155 1560 1559
f 133 1428 1427
f 134 1434 1433
f 157 1571 1572
f 124 1373 1374
f 44 889 892
f 43 883 885
f 45 895 897
f 46 901 903
f 47 907 910
f 52 937 939
f 70 1045 1048
f 99 1219 1222
f 95 1195 1198
f 81 1111 1113
f 59 979 982
f 58 973 975
f 60 985 987
f 61 991 993
f 62 997 1000
f 65 1015 1017
f 57 967 969
f 77 1087 1089
f 86 1141 1144
f 88 1153 1156
f 98 1213 1215
f 68 1033 1035
f 48 913 916
f 78 1093 1096
f 93 1183 1186
f 69 1039 1042
f 101 1231 1234
f 97 1207 1210
f 82 1117 1120
f 50 925 928
f 89 1159 1161
f 64 1009 1011
f 53 943 946
f 74 1069 1072
f 84 1129 1132
f 90 1165 1168
f 63 1003 1006
f 55 955 958
f 76 1081 1084
f 87 1147 1149
f 72 1057 1059
f 49 919 921
f 79 1099 1101
f 96 1201 1203
f 102 1237 1239
f 91 1171 1173
f 67 1027 1030
f 56 961 964
f 75 1075 1078
f 83 1123 1125
f 66 1021 1023
f 54 949 951
f 73 1063 1065
f 85 1135 1137
f 92 1177 1180
f 71 1051 1054
f 100 1225 1227
f 94 1189 1191
f 80 1105 1107
f 51 931 934
f 116 1322 1326
f 108 1274 1278
f 106 1262 1266
f 112 1298 1302
f 115 1316 1320
f 119 1340 1344
f 156 1561 1565
f 139 1459 1463
f 160 1585 1589
f 120 1346 1350
f 149 1520 1524
f 132 1417 1421
f 128 1394 1398
f 145 1496 1500
f 148 1514 1518
f 155 1556 1560
f 133 1424 1428
f 134 1430 1434
f 157 1567 1571
f 124 1369 1373
f 47 908 911
f 44 890 893
f 43 884 888
f 45 896 900
f 46 902 906
f 49 920 924
f 72 1058 1062
f 102 1238 1242
f 96 1202 1206
f 79 1100 1104
f 62 998 1001
f 59 980 983
f 58 974 978
f 60 986 990
f 61 992 996
f 66 1022 1026
f 54 950 954
f 73 1064 1068
f 85 1136 1140
f 92 1178 1181
f 101 1232 1235
f 69 1040 1043
f 50 926 929
f 82 1118 1121
f 97 1208 1211
f 71 1052 1055
f 100 1226 1230
f 94 1190 1194
f 80 1106 1110
f 51 932 935
f 90 1166 1169
f 63 1004 1007
f 55 956 959
f 76 1082 1085
f 87 1148 1152
f 91 1172 1176
f 67 1028 1031
f 56 962 965
f 75 1076 1079
f 83 1124 1128
f 68 1034 1038
f 48 914 917
f 78 1094 1097
f 93 1184 1187
f 98 1214 1218
f 88 1154 1157
f 65 1016 1020
f 57 968 972
f 77 1088 1092
f 86 1142 1145
f 64 1010 1014
f 53 944 947
f 74 1070 1073
f 84 1130 1133
f 89 1160 1164
f 70 1046 1049
f 99 1220 1223
f 95 1196 1199
f 81 1112 1116
f 52 938 942
f 109 1279 1283
f 105 1255 1259
f 111 1291 1295
f 114 1309 1313
f 117 1327 1331
f 125 1375 1379
f 152 1537 1541
f 137 1448 1452
f 158 1574 1578
f 123 1364 1368
f 143 1483 1487
f 127 1387 1391
f 135 1436 1440
f 147 1507 1511
f 150 1525 1529
f 153 1543 1547
f 140 1465 1469
f 138 1454 1458
f 159 1580 1584
f 122 1358 1362
f 107 1267 1269
f 103 1243 1245
f 104 1250 1252
f 110 1286 1288
f 113 1304 1306
f 118 1334 1336
f 154 1549 1551
f 141 1471 1473
f 162 1597 1599
f 121 1352 1354
f 142 1477 1479
f 129 1399 1401
f 130 1406 1408
f 144 1490 1492
f 146 1502 1504
f 151 1531 1533
f 131 1412 1414
f 136 1442 1444
f 161 1592 1594
f 126 1381 1383
f 116 1321 1323
f 108 1273 1275
f 106 1261 1263
f 112 1297 1299
f 115 1315 1317
f 119 1339 1341
f 156 1562 1564
f 139 1460 1462
f 160 1586 1588
f 120 1345 1347
f 149 1519 1521
f 132 1418 1420
f 128 1393 1395
f 145 1495 1497
f 148 1513 1515
f 155 1555 1557
f 133 1423 1425
f 134 1429 1431
f 157 1568 1570
f 124 1370 1372
f 109 1280 1282
f 105 1256 1258
f 111 1292 1294
f 114 1310 1312
f 117 1328 1330
f 125 1376 1378
f 152 1538 1540
f 137 1447 1449
f 158 1573 1575
f 123 1363 1365
f 143 1484 1486
f 127 1388 1390
f 135 1435 1437
f 147 1508 1510
f 150 1526 1528
f 153 1544 1546
f 140 1466 1468
f 138 1453 1455
f 159 1579 1581
f 122 1357 1359
f 107 1268 1272
f 103 1244 1248
f 104 1249 1253
f 110 1285 1289
f 113 1303 1307
f 118 1333 1337
f 154 1550 1554
f 141 1472 1476
f 162 1598 1602
f 121 1351 1355
f 142 1478 1482
f 129 1400 1404
f 130 1405 1409
f 144 1489 1493
f 146 1501 1505
f 151 1532 1536
f 131 1411 1415
f 136 1441 1445
f 161 1591 1595
f 126 1382 1386
f 47 911 909
f 44 893 891
f 43 888 886
f 45 900 898
f 46 906 904
f 49 924 922
f 72 1062 1060
f 102 1242 1240
f 96 1206 1204
f 79 1104 1102
f 62 1001 999
f 59 983 981
f 58 978 976
f 60 990 988
f 61 996 994
f 66 1026 1024
f 54 954 952
f 73 1068 1066
f 85 1140 1138
f 92 1181 1179
f 101 1235 1233
f 69 1043 1041
f 50 929 927
f 82 1121 1119
f 97 1211 1209
f 71 1055 1053
f 100 1230 1228
f 94 1194 1192
f 80 1110 1108
f 51 935 933
f 90 1169 1167
f 63 1007 1005
f 55 959 957
f 76 1085 1083
f 87 1152 1150
f 91 1176 1174
f 67 1031 1029
f 56 965 963
f 75 1079 1077
f 83 1128 1126
f 68 1038 1036
f 48 917 915
f 78 1097 1095
f 93 1187 1185
f 98 1218 1216
f 88 1157 1155
f 65 1020 1018
f 57 972 970
f 77 1092 1090
f 86 1145 1143
f 64 1014 1012
f 53 947 945
f 74 1073 1071
f 84 1133 1131
f 89 1164 1162
f 70 1049 1047
f 99 1223 1221
f 95 1199 1197
f 81 1116 1114
f 52 942 940
f 109 1283 1284
f 105 1259 1260
f 111 1295 1296
f 114 1313 1314
f 117 1331 1332
f 125 1379 1380
f 152 1541 1542
f 137 1452 1451
f 158 1578 1577
f 123 1368 1367
f 143 1487 1488
f 127 1391 1392
f 135 1440 1439
f 147 1511 1512
f 150 1529 1530
f 153 1547 1548
f 140 1469 1470
f 138 1458 1457
f 159 1584 1583
f 122 1362 1361
f 407 1609 1616
f 403 1605 1608
f 404 1611 1606
f 410 1614 1612
f 413 1617 1615
f 422 1631 1624
f 486 1688 1692
f 573 1775 1782
f 561 1763 1765
f 512 1719 1714
f 452 1654 1661
f 448 1650 1653
f 449 1656 1651
f 455 1659 1657
f 458 1662 1660
f 470 1672 1675
f 437 1646 1639
f 494 1706 1696
f 531 1735 1733
f 539 1741 1751
f 568 1770 1779
f 478 1680 1683
f 419 1621 1626
f 509 1711 1721
f 554 1756 1766
f 482 1684 1689
f 576 1780 1778
f 558 1767 1760
f 516 1722 1718
f 425 1627 1629
f 542 1744 1747
f 463 1668 1665
f 434 1636 1641
f 497 1699 1704
f 528 1730 1737
f 546 1748 1750
f 464 1666 1676
f 440 1642 1644
f 500 1705 1702
f 524 1736 1726
f 479 1691 1681
f 418 1623 1620
f 508 1713 1710
f 553 1764 1755
f 569 1781 1771
f 538 1749 1740
f 471 1677 1673
f 443 1645 1647
f 501 1703 1707
f 523 1725 1734
f 467 1674 1669
f 433 1638 1635
f 493 1695 1698
f 527 1732 1729
f 543 1752 1745
f 485 1690 1687
f 572 1777 1774
f 557 1759 1762
f 515 1717 1720
f 428 1630 1632
f 591 2191 2189
f 587 1885 1883
f 588 1901 1903
f 594 2279 2281
f 597 2315 2317
f 600 2171 2173
f 634 2160 2158
f 619 2016 2012
f 639 2214 2210
f 602 1919 1924
f 624 2137 2135
f 608 1978 1973
f 610 1991 1996
f 627 2225 2227
f 630 2302 2304
f 635 2178 2176
f 615 2153 2155
f 617 2009 2014
f 637 2207 2212
f 604 1926 1922
f 416 1857 1864
f 408 1803 1810
f 406 1786 1795
f 412 1822 1831
f 415 1840 1849
f 424 1876 1887
f 492 2182 2193
f 582 2312 2321
f 565 2276 2285
f 514 1898 1907
f 461 2091 2098
f 453 2037 2044
f 451 1952 1961
f 457 2056 2067
f 460 2074 2083
f 475 2128 2139
f 439 1966 1975
f 496 1988 1997
f 533 2222 2231
f 551 2293 2298
f 579 2185 2190
f 483 1879 1884
f 426 1893 1900
f 521 2271 2278
f 566 2307 2314
f 489 2163 2170
f 578 2150 2159
f 560 2006 2015
f 518 2204 2213
f 429 1911 1918
f 547 2131 2136
f 465 1969 1977
f 441 1983 1990
f 504 2217 2224
f 537 2290 2301
f 550 2168 2177
f 476 2145 2152
f 444 2001 2008
f 502 2199 2206
f 526 1916 1925
f 481 1808 1817
f 420 1789 1797
f 510 1825 1833
f 555 1843 1851
f 571 1862 1871
f 540 1933 1941
f 473 2110 2119
f 447 2020 2029
f 507 2236 2247
f 534 2257 2262
f 469 2042 2051
f 435 1947 1954
f 498 2059 2064
f 529 2077 2085
f 545 2096 2105
f 487 2113 2121
f 574 2023 2031
f 562 2239 2244
f 520 2254 2265
f 432 1930 1939
f 589 1818 1814
f 583 1798 1793
f 586 1834 1829
f 593 1852 1847
f 596 1872 1868
f 599 1942 1937
f 633 2120 2124
f 620 2030 2034
f 640 2248 2250
f 603 2263 2261
f 622 2052 2050
f 607 1955 1960
f 612 2065 2063
f 626 2086 2081
f 629 2106 2102
f 631 2122 2117
f 614 2032 2027
f 618 2245 2243
f 641 2266 2268
f 605 1940 1944
f 409 1813 1804
f 405 1792 1785
f 411 1828 1821
f 414 1846 1839
f 417 1867 1858
f 431 1936 1929
f 488 2123 2114
f 575 2033 2024
f 563 2249 2240
f 519 2260 2253
f 454 2049 2038
f 450 1959 1951
f 456 2062 2055
f 459 2080 2073
f 462 2101 2092
f 472 2116 2109
f 446 2026 2019
f 506 2242 2235
f 535 2267 2258
f 541 1943 1934
f 570 1869 1861
f 480 1815 1807
f 421 1799 1790
f 511 1835 1826
f 556 1853 1844
f 484 1889 1880
f 580 2195 2186
f 567 2319 2308
f 522 2283 2272
f 427 1905 1894
f 544 2103 2095
f 468 2046 2041
f 436 1957 1948
f 499 2069 2060
f 530 2087 2078
f 548 2141 2132
f 466 1979 1970
f 442 1993 1984
f 505 2229 2218
f 536 2296 2289
f 491 2188 2181
f 423 1882 1875
f 513 1902 1897
f 564 2280 2275
f 581 2316 2311
f 549 2172 2167
f 477 2157 2146
f 445 2011 2002
f 503 2209 2200
f 525 1923 1915
f 474 2134 2127
f 438 1972 1965
f 495 1995 1987
f 532 2226 2221
f 552 2303 2294
f 490 2175 2164
f 577 2154 2149
f 559 2013 2005
f 517 2211 2203
f 430 1921 1912
f 590 1865 1870
f 584 1811 1816
f 585 1796 1800
f 592 1832 1836
f 595 1850 1854
f 598 1888 1890
f 636 2194 2196
f 621 2322 2320
f 642 2286 2284
f 601 1908 1906
f 623 2099 2104
f 611 2045 2047
f 609 1962 1958
f 625 2068 2070
f 628 2084 2088
f 632 2140 2142
f 613 1976 1980
f 616 1998 1994
f 638 2232 2230
f 606 2299 2297
f 407 2330 2329
f 403 2324 2323
f 404 2325 2326
f 410 2332 2333
f 413 2335 2336
f 422 2344 2345
f 486 2410 2409
f 573 2497 2496
f 561 2486 2485
f 512 2434 2435
f 452 2375 2374
f 448 2369 2368
f 449 2370 2371
f 455 2377 2378
f 458 2380 2381
f 470 2393 2392
f 437 2359 2360
f 494 2415 2416
f 531 2455 2456
f 539 2461 2460
f 568 2489 2488
f 478 2399 2398
f 419 2341 2340
f 509 2431 2430
f 554 2476 2475
f 482 2405 2404
f 576 2500 2501
f 558 2481 2482
f 516 2439 2440
f 425 2348 2347
f 542 2465 2464
f 463 2383 2384
f 434 2356 2355
f 497 2420 2419
f 528 2452 2451
f 546 2471 2470
f 464 2386 2385
f 440 2363 2362
f 500 2422 2423
f 524 2445 2446
f 479 2400 2401
f 418 2338 2339
f 508 2428 2429
f 553 2473 2474
f 569 2490 2491
f 538 2458 2459
f 471 2394 2395
f 443 2366 2365
f 501 2425 2424
f 523 2444 2443
f 467 2389 2390
f 433 2353 2354
f 493 2414 2413
f 527 2449 2450
f 543 2466 2467
f 485 2407 2408
f 572 2494 2495
f 557 2480 2479
f 515 2438 2437
f 428 2351 2350
f 591 2510 2511
f 587 2504 2505
f 588 2508 2507
f 594 2514 2513
f 597 2517 2516
f 600 2520 2519
f 634 2554 2556
f 619 2539 2540
f 639 2560 2561
f 602 2523 2521
f 624 2543 2544
f 608 2527 2529
f 610 2532 2530
f 627 2547 2546
f 630 2550 2549
f 635 2552 2553
f 615 2535 2534
f 617 2538 2536
f 637 2558 2557
f 604 2524 2525
f 167 1607 647
f 164 1603 644
f 163 1604 643
f 165 1610 645
f 166 1613 646
f 169 1622 649
f 192 1686 672
f 222 1773 702
f 216 1761 696
f 199 1712 679
f 182 1652 662
f 179 1648 659
f 178 1649 658
f 180 1655 660
f 181 1658 661
f 186 1670 666
f 174 1637 654
f 193 1694 673
f 205 1731 685
f 212 1739 692
f 221 1768 701
f 189 1678 669
f 170 1619 650
f 202 1709 682
f 217 1754 697
f 191 1682 671
f 220 1776 700
f 214 1758 694
f 200 1716 680
f 171 1625 651
f 210 1742 690
f 183 1663 663
f 175 1634 655
f 196 1697 676
f 207 1728 687
f 211 1746 691
f 187 1664 667
f 176 1640 656
f 195 1700 675
f 203 1724 683
f 188 1679 668
f 168 1618 648
f 198 1708 678
f 213 1753 693
f 218 1769 698
f 208 1738 688
f 185 1671 665
f 177 1643 657
f 197 1701 677
f 206 1723 686
f 184 1667 664
f 173 1633 653
f 194 1693 674
f 204 1727 684
f 209 1743 689
f 190 1685 670
f 219 1772 699
f 215 1757 695
f 201 1715 681
f 172 1628 652
f 357 2187 837
f 255 1881 735
f 262 1899 742
f 388 2277 868
f 400 2313 880
f 352 2169 832
f 347 2156 827
f 298 2010 778
f 364 2208 844
f 269 1917 749
f 339 2133 819
f 285 1971 765
f 293 1989 773
f 370 2223 850
f 396 2300 876
f 353 2174 833
f 346 2151 826
f 299 2007 779
f 365 2205 845
f 268 1920 748
f 249 1855 729
f 231 1801 711
f 226 1784 706
f 238 1820 718
f 244 1838 724
f 257 1874 737
f 359 2180 839
f 402 2310 882
f 390 2274 870
f 264 1896 744
f 327 2089 807
f 309 2035 789
f 282 1950 762
f 317 2054 797
f 322 2072 802
f 341 2126 821
f 286 1964 766
f 294 1986 774
f 372 2220 852
f 394 2291 874
f 358 2183 838
f 256 1877 736
f 261 1891 741
f 387 2269 867
f 399 2305 879
f 351 2161 831
f 348 2148 828
f 300 2004 780
f 366 2202 846
f 267 1909 747
f 340 2129 820
f 287 1967 767
f 291 1981 771
f 369 2215 849
f 395 2288 875
f 354 2166 834
f 345 2143 825
f 297 1999 777
f 363 2197 843
f 270 1914 750
f 234 1806 714
f 227 1787 707
f 239 1823 719
f 245 1841 725
f 252 1860 732
f 275 1931 755
f 334 2108 814
f 304 2018 784
f 377 2234 857
f 382 2255 862
f 312 2040 792
f 279 1945 759
f 316 2057 796
f 323 2075 803
f 330 2094 810
f 335 2111 815
f 305 2021 785
f 376 2237 856
f 383 2252 863
f 274 1928 754
f 232 1812 712
f 225 1791 705
f 237 1827 717
f 243 1845 723
f 250 1866 730
f 273 1935 753
f 336 2118 816
f 306 2028 786
f 378 2246 858
f 381 2259 861
f 311 2048 791
f 281 1953 761
f 315 2061 795
f 321 2079 801
f 328 2100 808
f 333 2115 813
f 303 2025 783
f 375 2241 855
f 384 2264 864
f 276 1938 756
f 229 1802 709
f 223 1783 703
f 235 1819 715
f 241 1837 721
f 247 1856 727
f 271 1927 751
f 332 2112 812
f 302 2022 782
f 374 2238 854
f 379 2251 859
f 307 2036 787
f 278 1949 758
f 313 2053 793
f 319 2071 799
f 325 2090 805
f 331 2107 811
f 301 2017 781
f 373 2233 853
f 380 2256 860
f 272 1932 752
f 248 1859 728
f 230 1805 710
f 224 1788 704
f 236 1824 716
f 242 1842 722
f 254 1878 734
f 356 2184 836
f 397 2306 877
f 385 2270 865
f 259 1892 739
f 326 2093 806
f 308 2039 788
f 277 1946 757
f 314 2058 794
f 320 2076 800
f 338 2130 818
f 284 1968 764
f 289 1982 769
f 367 2216 847
f 391 2287 871
f 355 2179 835
f 253 1873 733
f 260 1895 740
f 386 2273 866
f 398 2309 878
f 350 2165 830
f 343 2144 823
f 295 2000 775
f 361 2198 841
f 266 1913 746
f 337 2125 817
f 283 1963 763
f 290 1985 770
f 368 2219 848
f 392 2292 872
f 349 2162 829
f 344 2147 824
f 296 2003 776
f 362 2201 842
f 265 1910 745
f 251 1863 731
f 233 1809 713
f 228 1794 708
f 240 1830 720
f 246 1848 726
f 258 1886 738
f 360 2192 840
f 401 2318 881
f 389 2282 869
f 263 1904 743
f 329 2097 809
f 310 2043 790
f 280 1956 760
f 318 2066 798
f 324 2082 804
f 342 2138 822
f 288 1974 768
f 292 1992 772
f 371 2228 851
f 393 2295 873
f 409 2331 1269
f 405 2327 1245
f 411 2328 1252
f 414 2334 1288
f 417 2337 1306
f 431 2346 1336
f 488 2412 1551
f 575 2499 1473
f 563 2487 1599
f 519 2436 1354
f 454 2376 1479
f 450 2372 1401
f 456 2373 1408
f 459 2379 1492
f 462 2382 1504
f 472 2396 1533
f 446 2361 1414
f 506 2418 1444
f 535 2457 1594
f 541 2463 1383
f 570 2492 1323
f 480 2402 1275
f 421 2343 1263
f 511 2433 1299
f 556 2478 1317
f 484 2406 1341
f 580 2502 1564
f 567 2484 1462
f 522 2442 1588
f 427 2349 1347
f 544 2468 1521
f 468 2387 1420
f 436 2358 1395
f 499 2421 1497
f 530 2454 1515
f 548 2472 1557
f 466 2388 1425
f 442 2364 1431
f 505 2426 1570
f 536 2448 1372
f 491 2403 1282
f 423 2342 1258
f 513 2432 1294
f 564 2477 1312
f 581 2493 1330
f 549 2462 1378
f 477 2397 1540
f 445 2367 1449
f 503 2427 1575
f 525 2447 1365
f 474 2391 1486
f 438 2357 1390
f 495 2417 1437
f 532 2453 1510
f 552 2469 1528
f 490 2411 1546
f 577 2498 1468
f 559 2483 1455
f 517 2441 1581
f 430 2352 1359
f 590 2509 1272
f 584 2503 1248
f 585 2506 1253
f 592 2512 1289
f 595 2515 1307
f 598 2518 1337
f 636 2555 1554
f 621 2541 1476
f 642 2562 1602
f 601 2522 1355
f 623 2542 1482
f 611 2528 1404
f 609 2531 1409
f 625 2545 1493
f 628 2548 1505
f 632 2551 1536
f 613 2533 1415
f 616 2537 1445
f 638 2559 1595
f 606 2526 1386
f 407 1616 909
f 403 1608 891
f 404 1606 886
f 410 1612 898
f 413 1615 904
f 422 1624 922
f 486 1692 1060
f 573 1782 1240
f 561 1765 1204
f 512 1714 1102
f 452 1661 999
f 448 1653 981
f 449 1651 976
f 455 1657 988
f 458 1660 994
f 470 1675 1024
f 437 1639 952
f 494 1696 1066
f 531 1733 1138
f 539 1751 1179
f 568 1779 1233
f 478 1683 1041
f 419 1626 927
f 509 1721 1119
f 554 1766 1209
f 482 1689 1053
f 576 1778 1228
f 558 1760 1192
f 516 1718 1108
f 425 1629 933
f 542 1747 1167
f 463 1665 1005
f 434 1641 957
f 497 1704 1083
f 528 1737 1150
f 546 1750 1174
f 464 1676 1029
f 440 1644 963
f 500 1702 1077
f 524 1726 1126
f 479 1681 1036
f 418 1620 915
f 508 1710 1095
f 553 1755 1185
f 569 1771 1216
f 538 1740 1155
f 471 1673 1018
f 443 1647 970
f 501 1707 1090
f 523 1734 1143
f 467 1669 1012
f 433 1635 945
f 493 1698 1071
f 527 1729 1131
f 543 1745 1162
f 485 1687 1047
f 572 1774 1221
f 557 1762 1197
f 515 1720 1114
f 428 1632 940
f 591 2189 1284
f 587 1883 1260
f 588 1903 1296
f 594 2281 1314
f 597 2317 1332
f 600 2173 1380
f 634 2158 1542
f 619 2012 1451
f 639 2210 1577
f 602 1924 1367
f 624 2135 1488
f 608 1973 1392
f 610 1996 1439
f 627 2227 1512
f 630 2304 1530
f 635 2176 1548
f 615 2155 1470
f 617 2014 1457
f 637 2212 1583
f 604 1922 1361
f 416 1864 1270
f 408 1810 1246
f 406 1795 1251
f 412 1831 1287
f 415 1849 1305
f 424 1887 1335
f 492 2193 1552
f 582 2321 1474
f 565 2285 1600
f 514 1907 1353
f 461 2098 1480
f 453 2044 1402
f 451 1961 1407
f 457 2067 1491
f 460 2083 1503
f 475 2139 1534
f 439 1975 1413
f 496 1997 1443
f 533 2231 1593
f 551 2298 1384
f 579 2190 1324
f 483 1884 1276
f 426 1900 1264
f 521 2278 1300
f 566 2314 1318
f 489 2170 1342
f 578 2159 1563
f 560 2015 1461
f 518 2213 1587
f 429 1918 1348
f 547 2136 1522
f 465 1977 1419
f 441 1990 1396
f 504 2224 1498
f 537 2301 1516
f 550 2177 1558
f 476 2152 1426
f 444 2008 1432
f 502 2206 1569
f 526 1925 1371
f 481 1817 1281
f 420 1797 1257
f 510 1833 1293
f 555 1851 1311
f 571 1871 1329
f 540 1941 1377
f 473 2119 1539
f 447 2029 1450
f 507 2247 1576
f 534 2262 1366
f 469 2051 1485
f 435 1954 1389
f 498 2064 1438
f 529 2085 1509
f 545 2105 1527
f 487 2121 1545
f 574 2031 1467
f 562 2244 1456
f 520 2265 1582
f 432 1939 1360
f 589 1814 1271
f 583 1793 1247
f 586 1829 1254
f 593 1847 1290
f 596 1868 1308
f 599 1937 1338
f 633 2124 1553
f 620 2034 1475
f 640 2250 1601
f 603 2261 1356
f 622 2050 1481
f 607 1960 1403
f 612 2063 1410
f 626 2081 1494
f 629 2102 1506
f 631 2117 1535
f 614 2027 1416
f 618 2243 1446
f 641 2268 1596
f 605 1944 1385
f 409 1804 894
f 405 1785 887
f 411 1821 899
f 414 1839 905
f 417 1858 912
f 431 1929 941
f 488 2114 1050
f 575 2024 1224
f 563 2240 1200
f 519 2253 1115
f 454 2038 984
f 450 1951 977
f 456 2055 989
f 459 2073 995
f 462 2092 1002
f 472 2109 1019
f 446 2019 971
f 506 2235 1091
f 535 2258 1146
f 541 1934 1158
f 570 1861 1217
f 480 1807 1037
f 421 1790 918
f 511 1826 1098
f 556 1844 1188
f 484 1880 1044
f 580 2186 1236
f 567 2308 1212
f 522 2272 1122
f 427 1894 930
f 544 2095 1163
f 468 2041 1013
f 436 1948 948
f 499 2060 1074
f 530 2078 1134
f 548 2132 1170
f 466 1970 1008
f 442 1984 960
f 505 2218 1086
f 536 2289 1151
f 491 2181 1061
f 423 1875 923
f 513 1897 1103
f 564 2275 1205
f 581 2311 1241
f 549 2167 1175
f 477 2146 1032
f 445 2002 966
f 503 2200 1080
f 525 1915 1127
f 474 2127 1025
f 438 1965 953
f 495 1987 1067
f 532 2221 1139
f 552 2294 1182
f 490 2164 1056
f 577 2149 1229
f 559 2005 1193
f 517 2203 1109
f 430 1912 936
f 590 1870 1325
f 584 1816 1277
f 585 1800 1265
f 592 1836 1301
f 595 1854 1319
f 598 1890 1343
f 636 2196 1566
f 621 2320 1464
f 642 2284 1590
f 601 1906 1349
f 623 2104 1523
f 611 2047 1422
f 609 1958 1397
f 625 2070 1499
f 628 2088 1517
f 632 2142 1559
f 613 1980 1427
f 616 1994 1433
f 638 2230 1572
f 606 2297 1374
f 407 2329 892
f 403 2323 885
f 404 2326 897
f 410 2333 903
f 413 2336 910
f 422 2345 939
f 486 2409 1048
f 573 2496 1222
f 561 2485 1198
f 512 2435 1113
f 452 2374 982
f 448 2368 975
f 449 2371 987
f 455 2378 993
f 458 2381 1000
f 470 2392 1017
f 437 2360 969
f 494 2416 1089
f 531 2456 1144
f 539 2460 1156
f 568 2488 1215
f 478 2398 1035
f 419 2340 916
f 509 2430 1096
f 554 2475 1186
f 482 2404 1042
f 576 2501 1234
f 558 2482 1210
f 516 2440 1120
f 425 2347 928
f 542 2464 1161
f 463 2384 1011
f 434 2355 946
f 497 2419 1072
f 528 2451 1132
f 546 2470 1168
f 464 2385 1006
f 440 2362 958
f 500 2423 1084
f 524 2446 1149
f 479 2401 1059
f 418 2339 921
f 508 2429 1101
f 553 2474 1203
f 569 2491 1239
f 538 2459 1173
f 471 2395 1030
f 443 2365 964
f 501 2424 1078
f 523 2443 1125
f 467 2390 1023
f 433 2354 951
f 493 2413 1065
f 527 2450 1137
f 543 2467 1180
f 485 2408 1054
f 572 2495 1227
f 557 2479 1191
f 515 2437 1107
f 428 2350 934
f 591 2511 1326
f 587 2505 1278
f 588 2507 1266
f 594 2513 1302
f 597 2516 1320
f 600 2519 1344
f 634 2556 1565
f 619 2540 1463
f 639 2561 1589
f 602 2521 1350
f 624 2544 1524
f 608 2529 1421
f 610 2530 1398
f 627 2546 1500
f 630 2549 1518
f 635 2553 1560
f 615 2534 1428
f 617 2536 1434
f 637 2557 1571
f 604 2525 1373
f 164 1609 889
f 163 1605 883
f 165 1611 895
f 166 1614 901
f 167 1617 907
f 172 1631 937
f 190 1688 1045
f 219 1775 1219
f 215 1763 1195
f 201 1719 1111
f 179 1654 979
f 178 1650 973
f 180 1656 985
f 181 1659 991
f 182 1662 997
f 185 1672 1015
f 177 1646 967
f 197 1706 1087
f 206 1735 1141
f 208 1741 1153
f 218 1770 1213
f 188 1680 1033
f 168 1621 913
f 198 1711 1093
f 213 1756 1183
f 189 1684 1039
f 221 1780 1231
f 217 1767 1207
f 202 1722 1117
f 170 1627 925
f 209 1744 1159
f 184 1668 1009
f 173 1636 943
f 194 1699 1069
f 204 1730 1129
f 210 1748 1165
f 183 1666 1003
f 175 1642 955
f 196 1705 1081
f 207 1736 1147
f 192 1691 1057
f 169 1623 919
f 199 1713 1099
f 216 1764 1201
f 222 1781 1237
f 211 1749 1171
f 187 1677 1027
f 176 1645 961
f 195 1703 1075
f 203 1725 1123
f 186 1674 1021
f 174 1638 949
f 193 1695 1063
f 205 1732 1135
f 212 1752 1177
f 191 1690 1051
f 220 1777 1225
f 214 1759 1189
f 200 1717 1105
f 171 1630 931
f 358 2191 1322
f 256 1885 1274
f 261 1901 1262
f 387 2279 1298
f 399 2315 1316
f 351 2171 1340
f 348 2160 1561
f 300 2016 1459
f 366 2214 1585
f 267 1919 1346
f 340 2137 1520
f 287 1978 1417
f 291 1991 1394
f 369 2225 1496
f 395 2302 1514
f 354 2178 1556
f 345 2153 1424
f 297 2009 1430
f 363 2207 1567
f 270 1926 1369
f 247 1857 908
f 229 1803 890
f 223 1786 884
f 235 1822 896
f 241 1840 902
f 253 1876 920
f 355 2182 1058
f 398 2312 1238
f 386 2276 1202
f 260 1898 1100
f 325 2091 998
f 307 2037 980
f 278 1952 974
f 313 2056 986
f 319 2074 992
f 337 2128 1022
f 283 1966 950
f 290 1988 1064
f 368 2222 1136
f 392 2293 1178
f 356 2185 1232
f 254 1879 1040
f 259 1893 926
f 385 2271 1118
f 397 2307 1208
f 349 2163 1052
f 344 2150 1226
f 296 2006 1190
f 362 2204 1106
f 265 1911 932
f 338 2131 1166
f 284 1969 1004
f 289 1983 956
f 367 2217 1082
f 391 2290 1148
f 350 2168 1172
f 343 2145 1028
f 295 2001 962
f 361 2199 1076
f 266 1916 1124
f 230 1808 1034
f 224 1789 914
f 236 1825 1094
f 242 1843 1184
f 248 1862 1214
f 272 1933 1154
f 331 2110 1016
f 301 2020 968
f 373 2236 1088
f 380 2257 1142
f 308 2042 1010
f 277 1947 944
f 314 2059 1070
f 320 2077 1130
f 326 2096 1160
f 332 2113 1046
f 302 2023 1220
f 374 2239 1196
f 379 2254 1112
f 271 1930 938
f 234 1818 1279
f 227 1798 1255
f 239 1834 1291
f 245 1852 1309
f 252 1872 1327
f 275 1942 1375
f 334 2120 1537
f 304 2030 1448
f 377 2248 1574
f 382 2263 1364
f 312 2052 1483
f 279 1955 1387
f 316 2065 1436
f 323 2086 1507
f 330 2106 1525
f 335 2122 1543
f 305 2032 1465
f 376 2245 1454
f 383 2266 1580
f 274 1940 1358
f 232 1813 1267
f 225 1792 1243
f 237 1828 1250
f 243 1846 1286
f 250 1867 1304
f 273 1936 1334
f 336 2123 1549
f 306 2033 1471
f 378 2249 1597
f 381 2260 1352
f 311 2049 1477
f 281 1959 1399
f 315 2062 1406
f 321 2080 1490
f 328 2101 1502
f 333 2116 1531
f 303 2026 1412
f 375 2242 1442
f 384 2267 1592
f 276 1943 1381
f 251 1869 1321
f 233 1815 1273
f 228 1799 1261
f 240 1835 1297
f 246 1853 1315
f 258 1889 1339
f 360 2195 1562
f 401 2319 1460
f 389 2283 1586
f 263 1905 1345
f 329 2103 1519
f 310 2046 1418
f 280 1957 1393
f 318 2069 1495
f 324 2087 1513
f 342 2141 1555
f 288 1979 1423
f 292 1993 1429
f 371 2229 1568
f 393 2296 1370
f 357 2188 1280
f 255 1882 1256
f 262 1902 1292
f 388 2280 1310
f 400 2316 1328
f 352 2172 1376
f 347 2157 1538
f 298 2011 1447
f 364 2209 1573
f 269 1923 1363
f 339 2134 1484
f 285 1972 1388
f 293 1995 1435
f 370 2226 1508
f 396 2303 1526
f 353 2175 1544
f 346 2154 1466
f 299 2013 1453
f 365 2211 1579
f 268 1921 1357
f 249 1865 1268
f 231 1811 1244
f 226 1796 1249
f 238 1832 1285
f 244 1850 1303
f 257 1888 1333
f 359 2194 1550
f 402 2322 1472
f 390 2286 1598
f 264 1908 1351
f 327 2099 1478
f 309 2045 1400
f 282 1962 1405
f 317 2068 1489
f 322 2084 1501
f 341 2140 1532
f 286 1976 1411
f 294 1998 1441
f 372 2232 1591
f 394 2299 1382
f 416 2330 911
f 408 2324 893
f 406 2325 888
f 412 2332 900
f 415 2335 906
f 424 2344 924
f 492 2410 1062
f 582 2497 1242
f 565 2486 1206
f 514 2434 1104
f 461 2375 1001
f 453 2369 983
f 451 2370 978
f 457 2377 990
f 460 2380 996
f 475 2393 1026
f 439 2359 954
f 496 2415 1068
f 533 2455 1140
f 551 2461 1181
f 579 2489 1235
f 483 2399 1043
f 426 2341 929
f 521 2431 1121
f 566 2476 1211
f 489 2405 1055
f 578 2500 1230
f 560 2481 1194
f 518 2439 1110
f 429 2348 935
f 547 2465 1169
f 465 2383 1007
f 441 2356 959
f 504 2420 1085
f 537 2452 1152
f 550 2471 1176
f 476 2386 1031
f 444 2363 965
f 502 2422 1079
f 526 2445 1128
f 481 2400 1038
f 420 2338 917
f 510 2428 1097
f 555 2473 1187
f 571 2490 1218
f 540 2458 1157
f 473 2394 1020
f 447 2366 972
f 507 2425 1092
f 534 2444 1145
f 469 2389 1014
f 435 2353 947
f 498 2414 1073
f 529 2449 1133
f 545 2466 1164
f 487 2407 1049
f 574 2494 1223
f 562 2480 1199
f 520 2438 1116
f 432 2351 942
f 589 2510 1283
f 583 2504 1259
f 586 2508 1295
f 593 2514 1313
f 596 2517 1331
f 599 2520 1379
f 633 2554 1541
f 620 2539 1452
f 640 2560 1578
f 603 2523 1368
f 622 2543 1487
f 607 2527 1391
f 612 2532 1440
f 626 2547 1511
f 629 2550 1529
f 631 2552 1547
f 614 2535 1469
f 618 2538 1458
f 641 2558 1584
f 605 2524 1362
f 164 1607 1609
f 163 1603 1605
f 165 1604 1611
f 166 1610 1614
f 167 1613 1617
f 172 1622 1631
f 190 1686 1688
f 219 1773 1775
f 215 1761 1763
f 201 1712 1719
f 179 1652 1654
f 178 1648 1650
f 180 1649 1656
f 181 1655 1659
f 182 1658 1662
f 185 1670 1672
f 177 1637 1646
f 197 1694 1706
f 206 1731 1735
f 208 1739 1741
f 218 1768 1770
f 188 1678 1680
f 168 1619 1621
f 198 1709 1711
f 213 1754 1756
f 189 1682 1684
f 221 1776 1780
f 217 1758 1767
f 202 1716 1722
f 170 1625 1627
f 209 1742 1744
f 184 1663 1668
f 173 1634 1636
f 194 1697 1699
f 204 1728 1730
f 210 1746 1748
f 183 1664 1666
f 175 1640 1642
f 196 1700 1705
f 207 1724 1736
f 192 1679 1691
f 169 1618 1623
f 199 1708 1713
f 216 1753 1764
f 222 1769 1781
f 211 1738 1749
f 187 1671 1677
f 176 1643 1645
f 195 1701 1703
f 203 1723 1725
f 186 1667 1674
f 174 1633 1638
f 193 1693 1695
f 205 1727 1732
f 212 1743 1752
f 191 1685 1690
f 220 1772 1777
f 214 1757 1759
f 200 1715 1717
f 171 1628 1630
f 358 2187 2191
f 256 1881 1885
f 261 1899 1901
f 387 2277 2279
f 399 2313 2315
f 351 2169 2171
f 348 2156 2160
f 300 2010 2016
f 366 2208 2214
f 267 1917 1919
f 340 2133 2137
f 287 1971 1978
f 291 1989 1991
f 369 2223 2225
f 395 2300 2302
f 354 2174 2178
f 345 2151 2153
f 297 2007 2009
f 363 2205 2207
f 270 1920 1926
f 247 1855 1857
f 229 1801 1803
f 223 1784 1786
f 235 1820 1822
f 241 1838 1840
f 253 1874 1876
f 355 2180 2182
f 398 2310 2312
f 386 2274 2276
f 260 1896 1898
f 325 2089 2091
f 307 2035 2037
f 278 1950 1952
f 313 2054 2056
f 319 2072 2074
f 337 2126 2128
f 283 1964 1966
f 290 1986 1988
f 368 2220 2222
f 392 2291 2293
f 356 2183 2185
f 254 1877 1879
f 259 1891 1893
f 385 2269 2271
f 397 2305 2307
f 349 2161 2163
f 344 2148 2150
f 296 2004 2006
f 362 2202 2204
f 265 1909 1911
f 338 2129 2131
f 284 1967 1969
f 289 1981 1983
f 367 2215 2217
f 391 2288 2290
f 350 2166 2168
f 343 2143 2145
f 295 1999 2001
f 361 2197 2199
f 266 1914 1916
f 230 1806 1808
f 224 1787 1789
f 236 1823 1825
f 242 1841 1843
f 248 1860 1862
f 272 1931 1933
f 331 2108 2110
f 301 2018 2020
f 373 2234 2236
f 380 2255 2257
f 308 2040 2042
f 277 1945 1947
f 314 2057 2059
f 320 2075 2077
f 326 2094 2096
f 332 2111 2113
f 302 2021 2023
f 374 2237 2239
f 379 2252 2254
f 271 1928 1930
f 234 1812 1818
f 227 1791 1798
f 239 1827 1834
f 245 1845 1852
f 252 1866 1872
f 275 1935 1942
f 334 2118 2120
f 304 2028 2030
f 377 2246 2248
f 382 2259 2263
f 312 2048 2052
f 279 1953 1955
f 316 2061 2065
f 323 2079 2086
f 330 2100 2106
f 335 2115 2122
f 305 2025 2032
f 376 2241 2245
f 383 2264 2266
f 274 1938 1940
f 232 1802 1813
f 225 1783 1792
f 237 1819 1828
f 243 1837 1846
f 250 1856 1867
f 273 1927 1936
f 336 2112 2123
f 306 2022 2033
f 378 2238 2249
f 381 2251 2260
f 311 2036 2049
f 281 1949 1959
f 315 2053 2062
f 321 2071 2080
f 328 2090 2101
f 333 2107 2116
f 303 2017 2026
f 375 2233 2242
f 384 2256 2267
f 276 1932 1943
f 251 1859 1869
f 233 1805 1815
f 228 1788 1799
f 240 1824 1835
f 246 1842 1853
f 258 1878 1889
f 360 2184 2195
f 401 2306 2319
f 389 2270 2283
f 263 1892 1905
f 329 2093 2103
f 310 2039 2046
f 280 1946 1957
f 318 2058 2069
f 324 2076 2087
f 342 2130 2141
f 288 1968 1979
f 292 1982 1993
f 371 2216 2229
f 393 2287 2296
f 357 2179 2188
f 255 1873 1882
f 262 1895 1902
f 388 2273 2280
f 400 2309 2316
f 352 2165 2172
f 347 2144 2157
f 298 2000 2011
f 364 2198 2209
f 269 1913 1923
f 339 2125 2134
f 285 1963 1972
f 293 1985 1995
f 370 2219 2226
f 396 2292 2303
f 353 2162 2175
f 346 2147 2154
f 299 2003 2013
f 365 2201 2211
f 268 1910 1921
f 249 1863 1865
f 231 1809 1811
f 226 1794 1796
f 238 1830 1832
f 244 1848 1850
f 257 1886 1888
f 359 2192 2194
f 402 2318 2322
f 390 2282 2286
f 264 1904 1908
f 327 2097 2099
f 309 2043 2045
f 282 1956 1962
f 317 2066 2068
f 322 2082 2084
f 341 2138 2140
f 286 1974 1976
f 294 1992 1998
f 372 2228 2232
f 394 2295 2299
f 416 2331 2330
f 408 2327 2324
f 406 2328 2325
f 412 2334 2332
f 415 2337 2335
f 424 2346 2344
f 492 2412 2410
f 582 2499 2497
f 565 2487 2486
f 514 2436 2434
f 461 2376 2375
f 453 2372 2369
f 451 2373 2370
f 457 2379 2377
f 460 2382 2380
f 475 2396 2393
f 439 2361 2359
f 496 2418 2415
f 533 2457 2455
f 551 2463 2461
f 579 2492 2489
f 483 2402 2399
f 426 2343 2341
f 521 2433 2431
f 566 2478 2476
f 489 2406 2405
f 578 2502 2500
f 560 2484 2481
f 518 2442 2439
f 429 2349 2348
f 547 2468 2465
f 465 2387 2383
f 441 2358 2356
f 504 2421 2420
f 537 2454 2452
f 550 2472 2471
f 476 2388 2386
f 444 2364 2363
f 502 2426 2422
f 526 2448 2445
f 481 2403 2400
f 420 2342 2338
f 510 2432 2428
f 555 2477 2473
f 571 2493 2490
f 540 2462 2458
f 473 2397 2394
f 447 2367 2366
f 507 2427 2425
f 534 2447 2444
f 469 2391 2389
f 435 2357 2353
f 498 2417 2414
f 529 2453 2449
f 545 2469 2466
f 487 2411 2407
f 574 2498 2494
f 562 2483 2480
f 520 2441 2438
f 432 2352 2351
f 589 2509 2510
f 583 2503 2504
f 586 2506 2508
f 593 2512 2514
f 596 2515 2517
f 599 2518 2520
f 633 2555 2554
f 620 2541 2539
f 640 2562 2560
f 603 2522 2523
f 622 2542 2543
f 607 2528 2527
f 612 2531 2532
f 626 2545 2547
f 629 2548 2550
f 631 2551 2552
f 614 2533 2535
f 618 2537 2538
f 641 2559 2558
f 605 2526 2524
f 164 644 1607
f 163 643 1603
f 165 645 1604
f 166 646 1610
f 167 647 1613
f 172 652 1622
f 190 670 1686
f 219 699 1773
f 215 695 1761
f 201 681 1712
f 179 659 1652
f 178 658 1648
f 180 660 1649
f 181 661 1655
f 182 662 1658
f 185 665 1670
f 177 657 1637
f 197 677 1694
f 206 686 1731
f 208 688 1739
f 218 698 1768
f 188 668 1678
f 168 648 1619
f 198 678 1709
f 213 693 1754
f 189 669 1682
f 221 701 1776
f 217 697 1758
f 202 682 1716
f 170 650 1625
f 209 689 1742
f 184 664 1663
f 173 653 1634
f 194 674 1697
f 204 684 1728
f 210 690 1746
f 183 663 1664
f 175 655 1640
f 196 676 1700
f 207 687 1724
f 192 672 1679
f 169 649 1618
f 199 679 1708
f 216 696 1753
f 222 702 1769
f 211 691 1738
f 187 667 1671
f 176 656 1643
f 195 675 1701
f 203 683 1723
f 186 666 1667
f 174 654 1633
f 193 673 1693
f 205 685 1727
f 212 692 1743
f 191 671 1685
f 220 700 1772
f 214 694 1757
f 200 680 1715
f 171 651 1628
f 358 838 2187
f 256 736 1881
f 261 741 1899
f 387 867 2277
f 399 879 2313
f 351 831 2169
f 348 828 2156
f 300 780 2010
f 366 846 2208
f 267 747 1917
f 340 820 2133
f 287 767 1971
f 291 771 1989
f 369 849 2223
f 395 875 2300
f 354 834 2174
f 345 825 2151
f 297 777 2007
f 363 843 2205
f 270 750 1920
f 247 727 1855
f 229 709 1801
f 223 703 1784
f 235 715 1820
f 241 721 1838
f 253 733 1874
f 355 835 2180
f 398 878 2310
f 386 866 2274
f 260 740 1896
f 325 805 2089
f 307 787 2035
f 278 758 1950
f 313 793 2054
f 319 799 2072
f 337 817 2126
f 283 763 1964
f 290 770 1986
f 368 848 2220
f 392 872 2291
f 356 836 2183
f 254 734 1877
f 259 739 1891
f 385 865 2269
f 397 877 2305
f 349 829 2161
f 344 824 2148
f 296 776 2004
f 362 842 2202
f 265 745 1909
f 338 818 2129
f 284 764 1967
f 289 769 1981
f 367 847 2215
f 391 871 2288
f 350 830 2166
f 343 823 2143
f 295 775 1999
f 361 841 2197
f 266 746 1914
f 230 710 1806
f 224 704 1787
f 236 716 1823
f 242 722 1841
f 248 728 1860
f 272 752 1931
f 331 811 2108
f 301 781 2018
f 373 853 2234
f 380 860 2255
f 308 788 2040
f 277 757 1945
f 314 794 2057
f 320 800 2075
f 326 806 2094
f 332 812 2111
f 302 782 2021
f 374 854 2237
f 379 859 2252
f 271 751 1928
f 234 714 1812
f 227 707 1791
f 239 719 1827
f 245 725 1845
f 252 732 1866
f 275 755 1935
f 334 814 2118
f 304 784 2028
f 377 857 2246
f 382 862 2259
f 312 792 2048
f 279 759 1953
f 316 796 2061
f 323 803 2079
f 330 810 2100
f 335 815 2115
f 305 785 2025
f 376 856 2241
f 383 863 2264
f 274 754 1938
f 232 712 1802
f 225 705 1783
f 237 717 1819
f 243 723 1837
f 250 730 1856
f 273 753 1927
f 336 816 2112
f 306 786 2022
f 378 858 2238
f 381 861 2251
f 311 791 2036
f 281 761 1949
f 315 795 2053
f 321 801 2071
f 328 808 2090
f 333 813 2107
f 303 783 2017
f 375 855 2233
f 384 864 2256
f 276 756 1932
f 251 731 1859
f 233 713 1805
f 228 708 1788
f 240 720 1824
f 246 726 1842
f 258 738 1878
f 360 840 2184
f 401 881 2306
f 389 869 2270
f 263 743 1892
f 329 809 2093
f 310 790 2039
f 280 760 1946
f 318 798 2058
f 324 804 2076
f 342 822 2130
f 288 768 1968
f 292 772 1982
f 371 851 2216
f 393 873 2287
f 357 837 2179
f 255 735 1873
f 262 742 1895
f 388 868 2273
f 400 880 2309
f 352 832 2165
f 347 827 2144
f 298 778 2000
f 364 844 2198
f 269 749 1913
f 339 819 2125
f 285 765 1963
f 293 773 1985
f 370 850 2219
f 396 876 2292
f 353 833 2162
f 346 826 2147
f 299 779 2003
f 365 845 2201
f 268 748 1910
f 249 729 1863
f 231 711 1809
f 226 706 1794
f 238 718 1830
f 244 724 1848
f 257 737 1886
f 359 839 2192
f 402 882 2318
f 390 870 2282
f 264 744 1904
f 327 807 2097
f 309 789 2043
f 282 762 1956
f 317 797 2066
f 322 802 2082
f 341 821 2138
f 286 766 1974
f 294 774 1992
f 372 852 2228
f 394 874 2295
f 416 1270 2331
f 408 1246 2327
f 406 1251 2328
f 412 1287 2334
f 415 1305 2337
f 424 1335 2346
f 492 1552 2412
f 582 1474 2499
f 565 1600 2487
f 514 1353 2436
f 461 1480 2376
f 453 1402 2372
f 451 1407 2373
f 457 1491 2379
f 460 1503 2382
f 475 1534 2396
f 439 1413 2361
f 496 1443 2418
f 533 1593 2457
f 551 1384 2463
f 579 1324 2492
f 483 1276 2402
f 426 1264 2343
f 521 1300 2433
f 566 1318 2478
f 489 1342 2406
f 578 1563 2502
f 560 1461 2484
f 518 1587 2442
f 429 1348 2349
f 547 1522 2468
f 465 1419 2387
f 441 1396 2358
f 504 1498 2421
f 537 1516 2454
f 550 1558 2472
f 476 1426 2388
f 444 1432 2364
f 502 1569 2426
f 526 1371 2448
f 481 1281 2403
f 420 1257 2342
f 510 1293 2432
f 555 1311 2477
f 571 1329 2493
f 540 1377 2462
f 473 1539 2397
f 447 1450 2367
f 507 1576 2427
f 534 1366 2447
f 469 1485 2391
f 435 1389 2357
f 498 1438 2417
f 529 1509 2453
f 545 1527 2469
f 487 1545 2411
f 574 1467 2498
f 562 1456 2483
f 520 1582 2441
f 432 1360 2352
f 589 1271 2509
f 583 1247 2503
f 586 1254 2506
f 593 1290 2512
f 596 1308 2515
f 599 1338 2518
f 633 1553 2555
f 620 1475 2541
f 640 1601 2562
f 603 1356 2522
f 622 1481 2542
f 607 1403 2528
f 612 1410 2531
f 626 1494 2545
f 629 1506 2548
f 631 1535 2551
f 614 1416 2533
f 618 1446 2537
f 641 1596 2559
f 605 1385 2526
f 167 907 1616
f 164 889 1608
f 163 883 1606
f 165 895 1612
f 166 901 1615
f 169 919 1624
f 192 1057 1692
f 222 1237 1782
f 216 1201 1765
f 199 1099 1714
f 182 997 1661
f 179 979 1653
f 178 973 1651
f 180 985 1657
f 181 991 1660
f 186 1021 1675
f 174 949 1639
f 193 1063 1696
f 205 1135 1733
f 212 1177 1751
f 221 1231 1779
f 189 1039 1683
f 170 925 1626
f 202 1117 1721
f 217 1207 1766
f 191 1051 1689
f 220 1225 1778
f 214 1189 1760
f 200 1105 1718
f 171 931 1629
f 210 1165 1747
f 183 1003 1665
f 175 955 1641
f 196 1081 1704
f 207 1147 1737
f 211 1171 1750
f 187 1027 1676
f 176 961 1644
f 195 1075 1702
f 203 1123 1726
f 188 1033 1681
f 168 913 1620
f 198 1093 1710
f 213 1183 1755
f 218 1213 1771
f 208 1153 1740
f 185 1015 1673
f 177 967 1647
f 197 1087 1707
f 206 1141 1734
f 184 1009 1669
f 173 943 1635
f 194 1069 1698
f 204 1129 1729
f 209 1159 1745
f 190 1045 1687
f 219 1219 1774
f 215 1195 1762
f 201 1111 1720
f 172 937 1632
f 357 1280 2189
f 255 1256 1883
f 262 1292 1903
f 388 1310 2281
f 400 1328 2317
f 352 1376 2173
f 347 1538 2158
f 298 1447 2012
f 364 1573 2210
f 269 1363 1924
f 339 1484 2135
f 285 1388 1973
f 293 1435 1996
f 370 1508 2227
f 396 1526 2304
f 353 1544 2176
f 346 1466 2155
f 299 1453 2014
f 365 1579 2212
f 268 1357 1922
f 249 1268 1864
f 231 1244 1810
f 226 1249 1795
f 238 1285 1831
f 244 1303 1849
f 257 1333 1887
f 359 1550 2193
f 402 1472 2321
f 390 1598 2285
f 264 1351 1907
f 327 1478 2098
f 309 1400 2044
f 282 1405 1961
f 317 1489 2067
f 322 1501 2083
f 341 1532 2139
f 286 1411 1975
f 294 1441 1997
f 372 1591 2231
f 394 1382 2298
f 358 1322 2190
f 256 1274 1884
f 261 1262 1900
f 387 1298 2278
f 399 1316 2314
f 351 1340 2170
f 348 1561 2159
f 300 1459 2015
f 366 1585 2213
f 267 1346 1918
f 340 1520 2136
f 287 1417 1977
f 291 1394 1990
f 369 1496 2224
f 395 1514 2301
f 354 1556 2177
f 345 1424 2152
f 297 1430 2008
f 363 1567 2206
f 270 1369 1925
f 234 1279 1817
f 227 1255 1797
f 239 1291 1833
f 245 1309 1851
f 252 1327 1871
f 275 1375 1941
f 334 1537 2119
f 304 1448 2029
f 377 1574 2247
f 382 1364 2262
f 312 1483 2051
f 279 1387 1954
f 316 1436 2064
f 323 1507 2085
f 330 1525 2105
f 335 1543 2121
f 305 1465 2031
f 376 1454 2244
f 383 1580 2265
f 274 1358 1939
f 232 1267 1814
f 225 1243 1793
f 237 1250 1829
f 243 1286 1847
f 250 1304 1868
f 273 1334 1937
f 336 1549 2124
f 306 1471 2034
f 378 1597 2250
f 381 1352 2261
f 311 1477 2050
f 281 1399 1960
f 315 1406 2063
f 321 1490 2081
f 328 1502 2102
f 333 1531 2117
f 303 1412 2027
f 375 1442 2243
f 384 1592 2268
f 276 1381 1944
f 229 890 1804
f 223 884 1785
f 235 896 1821
f 241 902 1839
f 247 908 1858
f 271 938 1929
f 332 1046 2114
f 302 1220 2024
f 374 1196 2240
f 379 1112 2253
f 307 980 2038
f 278 974 1951
f 313 986 2055
f 319 992 2073
f 325 998 2092
f 331 1016 2109
f 301 968 2019
f 373 1088 2235
f 380 1142 2258
f 272 1154 1934
f 248 1214 1861
f 230 1034 1807
f 224 914 1790
f 236 1094 1826
f 242 1184 1844
f 254 1040 1880
f 356 1232 2186
f 397 1208 2308
f 385 1118 2272
f 259 926 1894
f 326 1160 2095
f 308 1010 2041
f 277 944 1948
f 314 1070 2060
f 320 1130 2078
f 338 1166 2132
f 284 1004 1970
f 289 956 1984
f 367 1082 2218
f 391 1148 2289
f 355 1058 2181
f 253 920 1875
f 260 1100 1897
f 386 1202 2275
f 398 1238 2311
f 350 1172 2167
f 343 1028 2146
f 295 962 2002
f 361 1076 2200
f 266 1124 1915
f 337 1022 2127
f 283 950 1965
f 290 1064 1987
f 368 1136 2221
f 392 1178 2294
f 349 1052 2164
f 344 1226 2149
f 296 1190 2005
f 362 1106 2203
f 265 932 1912
f 251 1321 1870
f 233 1273 1816
f 228 1261 1800
f 240 1297 1836
f 246 1315 1854
f 258 1339 1890
f 360 1562 2196
f 401 1460 2320
f 389 1586 2284
f 263 1345 1906
f 329 1519 2104
f 310 1418 2047
f 280 1393 1958
f 318 1495 2070
f 324 1513 2088
f 342 1555 2142
f 288 1423 1980
f 292 1429 1994
f 371 1568 2230
f 393 1370 2297
f 409 894 2329
f 405 887 2323
f 411 899 2326
f 414 905 2333
f 417 912 2336
f 431 941 2345
f 488 1050 2409
f 575 1224 2496
f 563 1200 2485
f 519 1115 2435
f 454 984 2374
f 450 977 2368
f 456 989 2371
f 459 995 2378
f 462 1002 2381
f 472 1019 2392
f 446 971 2360
f 506 1091 2416
f 535 1146 2456
f 541 1158 2460
f 570 1217 2488
f 480 1037 2398
f 421 918 2340
f 511 1098 2430
f 556 1188 2475
f 484 1044 2404
f 580 1236 2501
f 567 1212 2482
f 522 1122 2440
f 427 930 2347
f 544 1163 2464
f 468 1013 2384
f 436 948 2355
f 499 1074 2419
f 530 1134 2451
f 548 1170 2470
f 466 1008 2385
f 442 960 2362
f 505 1086 2423
f 536 1151 2446
f 491 1061 2401
f 423 923 2339
f 513 1103 2429
f 564 1205 2474
f 581 1241 2491
f 549 1175 2459
f 477 1032 2395
f 445 966 2365
f 503 1080 2424
f 525 1127 2443
f 474 1025 2390
f 438 953 2354
f 495 1067 2413
f 532 1139 2450
f 552 1182 2467
f 490 1056 2408
f 577 1229 2495
f 559 1193 2479
f 517 1109 2437
f 430 936 2350
f 590 1325 2511
f 584 1277 2505
f 585 1265 2507
f 592 1301 2513
f 595 1319 2516
f 598 1343 2519
f 636 1566 2556
f 621 1464 2540
f 642 1590 2561
f 601 1349 2521
f 623 1523 2544
f 611 1422 2529
f 609 1397 2530
f 625 1499 2546
f 628 1517 2549
f 632 1559 2553
f 613 1427 2534
f 616 1433 2536
f 638 1572 2557
f 606 1374 2525
f 407 892 1609
f 403 885 1605
f 404 897 1611
f 410 903 1614
f 413 910 1617
f 422 939 1631
f 486 1048 1688
f 573 1222 1775
f 561 1198 1763
f 512 1113 1719
f 452 982 1654
f 448 975 1650
f 449 987 1656
f 455 993 1659
f 458 1000 1662
f 470 1017 1672
f 437 969 1646
f 494 1089 1706
f 531 1144 1735
f 539 1156 1741
f 568 1215 1770
f 478 1035 1680
f 419 916 1621
f 509 1096 1711
f 554 1186 1756
f 482 1042 1684
f 576 1234 1780
f 558 1210 1767
f 516 1120 1722
f 425 928 1627
f 542 1161 1744
f 463 1011 1668
f 434 946 1636
f 497 1072 1699
f 528 1132 1730
f 546 1168 1748
f 464 1006 1666
f 440 958 1642
f 500 1084 1705
f 524 1149 1736
f 479 1059 1691
f 418 921 1623
f 508 1101 1713
f 553 1203 1764
f 569 1239 1781
f 538 1173 1749
f 471 1030 1677
f 443 964 1645
f 501 1078 1703
f 523 1125 1725
f 467 1023 1674
f 433 951 1638
f 493 1065 1695
f 527 1137 1732
f 543 1180 1752
f 485 1054 1690
f 572 1227 1777
f 557 1191 1759
f 515 1107 1717
f 428 934 1630
f 591 1326 2191
f 587 1278 1885
f 588 1266 1901
f 594 1302 2279
f 597 1320 2315
f 600 1344 2171
f 634 1565 2160
f 619 1463 2016
f 639 1589 2214
f 602 1350 1919
f 624 1524 2137
f 608 1421 1978
f 610 1398 1991
f 627 1500 2225
f 630 1518 2302
f 635 1560 2178
f 615 1428 2153
f 617 1434 2009
f 637 1571 2207
f 604 1373 1926
f 416 911 1857
f 408 893 1803
f 406 888 1786
f 412 900 1822
f 415 906 1840
f 424 924 1876
f 492 1062 2182
f 582 1242 2312
f 565 1206 2276
f 514 1104 1898
f 461 1001 2091
f 453 983 2037
f 451 978 1952
f 457 990 2056
f 460 996 2074
f 475 1026 2128
f 439 954 1966
f 496 1068 1988
f 533 1140 2222
f 551 1181 2293
f 579 1235 2185
f 483 1043 1879
f 426 929 1893
f 521 1121 2271
f 566 1211 2307
f 489 1055 2163
f 578 1230 2150
f 560 1194 2006
f 518 1110 2204
f 429 935 1911
f 547 1169 2131
f 465 1007 1969
f 441 959 1983
f 504 1085 2217
f 537 1152 2290
f 550 1176 2168
f 476 1031 2145
f 444 965 2001
f 502 1079 2199
f 526 1128 1916
f 481 1038 1808
f 420 917 1789
f 510 1097 1825
f 555 1187 1843
f 571 1218 1862
f 540 1157 1933
f 473 1020 2110
f 447 972 2020
f 507 1092 2236
f 534 1145 2257
f 469 1014 2042
f 435 947 1947
f 498 1073 2059
f 529 1133 2077
f 545 1164 2096
f 487 1049 2113
f 574 1223 2023
f 562 1199 2239
f 520 1116 2254
f 432 942 1930
f 589 1283 1818
f 583 1259 1798
f 586 1295 1834
f 593 1313 1852
f 596 1331 1872
f 599 1379 1942
f 633 1541 2120
f 620 1452 2030
f 640 1578 2248
f 603 1368 2263
f 622 1487 2052
f 607 1391 1955
f 612 1440 2065
f 626 1511 2086
f 629 1529 2106
f 631 1547 2122
f 614 1469 2032
f 618 1458 2245
f 641 1584 2266
f 605 1362 1940
f 409 1269 1813
f 405 1245 1792
f 411 1252 1828
f 414 1288 1846
f 417 1306 1867
f 431 1336 1936
f 488 1551 2123
f 575 1473 2033
f 563 1599 2249
f 519 1354 2260
f 454 1479 2049
f 450 1401 1959
f 456 1408 2062
f 459 1492 2080
f 462 1504 2101
f 472 1533 2116
f 446 1414 2026
f 506 1444 2242
f 535 1594 2267
f 541 1383 1943
f 570 1323 1869
f 480 1275 1815
f 421 1263 1799
f 511 1299 1835
f 556 1317 1853
f 484 1341 1889
f 580 1564 2195
f 567 1462 2319
f 522 1588 2283
f 427 1347 1905
f 544 1521 2103
f 468 1420 2046
f 436 1395 1957
f 499 1497 2069
f 530 1515 2087
f 548 1557 2141
f 466 1425 1979
f 442 1431 1993
f 505 1570 2229
f 536 1372 2296
f 491 1282 2188
f 423 1258 1882
f 513 1294 1902
f 564 1312 2280
f 581 1330 2316
f 549 1378 2172
f 477 1540 2157
f 445 1449 2011
f 503 1575 2209
f 525 1365 1923
f 474 1486 2134
f 438 1390 1972
f 495 1437 1995
f 532 1510 2226
f 552 1528 2303
f 490 1546 2175
f 577 1468 2154
f 559 1455 2013
f 517 1581 2211
f 430 1359 1921
f 590 1272 1865
f 584 1248 1811
f 585 1253 1796
f 592 1289 1832
f 595 1307 1850
f 598 1337 1888
f 636 1554 2194
f 621 1476 2322
f 642 1602 2286
f 601 1355 1908
f 623 1482 2099
f 611 1404 2045
f 609 1409 1962
f 625 1493 2068
f 628 1505 2084
f 632 1536 2140
f 613 1415 1976
f 616 1445 1998
f 638 1595 2232
f 606 1386 2299
f 407 909 2330
f 403 891 2324
f 404 886 2325
f 410 898 2332
f 413 904 2335
f 422 922 2344
f 486 1060 2410
f 573 1240 2497
f 561 1204 2486
f 512 1102 2434
f 452 999 2375
f 448 981 2369
f 449 976 2370
f 455 988 2377
f 458 994 2380
f 470 1024 2393
f 437 952 2359
f 494 1066 2415
f 531 1138 2455
f 539 1179 2461
f 568 1233 2489
f 478 1041 2399
f 419 927 2341
f 509 1119 2431
f 554 1209 2476
f 482 1053 2405
f 576 1228 2500
f 558 1192 2481
f 516 1108 2439
f 425 933 2348
f 542 1167 2465
f 463 1005 2383
f 434 957 2356
f 497 1083 2420
f 528 1150 2452
f 546 1174 2471
f 464 1029 2386
f 440 963 2363
f 500 1077 2422
f 524 1126 2445
f 479 1036 2400
f 418 915 2338
f 508 1095 2428
f 553 1185 2473
f 569 1216 2490
f 538 1155 2458
f 471 1018 2394
f 443 970 2366
f 501 1090 2425
f 523 1143 2444
f 467 1012 2389
f 433 945 2353
f 493 1071 2414
f 527 1131 2449
f 543 1162 2466
f 485 1047 2407
f 572 1221 2494
f 557 1197 2480
f 515 1114 2438
f 428 940 2351
f 591 1284 2510
f 587 1260 2504
f 588 1296 2508
f 594 1314 2514
f 597 1332 2517
f 600 1380 2520
f 634 1542 2554
f 619 1451 2539
f 639 1577 2560
f 602 1367 2523
f 624 1488 2543
f 608 1392 2527
f 610 1439 2532
f 627 1512 2547
f 630 1530 2550
f 635 1548 2552
f 615 1470 2535
f 617 1457 2538
f 637 1583 2558
f 604 1361 2524
f 167 1616 1607
f 164 1608 1603
f 163 1606 1604
f 165 1612 1610
f 166 1615 1613
f 169 1624 1622
f 192 1692 1686
f 222 1782 1773
f 216 1765 1761
f 199 1714 1712
f 182 1661 1652
f 179 1653 1648
f 178 1651 1649
f 180 1657 1655
f 181 1660 1658
f 186 1675 1670
f 174 1639 1637
f 193 1696 1694
f 205 1733 1731
f 212 1751 1739
f 221 1779 1768
f 189 1683 1678
f 170 1626 1619
f 202 1721 1709
f 217 1766 1754
f 191 1689 1682
f 220 1778 1776
f 214 1760 1758
f 200 1718 1716
f 171 1629 1625
f 210 1747 1742
f 183 1665 1663
f 175 1641 1634
f 196 1704 1697
f 207 1737 1728
f 211 1750 1746
f 187 1676 1664
f 176 1644 1640
f 195 1702 1700
f 203 1726 1724
f 188 1681 1679
f 168 1620 1618
f 198 1710 1708
f 213 1755 1753
f 218 1771 1769
f 208 1740 1738
f 185 1673 1671
f 177 1647 1643
f 197 1707 1701
f 206 1734 1723
f 184 1669 1667
f 173 1635 1633
f 194 1698 1693
f 204 1729 1727
f 209 1745 1743
f 190 1687 1685
f 219 1774 1772
f 215 1762 1757
f 201 1720 1715
f 172 1632 1628
f 357 2189 2187
f 255 1883 1881
f 262 1903 1899
f 388 2281 2277
f 400 2317 2313
f 352 2173 2169
f 347 2158 2156
f 298 2012 2010
f 364 2210 2208
f 269 1924 1917
f 339 2135 2133
f 285 1973 1971
f 293 1996 1989
f 370 2227 2223
f 396 2304 2300
f 353 2176 2174
f 346 2155 2151
f 299 2014 2007
f 365 2212 2205
f 268 1922 1920
f 249 1864 1855
f 231 1810 1801
f 226 1795 1784
f 238 1831 1820
f 244 1849 1838
f 257 1887 1874
f 359 2193 2180
f 402 2321 2310
f 390 2285 2274
f 264 1907 1896
f 327 2098 2089
f 309 2044 2035
f 282 1961 1950
f 317 2067 2054
f 322 2083 2072
f 341 2139 2126
f 286 1975 1964
f 294 1997 1986
f 372 2231 2220
f 394 2298 2291
f 358 2190 2183
f 256 1884 1877
f 261 1900 1891
f 387 2278 2269
f 399 2314 2305
f 351 2170 2161
f 348 2159 2148
f 300 2015 2004
f 366 2213 2202
f 267 1918 1909
f 340 2136 2129
f 287 1977 1967
f 291 1990 1981
f 369 2224 2215
f 395 2301 2288
f 354 2177 2166
f 345 2152 2143
f 297 2008 1999
f 363 2206 2197
f 270 1925 1914
f 234 1817 1806
f 227 1797 1787
f 239 1833 1823
f 245 1851 1841
f 252 1871 1860
f 275 1941 1931
f 334 2119 2108
f 304 2029 2018
f 377 2247 2234
f 382 2262 2255
f 312 2051 2040
f 279 1954 1945
f 316 2064 2057
f 323 2085 2075
f 330 2105 2094
f 335 2121 2111
f 305 2031 2021
f 376 2244 2237
f 383 2265 2252
f 274 1939 1928
f 232 1814 1812
f 225 1793 1791
f 237 1829 1827
f 243 1847 1845
f 250 1868 1866
f 273 1937 1935
f 336 2124 2118
f 306 2034 2028
f 378 2250 2246
f 381 2261 2259
f 311 2050 2048
f 281 1960 1953
f 315 2063 2061
f 321 2081 2079
f 328 2102 2100
f 333 2117 2115
f 303 2027 2025
f 375 2243 2241
f 384 2268 2264
f 276 1944 1938
f 229 1804 1802
f 223 1785 1783
f 235 1821 1819
f 241 1839 1837
f 247 1858 1856
f 271 1929 1927
f 332 2114 2112
f 302 2024 2022
f 374 2240 2238
f 379 2253 2251
f 307 2038 2036
f 278 1951 1949
f 313 2055 2053
f 319 2073 2071
f 325 2092 2090
f 331 2109 2107
f 301 2019 2017
f 373 2235 2233
f 380 2258 2256
f 272 1934 1932
f 248 1861 1859
f 230 1807 1805
f 224 1790 1788
f 236 1826 1824
f 242 1844 1842
f 254 1880 1878
f 356 2186 2184
f 397 2308 2306
f 385 2272 2270
f 259 1894 1892
f 326 2095 2093
f 308 2041 2039
f 277 1948 1946
f 314 2060 2058
f 320 2078 2076
f 338 2132 2130
f 284 1970 1968
f 289 1984 1982
f 367 2218 2216
f 391 2289 2287
f 355 2181 2179
f 253 1875 1873
f 260 1897 1895
f 386 2275 2273
f 398 2311 2309
f 350 2167 2165
f 343 2146 2144
f 295 2002 2000
f 361 2200 2198
f 266 1915 1913
f 337 2127 2125
f 283 1965 1963
f 290 1987 1985
f 368 2221 2219
f 392 2294 2292
f 349 2164 2162
f 344 2149 2147
f 296 2005 2003
f 362 2203 2201
f 265 1912 1910
f 251 1870 1863
f 233 1816 1809
f 228 1800 1794
f 240 1836 1830
f 246 1854 1848
f 258 1890 1886
f 360 2196 2192
f 401 2320 2318
f 389 2284 2282
f 263 1906 1904
f 329 2104 2097
f 310 2047 2043
f 280 1958 1956
f 318 2070 2066
f 324 2088 2082
f 342 2142 2138
f 288 1980 1974
f 292 1994 1992
f 371 2230 2228
f 393 2297 2295
f 409 2329 2331
f 405 2323 2327
f 411 2326 2328
f 414 2333 2334
f 417 2336 2337
f 431 2345 2346
f 488 2409 2412
f 575 2496 2499
f 563 2485 2487
f 519 2435 2436
f 454 2374 2376
f 450 2368 2372
f 456 2371 2373
f 459 2378 2379
f 462 2381 2382
f 472 2392 2396
f 446 2360 2361
f 506 2416 2418
f 535 2456 2457
f 541 2460 2463
f 570 2488 2492
f 480 2398 2402
f 421 2340 2343
f 511 2430 2433
f 556 2475 2478
f 484 2404 2406
f 580 2501 2502
f 567 2482 2484
f 522 2440 2442
f 427 2347 2349
f 544 2464 2468
f 468 2384 2387
f 436 2355 2358
f 499 2419 2421
f 530 2451 2454
f 548 2470 2472
f 466 2385 2388
f 442 2362 2364
f 505 2423 2426
f 536 2446 2448
f 491 2401 2403
f 423 2339 2342
f 513 2429 2432
f 564 2474 2477
f 581 2491 2493
f 549 2459 2462
f 477 2395 2397
f 445 2365 2367
f 503 2424 2427
f 525 2443 2447
f 474 2390 2391
f 438 2354 2357
f 495 2413 2417
f 532 2450 2453
f 552 2467 2469
f 490 2408 2411
f 577 2495 2498
f 559 2479 2483
f 517 2437 2441
f 430 2350 2352
f 590 2511 2509
f 584 2505 2503
f 585 2507 2506
f 592 2513 2512
f 595 2516 2515
f 598 2519 2518
f 636 2556 2555
f 621 2540 2541
f 642 2561 2562
f 601 2521 2522
f 623 2544 2542
f 611 2529 2528
f 609 2530 2531
f 625 2546 2545
f 628 2549 2548
f 632 2553 2551
f 613 2534 2533
f 616 2536 2537
f 638 2557 2559
f 606 2525 2526
f 1607 644 647
f 1603 643 644
f 1604 645 643
f 1610 646 645
f 1613 647 646
f 1622 652 649
f 1686 670 672
f 1773 699 702
f 1761 695 696
f 1712 681 679
f 1652 659 662
f 1648 658 659
f 1649 660 658
f 1655 661 660
f 1658 662 661
f 1670 665 666
f 1637 657 654
f 1694 677 673
f 1731 686 685
f 1739 688 692
f 1768 698 701
f 1678 668 669
f 1619 648 650
f 1709 678 682
f 1754 693 697
f 1682 669 671
f 1776 701 700
f 1758 697 694
f 1716 682 680
f 1625 650 651
f 1742 689 690
f 1663 664 663
f 1634 653 655
f 1697 674 676
f 1728 684 687
f 1746 690 691
f 1664 663 667
f 1640 655 656
f 1700 676 675
f 1724 687 683
f 1679 672 668
f 1618 649 648
f 1708 679 678
f 1753 696 693
f 1769 702 698
f 1738 691 688
f 1671 667 665
f 1643 656 657
f 1701 675 677
f 1723 683 686
f 1667 666 664
f 1633 654 653
f 1693 673 674
f 1727 685 684
f 1743 692 689
f 1685 671 670
f 1772 700 699
f 1757 694 695
f 1715 680 681
f 1628 651 652
f 2187 838 837
f 1881 736 735
f 1899 741 742
f 2277 867 868
f 2313 879 880
f 2169 831 832
f 2156 828 827
f 2010 780 778
f 2208 846 844
f 1917 747 749
f 2133 820 819
f 1971 767 765
f 1989 771 773
f 2223 849 850
f 2300 875 876
f 2174 834 833
f 2151 825 826
f 2007 777 779
f 2205 843 845
f 1920 750 748
f 1855 727 729
f 1801 709 711
f 1784 703 706
f 1820 715 718
f 1838 721 724
f 1874 733 737
f 2180 835 839
f 2310 878 882
f 2274 866 870
f 1896 740 744
f 2089 805 807
f 2035 787 789
f 1950 758 762
f 2054 793 797
f 2072 799 802
f 2126 817 821
f 1964 763 766
f 1986 770 774
f 2220 848 852
f 2291 872 874
f 2183 836 838
f 1877 734 736
f 1891 739 741
f 2269 865 867
f 2305 877 879
f 2161 829 831
f 2148 824 828
f 2004 776 780
f 2202 842 846
f 1909 745 747
f 2129 818 820
f 1967 764 767
f 1981 769 771
f 2215 847 849
f 2288 871 875
f 2166 830 834
f 2143 823 825
f 1999 775 777
f 2197 841 843
f 1914 746 750
f 1806 710 714
f 1787 704 707
f 1823 716 719
f 1841 722 725
f 1860 728 732
f 1931 752 755
f 2108 811 814
f 2018 781 784
f 2234 853 857
f 2255 860 862
f 2040 788 792
f 1945 757 759
f 2057 794 796
f 2075 800 803
f 2094 806 810
f 2111 812 815
f 2021 782 785
f 2237 854 856
f 2252 859 863
f 1928 751 754
f 1812 714 712
f 1791 707 705
f 1827 719 717
f 1845 725 723
f 1866 732 730
f 1935 755 753
f 2118 814 816
f 2028 784 786
f 2246 857 858
f 2259 862 861
f 2048 792 791
f 1953 759 761
f 2061 796 795
f 2079 803 801
f 2100 810 808
f 2115 815 813
f 2025 785 783
f 2241 856 855
f 2264 863 864
f 1938 754 756
f 1802 712 709
f 1783 705 703
f 1819 717 715
f 1837 723 721
f 1856 730 727
f 1927 753 751
f 2112 816 812
f 2022 786 782
f 2238 858 854
f 2251 861 859
f 2036 791 787
f 1949 761 758
f 2053 795 793
f 2071 801 799
f 2090 808 805
f 2107 813 811
f 2017 783 781
f 2233 855 853
f 2256 864 860
f 1932 756 752
f 1859 731 728
f 1805 713 710
f 1788 708 704
f 1824 720 716
f 1842 726 722
f 1878 738 734
f 2184 840 836
f 2306 881 877
f 2270 869 865
f 1892 743 739
f 2093 809 806
f 2039 790 788
f 1946 760 757
f 2058 798 794
f 2076 804 800
f 2130 822 818
f 1968 768 764
f 1982 772 769
f 2216 851 847
f 2287 873 871
f 2179 837 835
f 1873 735 733
f 1895 742 740
f 2273 868 866
f 2309 880 878
f 2165 832 830
f 2144 827 823
f 2000 778 775
f 2198 844 841
f 1913 749 746
f 2125 819 817
f 1963 765 763
f 1985 773 770
f 2219 850 848
f 2292 876 872
f 2162 833 829
f 2147 826 824
f 2003 779 776
f 2201 845 842
f 1910 748 745
f 1863 729 731
f 1809 711 713
f 1794 706 708
f 1830 718 720
f 1848 724 726
f 1886 737 738
f 2192 839 840
f 2318 882 881
f 2282 870 869
f 1904 744 743
f 2097 807 809
f 2043 789 790
f 1956 762 760
f 2066 797 798
f 2082 802 804
f 2138 821 822
f 1974 766 768
f 1992 774 772
f 2228 852 851
f 2295 874 873
f 2331 1270 1269
f 2327 1246 1245
f 2328 1251 1252
f 2334 1287 1288
f 2337 1305 1306
f 2346 1335 1336
f 2412 1552 1551
f 2499 1474 1473
f 2487 1600 1599
f 2436 1353 1354
f 2376 1480 1479
f 2372 1402 1401
f 2373 1407 1408
f 2379 1491 1492
f 2382 1503 1504
f 2396 1534 1533
f 2361 1413 1414
f 2418 1443 1444
f 2457 1593 1594
f 2463 1384 1383
f 2492 1324 1323
f 2402 1276 1275
f 2343 1264 1263
f 2433 1300 1299
f 2478 1318 1317
f 2406 1342 1341
f 2502 1563 1564
f 2484 1461 1462
f 2442 1587 1588
f 2349 1348 1347
f 2468 1522 1521
f 2387 1419 1420
f 2358 1396 1395
f 2421 1498 1497
f 2454 1516 1515
f 2472 1558 1557
f 2388 1426 1425
f 2364 1432 1431
f 2426 1569 1570
f 2448 1371 1372
f 2403 1281 1282
f 2342 1257 1258
f 2432 1293 1294
f 2477 1311 1312
f 2493 1329 1330
f 2462 1377 1378
f 2397 1539 1540
f 2367 1450 1449
f 2427 1576 1575
f 2447 1366 1365
f 2391 1485 1486
f 2357 1389 1390
f 2417 1438 1437
f 2453 1509 1510
f 2469 1527 1528
f 2411 1545 1546
f 2498 1467 1468
f 2483 1456 1455
f 2441 1582 1581
f 2352 1360 1359
f 2509 1271 1272
f 2503 1247 1248
f 2506 1254 1253
f 2512 1290 1289
f 2515 1308 1307
f 2518 1338 1337
f 2555 1553 1554
f 2541 1475 1476
f 2562 1601 1602
f 2522 1356 1355
f 2542 1481 1482
f 2528 1403 1404
f 2531 1410 1409
f 2545 1494 1493
f 2548 1506 1505
f 2551 1535 1536
f 2533 1416 1415
f 2537 1446 1445
f 2559 1596 1595
f 2526 1385 1386
f 1616 907 909
f 1608 889 891
f 1606 883 886
f 1612 895 898
f 1615 901 904
f 1624 919 922
f 1692 1057 1060
f 1782 1237 1240
f 1765 1201 1204
f 1714 1099 1102
f 1661 997 999
f 1653 979 981
f 1651 973 976
f 1657 985 988
f 1660 991 994
f 1675 1021 1024
f 1639 949 952
f 1696 1063 1066
f 1733 1135 1138
f 1751 1177 1179
f 1779 1231 1233
f 1683 1039 1041
f 1626 925 927
f 1721 1117 1119
f 1766 1207 1209
f 1689 1051 1053
f 1778 1225 1228
f 1760 1189 1192
f 1718 1105 1108
f 1629 931 933
f 1747 1165 1167
f 1665 1003 1005
f 1641 955 957
f 1704 1081 1083
f 1737 1147 1150
f 1750 1171 1174
f 1676 1027 1029
f 1644 961 963
f 1702 1075 1077
f 1726 1123 1126
f 1681 1033 1036
f 1620 913 915
f 1710 1093 1095
f 1755 1183 1185
f 1771 1213 1216
f 1740 1153 1155
f 1673 1015 1018
f 1647 967 970
f 1707 1087 1090
f 1734 1141 1143
f 1669 1009 1012
f 1635 943 945
f 1698 1069 1071
f 1729 1129 1131
f 1745 1159 1162
f 1687 1045 1047
f 1774 1219 1221
f 1762 1195 1197
f 1720 1111 1114
f 1632 937 940
f 2189 1280 1284
f 1883 1256 1260
f 1903 1292 1296
f 2281 1310 1314
f 2317 1328 1332
f 2173 1376 1380
f 2158 1538 1542
f 2012 1447 1451
f 2210 1573 1577
f 1924 1363 1367
f 2135 1484 1488
f 1973 1388 1392
f 1996 1435 1439
f 2227 1508 1512
f 2304 1526 1530
f 2176 1544 1548
f 2155 1466 1470
f 2014 1453 1457
f 2212 1579 1583
f 1922 1357 1361
f 1864 1268 1270
f 1810 1244 1246
f 1795 1249 1251
f 1831 1285 1287
f 1849 1303 1305
f 1887 1333 1335
f 2193 1550 1552
f 2321 1472 1474
f 2285 1598 1600
f 1907 1351 1353
f 2098 1478 1480
f 2044 1400 1402
f 1961 1405 1407
f 2067 1489 1491
f 2083 1501 1503
f 2139 1532 1534
f 1975 1411 1413
f 1997 1441 1443
f 2231 1591 1593
f 2298 1382 1384
f 2190 1322 1324
f 1884 1274 1276
f 1900 1262 1264
f 2278 1298 1300
f 2314 1316 1318
f 2170 1340 1342
f 2159 1561 1563
f 2015 1459 1461
f 2213 1585 1587
f 1918 1346 1348
f 2136 1520 1522
f 1977 1417 1419
f 1990 1394 1396
f 2224 1496 1498
f 2301 1514 1516
f 2177 1556 1558
f 2152 1424 1426
f 2008 1430 1432
f 2206 1567 1569
f 1925 1369 1371
f 1817 1279 1281
f 1797 1255 1257
f 1833 1291 1293
f 1851 1309 1311
f 1871 1327 1329
f 1941 1375 1377
f 2119 1537 1539
f 2029 1448 1450
f 2247 1574 1576
f 2262 1364 1366
f 2051 1483 1485
f 1954 1387 1389
f 2064 1436 1438
f 2085 1507 1509
f 2105 1525 1527
f 2121 1543 1545
f 2031 1465 1467
f 2244 1454 1456
f 2265 1580 1582
f 1939 1358 1360
f 1814 1267 1271
f 1793 1243 1247
f 1829 1250 1254
f 1847 1286 1290
f 1868 1304 1308
f 1937 1334 1338
f 2124 1549 1553
f 2034 1471 1475
f 2250 1597 1601
f 2261 1352 1356
f 2050 1477 1481
f 1960 1399 1403
f 2063 1406 1410
f 2081 1490 1494
f 2102 1502 1506
f 2117 1531 1535
f 2027 1412 1416
f 2243 1442 1446
f 2268 1592 1596
f 1944 1381 1385
f 1804 890 894
f 1785 884 887
f 1821 896 899
f 1839 902 905
f 1858 908 912
f 1929 938 941
f 2114 1046 1050
f 2024 1220 1224
f 2240 1196 1200
f 2253 1112 1115
f 2038 980 984
f 1951 974 977
f 2055 986 989
f 2073 992 995
f 2092 998 1002
f 2109 1016 1019
f 2019 968 971
f 2235 1088 1091
f 2258 1142 1146
f 1934 1154 1158
f 1861 1214 1217
f 1807 1034 1037
f 1790 914 918
f 1826 1094 1098
f 1844 1184 1188
f 1880 1040 1044
f 2186 1232 1236
f 2308 1208 1212
f 2272 1118 1122
f 1894 926 930
f 2095 1160 1163
f 2041 1010 1013
f 1948 944 948
f 2060 1070 1074
f 2078 1130 1134
f 2132 1166 1170
f 1970 1004 1008
f 1984 956 960
f 2218 1082 1086
f 2289 1148 1151
f 2181 1058 1061
f 1875 920 923
f 1897 1100 1103
f 2275 1202 1205
f 2311 1238 1241
f 2167 1172 1175
f 2146 1028 1032
f 2002 962 966
f 2200 1076 1080
f 1915 1124 1127
f 2127 1022 1025
f 1965 950 953
f 1987 1064 1067
f 2221 1136 1139
f 2294 1178 1182
f 2164 1052 1056
f 2149 1226 1229
f 2005 1190 1193
f 2203 1106 1109
f 1912 932 936
f 1870 1321 1325
f 1816 1273 1277
f 1800 1261 1265
f 1836 1297 1301
f 1854 1315 1319
f 1890 1339 1343
f 2196 1562 1566
f 2320 1460 1464
f 2284 1586 1590
f 1906 1345 1349
f 2104 1519 1523
f 2047 1418 1422
f 1958 1393 1397
f 2070 1495 1499
f 2088 1513 1517
f 2142 1555 1559
f 1980 1423 1427
f 1994 1429 1433
f 2230 1568 1572
f 2297 1370 1374
f 2329 894 892
f 2323 887 885
f 2326 899 897
f 2333 905 903
f 2336 912 910
f 2345 941 939
f 2409 1050 1048
f 2496 1224 1222
f 2485 1200 1198
f 2435 1115 1113
f 2374 984 982
f 2368 977 975
f 2371 989 987
f 2378 995 993
f 2381 1002 1000
f 2392 1019 1017
f 2360 971 969
f 2416 1091 1089
f 2456 1146 1144
f 2460 1158 1156
f 2488 1217 1215
f 2398 1037 1035
f 2340 918 916
f 2430 1098 1096
f 2475 1188 1186
f 2404 1044 1042
f 2501 1236 1234
f 2482 1212 1210
f 2440 1122 1120
f 2347 930 928
f 2464 1163 1161
f 2384 1013 1011
f 2355 948 946
f 2419 1074 1072
f 2451 1134 1132
f 2470 1170 1168
f 2385 1008 1006
f 2362 960 958
f 2423 1086 1084
f 2446 1151 1149
f 2401 1061 1059
f 2339 923 921
f 2429 1103 1101
f 2474 1205 1203
f 2491 1241 1239
f 2459 1175 1173
f 2395 1032 1030
f 2365 966 964
f 2424 1080 1078
f 2443 1127 1125
f 2390 1025 1023
f 2354 953 951
f 2413 1067 1065
f 2450 1139 1137
f 2467 1182 1180
f 2408 1056 1054
f 2495 1229 1227
f 2479 1193 1191
f 2437 1109 1107
f 2350 936 934
f 2511 1325 1326
f 2505 1277 1278
f 2507 1265 1266
f 2513 1301 1302
f 2516 1319 1320
f 2519 1343 1344
f 2556 1566 1565
f 2540 1464 1463
f 2561 1590 1589
f 2521 1349 1350
f 2544 1523 1524
f 2529 1422 1421
f 2530 1397 1398
f 2546 1499 1500
f 2549 1517 1518
f 2553 1559 1560
f 2534 1427 1428
f 2536 1433 1434
f 2557 1572 1571
f 2525 1374 1373
f 1609 892 889
f 1605 885 883
f 1611 897 895
f 1614 903 901
f 1617 910 907
f 1631 939 937
f 1688 1048 1045
f 1775 1222 1219
f 1763 1198 1195
f 1719 1113 1111
f 1654 982 979
f 1650 975 973
f 1656 987 985
f 1659 993 991
f 1662 1000 997
f 1672 1017 1015
f 1646 969 967
f 1706 1089 1087
f 1735 1144 1141
f 1741 1156 1153
f 1770 1215 1213
f 1680 1035 1033
f 1621 916 913
f 1711 1096 1093
f 1756 1186 1183
f 1684 1042 1039
f 1780 1234 1231
f 1767 1210 1207
f 1722 1120 1117
f 1627 928 925
f 1744 1161 1159
f 1668 1011 1009
f 1636 946 943
f 1699 1072 1069
f 1730 1132 1129
f 1748 1168 1165
f 1666 1006 1003
f 1642 958 955
f 1705 1084 1081
f 1736 1149 1147
f 1691 1059 1057
f 1623 921 919
f 1713 1101 1099
f 1764 1203 1201
f 1781 1239 1237
f 1749 1173 1171
f 1677 1030 1027
f 1645 964 961
f 1703 1078 1075
f 1725 1125 1123
f 1674 1023 1021
f 1638 951 949
f 1695 1065 1063
f 1732 1137 1135
f 1752 1180 1177
f 1690 1054 1051
f 1777 1227 1225
f 1759 1191 1189
f 1717 1107 1105
f 1630 934 931
f 2191 1326 1322
f 1885 1278 1274
f 1901 1266 1262
f 2279 1302 1298
f 2315 1320 1316
f 2171 1344 1340
f 2160 1565 1561
f 2016 1463 1459
f 2214 1589 1585
f 1919 1350 1346
f 2137 1524 1520
f 1978 1421 1417
f 1991 1398 1394
f 2225 1500 1496
f 2302 1518 1514
f 2178 1560 1556
f 2153 1428 1424
f 2009 1434 1430
f 2207 1571 1567
f 1926 1373 1369
f 1857 911 908
f 1803 893 890
f 1786 888 884
f 1822 900 896
f 1840 906 902
f 1876 924 920
f 2182 1062 1058
f 2312 1242 1238
f 2276 1206 1202
f 1898 1104 1100
f 2091 1001 998
f 2037 983 980
f 1952 978 974
f 2056 990 986
f 2074 996 992
f 2128 1026 1022
f 1966 954 950
f 1988 1068 1064
f 2222 1140 1136
f 2293 1181 1178
f 2185 1235 1232
f 1879 1043 1040
f 1893 929 926
f 2271 1121 1118
f 2307 1211 1208
f 2163 1055 1052
f 2150 1230 1226
f 2006 1194 1190
f 2204 1110 1106
f 1911 935 932
f 2131 1169 1166
f 1969 1007 1004
f 1983 959 956
f 2217 1085 1082
f 2290 1152 1148
f 2168 1176 1172
f 2145 1031 1028
f 2001 965 962
f 2199 1079 1076
f 1916 1128 1124
f 1808 1038 1034
f 1789 917 914
f 1825 1097 1094
f 1843 1187 1184
f 1862 1218 1214
f 1933 1157 1154
f 2110 1020 1016
f 2020 972 968
f 2236 1092 1088
f 2257 1145 1142
f 2042 1014 1010
f 1947 947 944
f 2059 1073 1070
f 2077 1133 1130
f 2096 1164 1160
f 2113 1049 1046
f 2023 1223 1220
f 2239 1199 1196
f 2254 1116 1112
f 1930 942 938
f 1818 1283 1279
f 1798 1259 1255
f 1834 1295 1291
f 1852 1313 1309
f 1872 1331 1327
f 1942 1379 1375
f 2120 1541 1537
f 2030 1452 1448
f 2248 1578 1574
f 2263 1368 1364
f 2052 1487 1483
f 1955 1391 1387
f 2065 1440 1436
f 2086 1511 1507
f 2106 1529 1525
f 2122 1547 1543
f 2032 1469 1465
f 2245 1458 1454
f 2266 1584 1580
f 1940 1362 1358
f 1813 1269 1267
f 1792 1245 1243
f 1828 1252 1250
f 1846 1288 1286
f 1867 1306 1304
f 1936 1336 1334
f 2123 1551 1549
f 2033 1473 1471
f 2249 1599 1597
f 2260 1354 1352
f 2049 1479 1477
f 1959 1401 1399
f 2062 1408 1406
f 2080 1492 1490
f 2101 1504 1502
f 2116 1533 1531
f 2026 1414 1412
f 2242 1444 1442
f 2267 1594 1592
f 1943 1383 1381
f 1869 1323 1321
f 1815 1275 1273
f 1799 1263 1261
f 1835 1299 1297
f 1853 1317 1315
f 1889 1341 1339
f 2195 1564 1562
f 2319 1462 1460
f 2283 1588 1586
f 1905 1347 1345
f 2103 1521 1519
f 2046 1420 1418
f 1957 1395 1393
f 2069 1497 1495
f 2087 1515 1513
f 2141 1557 1555
f 1979 1425 1423
f 1993 1431 1429
f 2229 1570 1568
f 2296 1372 1370
f 2188 1282 1280
f 1882 1258 1256
f 1902 1294 1292
f 2280 1312 1310
f 2316 1330 1328
f 2172 1378 1376
f 2157 1540 1538
f 2011 1449 1447
f 2209 1575 1573
f 1923 1365 1363
f 2134 1486 1484
f 1972 1390 1388
f 1995 1437 1435
f 2226 1510 1508
f 2303 1528 1526
f 2175 1546 1544
f 2154 1468 1466
f 2013 1455 1453
f 2211 1581 1579
f 1921 1359 1357
f 1865 1272 1268
f 1811 1248 1244
f 1796 1253 1249
f 1832 1289 1285
f 1850 1307 1303
f 1888 1337 1333
f 2194 1554 1550
f 2322 1476 1472
f 2286 1602 1598
f 1908 1355 1351
f 2099 1482 1478
f 2045 1404 1400
f 1962 1409 1405
f 2068 1493 1489
f 2084 1505 1501
f 2140 1536 1532
f 1976 1415 1411
f 1998 1445 1441
f 2232 1595 1591
f 2299 1386 1382
f 2330 909 911
f 2324 891 893
f 2325 886 888
f 2332 898 900
f 2335 904 906
f 2344 922 924
f 2410 1060 1062
f 2497 1240 1242
f 2486 1204 1206
f 2434 1102 1104
f 2375 999 1001
f 2369 981 983
f 2370 976 978
f 2377 988 990
f 2380 994 996
f 2393 1024 1026
f 2359 952 954
f 2415 1066 1068
f 2455 1138 1140
f 2461 1179 1181
f 2489 1233 1235
f 2399 1041 1043
f 2341 927 929
f 2431 1119 1121
f 2476 1209 1211
f 2405 1053 1055
f 2500 1228 1230
f 2481 1192 1194
f 2439 1108 1110
f 2348 933 935
f 2465 1167 1169
f 2383 1005 1007
f 2356 957 959
f 2420 1083 1085
f 2452 1150 1152
f 2471 1174 1176
f 2386 1029 1031
f 2363 963 965
f 2422 1077 1079
f 2445 1126 1128
f 2400 1036 1038
f 2338 915 917
f 2428 1095 1097
f 2473 1185 1187
f 2490 1216 1218
f 2458 1155 1157
f 2394 1018 1020
f 2366 970 972
f 2425 1090 1092
f 2444 1143 1145
f 2389 1012 1014
f 2353 945 947
f 2414 1071 1073
f 2449 1131 1133
f 2466 1162 1164
f 2407 1047 1049
f 2494 1221 1223
f 2480 1197 1199
f 2438 1114 1116
f 2351 940 942
f 2510 1284 1283
f 2504 1260 1259
f 2508 1296 1295
f 2514 1314 1313
f 2517 1332 1331
f 2520 1380 1379
f 2554 1542 1541
f 2539 1451 1452
f 2560 1577 1578
f 2523 1367 1368
f 2543 1488 1487
f 2527 1392 1391
f 2532 1439 1440
f 2547 1512 1511
f 2550 1530 1529
f 2552 1548 1547
f 2535 1470 1469
f 2538 1457 1458
f 2558 1583 1584
f 2524 1361 1362
f 1607 1616 1609
f 1603 1608 1605
f 1604 1606 1611
f 1610 1612 1614
f 1613 1615 1617
f 1622 1624 1631
f 1686 1692 1688
f 1773 1782 1775
f 1761 1765 1763
f 1712 1714 1719
f 1652 1661 1654
f 1648 1653 1650
f 1649 1651 1656
f 1655 1657 1659
f 1658 1660 1662
f 1670 1675 1672
f 1637 1639 1646
f 1694 1696 1706
f 1731 1733 1735
f 1739 1751 1741
f 1768 1779 1770
f 1678 1683 1680
f 1619 1626 1621
f 1709 1721 1711
f 1754 1766 1756
f 1682 1689 1684
f 1776 1778 1780
f 1758 1760 1767
f 1716 1718 1722
f 1625 1629 1627
f 1742 1747 1744
f 1663 1665 1668
f 1634 1641 1636
f 1697 1704 1699
f 1728 1737 1730
f 1746 1750 1748
f 1664 1676 1666
f 1640 1644 1642
f 1700 1702 1705
f 1724 1726 1736
f 1679 1681 1691
f 1618 1620 1623
f 1708 1710 1713
f 1753 1755 1764
f 1769 1771 1781
f 1738 1740 1749
f 1671 1673 1677
f 1643 1647 1645
f 1701 1707 1703
f 1723 1734 1725
f 1667 1669 1674
f 1633 1635 1638
f 1693 1698 1695
f 1727 1729 1732
f 1743 1745 1752
f 1685 1687 1690
f 1772 1774 1777
f 1757 1762 1759
f 1715 1720 1717
f 1628 1632 1630
f 2187 2189 2191
f 1881 1883 1885
f 1899 1903 1901
f 2277 2281 2279
f 2313 2317 2315
f 2169 2173 2171
f 2156 2158 2160
f 2010 2012 2016
f 2208 2210 2214
f 1917 1924 1919
f 2133 2135 2137
f 1971 1973 1978
f 1989 1996 1991
f 2223 2227 2225
f 2300 2304 2302
f 2174 2176 2178
f 2151 2155 2153
f 2007 2014 2009
f 2205 2212 2207
f 1920 1922 1926
f 1855 1864 1857
f 1801 1810 1803
f 1784 1795 1786
f 1820 1831 1822
f 1838 1849 1840
f 1874 1887 1876
f 2180 2193 2182
f 2310 2321 2312
f 2274 2285 2276
f 1896 1907 1898
f 2089 2098 2091
f 2035 2044 2037
f 1950 1961 1952
f 2054 2067 2056
f 2072 2083 2074
f 2126 2139 2128
f 1964 1975 1966
f 1986 1997 1988
f 2220 2231 2222
f 2291 2298 2293
f 2183 2190 2185
f 1877 1884 1879
f 1891 1900 1893
f 2269 2278 2271
f 2305 2314 2307
f 2161 2170 2163
f 2148 2159 2150
f 2004 2015 2006
f 2202 2213 2204
f 1909 1918 1911
f 2129 2136 2131
f 1967 1977 1969
f 1981 1990 1983
f 2215 2224 2217
f 2288 2301 2290
f 2166 2177 2168
f 2143 2152 2145
f 1999 2008 2001
f 2197 2206 2199
f 1914 1925 1916
f 1806 1817 1808
f 1787 1797 1789
f 1823 1833 1825
f 1841 1851 1843
f 1860 1871 1862
f 1931 1941 1933
f 2108 2119 2110
f 2018 2029 2020
f 2234 2247 2236
f 2255 2262 2257
f 2040 2051 2042
f 1945 1954 1947
f 2057 2064 2059
f 2075 2085 2077
f 2094 2105 2096
f 2111 2121 2113
f 2021 2031 2023
f 2237 2244 2239
f 2252 2265 2254
f 1928 1939 1930
f 1812 1814 1818
f 1791 1793 1798
f 1827 1829 1834
f 1845 1847 1852
f 1866 1868 1872
f 1935 1937 1942
f 2118 2124 2120
f 2028 2034 2030
f 2246 2250 2248
f 2259 2261 2263
f 2048 2050 2052
f 1953 1960 1955
f 2061 2063 2065
f 2079 2081 2086
f 2100 2102 2106
f 2115 2117 2122
f 2025 2027 2032
f 2241 2243 2245
f 2264 2268 2266
f 1938 1944 1940
f 1802 1804 1813
f 1783 1785 1792
f 1819 1821 1828
f 1837 1839 1846
f 1856 1858 1867
f 1927 1929 1936
f 2112 2114 2123
f 2022 2024 2033
f 2238 2240 2249
f 2251 2253 2260
f 2036 2038 2049
f 1949 1951 1959
f 2053 2055 2062
f 2071 2073 2080
f 2090 2092 2101
f 2107 2109 2116
f 2017 2019 2026
f 2233 2235 2242
f 2256 2258 2267
f 1932 1934 1943
f 1859 1861 1869
f 1805 1807 1815
f 1788 1790 1799
f 1824 1826 1835
f 1842 1844 1853
f 1878 1880 1889
f 2184 2186 2195
f 2306 2308 2319
f 2270 2272 2283
f 1892 1894 1905
f 2093 2095 2103
f 2039 2041 2046
f 1946 1948 1957
f 2058 2060 2069
f 2076 2078 2087
f 2130 2132 2141
f 1968 1970 1979
f 1982 1984 1993
f 2216 2218 2229
f 2287 2289 2296
f 2179 2181 2188
f 1873 1875 1882
f 1895 1897 1902
f 2273 2275 2280
f 2309 2311 2316
f 2165 2167 2172
f 2144 2146 2157
f 2000 2002 2011
f 2198 2200 2209
f 1913 1915 1923
f 2125 2127 2134
f 1963 1965 1972
f 1985 1987 1995
f 2219 2221 2226
f 2292 2294 2303
f 2162 2164 2175
f 2147 2149 2154
f 2003 2005 2013
f 2201 2203 2211
f 1910 1912 1921
f 1863 1870 1865
f 1809 1816 1811
f 1794 1800 1796
f 1830 1836 1832
f 1848 1854 1850
f 1886 1890 1888
f 2192 2196 2194
f 2318 2320 2322
f 2282 2284 2286
f 1904 1906 1908
f 2097 2104 2099
f 2043 2047 2045
f 1956 1958 1962
f 2066 2070 2068
f 2082 2088 2084
f 2138 2142 2140
f 1974 1980 1976
f 1992 1994 1998
f 2228 2230 2232
f 2295 2297 2299
f 2331 2329 2330
f 2327 2323 2324
f 2328 2326 2325
f 2334 2333 2332
f 2337 2336 2335
f 2346 2345 2344
f 2412 2409 2410
f 2499 2496 2497
f 2487 2485 2486
f 2436 2435 2434
f 2376 2374 2375
f 2372 2368 2369
f 2373 2371 2370
f 2379 2378 2377
f 2382 2381 2380
f 2396 2392 2393
f 2361 2360 2359
f 2418 2416 2415
f 2457 2456 2455
f 2463 2460 2461
f 2492 2488 2489
f 2402 2398 2399
f 2343 2340 2341
f 2433 2430 2431
f 2478 2475 2476
f 2406 2404 2405
f 2502 2501 2500
f 2484 2482 2481
f 2442 2440 2439
f 2349 2347 2348
f 2468 2464 2465
f 2387 2384 2383
f 2358 2355 2356
f 2421 2419 2420
f 2454 2451 2452
f 2472 2470 2471
f 2388 2385 2386
f 2364 2362 2363
f 2426 2423 2422
f 2448 2446 2445
f 2403 2401 2400
f 2342 2339 2338
f 2432 2429 2428
f 2477 2474 2473
f 2493 2491 2490
f 2462 2459 2458
f 2397 2395 2394
f 2367 2365 2366
f 2427 2424 2425
f 2447 2443 2444
f 2391 2390 2389
f 2357 2354 2353
f 2417 2413 2414
f 2453 2450 2449
f 2469 2467 2466
f 2411 2408 2407
f 2498 2495 2494
f 2483 2479 2480
f 2441 2437 2438
f 2352 2350 2351
f 2509 2511 2510
f 2503 2505 2504
f 2506 2507 2508
f 2512 2513 2514
f 2515 2516 2517
f 2518 2519 2520
f 2555 2556 2554
f 2541 2540 2539
f 2562 2561 2560
f 2522 2521 2523
f 2542 2544 2543
f 2528 2529 2527
f 2531 2530 2532
f 2545 2546 2547
f 2548 2549 2550
f 2551 2553 2552
f 2533 2534 2535
f 2537 2536 2538
f 2559 2557 2558
f 2526 2525 2524