v -0.257108 0.310119 -0.072896
v 0.257190 0.309871 -0.073538
v -0.331680 -0.536230 0.003821
v 0.331168 -0.536138 0.003898
v -0.000126 -0.443328 0.704046
v 0.000019 0.160612 0.543942
v 0.000075 -0.170966 -0.520790
v 0.000020 0.420425 -0.706820
v 0.503506 0.005754 -0.327660
v 0.527229 0.008188 0.317022
v -0.503642 0.005769 -0.327750
v -0.527188 0.008163 0.317043
v -0.000071 0.403060 -0.114515
v -0.173078 0.206510 0.259731
v -0.215256 0.658267 -0.445589
v -0.410714 0.213686 -0.196468
v -0.464659 0.161096 0.190530
v 0.172847 0.206564 0.259930
v 0.215078 0.657243 -0.448906
v 0.410412 0.213848 -0.196563
v 0.464906 0.161143 0.190757
v -0.000085 -0.593218 0.010658
v -0.237738 -0.667390 0.450492
v -0.193968 -0.474438 -0.301256
v -0.406824 -0.188559 -0.155518
v -0.428532 -0.235149 0.205234
v 0.237507 -0.666667 0.449508
v 0.193422 -0.474216 -0.300855
v 0.406676 -0.188617 -0.155337
v 0.428590 -0.235568 0.205220
v 0.000094 0.006077 0.692156
v 0.316248 -0.211714 0.560259
v -0.316000 -0.211658 0.560395
v 0.292566 0.134367 0.472466
v -0.292507 0.134411 0.472412
v -0.000009 0.030340 -0.685650
v 0.273609 -0.098514 -0.464148
v -0.274029 -0.098746 -0.464217
v 0.328102 0.206828 -0.604002
v -0.328003 0.207016 -0.604191
v 0.596402 0.004263 0.019496
v -0.596375 0.004292 0.019519
v -0.147674 0.370140 -0.104895
v -0.231174 0.258299 0.074235
v -0.230393 0.452965 -0.239633
v -0.325367 0.289870 -0.132010
v -0.360558 0.223114 0.058062
v 0.147885 0.370284 -0.104868
v 0.230786 0.258806 0.073864
v 0.230807 0.454130 -0.241133
v 0.325358 0.289413 -0.132160
v 0.360493 0.223360 0.058245
v -0.212989 -0.642313 0.001331
v -0.279271 -0.525936 0.188744
v -0.352816 -0.678523 -0.191059
v -0.370305 -0.390986 -0.071783
v -0.376192 -0.394549 0.113557
v 0.212087 -0.643354 0.001018
v 0.279422 -0.525477 0.188742
v 0.352737 -0.678800 -0.191093
v 0.370029 -0.390863 -0.072230
v 0.376752 -0.394802 0.113519
v -0.131109 -0.644775 0.673560
v 0.131271 -0.644364 0.673679
v 0.000166 -0.229107 0.764109
v 0.187489 -0.364412 0.697774
v -0.186976 -0.364232 0.697177
v -0.088627 0.169874 0.451970
v 0.088677 0.169660 0.452118
v 0.000015 0.147830 0.560035
v 0.138261 0.159240 0.526535
v -0.138259 0.159158 0.526809
v -0.074629 -0.257600 -0.387757
v 0.074609 -0.257638 -0.387750
v -0.000001 -0.140076 -0.537845
v 0.123389 -0.163384 -0.501030
v -0.123312 -0.163323 -0.501093
v -0.125344 0.573370 -0.634456
v 0.125250 0.573261 -0.634670
v 0.000047 0.237087 -0.788361
v 0.188991 0.349677 -0.721386
v -0.188806 0.350066 -0.721332
v 0.489452 0.074424 -0.276892
v 0.487524 -0.054568 -0.265839
v 0.422218 -0.032548 -0.408614
v 0.438823 0.071243 -0.443869
v 0.543452 0.003451 -0.172905
v 0.510045 0.077696 0.268244
v 0.498063 -0.083990 0.270726
v 0.429991 -0.068156 0.413217
v 0.433716 0.058405 0.398696
v 0.581243 0.006551 0.192148
v -0.489540 0.074329 -0.277037
v -0.487501 -0.054566 -0.265835
v -0.422221 -0.032518 -0.408555
v -0.438735 0.071329 -0.443859
v -0.543530 0.003484 -0.172937
v -0.510262 0.077869 0.268349
v -0.497786 -0.084259 0.270815
v -0.430275 -0.067858 0.413123
v -0.432657 0.057947 0.398331
v -0.581271 0.006444 0.192157
v -0.080446 0.284725 0.069755
v -0.092205 0.572680 -0.267449
v 0.080117 0.284705 0.070315
v 0.092162 0.572545 -0.267868
v -0.338523 0.187617 0.242989
v 0.000286 0.210540 0.262600
v -0.267169 0.165525 0.432274
v -0.336017 0.450624 -0.332051
v -0.000117 0.701795 -0.457958
v -0.280499 0.434358 -0.540469
v -0.468943 0.177263 0.010750
v -0.361956 0.232768 -0.400416
v -0.534370 0.085024 -0.076710
v -0.402502 0.150761 0.353189
v -0.548703 0.083520 0.109040
v 0.338885 0.187339 0.243577
v 0.267277 0.165575 0.432381
v 0.336490 0.450982 -0.332193
v 0.280134 0.433765 -0.540855
v 0.469100 0.177097 0.011009
v 0.361780 0.232554 -0.400110
v 0.534145 0.084976 -0.076737
v 0.402585 0.150831 0.353152
v 0.548536 0.083802 0.109039
v -0.101173 -0.582414 0.232916
v -0.105534 -0.667530 -0.188765
v 0.101006 -0.582238 0.232641
v 0.103358 -0.663077 -0.189034
v -0.348324 -0.426085 0.328160
v -0.000080 -0.637497 0.471293
v -0.323843 -0.479503 0.568576
v -0.328606 -0.346010 -0.244564
v -0.000280 -0.459124 -0.290245
v -0.220580 -0.224790 -0.365485
v -0.433786 -0.214153 0.025931
v -0.358204 -0.144609 -0.324820
v -0.524126 -0.067329 -0.074160
v -0.387073 -0.247049 0.388366
v -0.534388 -0.078053 0.107329
v 0.347760 -0.426570 0.327855
v 0.324037 -0.480034 0.569129
v 0.328431 -0.345959 -0.244542
v 0.220667 -0.224716 -0.365563
v 0.434156 -0.214171 0.025605
v 0.358321 -0.144079 -0.324974
v 0.524286 -0.067197 -0.074163
v 0.386698 -0.246211 0.388556
v 0.534321 -0.078380 0.107282
v 0.192353 -0.108768 0.692532
v -0.192194 -0.109290 0.692290
v 0.158339 0.069668 0.576429
v -0.158458 0.070280 0.575965
v 0.321846 -0.007059 0.528948
v -0.322006 -0.007128 0.528708
v 0.158359 -0.044446 -0.570399
v -0.158380 -0.044495 -0.570503
v 0.226099 0.114477 -0.776454
v -0.226171 0.114659 -0.776493
v 0.325174 0.032424 -0.555780
v -0.324410 0.032552 -0.555543
v -0.210094 0.338848 -0.089626
v -0.248192 0.285778 -0.008355
v -0.237138 0.359417 -0.150886
v -0.288858 0.304856 -0.100950
v -0.301303 0.267429 -0.014989
v 0.210117 0.338932 -0.090312
v 0.248313 0.285989 -0.008733
v 0.237239 0.359484 -0.151298
v 0.288842 0.304749 -0.101190
v 0.301121 0.267450 -0.014868
v -0.291911 -0.599457 -0.003177
v -0.309581 -0.526347 0.077502
v -0.340164 -0.599438 -0.073220
v -0.356319 -0.483415 -0.032394
v -0.353814 -0.469970 0.055333
v 0.291652 -0.599922 -0.003875
v 0.309624 -0.526224 0.077460
v 0.339772 -0.599894 -0.072973
v 0.356186 -0.483911 -0.032562
v 0.353017 -0.469867 0.055358
v -0.056184 -0.519303 0.687363
v 0.056347 -0.519323 0.687158
v -0.000186 -0.348167 0.725292
v 0.085606 -0.413326 0.707556
v -0.085600 -0.413162 0.707150
v -0.040962 0.161415 0.533330
v 0.040969 0.161094 0.533349
v -0.000017 0.158155 0.550699
v 0.062279 0.159342 0.541380
v -0.062373 0.159387 0.541181
v -0.033174 -0.194880 -0.469084
v 0.033226 -0.194963 -0.469102
v -0.000003 -0.167047 -0.528404
v 0.054520 -0.169939 -0.518028
v -0.054475 -0.169918 -0.518022
v -0.053356 0.487241 -0.675418
v 0.053181 0.487312 -0.675387
v 0.000197 0.339428 -0.746631
v 0.084800 0.392855 -0.716885
v -0.084736 0.392688 -0.716577
v 0.507813 0.029898 -0.310967
v 0.503453 -0.019629 -0.303244
v 0.474247 -0.008352 -0.367622
v 0.479066 0.028908 -0.377348
v 0.522902 0.003379 -0.263367
v 0.529538 0.036069 0.299261
v 0.527610 -0.022205 0.298484
v 0.493384 -0.014538 0.358110
v 0.492147 0.027684 0.355479
v 0.553525 0.007437 0.263362
v -0.507953 0.029870 -0.310871
v -0.503494 -0.019655 -0.303358
v -0.474369 -0.008300 -0.367727
v -0.479015 0.028887 -0.377372
v -0.523048 0.003445 -0.263422
v -0.529275 0.036165 0.299215
v -0.527465 -0.022275 0.298468
v -0.493311 -0.014644 0.358070
v -0.492077 0.027695 0.355612
v -0.553532 0.007475 0.263354
v -0.076374 0.394023 -0.112189
v 0.076445 0.393988 -0.112225
v -0.038997 0.337558 -0.024013
v -0.040842 0.487415 -0.187086
v 0.038641 0.337408 -0.024720
v 0.041221 0.487275 -0.186860
v -0.205816 0.231768 0.164262
v -0.133442 0.184865 0.357321
v -0.124492 0.241441 0.165203
v -0.258045 0.198346 0.254825
v -0.087131 0.210186 0.261904
v -0.223038 0.181141 0.352558
v -0.242681 0.581162 -0.336177
v -0.182857 0.638303 -0.542585
v -0.162980 0.672563 -0.357043
v -0.421907 0.628381 -0.399286
v -0.154166 0.810325 -0.460619
v -0.280259 0.561786 -0.499058
v -0.366405 0.262035 -0.162422
v -0.450569 0.147157 -0.235926
v -0.332812 0.307848 -0.266259
v -0.445972 0.193205 -0.089372
v -0.382663 0.230678 -0.299700
v -0.479233 0.142981 -0.132313
v -0.420654 0.188839 0.130623
v -0.489509 0.122430 0.233252
v -0.406109 0.177854 0.220082
v -0.473569 0.167815 0.102336
v -0.439560 0.154831 0.274591
v -0.510137 0.127634 0.151707
v 0.205646 0.231423 0.164328
v 0.133442 0.185077 0.357153
v 0.124814 0.241323 0.164951
v 0.086864 0.210607 0.262079
v 0.257603 0.198294 0.254966
v 0.223111 0.180795 0.352644
v 0.242193 0.584255 -0.341194
v 0.182255 0.637794 -0.542896
v 0.163128 0.672573 -0.358597
v 0.153440 0.810811 -0.459162
v 0.422376 0.628149 -0.401411
v 0.280459 0.560859 -0.500122
v 0.366172 0.261935 -0.162742
v 0.450398 0.146963 -0.235691
v 0.332507 0.307903 -0.266330
v 0.446390 0.192612 -0.088922
v 0.382943 0.230189 -0.299447
v 0.479470 0.142568 -0.132011
v 0.420825 0.188500 0.130842
v 0.489700 0.122688 0.233286
v 0.406395 0.177590 0.220322
v 0.473633 0.167686 0.102553
v 0.439491 0.154988 0.274582
v 0.509760 0.127700 0.151765
v -0.108819 -0.618060 0.005929
v 0.108388 -0.617720 0.005124
v -0.051545 -0.588552 0.114706
v -0.066726 -0.597769 -0.084601
v 0.051733 -0.588314 0.114329
v 0.066130 -0.597089 -0.084945
v -0.248657 -0.548899 0.329652
v -0.194615 -0.802765 0.604920
v -0.154936 -0.582607 0.368998
v -0.301410 -0.533333 0.400882
v -0.115390 -0.692482 0.465901
v -0.306282 -0.629447 0.534656
v -0.289790 -0.629033 -0.294064
v -0.125896 -0.352450 -0.329371
v -0.160204 -0.623286 -0.274146
v -0.280781 -0.429013 -0.287561
v -0.096220 -0.469818 -0.294804
v -0.204252 -0.327367 -0.316228
v -0.377369 -0.283157 -0.108153
v -0.448502 -0.111940 -0.211196
v -0.355633 -0.259314 -0.194057
v -0.421583 -0.201128 -0.063849
v -0.386182 -0.167175 -0.243136
v -0.464281 -0.124254 -0.116456
v -0.399006 -0.315638 0.164261
v -0.462906 -0.156849 0.240331
v -0.387569 -0.328134 0.262816
v -0.436605 -0.226162 0.114690
v -0.412418 -0.244310 0.297348
v -0.478376 -0.150513 0.154091
v 0.248413 -0.548722 0.329787
v 0.195745 -0.803237 0.603775
v 0.155196 -0.582476 0.368481
v 0.114919 -0.691361 0.464943
v 0.300954 -0.533378 0.401343
v 0.306429 -0.630162 0.534784
v 0.289704 -0.628918 -0.294170
v 0.125772 -0.352286 -0.329558
v 0.159776 -0.621626 -0.274008
v 0.095941 -0.469129 -0.294549
v 0.280364 -0.428823 -0.287480
v 0.204300 -0.327153 -0.316565
v 0.377350 -0.283055 -0.107946
v 0.448938 -0.110950 -0.211798
v 0.355569 -0.258887 -0.193862
v 0.421475 -0.201259 -0.063676
v 0.386338 -0.167772 -0.243203
v 0.464210 -0.124581 -0.116300
v 0.399359 -0.315542 0.164227
v 0.462746 -0.157178 0.240140
v 0.387478 -0.328095 0.262812
v 0.436761 -0.225575 0.114795
v 0.411859 -0.244093 0.297399
v 0.478209 -0.150420 0.154039
v 0.000051 -0.103088 0.773375
v 0.000169 0.074737 0.609605
v 0.095809 -0.052927 0.705637
v -0.095692 -0.052861 0.705808
v 0.084503 0.034248 0.632143
v -0.084797 0.034589 0.632174
v 0.266271 -0.292477 0.647083
v 0.368817 -0.135889 0.480166
v 0.316383 -0.335575 0.567338
v 0.356079 -0.238223 0.477918
v 0.266057 -0.165972 0.637287
v 0.319145 -0.103128 0.548135
v -0.266302 -0.292469 0.646821
v -0.369082 -0.135503 0.480187
v -0.317480 -0.336109 0.567052
v -0.356005 -0.238045 0.477547
v -0.266225 -0.166193 0.637286
v -0.319323 -0.102906 0.548105
v 0.215220 0.156319 0.501157
v 0.365899 0.094229 0.439207
v 0.280442 0.159982 0.455565
v 0.352087 0.146199 0.419075
v 0.226920 0.104773 0.523229
v 0.307039 0.066328 0.498475
v -0.215212 0.156138 0.501201
v -0.366151 0.094129 0.439486
v -0.280442 0.159793 0.455535
v -0.352058 0.146187 0.419106
v -0.227152 0.105083 0.523274
v -0.307153 0.066453 0.498487
v -0.000021 -0.051321 -0.586119
v -0.000033 0.125656 -0.772198
v 0.087877 -0.010230 -0.630762
v -0.087399 -0.010471 -0.630483
v 0.106825 0.068510 -0.742000
v -0.107958 0.058206 -0.752843
v 0.198052 -0.136645 -0.483858
v 0.349076 -0.062733 -0.439634
v 0.248035 -0.157748 -0.422806
v 0.322680 -0.120845 -0.402299
v 0.219235 -0.073528 -0.521132
v 0.298749 -0.035500 -0.506096
v -0.197876 -0.136471 -0.483868
v -0.349479 -0.062947 -0.439905
v -0.247975 -0.157742 -0.422849
v -0.322456 -0.120747 -0.402194
v -0.219621 -0.073490 -0.521099
v -0.298677 -0.035675 -0.506265
v 0.273558 0.285516 -0.687098
v 0.391846 0.130692 -0.525277
v 0.295191 0.313258 -0.575644
v 0.346057 0.224039 -0.501365
v 0.305169 0.175280 -0.720700
v 0.344095 0.111744 -0.600555
v -0.273413 0.285608 -0.687166
v -0.391849 0.130920 -0.525255
v -0.295485 0.313580 -0.575817
v -0.345797 0.224008 -0.501466
v -0.305312 0.175500 -0.720790
v -0.343493 0.111911 -0.600088
v 0.573573 0.003443 -0.075921
v 0.591281 0.005638 0.108727
v 0.581254 0.036066 -0.025330
v 0.584632 0.038986 0.066088
v 0.575417 -0.025640 -0.028447
v 0.581635 -0.026772 0.063111
v -0.573638 0.003477 -0.075943
v -0.591231 0.005549 0.108716
v -0.581473 0.036181 -0.025379
v -0.584683 0.039226 0.066209
v -0.575478 -0.025646 -0.028454
v -0.581620 -0.026671 0.063099
v -0.185686 0.307369 -0.013676
v -0.184298 0.415580 -0.177059
v -0.114521 0.326812 -0.020078
v -0.118291 0.460669 -0.187389
v -0.298821 0.241091 0.070043
v -0.157737 0.274387 0.072638
v -0.283625 0.218552 0.159879
v -0.266714 0.364094 -0.200408
v -0.171255 0.525406 -0.261083
v -0.293682 0.476653 -0.294737
v -0.348648 0.250471 -0.034606
v -0.293408 0.352097 -0.236914
v -0.396508 0.227719 -0.059914
v -0.358468 0.203054 0.150037
v -0.414514 0.204331 0.036933
v 0.185371 0.307160 -0.014020
v 0.184747 0.416256 -0.176955
v 0.114431 0.326644 -0.020774
v 0.118668 0.461163 -0.188268
v 0.299291 0.240511 0.070217
v 0.157404 0.274128 0.072599
v 0.283276 0.218617 0.159938
v 0.266607 0.364347 -0.201188
v 0.171494 0.526365 -0.262518
v 0.294054 0.477983 -0.296396
v 0.348455 0.250757 -0.034940
v 0.293323 0.352297 -0.237239
v 0.396352 0.227378 -0.060146
v 0.358317 0.202966 0.150420
v 0.414707 0.204215 0.036922
v -0.241295 -0.555835 0.080882
v -0.298821 -0.747076 -0.082325
v -0.151501 -0.574399 0.095739
v -0.158909 -0.764590 -0.070214
v -0.354206 -0.476096 0.154514
v -0.196441 -0.561064 0.216806
v -0.319723 -0.486652 0.271414
v -0.361144 -0.509736 -0.128742
v -0.227000 -0.785150 -0.222681
v -0.359080 -0.507909 -0.235241
v -0.375905 -0.390609 0.019367
v -0.359728 -0.382941 -0.163882
v -0.392386 -0.295424 -0.019078
v -0.367467 -0.405828 0.216521
v -0.401290 -0.305449 0.070237
v 0.241331 -0.555526 0.080594
v 0.297617 -0.749063 -0.082902
v 0.151385 -0.574500 0.095726
v 0.155992 -0.763793 -0.072839
v 0.353503 -0.475919 0.154640
v 0.196400 -0.561138 0.216690
v 0.319742 -0.486514 0.271771
v 0.361665 -0.510300 -0.128305
v 0.225329 -0.785195 -0.223263
v 0.358860 -0.507973 -0.235319
v 0.375469 -0.390309 0.019694
v 0.360056 -0.382830 -0.164165
v 0.392376 -0.295674 -0.018974
v 0.367427 -0.406142 0.216888
v 0.400688 -0.305564 0.070861
v -0.000386 -0.591781 0.650892
v -0.176344 -0.507774 0.694454
v -0.058032 -0.660789 0.583954
v -0.282608 -0.632217 0.677376
v 0.176284 -0.507680 0.694713
v 0.057934 -0.660313 0.583984
v 0.282646 -0.632241 0.677282
v 0.096041 -0.292957 0.729127
v -0.096095 -0.292882 0.728942
v 0.100407 -0.168084 0.744983
v -0.100348 -0.168196 0.744748
v 0.281905 -0.441036 0.666143
v 0.191595 -0.231758 0.703178
v -0.282018 -0.440530 0.666001
v -0.191779 -0.231990 0.703156
v 0.000119 0.170118 0.452246
v -0.125158 0.160360 0.524998
v -0.044405 0.183827 0.359790
v -0.179574 0.167611 0.448941
v 0.125297 0.160269 0.525032
v 0.044821 0.183552 0.360173
v 0.179664 0.167573 0.448896
v 0.070413 0.155857 0.547480
v -0.070384 0.155722 0.547282
v 0.076140 0.111122 0.573096
v -0.076190 0.112054 0.572834
v 0.204905 0.161964 0.491533
v 0.147636 0.151574 0.535820
v -0.204812 0.161898 0.491521
v -0.147611 0.150429 0.536674
v 0.000006 -0.259455 -0.389446
v -0.102179 -0.193045 -0.460629
v -0.042352 -0.358319 -0.335064
v -0.148402 -0.245514 -0.377987
v 0.102220 -0.193101 -0.460605
v 0.042236 -0.358123 -0.334892
v 0.148384 -0.245568 -0.377974
v 0.065039 -0.158664 -0.526774
v -0.064995 -0.158528 -0.526811
v 0.074691 -0.092490 -0.555125
v -0.074668 -0.092411 -0.555004
v 0.174296 -0.183642 -0.442947
v 0.139954 -0.118326 -0.524789
v -0.174248 -0.183685 -0.442933
v -0.139792 -0.118245 -0.524704
v -0.000010 0.584120 -0.636628
v -0.161569 0.461146 -0.673837
v -0.068100 0.664748 -0.560752
v -0.223237 0.521269 -0.601519
v 0.162079 0.461299 -0.673902
v 0.067957 0.664722 -0.560479
v 0.223379 0.521194 -0.602485
v 0.105950 0.293890 -0.773240
v -0.105901 0.293805 -0.772896
v 0.120678 0.180905 -0.820816
v -0.120801 0.181204 -0.820847
v 0.247576 0.400807 -0.644811
v 0.224495 0.242586 -0.789427
v -0.247060 0.401341 -0.644648
v -0.224280 0.242817 -0.789234
v 0.471766 0.070225 -0.368086
v 0.526451 0.032949 -0.222887
v 0.428131 0.147265 -0.335198
v 0.508161 0.082794 -0.177678
v 0.457018 -0.047509 -0.340010
v 0.522210 -0.024841 -0.219921
v 0.429372 -0.093904 -0.300826
v 0.503199 -0.063863 -0.171200
v 0.439648 0.016754 -0.433486
v 0.393816 -0.082665 -0.373387
v 0.375081 -0.004711 -0.476715
v 0.409031 0.142473 -0.430360
v 0.392613 0.058381 -0.508992
v 0.551481 0.036014 -0.124795
v 0.545468 -0.027047 -0.124914
v 0.476312 0.071236 0.336101
v 0.558091 0.037960 0.231701
v 0.458523 0.117569 0.309340
v 0.535802 0.081374 0.192775
v 0.468121 -0.079704 0.344336
v 0.556157 -0.024893 0.228392
v 0.438574 -0.159123 0.323710
v 0.523683 -0.079191 0.191454
v 0.444002 0.003803 0.412647
v 0.407417 -0.153239 0.403870
v 0.382186 -0.042634 0.475729
v 0.416196 0.108707 0.377093
v 0.385652 0.035749 0.463384
v 0.577462 0.038861 0.153487
v 0.574497 -0.025867 0.149741
v -0.471756 0.070260 -0.368027
v -0.526549 0.032981 -0.222958
v -0.427978 0.147565 -0.335167
v -0.508049 0.082894 -0.177989
v -0.457031 -0.047611 -0.340032
v -0.522266 -0.024856 -0.219922
v -0.429325 -0.093933 -0.300769
v -0.503216 -0.063871 -0.171283
v -0.439463 0.016742 -0.433623
v -0.393827 -0.082635 -0.373467
v -0.375201 -0.004952 -0.476804
v -0.408838 0.142190 -0.430376
v -0.392375 0.058425 -0.508885
v -0.551631 0.036059 -0.124877
v -0.545548 -0.027038 -0.124877
v -0.476557 0.071596 0.336324
v -0.557833 0.038134 0.231683
v -0.458568 0.117449 0.309428
v -0.536271 0.081377 0.192822
v -0.468158 -0.079871 0.344389
v -0.555877 -0.024987 0.228427
v -0.438681 -0.159351 0.323367
v -0.522826 -0.079840 0.191691
v -0.444003 0.003648 0.412661
v -0.407231 -0.152818 0.403780
v -0.381882 -0.042621 0.475558
v -0.416531 0.108692 0.377222
v -0.385684 0.035702 0.463511
v -0.577286 0.039084 0.153470
v -0.574450 -0.025709 0.149710
v -0.000131 0.289286 0.069256
v -0.041210 0.246654 0.165261
v 0.000004 0.605106 -0.251595
v -0.058872 0.676706 -0.358428
v 0.041972 0.246026 0.164708
v 0.059686 0.676386 -0.358428
v -0.311550 0.173642 0.342411
v -0.378746 0.168923 0.309916
v -0.336976 0.162999 0.391860
v -0.339435 0.470994 -0.442252
v -0.316817 0.338537 -0.366716
v -0.303282 0.331012 -0.470869
v -0.511115 0.137660 -0.027519
v -0.514990 0.131007 0.063270
v -0.553043 0.084489 0.020277
v 0.311714 0.173628 0.342578
v 0.378994 0.168913 0.310046
v 0.337035 0.163146 0.391853
v 0.339017 0.470009 -0.442623
v 0.316946 0.338416 -0.366533
v 0.303348 0.330898 -0.471220
v 0.511183 0.137542 -0.027411
v 0.515103 0.131046 0.063346
v 0.552301 0.084548 0.020113
v 0.000141 -0.590722 0.236222
v -0.052237 -0.603848 0.361900
v -0.000662 -0.552170 -0.166045
v -0.053798 -0.548810 -0.243095
v 0.052429 -0.603733 0.361645
v 0.053017 -0.548698 -0.243331
v -0.334477 -0.460108 0.445256
v -0.369744 -0.342358 0.365338
v -0.347839 -0.350421 0.468743
v -0.269679 -0.280807 -0.298865
v -0.323817 -0.222145 -0.271488
v -0.289776 -0.187717 -0.348972
v -0.480421 -0.130883 -0.022885
v -0.485035 -0.142625 0.066563
v -0.544529 -0.067420 0.019463
v 0.333819 -0.460715 0.445291
v 0.369749 -0.342452 0.365673
v 0.347705 -0.350303 0.468781
v 0.269683 -0.280589 -0.299034
v 0.323919 -0.222679 -0.271469
v 0.289809 -0.188176 -0.348538
v 0.480270 -0.131035 -0.022761
v 0.485074 -0.141984 0.066803
v 0.544515 -0.067258 0.019374
v 0.173740 -0.011513 0.632832
v 0.253812 -0.060280 0.601509
v -0.173437 -0.011572 0.632441
v -0.254083 -0.060465 0.601688
v 0.240959 0.027702 0.560501
v -0.241395 0.028006 0.560657
v 0.186689 0.026389 -0.666343
v 0.244914 -0.003661 -0.579190
v -0.186989 0.026448 -0.666458
v -0.244621 -0.003492 -0.579254
v 0.277956 0.072850 -0.656760
v -0.278619 0.072801 -0.656813
v -0.236842 0.322950 -0.080761
v -0.253885 0.299072 -0.044528
v -0.248071 0.330827 -0.106888
v -0.271693 0.308385 -0.085752
v -0.276141 0.290802 -0.047493
v 0.236641 0.322606 -0.081331
v 0.253612 0.298818 -0.045194
v 0.248033 0.330326 -0.107442
v 0.271577 0.308385 -0.086020
v 0.276190 0.290595 -0.047663
v -0.316233 -0.565720 0.000108
v -0.322064 -0.531464 0.035101
v -0.333551 -0.561010 -0.029441
v -0.344852 -0.516377 -0.012733
v -0.340874 -0.505304 0.026777
v 0.316255 -0.566006 -0.000269
v 0.322008 -0.531637 0.034632
v 0.333158 -0.561334 -0.029585
v 0.343992 -0.516357 -0.012475
v 0.340525 -0.505116 0.026894
v -0.024373 -0.476252 0.696092
v 0.023994 -0.475993 0.696476
v -0.000148 -0.401324 0.713015
v 0.037998 -0.430181 0.706243
v -0.038239 -0.430358 0.706304
v -0.017490 0.160291 0.540841
v 0.017625 0.160619 0.540783
v 0.000041 0.158859 0.548113
v 0.027823 0.159916 0.544278
v -0.027618 0.159586 0.545091
v -0.014948 -0.174128 -0.509869
v 0.015003 -0.174110 -0.509904
v 0.000005 -0.168912 -0.526077
v 0.024247 -0.169682 -0.524336
v -0.024231 -0.169695 -0.524330
v -0.023068 0.449576 -0.693039
v 0.022930 0.449638 -0.693426
v -0.000071 0.384753 -0.724356
v 0.037440 0.408903 -0.712002
v -0.037443 0.408700 -0.711763
v 0.507448 0.016007 -0.321505
v 0.505082 -0.005609 -0.317454
v 0.492558 0.000142 -0.346422
v 0.494416 0.014737 -0.349822
v 0.513866 0.004171 -0.301045
v 0.530563 0.020244 0.309873
v 0.530467 -0.004054 0.309618
v 0.515521 0.000214 0.335199
v 0.514673 0.016229 0.334799
v 0.539962 0.007938 0.293925
v -0.507589 0.015964 -0.321528
v -0.505129 -0.005593 -0.317583
v -0.492646 0.000197 -0.346498
v -0.494517 0.014717 -0.349867
v -0.514000 0.004208 -0.301092
v -0.530600 0.020250 0.309941
v -0.530378 -0.004089 0.309630
v -0.515435 0.000189 0.335105
v -0.514763 0.016114 0.334919
v -0.539922 0.007983 0.293941
v -0.038439 0.400857 -0.113466
v 0.038560 0.400624 -0.113665
v -0.019278 0.368071 -0.071320
v -0.019759 0.444235 -0.150875
v 0.019390 0.367978 -0.071210
v 0.020132 0.444423 -0.150728
v -0.190819 0.218412 0.211651
v -0.153957 0.195371 0.308371
v -0.148718 0.222430 0.212497
v -0.215986 0.202488 0.258045
v -0.129878 0.209328 0.260777
v -0.197977 0.192409 0.306769
v -0.234667 0.635775 -0.392535
v -0.204273 0.666342 -0.494938
v -0.199693 0.699354 -0.404168
v -0.292444 0.631934 -0.425252
v -0.218299 0.793859 -0.469116
v -0.257903 0.616978 -0.473309
v -0.388861 0.240770 -0.178744
v -0.430864 0.182162 -0.215868
v -0.372540 0.256505 -0.230844
v -0.428293 0.203048 -0.142937
v -0.395589 0.223351 -0.248431
v -0.446644 0.176104 -0.163456
v -0.444856 0.175038 0.162441
v -0.479253 0.143814 0.213909
v -0.437106 0.170928 0.206453
v -0.471559 0.164534 0.147237
v -0.453846 0.157749 0.232964
v -0.489320 0.146998 0.172497
v 0.190436 0.218605 0.211676
v 0.153931 0.195342 0.308634
v 0.148447 0.222683 0.212705
v 0.129735 0.209295 0.260944
v 0.215338 0.202849 0.257883
v 0.197830 0.192338 0.306565
v 0.234246 0.636923 -0.397590
v 0.203845 0.665346 -0.496513
v 0.200283 0.699474 -0.406347
v 0.217952 0.793862 -0.469981
v 0.293236 0.629773 -0.428930
v 0.259105 0.616547 -0.475677
v 0.388361 0.240698 -0.179125
v 0.430600 0.182002 -0.216029
v 0.372505 0.256494 -0.231059
v 0.427096 0.203109 -0.143857
v 0.395480 0.223292 -0.248763
v 0.446119 0.176193 -0.163612
v 0.445073 0.174886 0.162650
v 0.479122 0.143935 0.213917
v 0.437361 0.170815 0.206653
v 0.471791 0.164519 0.147536
v 0.453907 0.157843 0.233070
v 0.489379 0.147196 0.172578
v -0.056088 -0.600673 0.009313
v 0.055611 -0.600744 0.009319
v -0.026761 -0.593272 0.061349
v -0.031309 -0.588945 -0.037809
v 0.026589 -0.593156 0.061478
v 0.031020 -0.588663 -0.038088
v -0.239011 -0.580466 0.407019
v -0.237658 -0.784251 0.506240
v -0.193616 -0.626524 0.410778
v -0.274575 -0.595252 0.437850
v -0.187448 -0.730883 0.446658
v -0.293727 -0.686472 0.495334
v -0.237772 -0.549743 -0.297124
v -0.157540 -0.409472 -0.311557
v -0.181929 -0.553640 -0.292522
v -0.241124 -0.458696 -0.298231
v -0.144817 -0.476515 -0.299169
v -0.200539 -0.398617 -0.308374
v -0.387872 -0.231997 -0.129732
v -0.427177 -0.148563 -0.182638
v -0.379513 -0.222206 -0.174155
v -0.414404 -0.195556 -0.109659
v -0.397464 -0.178721 -0.200074
v -0.435262 -0.155656 -0.136282
v -0.413475 -0.275479 0.185824
v -0.445259 -0.195765 0.223311
v -0.407211 -0.280856 0.233437
v -0.433645 -0.230811 0.159888
v -0.421383 -0.240077 0.251456
v -0.451990 -0.191572 0.179107
v 0.238556 -0.580593 0.407017
v 0.237603 -0.783660 0.504907
v 0.193491 -0.625533 0.410475
v 0.186934 -0.727552 0.445364
v 0.274049 -0.595301 0.437828
v 0.293724 -0.686318 0.495157
v 0.237456 -0.549887 -0.297035
v 0.157432 -0.409325 -0.311887
v 0.181763 -0.553119 -0.292274
v 0.144613 -0.475891 -0.299136
v 0.240510 -0.458707 -0.297939
v 0.200315 -0.398156 -0.307526
v 0.387943 -0.231963 -0.129633
v 0.426810 -0.148388 -0.182587
v 0.379488 -0.222432 -0.174165
v 0.414333 -0.195342 -0.109610
v 0.397742 -0.179071 -0.200088
v 0.434960 -0.155903 -0.136174
v 0.412847 -0.275632 0.185886
v 0.445073 -0.195725 0.223224
v 0.407328 -0.280637 0.233356
v 0.433649 -0.230677 0.159789
v 0.421250 -0.239796 0.251429
v 0.451971 -0.191857 0.179272
v 0.000043 -0.046573 0.730149
v 0.000073 0.039266 0.645724
v 0.047218 -0.022991 0.703780
v -0.047200 -0.023006 0.703941
v 0.043955 0.018942 0.662463
v -0.043906 0.018606 0.661694
v 0.292121 -0.252016 0.604316
v 0.341437 -0.172692 0.518529
v 0.315506 -0.271874 0.563728
v 0.337571 -0.227556 0.519946
v 0.291313 -0.191111 0.598667
v 0.318021 -0.155422 0.555687
v -0.292239 -0.251708 0.604049
v -0.341254 -0.172958 0.518370
v -0.315349 -0.271684 0.563654
v -0.337473 -0.227350 0.519848
v -0.291878 -0.191197 0.598402
v -0.318166 -0.155402 0.555492
v 0.253357 0.153195 0.485364
v 0.329809 0.113853 0.456952
v 0.286403 0.154363 0.463935
v 0.323748 0.145344 0.447590
v 0.260022 0.120223 0.497392
v 0.299180 0.100539 0.484599
v -0.253466 0.152956 0.485556
v -0.329830 0.113631 0.456915
v -0.286617 0.154150 0.464185
v -0.323879 0.145163 0.447839
v -0.260154 0.121249 0.497305
v -0.299237 0.100702 0.484626
v -0.000064 -0.010668 -0.634376
v -0.000404 0.074396 -0.734057
v 0.045962 0.009740 -0.658794
v -0.046146 0.008902 -0.659953
v 0.050964 0.051067 -0.711648
v -0.051116 0.049006 -0.713564
v 0.235495 -0.117552 -0.474050
v 0.311661 -0.080194 -0.452499
v 0.261401 -0.128434 -0.444669
v 0.298616 -0.110022 -0.433566
v 0.246992 -0.086334 -0.493480
v 0.285827 -0.067773 -0.484048
v -0.235546 -0.117389 -0.473999
v -0.311942 -0.080596 -0.452872
v -0.261098 -0.128447 -0.444381
v -0.298847 -0.110028 -0.433419
v -0.247351 -0.086596 -0.493480
v -0.285944 -0.067851 -0.484228
v 0.301592 0.246109 -0.647790
v 0.358232 0.168340 -0.562950
v 0.311214 0.258522 -0.591490
v 0.338286 0.217438 -0.552172
v 0.315483 0.193486 -0.658620
v 0.342482 0.157587 -0.609971
v -0.301036 0.246215 -0.647314
v -0.358738 0.168707 -0.563117
v -0.311335 0.258808 -0.591537
v -0.338510 0.217038 -0.552497
v -0.315636 0.193683 -0.658833
v -0.343191 0.157736 -0.610901
v 0.587792 0.003646 -0.027231
v 0.594703 0.005040 0.064580
v 0.592707 0.018828 -0.002395
v 0.594547 0.020053 0.043244
v 0.590030 -0.010206 -0.004496
v 0.592462 -0.010120 0.041194
v -0.587824 0.003656 -0.027245
v -0.594674 0.004990 0.064577
v -0.592767 0.018852 -0.002418
v -0.594454 0.020058 0.043214
v -0.590050 -0.010217 -0.004477
v -0.592464 -0.010065 0.041196
v -0.180457 0.354823 -0.098032
v -0.112943 0.383633 -0.109559
v -0.165718 0.336721 -0.058809
v -0.165042 0.392808 -0.143210
v -0.131303 0.348458 -0.063088
v -0.132011 0.411624 -0.148482
v -0.240830 0.271879 0.031185
v -0.220564 0.244170 0.118193
v -0.207260 0.281468 0.030382
v -0.265887 0.249589 0.072815
v -0.195230 0.266690 0.073581
v -0.256880 0.237327 0.116923
v -0.229515 0.399908 -0.196911
v -0.236372 0.514044 -0.285719
v -0.206238 0.435608 -0.208887
v -0.248226 0.408857 -0.225324
v -0.204014 0.491803 -0.252043
v -0.258727 0.467186 -0.269350
v -0.306875 0.298430 -0.116558
v -0.345138 0.278001 -0.146998
v -0.293446 0.324971 -0.167129
v -0.338660 0.268576 -0.082443
v -0.309978 0.316732 -0.183869
v -0.360049 0.257710 -0.096294
v -0.329538 0.244628 0.020596
v -0.392859 0.204064 0.095906
v -0.330686 0.231908 0.065121
v -0.356015 0.235585 0.011939
v -0.362231 0.212151 0.104393
v -0.387721 0.214757 0.048155
v 0.180309 0.355040 -0.098271
v 0.112991 0.383752 -0.109452
v 0.165563 0.336204 -0.059774
v 0.165165 0.392693 -0.143183
v 0.131232 0.347694 -0.064144
v 0.132243 0.411499 -0.148134
v 0.241127 0.271416 0.031143
v 0.219004 0.244971 0.118334
v 0.207019 0.282013 0.030519
v 0.265750 0.249626 0.072897
v 0.194561 0.266718 0.073485
v 0.256351 0.237448 0.116979
v 0.229888 0.400624 -0.197675
v 0.236483 0.515647 -0.288454
v 0.206365 0.436116 -0.209709
v 0.248646 0.409910 -0.226065
v 0.203889 0.493028 -0.254128
v 0.259310 0.468410 -0.271183
v 0.306687 0.298656 -0.116922
v 0.344989 0.278133 -0.147456
v 0.293652 0.325121 -0.167618
v 0.338470 0.268289 -0.082629
v 0.310127 0.316925 -0.184028
v 0.359993 0.257321 -0.096561
v 0.329367 0.244785 0.020755
v 0.393137 0.203662 0.096128
v 0.330465 0.232128 0.065298
v 0.356409 0.235284 0.012228
v 0.362692 0.211609 0.104773
v 0.388165 0.214245 0.048409
v -0.258156 -0.629403 -0.001233
v -0.160284 -0.635328 0.003018
v -0.226054 -0.584965 0.030669
v -0.258574 -0.713683 -0.025158
v -0.180003 -0.590987 0.036406
v -0.193753 -0.701537 -0.034131
v -0.295344 -0.523549 0.129240
v -0.263058 -0.533402 0.255506
v -0.258803 -0.541781 0.138477
v -0.316432 -0.502132 0.172250
v -0.239569 -0.545021 0.203803
v -0.300738 -0.507788 0.233234
v -0.349782 -0.644332 -0.126886
v -0.330153 -0.673717 -0.254540
v -0.330339 -0.738762 -0.146422
v -0.360966 -0.587104 -0.159401
v -0.305963 -0.749676 -0.213820
v -0.361851 -0.597525 -0.220239
v -0.364524 -0.441085 -0.052808
v -0.373582 -0.337438 -0.089651
v -0.364333 -0.445950 -0.099513
v -0.373625 -0.390715 -0.026078
v -0.366144 -0.389639 -0.117915
v -0.379574 -0.341690 -0.044715
v -0.365481 -0.433005 0.085016
v -0.386934 -0.355386 0.140125
v -0.365052 -0.436476 0.134550
v -0.376748 -0.391867 0.066026
v -0.373700 -0.399451 0.163970
v -0.388229 -0.350682 0.092222
v 0.257468 -0.630493 -0.001481
v 0.159843 -0.635550 0.002180
v 0.225712 -0.585534 0.030577
v 0.256888 -0.716869 -0.025461
v 0.179698 -0.591082 0.036344
v 0.191988 -0.702160 -0.035125
v 0.296133 -0.523412 0.129070
v 0.262738 -0.533427 0.255876
v 0.259116 -0.541888 0.138068
v 0.316760 -0.502208 0.172169
v 0.239761 -0.545449 0.203899
v 0.301122 -0.507709 0.233701
v 0.349916 -0.645063 -0.126927
v 0.329996 -0.673898 -0.254608
v 0.330003 -0.739354 -0.146622
v 0.360630 -0.587026 -0.159673
v 0.305367 -0.750373 -0.213880
v 0.361833 -0.597710 -0.220252
v 0.364819 -0.441078 -0.052451
v 0.374096 -0.337497 -0.090292
v 0.364049 -0.445890 -0.099768
v 0.373227 -0.390843 -0.025442
v 0.366476 -0.389120 -0.118097
v 0.379522 -0.341677 -0.045060
v 0.365918 -0.433212 0.085075
v 0.386823 -0.355409 0.140127
v 0.365245 -0.436723 0.134841
v 0.376661 -0.391530 0.065646
v 0.373505 -0.399442 0.164020
v 0.388216 -0.350615 0.092073
v -0.092525 -0.572510 0.678632
v -0.164129 -0.753308 0.676015
v -0.063161 -0.608600 0.656266
v -0.160338 -0.582636 0.690271
v -0.091799 -0.673041 0.637919
v -0.213685 -0.679081 0.701740
v 0.092637 -0.572690 0.678881
v 0.166091 -0.753490 0.676806
v 0.063125 -0.608309 0.656345
v 0.160436 -0.582254 0.690192
v 0.091810 -0.672487 0.638388
v 0.213954 -0.677716 0.701328
v -0.000130 -0.289988 0.740333
v -0.000153 -0.166234 0.825855
v 0.048530 -0.260158 0.744830
v -0.048557 -0.260427 0.744775
v 0.049951 -0.198462 0.764709
v -0.049783 -0.198432 0.764437
v 0.136433 -0.391622 0.705203
v 0.233031 -0.330938 0.681200
v 0.183368 -0.434294 0.695487
v 0.141209 -0.327135 0.712695
v 0.234498 -0.403273 0.683996
v 0.190205 -0.297047 0.701880
v -0.136959 -0.391471 0.705155
v -0.233350 -0.331090 0.681054
v -0.183751 -0.434308 0.695493
v -0.141679 -0.327233 0.712560
v -0.234964 -0.403067 0.684071
v -0.190464 -0.297258 0.702180
v -0.065133 0.164130 0.497108
v -0.112103 0.175785 0.406982
v -0.043995 0.170150 0.452294
v -0.109660 0.163313 0.497481
v -0.066779 0.176613 0.406348
v -0.133588 0.169142 0.450613
v 0.065186 0.164183 0.497142
v 0.111751 0.176423 0.405413
v 0.044116 0.170019 0.452159
v 0.109777 0.163366 0.497377
v 0.066764 0.176390 0.406391
v 0.133959 0.168901 0.451220
v -0.000060 0.155542 0.554764
v 0.000018 0.111262 0.581260
v 0.035614 0.151648 0.554922
v -0.035645 0.151595 0.554898
v 0.037298 0.128362 0.568383
v -0.037207 0.128508 0.567992
v 0.099652 0.159217 0.535514
v 0.176888 0.158762 0.515085
v 0.132599 0.159813 0.525192
v 0.104520 0.157455 0.538146
v 0.171766 0.160550 0.511883
v 0.142986 0.156958 0.530284
v -0.099741 0.159297 0.535336
v -0.176819 0.158572 0.515073
v -0.132674 0.159881 0.525403
v -0.104552 0.157488 0.538215
v -0.171753 0.160431 0.512016
v -0.143026 0.156632 0.530692
v -0.053106 -0.222439 -0.427233
v -0.098466 -0.301169 -0.354017
v -0.037371 -0.259398 -0.389291
v -0.088792 -0.220207 -0.423939
v -0.059390 -0.305739 -0.357912
v -0.111541 -0.252161 -0.383321
v 0.053156 -0.222458 -0.427264
v 0.098426 -0.301181 -0.353938
v 0.037365 -0.259328 -0.389322
v 0.088890 -0.220269 -0.423985
v 0.059391 -0.305777 -0.358066
v 0.111558 -0.252109 -0.383356
v 0.000004 -0.162775 -0.531190
v -0.000030 -0.096559 -0.555969
v 0.033390 -0.160455 -0.531234
v -0.033384 -0.160374 -0.531249
v 0.036038 -0.117152 -0.546470
v -0.036008 -0.117048 -0.546511
v 0.087889 -0.168377 -0.509726
v 0.160301 -0.152785 -0.492695
v 0.113947 -0.175644 -0.488719
v 0.095001 -0.159373 -0.516640
v 0.149913 -0.171127 -0.477220
v 0.131812 -0.147046 -0.511644
v -0.087853 -0.168355 -0.509770
v -0.160251 -0.152732 -0.492750
v -0.113943 -0.175598 -0.488686
v -0.094950 -0.159323 -0.516674
v -0.149803 -0.171090 -0.477243
v -0.131750 -0.146956 -0.511657
v -0.087742 0.529198 -0.656307
v -0.159857 0.612416 -0.600957
v -0.062947 0.580978 -0.635314
v -0.145633 0.517446 -0.654053
v -0.099115 0.624272 -0.605569
v -0.185966 0.559446 -0.630592
v 0.087691 0.529058 -0.656016
v 0.159935 0.612218 -0.601478
v 0.062973 0.580900 -0.635278
v 0.145905 0.517293 -0.654199
v 0.099120 0.624176 -0.605794
v 0.185801 0.559287 -0.630762
v 0.000200 0.290074 -0.770293
v 0.000024 0.181003 -0.790518
v 0.055207 0.265127 -0.783687
v -0.055425 0.265212 -0.783794
v 0.058753 0.209920 -0.798952
v -0.058643 0.209975 -0.798954
v 0.136485 0.372848 -0.720572
v 0.240447 0.322652 -0.716394
v 0.174960 0.404447 -0.695209
v 0.150270 0.321799 -0.751216
v 0.224309 0.378538 -0.688267
v 0.206554 0.297395 -0.755156
v -0.136484 0.372997 -0.720297
v -0.239968 0.323215 -0.716046
v -0.174886 0.404812 -0.694832
v -0.149879 0.321927 -0.750680
v -0.224280 0.378853 -0.688270
v -0.206682 0.297877 -0.755470
v 0.502514 0.048076 -0.295922
v 0.470201 0.110625 -0.255943
v 0.480995 0.071575 -0.323968
v 0.511645 0.050139 -0.249625
v 0.460015 0.108807 -0.305032
v 0.498084 0.079201 -0.227546
v 0.497999 -0.035510 -0.286312
v 0.469823 -0.079510 -0.240064
v 0.474505 -0.051142 -0.305386
v 0.507362 -0.038949 -0.243651
v 0.461436 -0.072641 -0.285185
v 0.495046 -0.059765 -0.219464
v 0.451373 -0.019482 -0.389051
v 0.386265 -0.046780 -0.424907
v 0.440281 -0.041300 -0.374553
v 0.433838 -0.008382 -0.422861
v 0.408618 -0.056906 -0.392076
v 0.399033 -0.020089 -0.441668
v 0.459833 0.047868 -0.408650
v 0.416933 0.098994 -0.483218
v 0.456968 0.071802 -0.407437
v 0.439820 0.043631 -0.440222
v 0.431361 0.101328 -0.442169
v 0.418682 0.066409 -0.478346
v 0.532283 0.003310 -0.219715
v 0.558121 0.003422 -0.124863
v 0.536677 0.018062 -0.197348
v 0.534069 -0.010938 -0.196295
v 0.549887 0.018708 -0.149239
v 0.546619 -0.011453 -0.148987
v 0.520101 0.056248 0.284248
v 0.499944 0.100347 0.251298
v 0.494895 0.075151 0.303329
v 0.534326 0.057892 0.249226
v 0.485077 0.097732 0.288451
v 0.523653 0.079654 0.231266
v 0.513879 -0.051144 0.284911
v 0.480751 -0.119503 0.255710
v 0.483806 -0.082742 0.308291
v 0.528515 -0.051461 0.248437
v 0.467720 -0.120188 0.295674
v 0.511467 -0.082776 0.231806
v 0.463520 -0.038013 0.384267
v 0.398543 -0.100430 0.444517
v 0.450936 -0.074752 0.379316
v 0.439806 -0.029350 0.414259
v 0.418890 -0.109416 0.409516
v 0.407288 -0.057353 0.445221
v 0.463344 0.041784 0.376944
v 0.400353 0.075524 0.419542
v 0.455313 0.065946 0.367434
v 0.440687 0.031954 0.407258
v 0.424426 0.083668 0.387984
v 0.409221 0.047940 0.430102
v 0.568232 0.007000 0.229181
v 0.587389 0.006126 0.151557
v 0.573272 0.021288 0.212433
v 0.572775 -0.007542 0.210084
v 0.583164 0.021074 0.173618
v 0.581662 -0.008304 0.171081
v -0.502622 0.048146 -0.296014
v -0.470474 0.110111 -0.256015
v -0.481113 0.071487 -0.324264
v -0.511725 0.050152 -0.249716
v -0.459892 0.109196 -0.305143
v -0.498037 0.079024 -0.227753
v -0.498014 -0.035598 -0.286397
v -0.470128 -0.079543 -0.240226
v -0.474554 -0.051176 -0.305422
v -0.507377 -0.039001 -0.243619
v -0.461447 -0.072665 -0.285154
v -0.495066 -0.059639 -0.219505
v -0.451474 -0.019510 -0.389209
v -0.386241 -0.046944 -0.424814
v -0.440524 -0.041427 -0.374707
v -0.433900 -0.008440 -0.422932
v -0.408611 -0.056978 -0.392013
v -0.399550 -0.020204 -0.441915
v -0.459696 0.047881 -0.408617
v -0.416797 0.099276 -0.483175
v -0.456828 0.071970 -0.407236
v -0.439737 0.043632 -0.440300
v -0.431460 0.101490 -0.442045
v -0.417553 0.066912 -0.478088
v -0.532286 0.003350 -0.219696
v -0.558260 0.003452 -0.124875
v -0.536757 0.018068 -0.197404
v -0.534121 -0.010916 -0.196296
v -0.549953 0.018777 -0.149311
v -0.546723 -0.011414 -0.149000
v -0.520501 0.055993 0.284509
v -0.499578 0.100029 0.251131
v -0.494636 0.075101 0.303288
v -0.534491 0.057889 0.249368
v -0.484317 0.097390 0.287964
v -0.524325 0.079530 0.231507
v -0.513869 -0.051042 0.284856
v -0.480736 -0.119399 0.255644
v -0.483167 -0.082487 0.307857
v -0.528339 -0.051617 0.248300
v -0.467925 -0.119904 0.295494
v -0.511278 -0.083118 0.231753
v -0.463324 -0.038197 0.384245
v -0.398926 -0.100260 0.444909
v -0.450481 -0.075388 0.379326
v -0.439340 -0.029963 0.414250
v -0.418855 -0.109145 0.409258
v -0.407433 -0.056819 0.445340
v -0.463752 0.041931 0.376985
v -0.400198 0.075394 0.419602
v -0.455249 0.065954 0.367386
v -0.440770 0.032058 0.407328
v -0.424334 0.083672 0.388021
v -0.409349 0.048027 0.430159
v -0.568334 0.007004 0.229210
v -0.587313 0.006006 0.151559
v -0.573275 0.021238 0.212491
v -0.572669 -0.007490 0.210069
v -0.583092 0.021112 0.173648
v -0.581624 -0.008294 0.171073
v -0.059325 0.310104 0.023088
v -0.102085 0.262210 0.117438
v -0.097788 0.305183 0.024117
v -0.119199 0.280393 0.071278
v -0.040367 0.288119 0.069685
v -0.061490 0.265528 0.117241
v -0.064848 0.530037 -0.225434
v -0.124922 0.618370 -0.311429
v -0.105787 0.514500 -0.226914
v -0.133800 0.552913 -0.266817
v -0.047182 0.586751 -0.263690
v -0.077496 0.630157 -0.311425
v 0.058807 0.310311 0.023201
v 0.101955 0.262409 0.117658
v 0.097497 0.305318 0.024498
v 0.119306 0.280457 0.071639
v 0.039874 0.288074 0.069776
v 0.061763 0.265263 0.117592
v 0.064990 0.530522 -0.225196
v 0.125372 0.619095 -0.312254
v 0.105819 0.514656 -0.226752
v 0.134079 0.553143 -0.267110
v 0.047126 0.587266 -0.263101
v 0.077701 0.630236 -0.311527
v -0.298918 0.193025 0.250254
v -0.373930 0.183102 0.232708
v -0.312191 0.201502 0.202594
v -0.349783 0.195186 0.195922
v -0.326078 0.180009 0.292228
v -0.360824 0.177095 0.279252
v -0.043203 0.211156 0.262196
v 0.043903 0.210278 0.262384
v -0.022595 0.193886 0.311756
v 0.022203 0.194089 0.311569
v -0.021487 0.228221 0.213198
v 0.021426 0.227932 0.213416
v -0.248553 0.171216 0.397883
v -0.274304 0.162923 0.445781
v -0.225245 0.166250 0.444041
v -0.237785 0.163339 0.466912
v -0.292094 0.168701 0.390053
v -0.302598 0.165013 0.411734
v -0.455394 0.566732 -0.344466
v -0.290433 0.375642 -0.303028
v -0.332857 0.476823 -0.312714
v -0.286963 0.401443 -0.288738
v -0.362479 0.477326 -0.386257
v -0.301735 0.399602 -0.351826
v -0.074731 0.715065 -0.455463
v 0.074660 0.715117 -0.454982
v -0.035511 0.692095 -0.511284
v 0.035443 0.691977 -0.511271
v -0.033496 0.698835 -0.407451
v 0.033866 0.698778 -0.407547
v -0.283011 0.498979 -0.521095
v -0.284106 0.372030 -0.558527
v -0.256178 0.480013 -0.572231
v -0.263544 0.418616 -0.592822
v -0.303869 0.451894 -0.490109
v -0.293073 0.384894 -0.506910
v -0.461207 0.183938 -0.036932
v -0.472494 0.171901 0.056849
v -0.433863 0.200423 -0.023250
v -0.440986 0.192283 0.023788
v -0.493531 0.159629 -0.005969
v -0.495556 0.154853 0.039085
v -0.371658 0.233958 -0.349555
v -0.353373 0.229154 -0.450872
v -0.395235 0.188667 -0.367041
v -0.385238 0.184455 -0.416602
v -0.339430 0.283865 -0.383445
v -0.330255 0.280653 -0.435015
v -0.507773 0.113069 -0.104169
v -0.559857 0.059146 -0.050541
v -0.520513 0.084405 -0.127339
v -0.545726 0.058633 -0.100551
v -0.521854 0.111906 -0.052882
v -0.546726 0.084716 -0.027133
v -0.422951 0.153002 0.315415
v -0.378464 0.148010 0.387548
v -0.432111 0.137247 0.332198
v -0.410000 0.133273 0.366553
v -0.392580 0.160965 0.334708
v -0.370451 0.158454 0.372667
v -0.529732 0.105721 0.130464
v -0.567343 0.061180 0.087628
v -0.544777 0.082630 0.152226
v -0.563486 0.060894 0.131192
v -0.532836 0.107122 0.086385
v -0.551335 0.084199 0.064972
v 0.298954 0.192859 0.250362
v 0.374220 0.182773 0.233051
v 0.311568 0.201537 0.202605
v 0.349865 0.195158 0.196431
v 0.326446 0.179751 0.292561
v 0.361290 0.176862 0.279637
v 0.248650 0.171232 0.397942
v 0.274405 0.163040 0.445861
v 0.225274 0.166438 0.444004
v 0.237938 0.163357 0.467035
v 0.292160 0.168832 0.390194
v 0.302762 0.165173 0.411855
v 0.455843 0.567349 -0.344477
v 0.290628 0.376019 -0.303312
v 0.333573 0.477301 -0.313877
v 0.287242 0.402069 -0.289228
v 0.362271 0.477072 -0.385917
v 0.301776 0.399929 -0.351944
v 0.282585 0.497816 -0.521856
v 0.283545 0.371690 -0.558775
v 0.255680 0.479321 -0.572816
v 0.262925 0.418130 -0.592998
v 0.303577 0.451097 -0.490439
v 0.293007 0.384772 -0.507410
v 0.461535 0.183733 -0.036724
v 0.472599 0.171731 0.057004
v 0.433232 0.200958 -0.023982
v 0.441349 0.192086 0.024231
v 0.493565 0.159303 -0.005744
v 0.495626 0.154825 0.039277
v 0.371922 0.233821 -0.349823
v 0.353297 0.228897 -0.450823
v 0.395017 0.188076 -0.366656
v 0.385492 0.186027 -0.416099
v 0.339251 0.283830 -0.383518
v 0.330280 0.280301 -0.434967
v 0.507888 0.112767 -0.103622
v 0.559738 0.059151 -0.050446
v 0.520463 0.084821 -0.127427
v 0.545686 0.058530 -0.100401
v 0.522091 0.111893 -0.052729
v 0.546930 0.084749 -0.026858
v 0.422899 0.153130 0.315391
v 0.378590 0.148143 0.387559
v 0.432059 0.137321 0.332121
v 0.409834 0.133220 0.366299
v 0.392689 0.161155 0.334716
v 0.370528 0.158657 0.372652
v 0.529524 0.106238 0.130381
v 0.567213 0.061210 0.087639
v 0.543548 0.082806 0.151680
v 0.563058 0.060931 0.130959
v 0.533388 0.107334 0.086713
v 0.551672 0.084182 0.065032
v -0.076271 -0.584843 0.171278
v -0.126678 -0.581611 0.298052
v -0.125998 -0.577854 0.165060
v -0.150453 -0.574015 0.226883
v -0.050780 -0.588604 0.235572
v -0.076540 -0.590273 0.299692
v -0.087189 -0.637749 -0.134458
v -0.130292 -0.666111 -0.241880
v -0.116902 -0.749137 -0.147354
v -0.150133 -0.765344 -0.218248
v -0.065629 -0.586220 -0.172678
v -0.082559 -0.600126 -0.218183
v 0.076538 -0.584729 0.171460
v 0.127273 -0.581574 0.298041
v 0.125748 -0.577795 0.164790
v 0.150034 -0.573393 0.226360
v 0.050782 -0.588372 0.235451
v 0.076893 -0.590385 0.299423
v 0.086655 -0.634457 -0.134649
v 0.129256 -0.662100 -0.240706
v 0.114922 -0.740875 -0.147078
v 0.143361 -0.759005 -0.219190
v 0.064446 -0.584680 -0.172758
v 0.081280 -0.598764 -0.217633
v -0.325797 -0.478126 0.363528
v -0.368082 -0.376464 0.294210
v -0.335276 -0.459625 0.302405
v -0.357792 -0.414311 0.271234
v -0.339901 -0.442343 0.385886
v -0.359609 -0.386590 0.348507
v -0.056785 -0.653323 0.471247
v 0.056852 -0.653842 0.470424
v -0.031391 -0.633538 0.526029
v 0.030967 -0.632966 0.525849
v -0.027267 -0.627206 0.416102
v 0.027598 -0.626736 0.416295
v -0.320513 -0.556466 0.558640
v -0.321344 -0.405103 0.569460
v -0.319361 -0.558349 0.629960
v -0.315292 -0.469414 0.629459
v -0.329629 -0.474820 0.507064
v -0.333836 -0.410644 0.515554
v -0.310594 -0.389806 -0.268920
v -0.341469 -0.301571 -0.218098
v -0.348405 -0.421113 -0.243005
v -0.348569 -0.368932 -0.207612
v -0.300179 -0.316491 -0.273651
v -0.320994 -0.279420 -0.253925
v -0.048469 -0.462656 -0.291238
v 0.047659 -0.462370 -0.291828
v -0.023047 -0.410057 -0.313263
v 0.022350 -0.410024 -0.313003
v -0.025775 -0.505184 -0.266897
v 0.024945 -0.505240 -0.267542
v -0.209739 -0.267122 -0.336214
v -0.233639 -0.189540 -0.394703
v -0.184967 -0.237281 -0.372366
v -0.197566 -0.202504 -0.403650
v -0.243227 -0.248245 -0.328998
v -0.255417 -0.208285 -0.357510
v -0.428102 -0.207592 -0.018423
v -0.436645 -0.220480 0.070064
v -0.410173 -0.253027 0.004693
v -0.415947 -0.259592 0.048661
v -0.455838 -0.171555 0.001915
v -0.459087 -0.177765 0.046422
v -0.373129 -0.156020 -0.284486
v -0.341561 -0.132276 -0.364757
v -0.392868 -0.120493 -0.311690
v -0.376645 -0.111323 -0.350881
v -0.340234 -0.181619 -0.297725
v -0.324094 -0.167292 -0.337378
v -0.494047 -0.094802 -0.095629
v -0.552592 -0.044099 -0.051694
v -0.512830 -0.066513 -0.122539
v -0.537978 -0.045183 -0.099875
v -0.504214 -0.095512 -0.048041
v -0.535869 -0.067064 -0.026580
v -0.400949 -0.246798 0.343171
v -0.372151 -0.244222 0.433147
v -0.411698 -0.201317 0.354321
v -0.396662 -0.199059 0.396811
v -0.378818 -0.295647 0.378562
v -0.366131 -0.296642 0.427006
v -0.506110 -0.112325 0.130322
v -0.561301 -0.049041 0.085070
v -0.529530 -0.079498 0.150083
v -0.557226 -0.049374 0.128232
v -0.510748 -0.108043 0.086877
v -0.539119 -0.074522 0.063786
v 0.325557 -0.478611 0.363413
v 0.367928 -0.376082 0.294288
v 0.335282 -0.459768 0.302936
v 0.357615 -0.414244 0.271425
v 0.339909 -0.442734 0.386166
v 0.359158 -0.386846 0.348718
v 0.320665 -0.557400 0.559017
v 0.321991 -0.405544 0.570196
v 0.319329 -0.558944 0.629882
v 0.315240 -0.470261 0.629447
v 0.328989 -0.474969 0.506821
v 0.333546 -0.410828 0.515969
v 0.309838 -0.389602 -0.268547
v 0.341526 -0.302072 -0.218302
v 0.348480 -0.421010 -0.243371
v 0.348708 -0.368540 -0.207591
v 0.299840 -0.316346 -0.273398
v 0.320993 -0.279176 -0.253760
v 0.209954 -0.266976 -0.336359
v 0.233772 -0.189381 -0.394991
v 0.184998 -0.237208 -0.372448
v 0.197539 -0.202987 -0.403366
v 0.243410 -0.248078 -0.329185
v 0.255570 -0.208267 -0.357584
v 0.428445 -0.207190 -0.018481
v 0.437043 -0.220039 0.069952
v 0.410384 -0.252758 0.004758
v 0.416271 -0.259769 0.048274
v 0.455950 -0.170694 0.002171
v 0.459510 -0.177429 0.046314
v 0.373358 -0.155604 -0.284765
v 0.341349 -0.132359 -0.364406
v 0.392796 -0.120582 -0.311808
v 0.376526 -0.111401 -0.350621
v 0.340174 -0.180941 -0.298004
v 0.324185 -0.167136 -0.337707
v 0.494079 -0.094522 -0.095612
v 0.552576 -0.044170 -0.051738
v 0.513010 -0.066315 -0.122578
v 0.537996 -0.045244 -0.099896
v 0.504274 -0.095338 -0.048111
v 0.535818 -0.067060 -0.026637
v 0.400842 -0.246225 0.343124
v 0.372271 -0.244484 0.433523
v 0.411474 -0.201322 0.354188
v 0.396305 -0.198973 0.396735
v 0.378704 -0.295154 0.378280
v 0.365757 -0.296436 0.426481
v 0.506324 -0.112093 0.130212
v 0.561214 -0.048986 0.085051
v 0.529786 -0.079163 0.150062
v 0.557260 -0.049275 0.128258
v 0.510382 -0.109011 0.086931
v 0.539487 -0.074481 0.063756
v 0.146217 -0.079894 0.705419
v 0.232177 -0.138488 0.667955
v 0.153059 -0.136698 0.731254
v 0.194848 -0.168535 0.704757
v 0.184790 -0.055398 0.666773
v 0.223459 -0.084719 0.645628
v -0.146301 -0.079989 0.705627
v -0.231934 -0.138945 0.667380
v -0.153223 -0.136854 0.731543
v -0.194886 -0.168773 0.704648
v -0.184394 -0.055990 0.666242
v -0.223392 -0.085154 0.645363
v 0.122544 0.051803 0.603747
v 0.192898 0.087602 0.549175
v 0.116913 0.090505 0.577112
v 0.152739 0.109111 0.554110
v 0.165492 0.029894 0.602751
v 0.199833 0.048251 0.570749
v -0.122260 0.052046 0.604038
v -0.193085 0.088302 0.548879
v -0.116945 0.091455 0.576751
v -0.152535 0.109742 0.554077
v -0.165150 0.029629 0.602393
v -0.199850 0.048648 0.570613
v 0.320744 -0.053569 0.539108
v 0.316081 0.031811 0.514245
v 0.354392 -0.025039 0.504316
v 0.357277 0.018047 0.496840
v 0.286128 -0.034335 0.562596
v 0.281603 0.008872 0.546275
v -0.321062 -0.053799 0.539130
v -0.315809 0.031361 0.514007
v -0.354573 -0.025177 0.504297
v -0.357260 0.018031 0.496811
v -0.286492 -0.034264 0.562725
v -0.281082 0.008645 0.546295
v 0.124489 -0.027373 -0.598580
v 0.189828 -0.059800 -0.547129
v 0.115530 -0.067839 -0.562752
v 0.148431 -0.082861 -0.543695
v 0.171078 -0.008095 -0.614215
v 0.201948 -0.023595 -0.579192
v -0.124628 -0.027595 -0.598316
v -0.189908 -0.059881 -0.547518
v -0.115654 -0.067718 -0.562744
v -0.148480 -0.082797 -0.543585
v -0.171045 -0.007796 -0.613990
v -0.202131 -0.023729 -0.579728
v 0.167311 0.083526 -0.774224
v 0.276517 0.146147 -0.761806
v 0.176590 0.146717 -0.809204
v 0.232285 0.179312 -0.798863
v 0.208699 0.060688 -0.727495
v 0.261377 0.089134 -0.724527
v -0.167110 0.083194 -0.773818
v -0.276409 0.146317 -0.761917
v -0.176516 0.146813 -0.809190
v -0.232180 0.179466 -0.798904
v -0.208824 0.061082 -0.727256
v -0.261609 0.089138 -0.724878
v 0.311866 -0.002427 -0.530464
v 0.335911 0.070281 -0.580025
v 0.350552 0.012793 -0.514611
v 0.361315 0.046783 -0.534940
v 0.285882 0.015226 -0.570906
v 0.300233 0.052990 -0.602056
v -0.311374 -0.002133 -0.530397
v -0.335838 0.070403 -0.580017
v -0.350232 0.012904 -0.514483
v -0.361726 0.046620 -0.535150
v -0.285829 0.015053 -0.570915
v -0.300238 0.053295 -0.601920
v -0.227934 0.310569 -0.048025
v -0.222909 0.351303 -0.122185
v -0.198241 0.323736 -0.053737
v -0.195412 0.372206 -0.134216
v -0.276028 0.276162 -0.009500
v -0.218668 0.295787 -0.010856
v -0.272109 0.262721 0.030439
v -0.262402 0.332274 -0.128555
v -0.211701 0.387478 -0.166925
v -0.252116 0.363571 -0.176701
v -0.296827 0.284236 -0.056864
v -0.277917 0.330320 -0.148638
v -0.317484 0.277579 -0.069238
v -0.302334 0.252865 0.027248
v -0.325476 0.259147 -0.023662
v 0.227643 0.310845 -0.048231
v 0.223227 0.350860 -0.122518
v 0.197957 0.323878 -0.053927
v 0.195417 0.372288 -0.134668
v 0.275701 0.276091 -0.009629
v 0.217769 0.296703 -0.010444
v 0.272143 0.262346 0.030355
v 0.262580 0.332381 -0.128803
v 0.211692 0.387704 -0.167524
v 0.252145 0.363873 -0.177211
v 0.296887 0.283570 -0.057030
v 0.277972 0.330373 -0.149139
v 0.317302 0.277431 -0.069430
v 0.301711 0.253151 0.027209
v 0.324950 0.259783 -0.023816
v -0.298061 -0.555288 0.033823
v -0.319277 -0.611683 -0.038503
v -0.266414 -0.571842 0.027886
v -0.293875 -0.663574 -0.038869
v -0.334871 -0.500919 0.068826
v -0.278338 -0.545681 0.081052
v -0.328409 -0.500208 0.117163
v -0.348309 -0.536740 -0.055147
v -0.335386 -0.679260 -0.084442
v -0.354185 -0.562889 -0.103686
v -0.355369 -0.474648 0.011473
v -0.358594 -0.496869 -0.078482
v -0.365167 -0.435282 -0.006845
v -0.353284 -0.470991 0.102509
v -0.365837 -0.432975 0.038267
v 0.297469 -0.555470 0.033707
v 0.318206 -0.612370 -0.038419
v 0.265877 -0.572020 0.027931
v 0.293400 -0.665403 -0.039594
v 0.335052 -0.501118 0.068698
v 0.278361 -0.545712 0.080959
v 0.327729 -0.500059 0.117087
v 0.347478 -0.536880 -0.054927
v 0.335287 -0.680595 -0.084374
v 0.353927 -0.563251 -0.103565
v 0.354567 -0.474303 0.011437
v 0.358523 -0.497012 -0.078950
v 0.365180 -0.435798 -0.006533
v 0.353375 -0.470922 0.102291
v 0.365170 -0.432724 0.038360
v -0.000360 -0.519294 0.685669
v -0.074856 -0.468688 0.698033
v -0.030508 -0.562160 0.671960
v -0.115024 -0.517807 0.691879
v 0.074648 -0.468841 0.698394
v 0.030194 -0.562080 0.672157
v 0.115096 -0.517801 0.692035
v 0.043666 -0.378017 0.716807
v -0.043798 -0.377750 0.717261
v 0.046461 -0.320387 0.729408
v -0.047145 -0.320739 0.730128
v 0.128559 -0.455442 0.699048
v 0.091558 -0.353993 0.716985
v -0.128743 -0.455356 0.699075
v -0.091938 -0.353706 0.716857
v -0.000020 0.161967 0.532763
v -0.054147 0.160231 0.538153
v -0.021587 0.164851 0.496501
v -0.082953 0.160536 0.532203
v 0.054142 0.160176 0.538869
v 0.021682 0.164683 0.496776
v 0.083028 0.160214 0.532282
v 0.031845 0.159009 0.547589
v -0.031911 0.159023 0.547520
v 0.034066 0.156968 0.550485
v -0.034195 0.156598 0.550345
v 0.093160 0.159686 0.534757
v 0.067147 0.158306 0.544364
v -0.093025 0.159931 0.533965
v -0.067229 0.158318 0.543977
v 0.000025 -0.195519 -0.469661
v -0.046076 -0.174422 -0.507721
v -0.017647 -0.222955 -0.428276
v -0.067213 -0.194103 -0.466767
v 0.046158 -0.174383 -0.507762
v 0.017686 -0.222960 -0.428290
v 0.067297 -0.194183 -0.466781
v 0.028388 -0.168400 -0.526245
v -0.028381 -0.168399 -0.526273
v 0.031182 -0.165415 -0.528693
v -0.031168 -0.165401 -0.528730
v 0.079489 -0.173796 -0.503566
v 0.060367 -0.165786 -0.522009
v -0.079439 -0.173863 -0.503505
v -0.060318 -0.165729 -0.522016
v -0.000120 0.490928 -0.675290
v -0.071679 0.440034 -0.694667
v -0.028924 0.535045 -0.656323
v -0.107399 0.477297 -0.675753
v 0.071555 0.440164 -0.695158
v 0.029311 0.535613 -0.657539
v 0.107542 0.476983 -0.675517
v 0.044433 0.364521 -0.733928
v -0.044746 0.364375 -0.733389
v 0.050694 0.316430 -0.759327
v -0.050184 0.316169 -0.758516
v 0.122933 0.424789 -0.696291
v 0.095421 0.343865 -0.742684
v -0.123200 0.424949 -0.696244
v -0.095216 0.343805 -0.742196
v 0.495744 0.029839 -0.346705
v 0.517520 0.016150 -0.285964
v 0.493160 0.046892 -0.338611
v 0.516924 0.031174 -0.268906
v 0.489576 -0.015400 -0.336422
v 0.515630 -0.008438 -0.283110
v 0.483660 -0.032354 -0.322401
v 0.513712 -0.022480 -0.264382
v 0.477798 0.010141 -0.374970
v 0.467324 -0.027344 -0.355686
v 0.458212 0.002195 -0.399679
v 0.478413 0.048235 -0.375358
v 0.460451 0.024578 -0.406126
v 0.526663 0.016870 -0.243658
v 0.524501 -0.009910 -0.241866
v 0.512816 0.033391 0.328345
v 0.544383 0.021462 0.280751
v 0.505528 0.053217 0.317474
v 0.543477 0.037545 0.266578
v 0.513968 -0.017875 0.329605
v 0.543521 -0.006472 0.279695
v 0.499981 -0.047815 0.319825
v 0.541019 -0.024870 0.264534
v 0.494511 0.007237 0.359053
v 0.485159 -0.042162 0.352990
v 0.469672 -0.007670 0.385577
v 0.485843 0.048879 0.347478
v 0.469460 0.018063 0.383160
v 0.558635 0.021717 0.247881
v 0.557742 -0.007557 0.246180
v -0.495805 0.029825 -0.346656
v -0.517644 0.016148 -0.285917
v -0.493176 0.046954 -0.338525
v -0.517064 0.031191 -0.268900
v -0.489671 -0.015363 -0.336509
v -0.515692 -0.008360 -0.283162
v -0.483724 -0.032345 -0.322470
v -0.513716 -0.022488 -0.264401
v -0.477805 0.010188 -0.375038
v -0.467474 -0.027346 -0.355796
v -0.458257 0.002224 -0.399846
v -0.478325 0.048282 -0.375275
v -0.460311 0.024602 -0.406182
v -0.526760 0.016869 -0.243641
v -0.524606 -0.009864 -0.241948
v -0.512731 0.033226 0.328507
v -0.544370 0.021556 0.280770
v -0.505581 0.053199 0.317539
v -0.543362 0.037606 0.266591
v -0.513803 -0.017941 0.329662
v -0.543396 -0.006464 0.279713
v -0.499762 -0.048019 0.319702
v -0.540875 -0.025021 0.264526
v -0.494563 0.007186 0.359052
v -0.485033 -0.042182 0.352974
v -0.469546 -0.007903 0.385599
v -0.485668 0.048993 0.347490
v -0.469460 0.017952 0.383378
v -0.558675 0.021728 0.247945
v -0.557621 -0.007539 0.246161
v -0.057455 0.364543 -0.069845
v -0.058966 0.438092 -0.151041
v -0.095167 0.357948 -0.067187
v -0.096442 0.427261 -0.150062
v 0.057489 0.364377 -0.070294
v 0.058966 0.438390 -0.150219
v 0.095163 0.357389 -0.067895
v 0.096840 0.427155 -0.149887
v -0.000148 0.339183 -0.024714
v -0.077402 0.333523 -0.022471
v -0.019887 0.312279 0.022413
v 0.000380 0.491460 -0.185959
v -0.080730 0.476456 -0.188041
v -0.022025 0.542734 -0.220311
v 0.077066 0.333511 -0.022905
v 0.019540 0.312787 0.022297
v 0.081277 0.476507 -0.188244
v 0.022018 0.542907 -0.220429
v -0.165518 0.236969 0.165070
v -0.231831 0.213635 0.209817
v -0.181531 0.251798 0.118685
v -0.245362 0.225155 0.162742
v -0.109822 0.196893 0.309930
v -0.178039 0.183250 0.355542
v -0.089158 0.185092 0.358499
v -0.157015 0.175143 0.403894
v -0.106424 0.225663 0.212950
v -0.141935 0.257718 0.118321
v -0.084181 0.244231 0.164797
v -0.241433 0.189349 0.303720
v -0.272136 0.207740 0.207020
v -0.284433 0.184912 0.299091
v -0.066298 0.196365 0.310743
v -0.063974 0.227772 0.213523
v -0.202204 0.174072 0.400876
v -0.267967 0.177615 0.349033
v -0.201056 0.622535 -0.349714
v -0.300922 0.623882 -0.373053
v -0.203560 0.554716 -0.298728
v -0.279988 0.536181 -0.316331
v -0.166645 0.712088 -0.505144
v -0.229154 0.600598 -0.522292
v -0.130903 0.659688 -0.553514
v -0.204695 0.579224 -0.575271
v -0.170365 0.812552 -0.408748
v -0.166169 0.591254 -0.307610
v -0.116062 0.690895 -0.359259
v -0.336180 0.588929 -0.452324
v -0.347538 0.551857 -0.340185
v -0.433928 0.571325 -0.442851
v -0.107857 0.704052 -0.506131
v -0.100951 0.734072 -0.408158
v -0.246000 0.540218 -0.548593
v -0.329563 0.524302 -0.475052
v -0.349337 0.284206 -0.214585
v -0.405907 0.225336 -0.125671
v -0.327597 0.303398 -0.198761
v -0.382600 0.243451 -0.110451
v -0.417398 0.186391 -0.267015
v -0.464159 0.145322 -0.184236
v -0.438997 0.147698 -0.286010
v -0.480988 0.112397 -0.206069
v -0.358708 0.271122 -0.282111
v -0.307854 0.335379 -0.251155
v -0.322030 0.328203 -0.316899
v -0.464041 0.170107 -0.109882
v -0.421619 0.211772 -0.073673
v -0.483923 0.164897 -0.054694
v -0.405741 0.188835 -0.317065
v -0.348170 0.280903 -0.332969
v -0.493945 0.113423 -0.155065
v -0.495075 0.140178 -0.079999
v -0.416372 0.183088 0.175949
v -0.448051 0.179885 0.117526
v -0.392047 0.195807 0.142134
v -0.418753 0.196051 0.083628
v -0.465705 0.140702 0.254307
v -0.502132 0.125699 0.193454
v -0.474752 0.119764 0.271861
v -0.512879 0.102431 0.212713
v -0.425015 0.167128 0.249769
v -0.384669 0.189329 0.187132
v -0.393661 0.173010 0.264989
v -0.494154 0.149049 0.128872
v -0.446429 0.185446 0.071415
v -0.495543 0.151317 0.083962
v -0.450196 0.138838 0.294146
v -0.410267 0.163754 0.292892
v -0.523270 0.104454 0.172485
v -0.513261 0.128922 0.107730
v 0.165795 0.236798 0.165416
v 0.231139 0.213923 0.209760
v 0.180958 0.251744 0.118497
v 0.245465 0.224976 0.162939
v 0.110233 0.195847 0.309797
v 0.178088 0.183249 0.355590
v 0.088830 0.185380 0.358460
v 0.156976 0.175316 0.404028
v 0.106132 0.225822 0.213131
v 0.141961 0.257950 0.118089
v 0.083605 0.244171 0.164834
v 0.066160 0.195921 0.310703
v 0.064127 0.227208 0.213342
v 0.241763 0.188662 0.304220
v 0.271674 0.207954 0.206957
v 0.284665 0.184710 0.299473
v 0.202450 0.173742 0.401488
v 0.268053 0.177367 0.348979
v 0.201429 0.623734 -0.352387
v 0.301194 0.629301 -0.383684
v 0.203467 0.556088 -0.301476
v 0.280231 0.538669 -0.320862
v 0.165919 0.711860 -0.504962
v 0.229440 0.599413 -0.523242
v 0.130454 0.659417 -0.553912
v 0.204791 0.578167 -0.575564
v 0.172078 0.811903 -0.408428
v 0.166609 0.592218 -0.309245
v 0.116385 0.691279 -0.359018
v 0.107655 0.704037 -0.505918
v 0.101301 0.734082 -0.407998
v 0.336390 0.588131 -0.454014
v 0.348182 0.553352 -0.343350
v 0.433812 0.569047 -0.442590
v 0.245974 0.539823 -0.549481
v 0.329053 0.522921 -0.474998
v 0.348864 0.283998 -0.214773
v 0.405567 0.225064 -0.126181
v 0.327542 0.303405 -0.199226
v 0.382376 0.243372 -0.111053
v 0.417286 0.186307 -0.267328
v 0.463820 0.145455 -0.184699
v 0.438717 0.147461 -0.285794
v 0.481254 0.112354 -0.205721
v 0.358752 0.271011 -0.282204
v 0.308312 0.335101 -0.250804
v 0.322293 0.328184 -0.316586
v 0.465079 0.169940 -0.109161
v 0.421189 0.211821 -0.074075
v 0.483735 0.164317 -0.054756
v 0.405649 0.188792 -0.317214
v 0.348655 0.280867 -0.332882
v 0.493891 0.113229 -0.154866
v 0.495731 0.139893 -0.079508
v 0.416707 0.182791 0.176201
v 0.448141 0.179688 0.117745
v 0.392209 0.195584 0.142372
v 0.419389 0.195587 0.084113
v 0.465553 0.140797 0.254249
v 0.501760 0.125602 0.193421
v 0.475081 0.119653 0.271952
v 0.512704 0.102351 0.212648
v 0.425300 0.167153 0.249973
v 0.384949 0.189077 0.187455
v 0.393972 0.172893 0.265228
v 0.494271 0.149180 0.129044
v 0.446599 0.185105 0.071497
v 0.495681 0.151347 0.084278
v 0.450067 0.138628 0.293942
v 0.410431 0.163856 0.292952
v 0.523052 0.104538 0.172461
v 0.513294 0.128923 0.107662
v -0.079525 -0.595007 0.056547
v -0.088389 -0.619117 -0.039792
v -0.130949 -0.591698 0.045120
v -0.137049 -0.668366 -0.036900
v 0.079201 -0.595150 0.056792
v 0.087887 -0.618219 -0.040317
v 0.130764 -0.591729 0.044835
v 0.135512 -0.667680 -0.037971
v 0.000021 -0.589481 0.116789
v -0.102400 -0.584312 0.107381
v -0.025512 -0.588138 0.174940
v -0.000326 -0.572150 -0.081964
v -0.109249 -0.672843 -0.085663
v -0.038404 -0.567394 -0.125865
v 0.102572 -0.584424 0.107740
v 0.025672 -0.588524 0.174879
v 0.107850 -0.670384 -0.086357
v 0.037356 -0.567198 -0.125928
v -0.204537 -0.564814 0.360846
v -0.276940 -0.542601 0.374537
v -0.221129 -0.553601 0.276388
v -0.286453 -0.520305 0.300372
v -0.141351 -0.793276 0.516753
v -0.285040 -0.757347 0.580016
v -0.102224 -0.762326 0.610794
v -0.251978 -0.745011 0.660020
v -0.139449 -0.643189 0.413282
v -0.175547 -0.569603 0.291343
v -0.103699 -0.593881 0.368357
v -0.302949 -0.580530 0.464582
v -0.307729 -0.503401 0.335864
v -0.320717 -0.504990 0.425085
v -0.084065 -0.699392 0.528753
v -0.082488 -0.635043 0.416563
v -0.315458 -0.661239 0.618981
v -0.319480 -0.534330 0.489676
v -0.226938 -0.659672 -0.300942
v -0.291237 -0.522520 -0.293850
v -0.267637 -0.732976 -0.273285
v -0.336033 -0.576118 -0.270507
v -0.112861 -0.412794 -0.313437
v -0.165936 -0.342554 -0.322489
v -0.084418 -0.356940 -0.333155
v -0.136790 -0.292941 -0.347869
v -0.127359 -0.537454 -0.281312
v -0.189594 -0.735700 -0.274066
v -0.104978 -0.582294 -0.255343
v -0.239890 -0.378472 -0.301762
v -0.326516 -0.475825 -0.271084
v -0.273243 -0.349740 -0.289717
v -0.067756 -0.411718 -0.313350
v -0.076160 -0.518183 -0.272016
v -0.174109 -0.281734 -0.341934
v -0.239386 -0.306911 -0.309773
v -0.367944 -0.273228 -0.152276
v -0.395960 -0.239335 -0.084554
v -0.366851 -0.330902 -0.134633
v -0.385334 -0.290062 -0.063264
v -0.418107 -0.138099 -0.228410
v -0.456105 -0.119515 -0.163782
v -0.442338 -0.100246 -0.259630
v -0.476744 -0.087073 -0.192016
v -0.367824 -0.209079 -0.216614
v -0.356618 -0.319716 -0.178135
v -0.340107 -0.240994 -0.233125
v -0.442738 -0.161011 -0.089602
v -0.403278 -0.246108 -0.039408
v -0.449977 -0.165886 -0.043476
v -0.407145 -0.129025 -0.271540
v -0.354715 -0.195126 -0.257743
v -0.484745 -0.092142 -0.143791
v -0.472675 -0.128081 -0.069347
v -0.394612 -0.321664 0.212918
v -0.416954 -0.270526 0.139416
v -0.383027 -0.360694 0.190086
v -0.401627 -0.310573 0.116585
v -0.436592 -0.199479 0.267846
v -0.471607 -0.153569 0.197403
v -0.451898 -0.159131 0.282456
v -0.492469 -0.115851 0.214519
v -0.399673 -0.286694 0.281308
v -0.376182 -0.367408 0.241737
v -0.378927 -0.335144 0.314142
v -0.456846 -0.187793 0.134639
v -0.417782 -0.265373 0.093465
v -0.459416 -0.183463 0.090556
v -0.425360 -0.201562 0.311210
v -0.390050 -0.291774 0.330060
v -0.500245 -0.114218 0.172976
v -0.482684 -0.146874 0.110437
v 0.204393 -0.564908 0.360613
v 0.276418 -0.542616 0.374483
v 0.221500 -0.553740 0.276497
v 0.286172 -0.520410 0.300412
v 0.141342 -0.792647 0.515051
v 0.284948 -0.757212 0.579607
v 0.102157 -0.762575 0.610473
v 0.253429 -0.744228 0.659545
v 0.139584 -0.642356 0.412972
v 0.176030 -0.569386 0.291511
v 0.104221 -0.593870 0.367744
v 0.084152 -0.699065 0.528391
v 0.082421 -0.634342 0.416578
v 0.302420 -0.580703 0.464390
v 0.307826 -0.503563 0.336232
v 0.320332 -0.504906 0.425383
v 0.315530 -0.661581 0.618864
v 0.319325 -0.534817 0.489819
v 0.227048 -0.660004 -0.301261
v 0.291432 -0.522325 -0.294082
v 0.267476 -0.733082 -0.273283
v 0.335938 -0.576084 -0.270600
v 0.112824 -0.412815 -0.313184
v 0.166113 -0.342758 -0.323067
v 0.084443 -0.356924 -0.333378
v 0.136697 -0.292973 -0.347990
v 0.127268 -0.536977 -0.280999
v 0.190247 -0.735273 -0.273963
v 0.104422 -0.580685 -0.254615
v 0.067419 -0.411741 -0.313249
v 0.075799 -0.517045 -0.272368
v 0.239762 -0.378189 -0.301491
v 0.326722 -0.475733 -0.271589
v 0.273468 -0.350181 -0.289714
v 0.174127 -0.281647 -0.342050
v 0.239228 -0.306743 -0.309901
v 0.368041 -0.272991 -0.152015
v 0.395837 -0.239384 -0.084525
v 0.367083 -0.330907 -0.134899
v 0.385275 -0.290046 -0.063397
v 0.418538 -0.138582 -0.228362
v 0.456274 -0.119670 -0.163795
v 0.442202 -0.100222 -0.259567
v 0.476841 -0.086949 -0.192192
v 0.367855 -0.209672 -0.216559
v 0.356492 -0.319162 -0.178375
v 0.339779 -0.240798 -0.232944
v 0.442695 -0.161174 -0.089490
v 0.403335 -0.245922 -0.039636
v 0.449848 -0.165671 -0.043398
v 0.407275 -0.129242 -0.271482
v 0.355008 -0.195283 -0.257814
v 0.484669 -0.092522 -0.143730
v 0.472540 -0.127920 -0.069144
v 0.393893 -0.321472 0.212701
v 0.416534 -0.270434 0.138934
v 0.382690 -0.360963 0.189905
v 0.401493 -0.310443 0.116659
v 0.436482 -0.199670 0.267543
v 0.471544 -0.153533 0.197429
v 0.452022 -0.159397 0.282307
v 0.491946 -0.117185 0.214879
v 0.399426 -0.286807 0.281294
v 0.376332 -0.367753 0.241305
v 0.379263 -0.335201 0.314118
v 0.456877 -0.187413 0.134783
v 0.418001 -0.264832 0.093461
v 0.459395 -0.182871 0.090346
v 0.425374 -0.201443 0.311204
v 0.389631 -0.291408 0.329762
v 0.500382 -0.114152 0.173061
v 0.482658 -0.146511 0.110559
v 0.049501 -0.077037 0.738563
v -0.049324 -0.077110 0.738509
v 0.050074 -0.136324 0.765458
v -0.050383 -0.136295 0.765413
v 0.041318 0.055795 0.623550
v -0.041088 0.055708 0.623490
v 0.039258 0.092758 0.591897
v -0.039096 0.092999 0.592105
v 0.089966 -0.006503 0.669080
v 0.100207 -0.107509 0.735244
v 0.138498 -0.029595 0.673096
v -0.090360 -0.005431 0.669953
v -0.100310 -0.107594 0.735067
v -0.138572 -0.029251 0.673667
v 0.080164 0.073145 0.599850
v 0.129366 0.012049 0.635592
v -0.080100 0.073308 0.600163
v -0.129339 0.011974 0.635711
v 0.294895 -0.317496 0.609914
v 0.265396 -0.227137 0.642638
v 0.274814 -0.363620 0.658378
v 0.232981 -0.263152 0.679820
v 0.361843 -0.185360 0.479480
v 0.345929 -0.121037 0.515659
v 0.389396 -0.146357 0.442886
v 0.375883 -0.087703 0.478465
v 0.334933 -0.285761 0.519966
v 0.302188 -0.389311 0.618052
v 0.334454 -0.347114 0.519630
v 0.380319 -0.194526 0.438723
v 0.351591 -0.293599 0.474565
v 0.290804 -0.134802 0.590080
v 0.234303 -0.198904 0.677866
v 0.259633 -0.111086 0.620180
v 0.350369 -0.071487 0.510188
v 0.288548 -0.082764 0.577117
v -0.295021 -0.317230 0.609963
v -0.265511 -0.227453 0.642550
v -0.274805 -0.363544 0.658056
v -0.233136 -0.263434 0.679676
v -0.362436 -0.185412 0.479666
v -0.346003 -0.121026 0.515126
v -0.389312 -0.146192 0.442990
v -0.376125 -0.087373 0.478727
v -0.335290 -0.285584 0.520105
v -0.302496 -0.388456 0.618019
v -0.333536 -0.346505 0.518820
v -0.379971 -0.193682 0.438861
v -0.351779 -0.293393 0.474423
v -0.291252 -0.134680 0.590079
v -0.234385 -0.199098 0.677611
v -0.259976 -0.111073 0.620532
v -0.349841 -0.072064 0.510374
v -0.289036 -0.082538 0.577274
v 0.248447 0.158889 0.480029
v 0.220595 0.142075 0.508776
v 0.210199 0.160186 0.495897
v 0.181739 0.153809 0.520497
v 0.358409 0.122411 0.428483
v 0.337451 0.081999 0.468709
v 0.391822 0.102150 0.408485
v 0.375334 0.065154 0.451048
v 0.317162 0.156076 0.437952
v 0.243274 0.161948 0.473911
v 0.310231 0.161316 0.426226
v 0.384781 0.127600 0.397823
v 0.345058 0.156723 0.407000
v 0.267088 0.084851 0.512114
v 0.187081 0.125267 0.531983
v 0.233699 0.067090 0.540733
v 0.347293 0.050590 0.482525
v 0.274851 0.047867 0.528821
v -0.248454 0.158686 0.480126
v -0.220597 0.142916 0.508691
v -0.210134 0.160089 0.495935
v -0.181701 0.153397 0.520562
v -0.358642 0.122656 0.428790
v -0.337991 0.082393 0.468903
v -0.392131 0.102325 0.408746
v -0.375358 0.065326 0.451138
v -0.317119 0.155851 0.437811
v -0.243204 0.161916 0.473949
v -0.310207 0.161129 0.426225
v -0.384881 0.127489 0.398035
v -0.345007 0.156599 0.407026
v -0.267072 0.084726 0.512437
v -0.187072 0.125320 0.532111
v -0.233812 0.067428 0.540527
v -0.347683 0.050883 0.482759
v -0.274423 0.048047 0.528566
v 0.042157 -0.029907 -0.608409
v -0.042168 -0.030077 -0.607982
v 0.038774 -0.073254 -0.568444
v -0.038778 -0.073236 -0.568479
v 0.055461 0.098031 -0.758810
v -0.055678 0.095901 -0.760798
v 0.058954 0.152159 -0.791520
v -0.058662 0.151486 -0.791008
v 0.096861 0.027098 -0.684658
v 0.080249 -0.049538 -0.583341
v 0.136299 0.007781 -0.651233
v -0.096996 0.024947 -0.687488
v -0.080356 -0.049579 -0.583553
v -0.136660 0.007415 -0.651454
v 0.117043 0.117122 -0.800277
v 0.152356 0.037479 -0.714762
v -0.116809 0.115734 -0.799978
v -0.151854 0.038105 -0.714055
v 0.223931 -0.146018 -0.455203
v 0.208180 -0.106309 -0.500502
v 0.186586 -0.160978 -0.466133
v 0.169993 -0.127964 -0.506666
v 0.336048 -0.091794 -0.421045
v 0.324544 -0.050026 -0.472755
v 0.373005 -0.073875 -0.407278
v 0.362372 -0.034136 -0.458279
v 0.285677 -0.139605 -0.413843
v 0.210852 -0.173038 -0.431991
v 0.269849 -0.172413 -0.386139
v 0.358622 -0.101814 -0.388315
v 0.306300 -0.152421 -0.377542
v 0.258971 -0.053914 -0.516051
v 0.179402 -0.095486 -0.523697
v 0.231542 -0.038958 -0.547190
v 0.337535 -0.019117 -0.493074
v 0.272014 -0.019851 -0.541281
v -0.223729 -0.146029 -0.455316
v -0.208219 -0.106478 -0.500508
v -0.186535 -0.160975 -0.466093
v -0.169825 -0.127947 -0.506663
v -0.335949 -0.091741 -0.420958
v -0.324669 -0.050200 -0.472718
v -0.372975 -0.073773 -0.407228
v -0.362313 -0.034182 -0.458277
v -0.285444 -0.139625 -0.413704
v -0.210803 -0.172987 -0.432044
v -0.269811 -0.172562 -0.386031
v -0.358487 -0.101640 -0.388291
v -0.306095 -0.152072 -0.377317
v -0.259199 -0.053954 -0.515750
v -0.179490 -0.094673 -0.523876
v -0.231481 -0.039193 -0.547168
v -0.338063 -0.019316 -0.492917
v -0.272174 -0.020028 -0.541398
v 0.285274 0.300326 -0.629584
v 0.293958 0.232031 -0.713586
v 0.257961 0.341610 -0.663636
v 0.257892 0.267997 -0.746547
v 0.368457 0.176686 -0.513885
v 0.377818 0.123248 -0.568918
v 0.399274 0.138581 -0.476772
v 0.397748 0.093056 -0.521031
v 0.319235 0.268340 -0.538657
v 0.271915 0.358021 -0.611002
v 0.301766 0.323190 -0.523469
v 0.376593 0.182257 -0.465105
v 0.323337 0.274503 -0.487189
v 0.319837 0.142035 -0.653364
v 0.273361 0.209724 -0.767859
v 0.295570 0.119331 -0.694811
v 0.369269 0.083704 -0.553075
v 0.312512 0.094786 -0.631397
v -0.285289 0.300713 -0.629715
v -0.293742 0.232117 -0.713088
v -0.257613 0.341773 -0.663909
v -0.258072 0.268839 -0.746824
v -0.368417 0.176823 -0.514296
v -0.378327 0.123688 -0.569369
v -0.399198 0.138226 -0.476860
v -0.397649 0.093492 -0.521236
v -0.319267 0.268409 -0.538765
v -0.272300 0.357994 -0.611273
v -0.301653 0.323351 -0.523516
v -0.376599 0.182229 -0.465003
v -0.323307 0.274614 -0.487071
v -0.319496 0.142123 -0.653291
v -0.273463 0.209980 -0.767950
v -0.295568 0.119375 -0.695005
v -0.368847 0.083786 -0.552821
v -0.312785 0.094938 -0.631213
v 0.580490 0.018723 -0.050657
v 0.577221 -0.010932 -0.052168
v 0.565049 0.018925 -0.100040
v 0.561948 -0.011452 -0.100788
v 0.591302 0.021105 0.087776
v 0.589475 -0.010079 0.085843
v 0.587603 0.021430 0.131438
v 0.585703 -0.009513 0.129298
v 0.587770 0.037107 0.021426
v 0.567047 0.036386 -0.074725
v 0.571120 0.058788 -0.001648
v 0.581188 0.039436 0.110262
v 0.570316 0.060658 0.043336
v 0.583939 -0.025280 0.018122
v 0.560498 -0.026692 -0.076510
v 0.565293 -0.043249 -0.004588
v 0.578056 -0.027046 0.107061
v 0.566683 -0.045578 0.040818
v -0.580555 0.018828 -0.050663
v -0.577347 -0.010951 -0.052201
v -0.565164 0.019005 -0.100070
v -0.562063 -0.011405 -0.100816
v -0.591235 0.021201 0.087758
v -0.589499 -0.010058 0.085854
v -0.587476 0.021516 0.131427
v -0.585726 -0.009500 0.129304
v -0.587759 0.037292 0.021414
v -0.567183 0.036434 -0.074771
v -0.571272 0.059023 -0.001739
v -0.581096 0.039657 0.110276
v -0.570833 0.060502 0.043454
v -0.583953 -0.025231 0.018062
v -0.560579 -0.026661 -0.076492
v -0.565245 -0.043152 -0.004616
v -0.578031 -0.026952 0.107085
v -0.566615 -0.045686 0.040836
v -0.150922 0.317827 -0.017011
v -0.172082 0.290585 0.028491
v -0.153510 0.440304 -0.183407
v -0.177040 0.466902 -0.217648
v -0.135558 0.299094 0.026435
v -0.143403 0.493560 -0.223979
v -0.292695 0.229518 0.114290
v -0.328233 0.220933 0.110161
v -0.321528 0.211038 0.155943
v -0.265478 0.413944 -0.252328
v -0.280607 0.360933 -0.220667
v -0.279580 0.412781 -0.274772
v -0.372534 0.239659 -0.046358
v -0.381550 0.225798 0.001245
v -0.407379 0.214351 -0.010519
v 0.150538 0.317804 -0.017318
v 0.171816 0.290785 0.028494
v 0.153638 0.440844 -0.184391
v 0.177211 0.467847 -0.218592
v 0.135601 0.299003 0.026315
v 0.143547 0.493844 -0.225143
v 0.292606 0.229632 0.114463
v 0.327872 0.220933 0.110264
v 0.320942 0.210982 0.155735
v 0.265910 0.415014 -0.253465
v 0.280467 0.361208 -0.221504
v 0.280033 0.413743 -0.275288
v 0.372115 0.240092 -0.047038
v 0.381289 0.226353 0.000900
v 0.406644 0.215137 -0.011370
v -0.198120 -0.564951 0.086056
v -0.218112 -0.556057 0.146999
v -0.233515 -0.783488 -0.076322
v -0.271555 -0.788790 -0.153652
v -0.173379 -0.567894 0.156216
v -0.185519 -0.799430 -0.148437
v -0.338353 -0.478844 0.211515
v -0.361989 -0.442493 0.188314
v -0.350051 -0.448692 0.244657
v -0.363511 -0.516232 -0.181772
v -0.362952 -0.447837 -0.148292
v -0.357508 -0.441161 -0.196799
v -0.384150 -0.344401 0.000075
v -0.386654 -0.347116 0.045532
v -0.397764 -0.300430 0.025537
v 0.198214 -0.565016 0.086141
v 0.217718 -0.556258 0.146748
v 0.230483 -0.785333 -0.078330
v 0.269972 -0.789376 -0.154184
v 0.173305 -0.567521 0.155764
v 0.179310 -0.798379 -0.150500
v 0.338239 -0.478471 0.211632
v 0.361701 -0.442634 0.188278
v 0.348703 -0.448522 0.244186
v 0.364445 -0.516430 -0.182277
v 0.362690 -0.447776 -0.148387
v 0.357686 -0.440903 -0.196961
v 0.383926 -0.344099 0.000077
v 0.387183 -0.347294 0.045588
v 0.398026 -0.300643 0.024980
v -0.032916 -0.607109 0.623472
v 0.032407 -0.606801 0.623530
v -0.232565 -0.572839 0.698673
v -0.236619 -0.482552 0.690848
v -0.000396 -0.597358 0.576547
v -0.286077 -0.529576 0.673538
v 0.232372 -0.572850 0.698654
v 0.236254 -0.482832 0.690953
v 0.285885 -0.530248 0.673724
v 0.098568 -0.230486 0.739940
v 0.145686 -0.263480 0.721791
v -0.098491 -0.230595 0.739322
v -0.145977 -0.263703 0.722073
v 0.149422 -0.199633 0.728689
v -0.149674 -0.199882 0.729006
v -0.022153 0.176023 0.406931
v 0.022339 0.175892 0.407021
v -0.154281 0.162886 0.493341
v -0.166435 0.160831 0.511982
v 0.000151 0.182916 0.360496
v -0.197709 0.163058 0.483611
v 0.154363 0.163102 0.493371
v 0.166557 0.160886 0.511959
v 0.197753 0.163168 0.483681
v 0.072364 0.152487 0.550037
v 0.108409 0.153514 0.542719
v -0.072134 0.152428 0.549841
v -0.108410 0.153248 0.542960
v 0.112080 0.128656 0.555316
v -0.112307 0.129773 0.554689
v -0.019791 -0.307177 -0.359607
v 0.019898 -0.307289 -0.359648
v -0.124902 -0.216612 -0.418515
v -0.138002 -0.189979 -0.452469
v -0.000270 -0.358530 -0.335158
v -0.161382 -0.212342 -0.411458
v 0.124955 -0.216637 -0.418517
v 0.137960 -0.190092 -0.452303
v 0.161379 -0.212412 -0.411352
v 0.069604 -0.137085 -0.534357
v 0.101216 -0.145400 -0.523992
v -0.069628 -0.136412 -0.534554
v -0.101198 -0.145401 -0.524009
v 0.108204 -0.108098 -0.540020
v -0.108178 -0.107894 -0.539952
v -0.033717 0.632117 -0.611663
v 0.033713 0.632062 -0.611800
v -0.204284 0.502012 -0.651555
v -0.214207 0.439362 -0.668580
v -0.000060 0.675262 -0.575440
v -0.239656 0.464647 -0.628613
v 0.204262 0.501929 -0.651613
v 0.214065 0.439142 -0.668570
v 0.239730 0.464234 -0.628435
v 0.116939 0.242259 -0.809461
v 0.166534 0.271055 -0.789929
v -0.117072 0.242451 -0.809399
v -0.166513 0.271270 -0.789931
v 0.177192 0.212631 -0.815583
v -0.177080 0.212911 -0.815525
v 0.450768 0.106421 -0.352483
v 0.442182 0.103088 -0.398485
v 0.521193 0.053373 -0.200710
v 0.537300 0.035106 -0.174422
v 0.418460 0.145046 -0.383179
v 0.531971 0.056771 -0.150668
v 0.444359 -0.069517 -0.321648
v 0.426788 -0.064421 -0.357087
v 0.515778 -0.042110 -0.196842
v 0.532102 -0.026605 -0.172782
v 0.411451 -0.089767 -0.336831
v 0.525752 -0.044340 -0.148490
v 0.411367 0.006732 -0.457446
v 0.417262 0.035688 -0.469533
v 0.387381 0.025204 -0.494625
v 0.467013 0.094433 0.323126
v 0.446815 0.089964 0.356275
v 0.548752 0.058560 0.212783
v 0.571104 0.037974 0.194497
v 0.438780 0.113966 0.344354
v 0.558771 0.059641 0.173537
v 0.453001 -0.118501 0.334600
v 0.436871 -0.115010 0.372320
v 0.544450 -0.047991 0.210039
v 0.569109 -0.024169 0.190305
v 0.423831 -0.156880 0.363844
v 0.553977 -0.047135 0.170157
v 0.414782 -0.016204 0.443644
v 0.416748 0.018977 0.439071
v 0.388975 0.001147 0.471993
v -0.450678 0.106640 -0.352522
v -0.442214 0.103290 -0.398529
v -0.521322 0.053324 -0.200828
v -0.537419 0.035141 -0.174473
v -0.418427 0.144734 -0.383306
v -0.532234 0.056798 -0.150796
v -0.444419 -0.069504 -0.321725
v -0.426876 -0.064480 -0.357213
v -0.515789 -0.042083 -0.196829
v -0.532174 -0.026600 -0.172787
v -0.411472 -0.089755 -0.336927
v -0.525702 -0.044381 -0.148474
v -0.411388 0.006740 -0.457359
v -0.416838 0.035766 -0.469613
v -0.387364 0.025262 -0.494819
v -0.467031 0.094469 0.323206
v -0.447704 0.090452 0.356846
v -0.548570 0.058817 0.212772
v -0.570892 0.038199 0.194460
v -0.438881 0.114091 0.344451
v -0.558782 0.059814 0.173515
v -0.452959 -0.117980 0.334144
v -0.436667 -0.114229 0.372234
v -0.544165 -0.048378 0.209955
v -0.569069 -0.024042 0.190315
v -0.423998 -0.156997 0.363766
v -0.554047 -0.047197 0.169969
v -0.414653 -0.016373 0.443416
v -0.416691 0.019050 0.439095
v -0.388939 0.001090 0.471634
v -0.020171 0.267465 0.116843
v 0.020651 0.267706 0.117215
v 0.000097 0.247193 0.164980
v -0.026229 0.635491 -0.307074
v 0.026573 0.635093 -0.307566
v 0.000079 0.670555 -0.357773
v -0.346044 0.171808 0.326689
v -0.326804 0.167566 0.371626
v -0.360411 0.165391 0.353311
v -0.306460 0.405114 -0.402601
v -0.299516 0.397126 -0.455267
v -0.309865 0.338113 -0.417975
v -0.515521 0.134199 0.018677
v -0.533314 0.110476 -0.003256
v -0.534339 0.108634 0.042179
v 0.346347 0.171811 0.326897
v 0.326936 0.167659 0.371712
v 0.360540 0.165512 0.353344
v 0.306245 0.405241 -0.402409
v 0.299459 0.397060 -0.455335
v 0.309689 0.338034 -0.417862
v 0.515480 0.134077 0.018841
v 0.533184 0.110410 -0.003198
v 0.534261 0.108803 0.042087
v -0.025678 -0.595742 0.298973
v 0.025669 -0.596199 0.298763
v 0.000357 -0.607551 0.359249
v -0.031213 -0.555704 -0.206409
v 0.030358 -0.555122 -0.206468
v -0.000367 -0.536533 -0.238853
v -0.351014 -0.397879 0.403662
v -0.342733 -0.407097 0.459623
v -0.359218 -0.348358 0.417486
v -0.296489 -0.251377 -0.285298
v -0.276029 -0.228050 -0.320767
v -0.308315 -0.206232 -0.310389
v -0.484865 -0.136511 0.022273
v -0.514156 -0.094765 -0.001297
v -0.513503 -0.103442 0.042984
v 0.350801 -0.397851 0.404073
v 0.342447 -0.407182 0.459834
v 0.359270 -0.348562 0.417132
v 0.296527 -0.251355 -0.285483
v 0.275894 -0.228016 -0.320589
v 0.308415 -0.206243 -0.310415
v 0.484759 -0.136245 0.022376
v 0.514078 -0.094913 -0.001461
v 0.513265 -0.103642 0.042993
v 0.215555 -0.036191 0.621131
v 0.207244 0.007671 0.594904
v 0.247960 -0.014248 0.581647
v -0.215425 -0.036446 0.620630
v -0.207273 0.007279 0.594857
v -0.247705 -0.014438 0.581333
v 0.216876 0.011958 -0.620703
v 0.235698 0.048879 -0.669037
v 0.260255 0.032949 -0.616509
v -0.216798 0.012464 -0.620647
v -0.235628 0.049082 -0.668789
v -0.260376 0.033206 -0.616404
f 1 647 644
f 1 644 643
f 1 643 645
f 1 645 646
f 1 646 647
f 2 649 652
f 6 672 670
f 12 702 699
f 11 696 695
f 8 679 681
f 4 662 659
f 4 659 658
f 4 658 660
f 4 660 661
f 4 661 662
f 5 666 665
f 3 654 657
f 7 673 677
f 9 685 686
f 10 692 688
f 12 701 698
f 6 669 668
f 2 650 648
f 8 682 678
f 11 697 693
f 6 671 669
f 12 700 701
f 11 694 697
f 8 680 682
f 2 651 650
f 10 690 689
f 5 663 664
f 3 655 653
f 7 676 674
f 9 687 684
f 10 691 690
f 5 667 663
f 3 656 655
f 7 675 676
f 9 683 687
f 6 668 672
f 2 648 649
f 8 678 679
f 11 693 696
f 12 698 702
f 10 688 691
f 5 665 667
f 3 657 656
f 7 677 675
f 9 686 683
f 5 664 666
f 3 653 654
f 7 674 673
f 9 684 685
f 10 689 692
f 6 670 671
f 12 699 700
f 11 695 694
f 8 681 680
f 2 652 651
f 35 837 838
f 18 735 736
f 19 742 741
f 40 868 867
f 42 880 879
f 34 832 831
f 33 827 828
f 25 778 780
f 36 844 846
f 20 749 747
f 32 819 820
f 23 765 767
f 24 773 771
f 37 850 849
f 41 876 875
f 34 833 834
f 33 826 825
f 25 779 777
f 36 845 843
f 20 748 750
f 17 729 727
f 14 711 709
f 13 706 703
f 15 718 715
f 16 724 721
f 18 737 733
f 35 839 835
f 42 882 878
f 40 870 866
f 19 744 740
f 30 807 805
f 27 789 787
f 22 762 758
f 28 797 793
f 29 802 799
f 32 821 817
f 23 766 763
f 24 774 770
f 37 852 848
f 41 874 872
f 35 838 836
f 18 736 734
f 19 741 739
f 40 867 865
f 42 879 877
f 34 831 829
f 33 828 824
f 25 780 776
f 36 846 842
f 20 747 745
f 32 820 818
f 23 767 764
f 24 771 769
f 37 849 847
f 41 875 871
f 34 834 830
f 33 825 823
f 25 777 775
f 36 843 841
f 20 750 746
f 14 714 710
f 13 707 704
f 15 719 716
f 16 725 722
f 17 732 728
f 21 755 752
f 31 814 811
f 26 784 781
f 38 857 853
f 39 862 860
f 27 792 788
f 22 759 757
f 28 796 794
f 29 803 800
f 30 810 806
f 31 815 812
f 26 785 782
f 38 856 854
f 39 863 859
f 21 754 751
f 14 712 714
f 13 705 707
f 15 717 719
f 16 723 725
f 17 730 732
f 21 753 755
f 31 816 814
f 26 786 784
f 38 858 857
f 39 861 862
f 27 791 792
f 22 761 759
f 28 795 796
f 29 801 803
f 30 808 810
f 31 813 815
f 26 783 785
f 38 855 856
f 39 864 863
f 21 756 754
f 14 709 712
f 13 703 705
f 15 715 717
f 16 721 723
f 17 727 730
f 21 751 753
f 31 812 816
f 26 782 786
f 38 854 858
f 39 859 861
f 27 787 791
f 22 758 761
f 28 793 795
f 29 799 801
f 30 805 808
f 31 811 813
f 26 781 783
f 38 853 855
f 39 860 864
f 21 752 756
f 17 728 731
f 14 710 713
f 13 704 708
f 15 716 720
f 16 722 726
f 18 734 738
f 35 836 840
f 42 877 881
f 40 865 869
f 19 739 743
f 30 806 809
f 27 788 790
f 22 757 760
f 28 794 798
f 29 800 804
f 32 818 822
f 23 764 768
f 24 769 772
f 37 847 851
f 41 871 873
f 35 835 837
f 18 733 735
f 19 740 742
f 40 866 868
f 42 878 880
f 34 830 832
f 33 823 827
f 25 775 778
f 36 841 844
f 20 746 749
f 32 817 819
f 23 763 765
f 24 770 773
f 37 848 850
f 41 872 876
f 34 829 833
f 33 824 826
f 25 776 779
f 36 842 845
f 20 745 748
f 17 731 729
f 14 713 711
f 13 708 706
f 15 720 718
f 16 726 724
f 18 738 737
f 35 840 839
f 42 881 882
f 40 869 870
f 19 743 744
f 30 809 807
f 27 790 789
f 22 760 762
f 28 798 797
f 29 804 802
f 32 822 821
f 23 768 766
f 24 772 774
f 37 851 852
f 41 873 874
f 107 1269 1270
f 103 1245 1246
f 104 1252 1251
f 110 1288 1287
f 113 1306 1305
f 118 1336 1335
f 154 1551 1552
f 141 1473 1474
f 162 1599 1600
f 121 1354 1353
f 142 1479 1480
f 129 1401 1402
f 130 1408 1407
f 144 1492 1491
f 146 1504 1503
f 151 1533 1534
f 131 1414 1413
f 136 1444 1443
f 161 1594 1593
f 126 1383 1384
f 116 1323 1324
f 108 1275 1276
f 106 1263 1264
f 112 1299 1300
f 115 1317 1318
f 119 1341 1342
f 156 1564 1563
f 139 1462 1461
f 160 1588 1587
f 120 1347 1348
f 149 1521 1522
f 132 1420 1419
f 128 1395 1396
f 145 1497 1498
f 148 1515 1516
f 155 1557 1558
f 133 1425 1426
f 134 1431 1432
f 157 1570 1569
f 124 1372 1371
f 109 1282 1281
f 105 1258 1257
f 111 1294 1293
f 114 1312 1311
f 117 1330 1329
f 125 1378 1377
f 152 1540 1539
f 137 1449 1450
f 158 1575 1576
f 123 1365 1366
f 143 1486 1485
f 127 1390 1389
f 135 1437 1438
f 147 1510 1509
f 150 1528 1527
f 153 1546 1545
f 140 1468 1467
f 138 1455 1456
f 159 1581 1582
f 122 1359 1360
f 107 1272 1271
f 103 1248 1247
f 104 1253 1254
f 110 1289 1290
f 113 1307 1308
f 118 1337 1338
f 154 1554 1553
f 141 1476 1475
f 162 1602 1601
f 121 1355 1356
f 142 1482 1481
f 129 1404 1403
f 130 1409 1410
f 144 1493 1494
f 146 1505 1506
f 151 1536 1535
f 131 1415 1416
f 136 1445 1446
f 161 1595 1596
f 126 1386 1385
f 47 909 907
f 44 891 889
f 43 886 883
f 45 898 895
f 46 904 901
f 49 922 919
f 72 1060 1057
f 102 1240 1237
f 96 1204 1201
f 79 1102 1099
f 62 999 997
f 59 981 979
f 58 976 973
f 60 988 985
f 61 994 991
f 66 1024 1021
f 54 952 949
f 73 1066 1063
f 85 1138 1135
f 92 1179 1177
f 101 1233 1231
f 69 1041 1039
f 50 927 925
f 82 1119 1117
f 97 1209 1207
f 71 1053 1051
f 100 1228 1225
f 94 1192 1189
f 80 1108 1105
f 51 933 931
f 90 1167 1165
f 63 1005 1003
f 55 957 955
f 76 1083 1081
f 87 1150 1147
f 91 1174 1171
f 67 1029 1027
f 56 963 961
f 75 1077 1075
f 83 1126 1123
f 68 1036 1033
f 48 915 913
f 78 1095 1093
f 93 1185 1183
f 98 1216 1213
f 88 1155 1153
f 65 1018 1015
f 57 970 967
f 77 1090 1087
f 86 1143 1141
f 64 1012 1009
f 53 945 943
f 74 1071 1069
f 84 1131 1129
f 89 1162 1159
f 70 1047 1045
f 99 1221 1219
f 95 1197 1195
f 81 1114 1111
f 52 940 937
f 109 1284 1280
f 105 1260 1256
f 111 1296 1292
f 114 1314 1310
f 117 1332 1328
f 125 1380 1376
f 152 1542 1538
f 137 1451 1447
f 158 1577 1573
f 123 1367 1363
f 143 1488 1484
f 127 1392 1388
f 135 1439 1435
f 147 1512 1508
f 150 1530 1526
f 153 1548 1544
f 140 1470 1466
f 138 1457 1453
f 159 1583 1579
f 122 1361 1357
f 107 1270 1268
f 103 1246 1244
f 104 1251 1249
f 110 1287 1285
f 113 1305 1303
f 118 1335 1333
f 154 1552 1550
f 141 1474 1472
f 162 1600 1598
f 121 1353 1351
f 142 1480 1478
f 129 1402 1400
f 130 1407 1405
f 144 1491 1489
f 146 1503 1501
f 151 1534 1532
f 131 1413 1411
f 136 1443 1441
f 161 1593 1591
f 126 1384 1382
f 116 1324 1322
f 108 1276 1274
f 106 1264 1262
f 112 1300 1298
f 115 1318 1316
f 119 1342 1340
f 156 1563 1561
f 139 1461 1459
f 160 1587 1585
f 120 1348 1346
f 149 1522 1520
f 132 1419 1417
f 128 1396 1394
f 145 1498 1496
f 148 1516 1514
f 155 1558 1556
f 133 1426 1424
f 134 1432 1430
f 157 1569 1567
f 124 1371 1369
f 109 1281 1279
f 105 1257 1255
f 111 1293 1291
f 114 1311 1309
f 117 1329 1327
f 125 1377 1375
f 152 1539 1537
f 137 1450 1448
f 158 1576 1574
f 123 1366 1364
f 143 1485 1483
f 127 1389 1387
f 135 1438 1436
f 147 1509 1507
f 150 1527 1525
f 153 1545 1543
f 140 1467 1465
f 138 1456 1454
f 159 1582 1580
f 122 1360 1358
f 107 1271 1267
f 103 1247 1243
f 104 1254 1250
f 110 1290 1286
f 113 1308 1304
f 118 1338 1334
f 154 1553 1549
f 141 1475 1471
f 162 1601 1597
f 121 1356 1352
f 142 1481 1477
f 129 1403 1399
f 130 1410 1406
f 144 1494 1490
f 146 1506 1502
f 151 1535 1531
f 131 1416 1412
f 136 1446 1442
f 161 1596 1592
f 126 1385 1381
f 44 894 890
f 43 887 884
f 45 899 896
f 46 905 902
f 47 912 908
f 52 941 938
f 70 1050 1046
f 99 1224 1220
f 95 1200 1196
f 81 1115 1112
f 59 984 980
f 58 977 974
f 60 989 986
f 61 995 992
f 62 1002 998
f 65 1019 1016
f 57 971 968
f 77 1091 1088
f 86 1146 1142
f 88 1158 1154
f 98 1217 1214
f 68 1037 1034
f 48 918 914
f 78 1098 1094
f 93 1188 1184
f 69 1044 1040
f 101 1236 1232
f 97 1212 1208
f 82 1122 1118
f 50 930 926
f 89 1163 1160
f 64 1013 1010
f 53 948 944
f 74 1074 1070
f 84 1134 1130
f 90 1170 1166
f 63 1008 1004
f 55 960 956
f 76 1086 1082
f 87 1151 1148
f 72 1061 1058
f 49 923 920
f 79 1103 1100
f 96 1205 1202
f 102 1241 1238
f 91 1175 1172
f 67 1032 1028
f 56 966 962
f 75 1080 1076
f 83 1127 1124
f 66 1025 1022
f 54 953 950
f 73 1067 1064
f 85 1139 1136
f 92 1182 1178
f 71 1056 1052
f 100 1229 1226
f 94 1193 1190
f 80 1109 1106
f 51 936 932
f 116 1325 1321
f 108 1277 1273
f 106 1265 1261
f 112 1301 1297
f 115 1319 1315
f 119 1343 1339
f 156 1566 1562
f 139 1464 1460
f 160 1590 1586
f 120 1349 1345
f 149 1523 1519
f 132 1422 1418
f 128 1397 1393
f 145 1499 1495
f 148 1517 1513
f 155 1559 1555
f 133 1427 1423
f 134 1433 1429
f 157 1572 1568
f 124 1374 1370
f 44 892 894
f 43 885 887
f 45 897 899
f 46 903 905
f 47 910 912
f 52 939 941
f 70 1048 1050
f 99 1222 1224
f 95 1198 1200
f 81 1113 1115
f 59 982 984
f 58 975 977
f 60 987 989
f 61 993 995
f 62 1000 1002
f 65 1017 1019
f 57 969 971
f 77 1089 1091
f 86 1144 1146
f 88 1156 1158
f 98 1215 1217
f 68 1035 1037
f 48 916 918
f 78 1096 1098
f 93 1186 1188
f 69 1042 1044
f 101 1234 1236
f 97 1210 1212
f 82 1120 1122
f 50 928 930
f 89 1161 1163
f 64 1011 1013
f 53 946 948
f 74 1072 1074
f 84 1132 1134
f 90 1168 1170
f 63 1006 1008
f 55 958 960
f 76 1084 1086
f 87 1149 1151
f 72 1059 1061
f 49 921 923
f 79 1101 1103
f 96 1203 1205
f 102 1239 1241
f 91 1173 1175
f 67 1030 1032
f 56 964 966
f 75 1078 1080
f 83 1125 1127
f 66 1023 1025
f 54 951 953
f 73 1065 1067
f 85 1137 1139
f 92 1180 1182
f 71 1054 1056
f 100 1227 1229
f 94 1191 1193
f 80 1107 1109
f 51 934 936
f 116 1326 1325
f 108 1278 1277
f 106 1266 1265
f 112 1302 1301
f 115 1320 1319
f 119 1344 1343
f 156 1565 1566
f 139 1463 1464
f 160 1589 1590
f 120 1350 1349
f 149 1524 1523
f 132 1421 1422
f 128 1398 1397
f 145 1500 1499
f 148 1518 1517
f 155 1560 1559
f 133 1428 1427
f 134 1434 1433
f 157 1571 1572
f 124 1373 1374
f 44 889 892
f 43 883 885
f 45 895 897
f 46 901 903
f 47 907 910
f 52 937 939
f 70 1045 1048
f 99 1219 1222
f 95 1195 1198
f 81 1111 1113
f 59 979 982
f 58 973 975
f 60 985 987
f 61 991 993
f 62 997 1000
f 65 1015 1017
f 57 967 969
f 77 1087 1089
f 86 1141 1144
f 88 1153 1156
f 98 1213 1215
f 68 1033 1035
f 48 913 916
f 78 1093 1096
f 93 1183 1186
f 69 1039 1042
f 101 1231 1234
f 97 1207 1210
f 82 1117 1120
f 50 925 928
f 89 1159 1161
f 64 1009 1011
f 53 943 946
f 74 1069 1072
f 84 1129 1132
f 90 1165 1168
f 63 1003 1006
f 55 955 958
f 76 1081 1084
f 87 1147 1149
f 72 1057 1059
f 49 919 921
f 79 1099 1101
f 96 1201 1203
f 102 1237 1239
f 91 1171 1173
f 67 1027 1030
f 56 961 964
f 75 1075 1078
f 83 1123 1125
f 66 1021 1023
f 54 949 951
f 73 1063 1065
f 85 1135 1137
f 92 1177 1180
f 71 1051 1054
f 100 1225 1227
f 94 1189 1191
f 80 1105 1107
f 51 931 934
f 116 1322 1326
f 108 1274 1278
f 106 1262 1266
f 112 1298 1302
f 115 1316 1320
f 119 1340 1344
f 156 1561 1565
f 139 1459 1463
f 160 1585 1589
f 120 1346 1350
f 149 1520 1524
f 132 1417 1421
f 128 1394 1398
f 145 1496 1500
f 148 1514 1518
f 155 1556 1560
f 133 1424 1428
f 134 1430 1434
f 157 1567 1571
f 124 1369 1373
f 47 908 911
f 44 890 893
f 43 884 888
f 45 896 900
f 46 902 906
f 49 920 924
f 72 1058 1062
f 102 1238 1242
f 96 1202 1206
f 79 1100 1104
f 62 998 1001
f 59 980 983
f 58 974 978
f 60 986 990
f 61 992 996
f 66 1022 1026
f 54 950 954
f 73 1064 1068
f 85 1136 1140
f 92 1178 1181
f 101 1232 1235
f 69 1040 1043
f 50 926 929
f 82 1118 1121
f 97 1208 1211
f 71 1052 1055
f 100 1226 1230
f 94 1190 1194
f 80 1106 1110
f 51 932 935
f 90 1166 1169
f 63 1004 1007
f 55 956 959
f 76 1082 1085
f 87 1148 1152
f 91 1172 1176
f 67 1028 1031
f 56 962 965
f 75 1076 1079
f 83 1124 1128
f 68 1034 1038
f 48 914 917
f 78 1094 1097
f 93 1184 1187
f 98 1214 1218
f 88 1154 1157
f 65 1016 1020
f 57 968 972
f 77 1088 1092
f 86 1142 1145
f 64 1010 1014
f 53 944 947
f 74 1070 1073
f 84 1130 1133
f 89 1160 1164
f 70 1046 1049
f 99 1220 1223
f 95 1196 1199
f 81 1112 1116
f 52 938 942
f 109 1279 1283
f 105 1255 1259
f 111 1291 1295
f 114 1309 1313
f 117 1327 1331
f 125 1375 1379
f 152 1537 1541
f 137 1448 1452
f 158 1574 1578
f 123 1364 1368
f 143 1483 1487
f 127 1387 1391
f 135 1436 1440
f 147 1507 1511
f 150 1525 1529
f 153 1543 1547
f 140 1465 1469
f 138 1454 1458
f 159 1580 1584
f 122 1358 1362
f 107 1267 1269
f 103 1243 1245
f 104 1250 1252
f 110 1286 1288
f 113 1304 1306
f 118 1334 1336
f 154 1549 1551
f 141 1471 1473
f 162 1597 1599
f 121 1352 1354
f 142 1477 1479
f 129 1399 1401
f 130 1406 1408
f 144 1490 1492
f 146 1502 1504
f 151 1531 1533
f 131 1412 1414
f 136 1442 1444
f 161 1592 1594
f 126 1381 1383
f 116 1321 1323
f 108 1273 1275
f 106 1261 1263
f 112 1297 1299
f 115 1315 1317
f 119 1339 1341
f 156 1562 1564
f 139 1460 1462
f 160 1586 1588
f 120 1345 1347
f 149 1519 1521
f 132 1418 1420
f 128 1393 1395
f 145 1495 1497
f 148 1513 1515
f 155 1555 1557
f 133 1423 1425
f 134 1429 1431
f 157 1568 1570
f 124 1370 1372
f 109 1280 1282
f 105 1256 1258
f 111 1292 1294
f 114 1310 1312
f 117 1328 1330
f 125 1376 1378
f 152 1538 1540
f 137 1447 1449
f 158 1573 1575
f 123 1363 1365
f 143 1484 1486
f 127 1388 1390
f 135 1435 1437
f 147 1508 1510
f 150 1526 1528
f 153 1544 1546
f 140 1466 1468
f 138 1453 1455
f 159 1579 1581
f 122 1357 1359
f 107 1268 1272
f 103 1244 1248
f 104 1249 1253
f 110 1285 1289
f 113 1303 1307
f 118 1333 1337
f 154 1550 1554
f 141 1472 1476
f 162 1598 1602
f 121 1351 1355
f 142 1478 1482
f 129 1400 1404
f 130 1405 1409
f 144 1489 1493
f 146 1501 1505
f 151 1532 1536
f 131 1411 1415
f 136 1441 1445
f 161 1591 1595
f 126 1382 1386
f 47 911 909
f 44 893 891
f 43 888 886
f 45 900 898
f 46 906 904
f 49 924 922
f 72 1062 1060
f 102 1242 1240
f 96 1206 1204
f 79 1104 1102
f 62 1001 999
f 59 983 981
f 58 978 976
f 60 990 988
f 61 996 994
f 66 1026 1024
f 54 954 952
f 73 1068 1066
f 85 1140 1138
f 92 1181 1179
f 101 1235 1233
f 69 1043 1041
f 50 929 927
f 82 1121 1119
f 97 1211 1209
f 71 1055 1053
f 100 1230 1228
f 94 1194 1192
f 80 1110 1108
f 51 935 933
f 90 1169 1167
f 63 1007 1005
f 55 959 957
f 76 1085 1083
f 87 1152 1150
f 91 1176 1174
f 67 1031 1029
f 56 965 963
f 75 1079 1077
f 83 1128 1126
f 68 1038 1036
f 48 917 915
f 78 1097 1095
f 93 1187 1185
f 98 1218 1216
f 88 1157 1155
f 65 1020 1018
f 57 972 970
f 77 1092 1090
f 86 1145 1143
f 64 1014 1012
f 53 947 945
f 74 1073 1071
f 84 1133 1131
f 89 1164 1162
f 70 1049 1047
f 99 1223 1221
f 95 1199 1197
f 81 1116 1114
f 52 942 940
f 109 1283 1284
f 105 1259 1260
f 111 1295 1296
f 114 1313 1314
f 117 1331 1332
f 125 1379 1380
f 152 1541 1542
f 137 1452 1451
f 158 1578 1577
f 123 1368 1367
f 143 1487 1488
f 127 1391 1392
f 135 1440 1439
f 147 1511 1512
f 150 1529 1530
f 153 1547 1548
f 140 1469 1470
f 138 1458 1457
f 159 1584 1583
f 122 1362 1361
f 407 1609 1616
f 403 1605 1608
f 404 1611 1606
f 410 1614 1612
f 413 1617 1615
f 422 1631 1624
f 486 1688 1692
f 573 1775 1782
f 561 1763 1765
f 512 1719 1714
f 452 1654 1661
f 448 1650 1653
f 449 1656 1651
f 455 1659 1657
f 458 1662 1660
f 470 1672 1675
f 437 1646 1639
f 494 1706 1696
f 531 1735 1733
f 539 1741 1751
f 568 1770 1779
f 478 1680 1683
f 419 1621 1626
f 509 1711 1721
f 554 1756 1766
f 482 1684 1689
f 576 1780 1778
f 558 1767 1760
f 516 1722 1718
f 425 1627 1629
f 542 1744 1747
f 463 1668 1665
f 434 1636 1641
f 497 1699 1704
f 528 1730 1737
f 546 1748 1750
f 464 1666 1676
f 440 1642 1644
f 500 1705 1702
f 524 1736 1726
f 479 1691 1681
f 418 1623 1620
f 508 1713 1710
f 553 1764 1755
f 569 1781 1771
f 538 1749 1740
f 471 1677 1673
f 443 1645 1647
f 501 1703 1707
f 523 1725 1734
f 467 1674 1669
f 433 1638 1635
f 493 1695 1698
f 527 1732 1729
f 543 1752 1745
f 485 1690 1687
f 572 1777 1774
f 557 1759 1762
f 515 1717 1720
f 428 1630 1632
f 591 2191 2189
f 587 1885 1883
f 588 1901 1903
f 594 2279 2281
f 597 2315 2317
f 600 2171 2173
f 634 2160 2158
f 619 2016 2012
f 639 2214 2210
f 602 1919 1924
f 624 2137 2135
f 608 1978 1973
f 610 1991 1996
f 627 2225 2227
f 630 2302 2304
f 635 2178 2176
f 615 2153 2155
f 617 2009 2014
f 637 2207 2212
f 604 1926 1922
f 416 1857 1864
f 408 1803 1810
f 406 1786 1795
f 412 1822 1831
f 415 1840 1849
f 424 1876 1887
f 492 2182 2193
f 582 2312 2321
f 565 2276 2285
f 514 1898 1907
f 461 2091 2098
f 453 2037 2044
f 451 1952 1961
f 457 2056 2067
f 460 2074 2083
f 475 2128 2139
f 439 1966 1975
f 496 1988 1997
f 533 2222 2231
f 551 2293 2298
f 579 2185 2190
f 483 1879 1884
f 426 1893 1900
f 521 2271 2278
f 566 2307 2314
f 489 2163 2170
f 578 2150 2159
f 560 2006 2015
f 518 2204 2213
f 429 1911 1918
f 547 2131 2136
f 465 1969 1977
f 441 1983 1990
f 504 2217 2224
f 537 2290 2301
f 550 2168 2177
f 476 2145 2152
f 444 2001 2008
f 502 2199 2206
f 526 1916 1925
f 481 1808 1817
f 420 1789 1797
f 510 1825 1833
f 555 1843 1851
f 571 1862 1871
f 540 1933 1941
f 473 2110 2119
f 447 2020 2029
f 507 2236 2247
f 534 2257 2262
f 469 2042 2051
f 435 1947 1954
f 498 2059 2064
f 529 2077 2085
f 545 2096 2105
f 487 2113 2121
f 574 2023 2031
f 562 2239 2244
f 520 2254 2265
f 432 1930 1939
f 589 1818 1814
f 583 1798 1793
f 586 1834 1829
f 593 1852 1847
f 596 1872 1868
f 599 1942 1937
f 633 2120 2124
f 620 2030 2034
f 640 2248 2250
f 603 2263 2261
f 622 2052 2050
f 607 1955 1960
f 612 2065 2063
f 626 2086 2081
f 629 2106 2102
f 631 2122 2117
f 614 2032 2027
f 618 2245 2243
f 641 2266 2268
f 605 1940 1944
f 409 1813 1804
f 405 1792 1785
f 411 1828 1821
f 414 1846 1839
f 417 1867 1858
f 431 1936 1929
f 488 2123 2114
f 575 2033 2024
f 563 2249 2240
f 519 2260 2253
f 454 2049 2038
f 450 1959 1951
f 456 2062 2055
f 459 2080 2073
f 462 2101 2092
f 472 2116 2109
f 446 2026 2019
f 506 2242 2235
f 535 2267 2258
f 541 1943 1934
f 570 1869 1861
f 480 1815 1807
f 421 1799 1790
f 511 1835 1826
f 556 1853 1844
f 484 1889 1880
f 580 2195 2186
f 567 2319 2308
f 522 2283 2272
f 427 1905 1894
f 544 2103 2095
f 468 2046 2041
f 436 1957 1948
f 499 2069 2060
f 530 2087 2078
f 548 2141 2132
f 466 1979 1970
f 442 1993 1984
f 505 2229 2218
f 536 2296 2289
f 491 2188 2181
f 423 1882 1875
f 513 1902 1897
f 564 2280 2275
f 581 2316 2311
f 549 2172 2167
f 477 2157 2146
f 445 2011 2002
f 503 2209 2200
f 525 1923 1915
f 474 2134 2127
f 438 1972 1965
f 495 1995 1987
f 532 2226 2221
f 552 2303 2294
f 490 2175 2164
f 577 2154 2149
f 559 2013 2005
f 517 2211 2203
f 430 1921 1912
f 590 1865 1870
f 584 1811 1816
f 585 1796 1800
f 592 1832 1836
f 595 1850 1854
f 598 1888 1890
f 636 2194 2196
f 621 2322 2320
f 642 2286 2284
f 601 1908 1906
f 623 2099 2104
f 611 2045 2047
f 609 1962 1958
f 625 2068 2070
f 628 2084 2088
f 632 2140 2142
f 613 1976 1980
f 616 1998 1994
f 638 2232 2230
f 606 2299 2297
f 407 2330 2329
f 403 2324 2323
f 404 2325 2326
f 410 2332 2333
f 413 2335 2336
f 422 2344 2345
f 486 2410 2409
f 573 2497 2496
f 561 2486 2485
f 512 2434 2435
f 452 2375 2374
f 448 2369 2368
f 449 2370 2371
f 455 2377 2378
f 458 2380 2381
f 470 2393 2392
f 437 2359 2360
f 494 2415 2416
f 531 2455 2456
f 539 2461 2460
f 568 2489 2488
f 478 2399 2398
f 419 2341 2340
f 509 2431 2430
f 554 2476 2475
f 482 2405 2404
f 576 2500 2501
f 558 2481 2482
f 516 2439 2440
f 425 2348 2347
f 542 2465 2464
f 463 2383 2384
f 434 2356 2355
f 497 2420 2419
f 528 2452 2451
f 546 2471 2470
f 464 2386 2385
f 440 2363 2362
f 500 2422 2423
f 524 2445 2446
f 479 2400 2401
f 418 2338 2339
f 508 2428 2429
f 553 2473 2474
f 569 2490 2491
f 538 2458 2459
f 471 2394 2395
f 443 2366 2365
f 501 2425 2424
f 523 2444 2443
f 467 2389 2390
f 433 2353 2354
f 493 2414 2413
f 527 2449 2450
f 543 2466 2467
f 485 2407 2408
f 572 2494 2495
f 557 2480 2479
f 515 2438 2437
f 428 2351 2350
f 591 2510 2511
f 587 2504 2505
f 588 2508 2507
f 594 2514 2513
f 597 2517 2516
f 600 2520 2519
f 634 2554 2556
f 619 2539 2540
f 639 2560 2561
f 602 2523 2521
f 624 2543 2544
f 608 2527 2529
f 610 2532 2530
f 627 2547 2546
f 630 2550 2549
f 635 2552 2553
f 615 2535 2534
f 617 2538 2536
f 637 2558 2557
f 604 2524 2525
f 167 1607 647
f 164 1603 644
f 163 1604 643
f 165 1610 645
f 166 1613 646
f 169 1622 649
f 192 1686 672
f 222 1773 702
f 216 1761 696
f 199 1712 679
f 182 1652 662
f 179 1648 659
f 178 1649 658
f 180 1655 660
f 181 1658 661
f 186 1670 666
f 174 1637 654
f 193 1694 673
f 205 1731 685
f 212 1739 692
f 221 1768 701
f 189 1678 669
f 170 1619 650
f 202 1709 682
f 217 1754 697
f 191 1682 671
f 220 1776 700
f 214 1758 694
f 200 1716 680
f 171 1625 651
f 210 1742 690
f 183 1663 663
f 175 1634 655
f 196 1697 676
f 207 1728 687
f 211 1746 691
f 187 1664 667
f 176 1640 656
f 195 1700 675
f 203 1724 683
f 188 1679 668
f 168 1618 648
f 198 1708 678
f 213 1753 693
f 218 1769 698
f 208 1738 688
f 185 1671 665
f 177 1643 657
f 197 1701 677
f 206 1723 686
f 184 1667 664
f 173 1633 653
f 194 1693 674
f 204 1727 684
f 209 1743 689
f 190 1685 670
f 219 1772 699
f 215 1757 695
f 201 1715 681
f 172 1628 652
f 357 2187 837
f 255 1881 735
f 262 1899 742
f 388 2277 868
f 400 2313 880
f 352 2169 832
f 347 2156 827
f 298 2010 778
f 364 2208 844
f 269 1917 749
f 339 2133 819
f 285 1971 765
f 293 1989 773
f 370 2223 850
f 396 2300 876
f 353 2174 833
f 346 2151 826
f 299 2007 779
f 365 2205 845
f 268 1920 748
f 249 1855 729
f 231 1801 711
f 226 1784 706
f 238 1820 718
f 244 1838 724
f 257 1874 737
f 359 2180 839
f 402 2310 882
f 390 2274 870
f 264 1896 744
f 327 2089 807
f 309 2035 789
f 282 1950 762
f 317 2054 797
f 322 2072 802
f 341 2126 821
f 286 1964 766
f 294 1986 774
f 372 2220 852
f 394 2291 874
f 358 2183 838
f 256 1877 736
f 261 1891 741
f 387 2269 867
f 399 2305 879
f 351 2161 831
f 348 2148 828
f 300 2004 780
f 366 2202 846
f 267 1909 747
f 340 2129 820
f 287 1967 767
f 291 1981 771
f 369 2215 849
f 395 2288 875
f 354 2166 834
f 345 2143 825
f 297 1999 777
f 363 2197 843
f 270 1914 750
f 234 1806 714
f 227 1787 707
f 239 1823 719
f 245 1841 725
f 252 1860 732
f 275 1931 755
f 334 2108 814
f 304 2018 784
f 377 2234 857
f 382 2255 862
f 312 2040 792
f 279 1945 759
f 316 2057 796
f 323 2075 803
f 330 2094 810
f 335 2111 815
f 305 2021 785
f 376 2237 856
f 383 2252 863
f 274 1928 754
f 232 1812 712
f 225 1791 705
f 237 1827 717
f 243 1845 723
f 250 1866 730
f 273 1935 753
f 336 2118 816
f 306 2028 786
f 378 2246 858
f 381 2259 861
f 311 2048 791
f 281 1953 761
f 315 2061 795
f 321 2079 801
f 328 2100 808
f 333 2115 813
f 303 2025 783
f 375 2241 855
f 384 2264 864
f 276 1938 756
f 229 1802 709
f 223 1783 703
f 235 1819 715
f 241 1837 721
f 247 1856 727
f 271 1927 751
f 332 2112 812
f 302 2022 782
f 374 2238 854
f 379 2251 859
f 307 2036 787
f 278 1949 758
f 313 2053 793
f 319 2071 799
f 325 2090 805
f 331 2107 811
f 301 2017 781
f 373 2233 853
f 380 2256 860
f 272 1932 752
f 248 1859 728
f 230 1805 710
f 224 1788 704
f 236 1824 716
f 242 1842 722
f 254 1878 734
f 356 2184 836
f 397 2306 877
f 385 2270 865
f 259 1892 739
f 326 2093 806
f 308 2039 788
f 277 1946 757
f 314 2058 794
f 320 2076 800
f 338 2130 818
f 284 1968 764
f 289 1982 769
f 367 2216 847
f 391 2287 871
f 355 2179 835
f 253 1873 733
f 260 1895 740
f 386 2273 866
f 398 2309 878
f 350 2165 830
f 343 2144 823
f 295 2000 775
f 361 2198 841
f 266 1913 746
f 337 2125 817
f 283 1963 763
f 290 1985 770
f 368 2219 848
f 392 2292 872
f 349 2162 829
f 344 2147 824
f 296 2003 776
f 362 2201 842
f 265 1910 745
f 251 1863 731
f 233 1809 713
f 228 1794 708
f 240 1830 720
f 246 1848 726
f 258 1886 738
f 360 2192 840
f 401 2318 881
f 389 2282 869
f 263 1904 743
f 329 2097 809
f 310 2043 790
f 280 1956 760
f 318 2066 798
f 324 2082 804
f 342 2138 822
f 288 1974 768
f 292 1992 772
f 371 2228 851
f 393 2295 873
f 409 2331 1269
f 405 2327 1245
f 411 2328 1252
f 414 2334 1288
f 417 2337 1306
f 431 2346 1336
f 488 2412 1551
f 575 2499 1473
f 563 2487 1599
f 519 2436 1354
f 454 2376 1479
f 450 2372 1401
f 456 2373 1408
f 459 2379 1492
f 462 2382 1504
f 472 2396 1533
f 446 2361 1414
f 506 2418 1444
f 535 2457 1594
f 541 2463 1383
f 570 2492 1323
f 480 2402 1275
f 421 2343 1263
f 511 2433 1299
f 556 2478 1317
f 484 2406 1341
f 580 2502 1564
f 567 2484 1462
f 522 2442 1588
f 427 2349 1347
f 544 2468 1521
f 468 2387 1420
f 436 2358 1395
f 499 2421 1497
f 530 2454 1515
f 548 2472 1557
f 466 2388 1425
f 442 2364 1431
f 505 2426 1570
f 536 2448 1372
f 491 2403 1282
f 423 2342 1258
f 513 2432 1294
f 564 2477 1312
f 581 2493 1330
f 549 2462 1378
f 477 2397 1540
f 445 2367 1449
f 503 2427 1575
f 525 2447 1365
f 474 2391 1486
f 438 2357 1390
f 495 2417 1437
f 532 2453 1510
f 552 2469 1528
f 490 2411 1546
f 577 2498 1468
f 559 2483 1455
f 517 2441 1581
f 430 2352 1359
f 590 2509 1272
f 584 2503 1248
f 585 2506 1253
f 592 2512 1289
f 595 2515 1307
f 598 2518 1337
f 636 2555 1554
f 621 2541 1476
f 642 2562 1602
f 601 2522 1355
f 623 2542 1482
f 611 2528 1404
f 609 2531 1409
f 625 2545 1493
f 628 2548 1505
f 632 2551 1536
f 613 2533 1415
f 616 2537 1445
f 638 2559 1595
f 606 2526 1386
f 407 1616 909
f 403 1608 891
f 404 1606 886
f 410 1612 898
f 413 1615 904
f 422 1624 922
f 486 1692 1060
f 573 1782 1240
f 561 1765 1204
f 512 1714 1102
f 452 1661 999
f 448 1653 981
f 449 1651 976
f 455 1657 988
f 458 1660 994
f 470 1675 1024
f 437 1639 952
f 494 1696 1066
f 531 1733 1138
f 539 1751 1179
f 568 1779 1233
f 478 1683 1041
f 419 1626 927
f 509 1721 1119
f 554 1766 1209
f 482 1689 1053
f 576 1778 1228
f 558 1760 1192
f 516 1718 1108
f 425 1629 933
f 542 1747 1167
f 463 1665 1005
f 434 1641 957
f 497 1704 1083
f 528 1737 1150
f 546 1750 1174
f 464 1676 1029
f 440 1644 963
f 500 1702 1077
f 524 1726 1126
f 479 1681 1036
f 418 1620 915
f 508 1710 1095
f 553 1755 1185
f 569 1771 1216
f 538 1740 1155
f 471 1673 1018
f 443 1647 970
f 501 1707 1090
f 523 1734 1143
f 467 1669 1012
f 433 1635 945
f 493 1698 1071
f 527 1729 1131
f 543 1745 1162
f 485 1687 1047
f 572 1774 1221
f 557 1762 1197
f 515 1720 1114
f 428 1632 940
f 591 2189 1284
f 587 1883 1260
f 588 1903 1296
f 594 2281 1314
f 597 2317 1332
f 600 2173 1380
f 634 2158 1542
f 619 2012 1451
f 639 2210 1577
f 602 1924 1367
f 624 2135 1488
f 608 1973 1392
f 610 1996 1439
f 627 2227 1512
f 630 2304 1530
f 635 2176 1548
f 615 2155 1470
f 617 2014 1457
f 637 2212 1583
f 604 1922 1361
f 416 1864 1270
f 408 1810 1246
f 406 1795 1251
f 412 1831 1287
f 415 1849 1305
f 424 1887 1335
f 492 2193 1552
f 582 2321 1474
f 565 2285 1600
f 514 1907 1353
f 461 2098 1480
f 453 2044 1402
f 451 1961 1407
f 457 2067 1491
f 460 2083 1503
f 475 2139 1534
f 439 1975 1413
f 496 1997 1443
f 533 2231 1593
f 551 2298 1384
f 579 2190 1324
f 483 1884 1276
f 426 1900 1264
f 521 2278 1300
f 566 2314 1318
f 489 2170 1342
f 578 2159 1563
f 560 2015 1461
f 518 2213 1587
f 429 1918 1348
f 547 2136 1522
f 465 1977 1419
f 441 1990 1396
f 504 2224 1498
f 537 2301 1516
f 550 2177 1558
f 476 2152 1426
f 444 2008 1432
f 502 2206 1569
f 526 1925 1371
f 481 1817 1281
f 420 1797 1257
f 510 1833 1293
f 555 1851 1311
f 571 1871 1329
f 540 1941 1377
f 473 2119 1539
f 447 2029 1450
f 507 2247 1576
f 534 2262 1366
f 469 2051 1485
f 435 1954 1389
f 498 2064 1438
f 529 2085 1509
f 545 2105 1527
f 487 2121 1545
f 574 2031 1467
f 562 2244 1456
f 520 2265 1582
f 432 1939 1360
f 589 1814 1271
f 583 1793 1247
f 586 1829 1254
f 593 1847 1290
f 596 1868 1308
f 599 1937 1338
f 633 2124 1553
f 620 2034 1475
f 640 2250 1601
f 603 2261 1356
f 622 2050 1481
f 607 1960 1403
f 612 2063 1410
f 626 2081 1494
f 629 2102 1506
f 631 2117 1535
f 614 2027 1416
f 618 2243 1446
f 641 2268 1596
f 605 1944 1385
f 409 1804 894
f 405 1785 887
f 411 1821 899
f 414 1839 905
f 417 1858 912
f 431 1929 941
f 488 2114 1050
f 575 2024 1224
f 563 2240 1200
f 519 2253 1115
f 454 2038 984
f 450 1951 977
f 456 2055 989
f 459 2073 995
f 462 2092 1002
f 472 2109 1019
f 446 2019 971
f 506 2235 1091
f 535 2258 1146
f 541 1934 1158
f 570 1861 1217
f 480 1807 1037
f 421 1790 918
f 511 1826 1098
f 556 1844 1188
f 484 1880 1044
f 580 2186 1236
f 567 2308 1212
f 522 2272 1122
f 427 1894 930
f 544 2095 1163
f 468 2041 1013
f 436 1948 948
f 499 2060 1074
f 530 2078 1134
f 548 2132 1170
f 466 1970 1008
f 442 1984 960
f 505 2218 1086
f 536 2289 1151
f 491 2181 1061
f 423 1875 923
f 513 1897 1103
f 564 2275 1205
f 581 2311 1241
f 549 2167 1175
f 477 2146 1032
f 445 2002 966
f 503 2200 1080
f 525 1915 1127
f 474 2127 1025
f 438 1965 953
f 495 1987 1067
f 532 2221 1139
f 552 2294 1182
f 490 2164 1056
f 577 2149 1229
f 559 2005 1193
f 517 2203 1109
f 430 1912 936
f 590 1870 1325
f 584 1816 1277
f 585 1800 1265
f 592 1836 1301
f 595 1854 1319
f 598 1890 1343
f 636 2196 1566
f 621 2320 1464
f 642 2284 1590
f 601 1906 1349
f 623 2104 1523
f 611 2047 1422
f 609 1958 1397
f 625 2070 1499
f 628 2088 1517
f 632 2142 1559
f 613 1980 1427
f 616 1994 1433
f 638 2230 1572
f 606 2297 1374
f 407 2329 892
f 403 2323 885
f 404 2326 897
f 410 2333 903
f 413 2336 910
f 422 2345 939
f 486 2409 1048
f 573 2496 1222
f 561 2485 1198
f 512 2435 1113
f 452 2374 982
f 448 2368 975
f 449 2371 987
f 455 2378 993
f 458 2381 1000
f 470 2392 1017
f 437 2360 969
f 494 2416 1089
f 531 2456 1144
f 539 2460 1156
f 568 2488 1215
f 478 2398 1035
f 419 2340 916
f 509 2430 1096
f 554 2475 1186
f 482 2404 1042
f 576 2501 1234
f 558 2482 1210
f 516 2440 1120
f 425 2347 928
f 542 2464 1161
f 463 2384 1011
f 434 2355 946
f 497 2419 1072
f 528 2451 1132
f 546 2470 1168
f 464 2385 1006
f 440 2362 958
f 500 2423 1084
f 524 2446 1149
f 479 2401 1059
f 418 2339 921
f 508 2429 1101
f 553 2474 1203
f 569 2491 1239
f 538 2459 1173
f 471 2395 1030
f 443 2365 964
f 501 2424 1078
f 523 2443 1125
f 467 2390 1023
f 433 2354 951
f 493 2413 1065
f 527 2450 1137
f 543 2467 1180
f 485 2408 1054
f 572 2495 1227
f 557 2479 1191
f 515 2437 1107
f 428 2350 934
f 591 2511 1326
f 587 2505 1278
f 588 2507 1266
f 594 2513 1302
f 597 2516 1320
f 600 2519 1344
f 634 2556 1565
f 619 2540 1463
f 639 2561 1589
f 602 2521 1350
f 624 2544 1524
f 608 2529 1421
f 610 2530 1398
f 627 2546 1500
f 630 2549 1518
f 635 2553 1560
f 615 2534 1428
f 617 2536 1434
f 637 2557 1571
f 604 2525 1373
f 164 1609 889
f 163 1605 883
f 165 1611 895
f 166 1614 901
f 167 1617 907
f 172 1631 937
f 190 1688 1045
f 219 1775 1219
f 215 1763 1195
f 201 1719 1111
f 179 1654 979
f 178 1650 973
f 180 1656 985
f 181 1659 991
f 182 1662 997
f 185 1672 1015
f 177 1646 967
f 197 1706 1087
f 206 1735 1141
f 208 1741 1153
f 218 1770 1213
f 188 1680 1033
f 168 1621 913
f 198 1711 1093
f 213 1756 1183
f 189 1684 1039
f 221 1780 1231
f 217 1767 1207
f 202 1722 1117
f 170 1627 925
f 209 1744 1159
f 184 1668 1009
f 173 1636 943
f 194 1699 1069
f 204 1730 1129
f 210 1748 1165
f 183 1666 1003
f 175 1642 955
f 196 1705 1081
f 207 1736 1147
f 192 1691 1057
f 169 1623 919
f 199 1713 1099
f 216 1764 1201
f 222 1781 1237
f 211 1749 1171
f 187 1677 1027
f 176 1645 961
f 195 1703 1075
f 203 1725 1123
f 186 1674 1021
f 174 1638 949
f 193 1695 1063
f 205 1732 1135
f 212 1752 1177
f 191 1690 1051
f 220 1777 1225
f 214 1759 1189
f 200 1717 1105
f 171 1630 931
f 358 2191 1322
f 256 1885 1274
f 261 1901 1262
f 387 2279 1298
f 399 2315 1316
f 351 2171 1340
f 348 2160 1561
f 300 2016 1459
f 366 2214 1585
f 267 1919 1346
f 340 2137 1520
f 287 1978 1417
f 291 1991 1394
f 369 2225 1496
f 395 2302 1514
f 354 2178 1556
f 345 2153 1424
f 297 2009 1430
f 363 2207 1567
f 270 1926 1369
f 247 1857 908
f 229 1803 890
f 223 1786 884
f 235 1822 896
f 241 1840 902
f 253 1876 920
f 355 2182 1058
f 398 2312 1238
f 386 2276 1202
f 260 1898 1100
f 325 2091 998
f 307 2037 980
f 278 1952 974
f 313 2056 986
f 319 2074 992
f 337 2128 1022
f 283 1966 950
f 290 1988 1064
f 368 2222 1136
f 392 2293 1178
f 356 2185 1232
f 254 1879 1040
f 259 1893 926
f 385 2271 1118
f 397 2307 1208
f 349 2163 1052
f 344 2150 1226
f 296 2006 1190
f 362 2204 1106
f 265 1911 932
f 338 2131 1166
f 284 1969 1004
f 289 1983 956
f 367 2217 1082
f 391 2290 1148
f 350 2168 1172
f 343 2145 1028
f 295 2001 962
f 361 2199 1076
f 266 1916 1124
f 230 1808 1034
f 224 1789 914
f 236 1825 1094
f 242 1843 1184
f 248 1862 1214
f 272 1933 1154
f 331 2110 1016
f 301 2020 968
f 373 2236 1088
f 380 2257 1142
f 308 2042 1010
f 277 1947 944
f 314 2059 1070
f 320 2077 1130
f 326 2096 1160
f 332 2113 1046
f 302 2023 1220
f 374 2239 1196
f 379 2254 1112
f 271 1930 938
f 234 1818 1279
f 227 1798 1255
f 239 1834 1291
f 245 1852 1309
f 252 1872 1327
f 275 1942 1375
f 334 2120 1537
f 304 2030 1448
f 377 2248 1574
f 382 2263 1364
f 312 2052 1483
f 279 1955 1387
f 316 2065 1436
f 323 2086 1507
f 330 2106 1525
f 335 2122 1543
f 305 2032 1465
f 376 2245 1454
f 383 2266 1580
f 274 1940 1358
f 232 1813 1267
f 225 1792 1243
f 237 1828 1250
f 243 1846 1286
f 250 1867 1304
f 273 1936 1334
f 336 2123 1549
f 306 2033 1471
f 378 2249 1597
f 381 2260 1352
f 311 2049 1477
f 281 1959 1399
f 315 2062 1406
f 321 2080 1490
f 328 2101 1502
f 333 2116 1531
f 303 2026 1412
f 375 2242 1442
f 384 2267 1592
f 276 1943 1381
f 251 1869 1321
f 233 1815 1273
f 228 1799 1261
f 240 1835 1297
f 246 1853 1315
f 258 1889 1339
f 360 2195 1562
f 401 2319 1460
f 389 2283 1586
f 263 1905 1345
f 329 2103 1519
f 310 2046 1418
f 280 1957 1393
f 318 2069 1495
f 324 2087 1513
f 342 2141 1555
f 288 1979 1423
f 292 1993 1429
f 371 2229 1568
f 393 2296 1370
f 357 2188 1280
f 255 1882 1256
f 262 1902 1292
f 388 2280 1310
f 400 2316 1328
f 352 2172 1376
f 347 2157 1538
f 298 2011 1447
f 364 2209 1573
f 269 1923 1363
f 339 2134 1484
f 285 1972 1388
f 293 1995 1435
f 370 2226 1508
f 396 2303 1526
f 353 2175 1544
f 346 2154 1466
f 299 2013 1453
f 365 2211 1579
f 268 1921 1357
f 249 1865 1268
f 231 1811 1244
f 226 1796 1249
f 238 1832 1285
f 244 1850 1303
f 257 1888 1333
f 359 2194 1550
f 402 2322 1472
f 390 2286 1598
f 264 1908 1351
f 327 2099 1478
f 309 2045 1400
f 282 1962 1405
f 317 2068 1489
f 322 2084 1501
f 341 2140 1532
f 286 1976 1411
f 294 1998 1441
f 372 2232 1591
f 394 2299 1382
f 416 2330 911
f 408 2324 893
f 406 2325 888
f 412 2332 900
f 415 2335 906
f 424 2344 924
f 492 2410 1062
f 582 2497 1242
f 565 2486 1206
f 514 2434 1104
f 461 2375 1001
f 453 2369 983
f 451 2370 978
f 457 2377 990
f 460 2380 996
f 475 2393 1026
f 439 2359 954
f 496 2415 1068
f 533 2455 1140
f 551 2461 1181
f 579 2489 1235
f 483 2399 1043
f 426 2341 929
f 521 2431 1121
f 566 2476 1211
f 489 2405 1055
f 578 2500 1230
f 560 2481 1194
f 518 2439 1110
f 429 2348 935
f 547 2465 1169
f 465 2383 1007
f 441 2356 959
f 504 2420 1085
f 537 2452 1152
f 550 2471 1176
f 476 2386 1031
f 444 2363 965
f 502 2422 1079
f 526 2445 1128
f 481 2400 1038
f 420 2338 917
f 510 2428 1097
f 555 2473 1187
f 571 2490 1218
f 540 2458 1157
f 473 2394 1020
f 447 2366 972
f 507 2425 1092
f 534 2444 1145
f 469 2389 1014
f 435 2353 947
f 498 2414 1073
f 529 2449 1133
f 545 2466 1164
f 487 2407 1049
f 574 2494 1223
f 562 2480 1199
f 520 2438 1116
f 432 2351 942
f 589 2510 1283
f 583 2504 1259
f 586 2508 1295
f 593 2514 1313
f 596 2517 1331
f 599 2520 1379
f 633 2554 1541
f 620 2539 1452
f 640 2560 1578
f 603 2523 1368
f 622 2543 1487
f 607 2527 1391
f 612 2532 1440
f 626 2547 1511
f 629 2550 1529
f 631 2552 1547
f 614 2535 1469
f 618 2538 1458
f 641 2558 1584
f 605 2524 1362
f 164 1607 1609
f 163 1603 1605
f 165 1604 1611
f 166 1610 1614
f 167 1613 1617
f 172 1622 1631
f 190 1686 1688
f 219 1773 1775
f 215 1761 1763
f 201 1712 1719
f 179 1652 1654
f 178 1648 1650
f 180 1649 1656
f 181 1655 1659
f 182 1658 1662
f 185 1670 1672
f 177 1637 1646
f 197 1694 1706
f 206 1731 1735
f 208 1739 1741
f 218 1768 1770
f 188 1678 1680
f 168 1619 1621
f 198 1709 1711
f 213 1754 1756
f 189 1682 1684
f 221 1776 1780
f 217 1758 1767
f 202 1716 1722
f 170 1625 1627
f 209 1742 1744
f 184 1663 1668
f 173 1634 1636
f 194 1697 1699
f 204 1728 1730
f 210 1746 1748
f 183 1664 1666
f 175 1640 1642
f 196 1700 1705
f 207 1724 1736
f 192 1679 1691
f 169 1618 1623
f 199 1708 1713
f 216 1753 1764
f 222 1769 1781
f 211 1738 1749
f 187 1671 1677
f 176 1643 1645
f 195 1701 1703
f 203 1723 1725
f 186 1667 1674
f 174 1633 1638
f 193 1693 1695
f 205 1727 1732
f 212 1743 1752
f 191 1685 1690
f 220 1772 1777
f 214 1757 1759
f 200 1715 1717
f 171 1628 1630
f 358 2187 2191
f 256 1881 1885
f 261 1899 1901
f 387 2277 2279
f 399 2313 2315
f 351 2169 2171
f 348 2156 2160
f 300 2010 2016
f 366 2208 2214
f 267 1917 1919
f 340 2133 2137
f 287 1971 1978
f 291 1989 1991
f 369 2223 2225
f 395 2300 2302
f 354 2174 2178
f 345 2151 2153
f 297 2007 2009
f 363 2205 2207
f 270 1920 1926
f 247 1855 1857
f 229 1801 1803
f 223 1784 1786
f 235 1820 1822
f 241 1838 1840
f 253 1874 1876
f 355 2180 2182
f 398 2310 2312
f 386 2274 2276
f 260 1896 1898
f 325 2089 2091
f 307 2035 2037
f 278 1950 1952
f 313 2054 2056
f 319 2072 2074
f 337 2126 2128
f 283 1964 1966
f 290 1986 1988
f 368 2220 2222
f 392 2291 2293
f 356 2183 2185
f 254 1877 1879
f 259 1891 1893
f 385 2269 2271
f 397 2305 2307
f 349 2161 2163
f 344 2148 2150
f 296 2004 2006
f 362 2202 2204
f 265 1909 1911
f 338 2129 2131
f 284 1967 1969
f 289 1981 1983
f 367 2215 2217
f 391 2288 2290
f 350 2166 2168
f 343 2143 2145
f 295 1999 2001
f 361 2197 2199
f 266 1914 1916
f 230 1806 1808
f 224 1787 1789
f 236 1823 1825
f 242 1841 1843
f 248 1860 1862
f 272 1931 1933
f 331 2108 2110
f 301 2018 2020
f 373 2234 2236
f 380 2255 2257
f 308 2040 2042
f 277 1945 1947
f 314 2057 2059
f 320 2075 2077
f 326 2094 2096
f 332 2111 2113
f 302 2021 2023
f 374 2237 2239
f 379 2252 2254
f 271 1928 1930
f 234 1812 1818
f 227 1791 1798
f 239 1827 1834
f 245 1845 1852
f 252 1866 1872
f 275 1935 1942
f 334 2118 2120
f 304 2028 2030
f 377 2246 2248
f 382 2259 2263
f 312 2048 2052
f 279 1953 1955
f 316 2061 2065
f 323 2079 2086
f 330 2100 2106
f 335 2115 2122
f 305 2025 2032
f 376 2241 2245
f 383 2264 2266
f 274 1938 1940
f 232 1802 1813
f 225 1783 1792
f 237 1819 1828
f 243 1837 1846
f 250 1856 1867
f 273 1927 1936
f 336 2112 2123
f 306 2022 2033
f 378 2238 2249
f 381 2251 2260
f 311 2036 2049
f 281 1949 1959
f 315 2053 2062
f 321 2071 2080
f 328 2090 2101
f 333 2107 2116
f 303 2017 2026
f 375 2233 2242
f 384 2256 2267
f 276 1932 1943
f 251 1859 1869
f 233 1805 1815
f 228 1788 1799
f 240 1824 1835
f 246 1842 1853
f 258 1878 1889
f 360 2184 2195
f 401 2306 2319
f 389 2270 2283
f 263 1892 1905
f 329 2093 2103
f 310 2039 2046
f 280 1946 1957
f 318 2058 2069
f 324 2076 2087
f 342 2130 2141
f 288 1968 1979
f 292 1982 1993
f 371 2216 2229
f 393 2287 2296
f 357 2179 2188
f 255 1873 1882
f 262 1895 1902
f 388 2273 2280
f 400 2309 2316
f 352 2165 2172
f 347 2144 2157
f 298 2000 2011
f 364 2198 2209
f 269 1913 1923
f 339 2125 2134
f 285 1963 1972
f 293 1985 1995
f 370 2219 2226
f 396 2292 2303
f 353 2162 2175
f 346 2147 2154
f 299 2003 2013
f 365 2201 2211
f 268 1910 1921
f 249 1863 1865
f 231 1809 1811
f 226 1794 1796
f 238 1830 1832
f 244 1848 1850
f 257 1886 1888
f 359 2192 2194
f 402 2318 2322
f 390 2282 2286
f 264 1904 1908
f 327 2097 2099
f 309 2043 2045
f 282 1956 1962
f 317 2066 2068
f 322 2082 2084
f 341 2138 2140
f 286 1974 1976
f 294 1992 1998
f 372 2228 2232
f 394 2295 2299
f 416 2331 2330
f 408 2327 2324
f 406 2328 2325
f 412 2334 2332
f 415 2337 2335
f 424 2346 2344
f 492 2412 2410
f 582 2499 2497
f 565 2487 2486
f 514 2436 2434
f 461 2376 2375
f 453 2372 2369
f 451 2373 2370
f 457 2379 2377
f 460 2382 2380
f 475 2396 2393
f 439 2361 2359
f 496 2418 2415
f 533 2457 2455
f 551 2463 2461
f 579 2492 2489
f 483 2402 2399
f 426 2343 2341
f 521 2433 2431
f 566 2478 2476
f 489 2406 2405
f 578 2502 2500
f 560 2484 2481
f 518 2442 2439
f 429 2349 2348
f 547 2468 2465
f 465 2387 2383
f 441 2358 2356
f 504 2421 2420
f 537 2454 2452
f 550 2472 2471
f 476 2388 2386
f 444 2364 2363
f 502 2426 2422
f 526 2448 2445
f 481 2403 2400
f 420 2342 2338
f 510 2432 2428
f 555 2477 2473
f 571 2493 2490
f 540 2462 2458
f 473 2397 2394
f 447 2367 2366
f 507 2427 2425
f 534 2447 2444
f 469 2391 2389
f 435 2357 2353
f 498 2417 2414
f 529 2453 2449
f 545 2469 2466
f 487 2411 2407
f 574 2498 2494
f 562 2483 2480
f 520 2441 2438
f 432 2352 2351
f 589 2509 2510
f 583 2503 2504
f 586 2506 2508
f 593 2512 2514
f 596 2515 2517
f 599 2518 2520
f 633 2555 2554
f 620 2541 2539
f 640 2562 2560
f 603 2522 2523
f 622 2542 2543
f 607 2528 2527
f 612 2531 2532
f 626 2545 2547
f 629 2548 2550
f 631 2551 2552
f 614 2533 2535
f 618 2537 2538
f 641 2559 2558
f 605 2526 2524
f 164 644 1607
f 163 643 1603
f 165 645 1604
f 166 646 1610
f 167 647 1613
f 172 652 1622
f 190 670 1686
f 219 699 1773
f 215 695 1761
f 201 681 1712
f 179 659 1652
f 178 658 1648
f 180 660 1649
f 181 661 1655
f 182 662 1658
f 185 665 1670
f 177 657 1637
f 197 677 1694
f 206 686 1731
f 208 688 1739
f 218 698 1768
f 188 668 1678
f 168 648 1619
f 198 678 1709
f 213 693 1754
f 189 669 1682
f 221 701 1776
f 217 697 1758
f 202 682 1716
f 170 650 1625
f 209 689 1742
f 184 664 1663
f 173 653 1634
f 194 674 1697
f 204 684 1728
f 210 690 1746
f 183 663 1664
f 175 655 1640
f 196 676 1700
f 207 687 1724
f 192 672 1679
f 169 649 1618
f 199 679 1708
f 216 696 1753
f 222 702 1769
f 211 691 1738
f 187 667 1671
f 176 656 1643
f 195 675 1701
f 203 683 1723
f 186 666 1667
f 174 654 1633
f 193 673 1693
f 205 685 1727
f 212 692 1743
f 191 671 1685
f 220 700 1772
f 214 694 1757
f 200 680 1715
f 171 651 1628
f 358 838 2187
f 256 736 1881
f 261 741 1899
f 387 867 2277
f 399 879 2313
f 351 831 2169
f 348 828 2156
f 300 780 2010
f 366 846 2208
f 267 747 1917
f 340 820 2133
f 287 767 1971
f 291 771 1989
f 369 849 2223
f 395 875 2300
f 354 834 2174
f 345 825 2151
f 297 777 2007
f 363 843 2205
f 270 750 1920
f 247 727 1855
f 229 709 1801
f 223 703 1784
f 235 715 1820
f 241 721 1838
f 253 733 1874
f 355 835 2180
f 398 878 2310
f 386 866 2274
f 260 740 1896
f 325 805 2089
f 307 787 2035
f 278 758 1950
f 313 793 2054
f 319 799 2072
f 337 817 2126
f 283 763 1964
f 290 770 1986
f 368 848 2220
f 392 872 2291
f 356 836 2183
f 254 734 1877
f 259 739 1891
f 385 865 2269
f 397 877 2305
f 349 829 2161
f 344 824 2148
f 296 776 2004
f 362 842 2202
f 265 745 1909
f 338 818 2129
f 284 764 1967
f 289 769 1981
f 367 847 2215
f 391 871 2288
f 350 830 2166
f 343 823 2143
f 295 775 1999
f 361 841 2197
f 266 746 1914
f 230 710 1806
f 224 704 1787
f 236 716 1823
f 242 722 1841
f 248 728 1860
f 272 752 1931
f 331 811 2108
f 301 781 2018
f 373 853 2234
f 380 860 2255
f 308 788 2040
f 277 757 1945
f 314 794 2057
f 320 800 2075
f 326 806 2094
f 332 812 2111
f 302 782 2021
f 374 854 2237
f 379 859 2252
f 271 751 1928
f 234 714 1812
f 227 707 1791
f 239 719 1827
f 245 725 1845
f 252 732 1866
f 275 755 1935
f 334 814 2118
f 304 784 2028
f 377 857 2246
f 382 862 2259
f 312 792 2048
f 279 759 1953
f 316 796 2061
f 323 803 2079
f 330 810 2100
f 335 815 2115
f 305 785 2025
f 376 856 2241
f 383 863 2264
f 274 754 1938
f 232 712 1802
f 225 705 1783
f 237 717 1819
f 243 723 1837
f 250 730 1856
f 273 753 1927
f 336 816 2112
f 306 786 2022
f 378 858 2238
f 381 861 2251
f 311 791 2036
f 281 761 1949
f 315 795 2053
f 321 801 2071
f 328 808 2090
f 333 813 2107
f 303 783 2017
f 375 855 2233
f 384 864 2256
f 276 756 1932
f 251 731 1859
f 233 713 1805
f 228 708 1788
f 240 720 1824
f 246 726 1842
f 258 738 1878
f 360 840 2184
f 401 881 2306
f 389 869 2270
f 263 743 1892
f 329 809 2093
f 310 790 2039
f 280 760 1946
f 318 798 2058
f 324 804 2076
f 342 822 2130
f 288 768 1968
f 292 772 1982
f 371 851 2216
f 393 873 2287
f 357 837 2179
f 255 735 1873
f 262 742 1895
f 388 868 2273
f 400 880 2309
f 352 832 2165
f 347 827 2144
f 298 778 2000
f 364 844 2198
f 269 749 1913
f 339 819 2125
f 285 765 1963
f 293 773 1985
f 370 850 2219
f 396 876 2292
f 353 833 2162
f 346 826 2147
f 299 779 2003
f 365 845 2201
f 268 748 1910
f 249 729 1863
f 231 711 1809
f 226 706 1794
f 238 718 1830
f 244 724 1848
f 257 737 1886
f 359 839 2192
f 402 882 2318
f 390 870 2282
f 264 744 1904
f 327 807 2097
f 309 789 2043
f 282 762 1956
f 317 797 2066
f 322 802 2082
f 341 821 2138
f 286 766 1974
f 294 774 1992
f 372 852 2228
f 394 874 2295
f 416 1270 2331
f 408 1246 2327
f 406 1251 2328
f 412 1287 2334
f 415 1305 2337
f 424 1335 2346
f 492 1552 2412
f 582 1474 2499
f 565 1600 2487
f 514 1353 2436
f 461 1480 2376
f 453 1402 2372
f 451 1407 2373
f 457 1491 2379
f 460 1503 2382
f 475 1534 2396
f 439 1413 2361
f 496 1443 2418
f 533 1593 2457
f 551 1384 2463
f 579 1324 2492
f 483 1276 2402
f 426 1264 2343
f 521 1300 2433
f 566 1318 2478
f 489 1342 2406
f 578 1563 2502
f 560 1461 2484
f 518 1587 2442
f 429 1348 2349
f 547 1522 2468
f 465 1419 2387
f 441 1396 2358
f 504 1498 2421
f 537 1516 2454
f 550 1558 2472
f 476 1426 2388
f 444 1432 2364
f 502 1569 2426
f 526 1371 2448
f 481 1281 2403
f 420 1257 2342
f 510 1293 2432
f 555 1311 2477
f 571 1329 2493
f 540 1377 2462
f 473 1539 2397
f 447 1450 2367
f 507 1576 2427
f 534 1366 2447
f 469 1485 2391
f 435 1389 2357
f 498 1438 2417
f 529 1509 2453
f 545 1527 2469
f 487 1545 2411
f 574 1467 2498
f 562 1456 2483
f 520 1582 2441
f 432 1360 2352
f 589 1271 2509
f 583 1247 2503
f 586 1254 2506
f 593 1290 2512
f 596 1308 2515
f 599 1338 2518
f 633 1553 2555
f 620 1475 2541
f 640 1601 2562
f 603 1356 2522
f 622 1481 2542
f 607 1403 2528
f 612 1410 2531
f 626 1494 2545
f 629 1506 2548
f 631 1535 2551
f 614 1416 2533
f 618 1446 2537
f 641 1596 2559
f 605 1385 2526
f 167 907 1616
f 164 889 1608
f 163 883 1606
f 165 895 1612
f 166 901 1615
f 169 919 1624
f 192 1057 1692
f 222 1237 1782
f 216 1201 1765
f 199 1099 1714
f 182 997 1661
f 179 979 1653
f 178 973 1651
f 180 985 1657
f 181 991 1660
f 186 1021 1675
f 174 949 1639
f 193 1063 1696
f 205 1135 1733
f 212 1177 1751
f 221 1231 1779
f 189 1039 1683
f 170 925 1626
f 202 1117 1721
f 217 1207 1766
f 191 1051 1689
f 220 1225 1778
f 214 1189 1760
f 200 1105 1718
f 171 931 1629
f 210 1165 1747
f 183 1003 1665
f 175 955 1641
f 196 1081 1704
f 207 1147 1737
f 211 1171 1750
f 187 1027 1676
f 176 961 1644
f 195 1075 1702
f 203 1123 1726
f 188 1033 1681
f 168 913 1620
f 198 1093 1710
f 213 1183 1755
f 218 1213 1771
f 208 1153 1740
f 185 1015 1673
f 177 967 1647
f 197 1087 1707
f 206 1141 1734
f 184 1009 1669
f 173 943 1635
f 194 1069 1698
f 204 1129 1729
f 209 1159 1745
f 190 1045 1687
f 219 1219 1774
f 215 1195 1762
f 201 1111 1720
f 172 937 1632
f 357 1280 2189
f 255 1256 1883
f 262 1292 1903
f 388 1310 2281
f 400 1328 2317
f 352 1376 2173
f 347 1538 2158
f 298 1447 2012
f 364 1573 2210
f 269 1363 1924
f 339 1484 2135
f 285 1388 1973
f 293 1435 1996
f 370 1508 2227
f 396 1526 2304
f 353 1544 2176
f 346 1466 2155
f 299 1453 2014
f 365 1579 2212
f 268 1357 1922
f 249 1268 1864
f 231 1244 1810
f 226 1249 1795
f 238 1285 1831
f 244 1303 1849
f 257 1333 1887
f 359 1550 2193
f 402 1472 2321
f 390 1598 2285
f 264 1351 1907
f 327 1478 2098
f 309 1400 2044
f 282 1405 1961
f 317 1489 2067
f 322 1501 2083
f 341 1532 2139
f 286 1411 1975
f 294 1441 1997
f 372 1591 2231
f 394 1382 2298
f 358 1322 2190
f 256 1274 1884
f 261 1262 1900
f 387 1298 2278
f 399 1316 2314
f 351 1340 2170
f 348 1561 2159
f 300 1459 2015
f 366 1585 2213
f 267 1346 1918
f 340 1520 2136
f 287 1417 1977
f 291 1394 1990
f 369 1496 2224
f 395 1514 2301
f 354 1556 2177
f 345 1424 2152
f 297 1430 2008
f 363 1567 2206
f 270 1369 1925
f 234 1279 1817
f 227 1255 1797
f 239 1291 1833
f 245 1309 1851
f 252 1327 1871
f 275 1375 1941
f 334 1537 2119
f 304 1448 2029
f 377 1574 2247
f 382 1364 2262
f 312 1483 2051
f 279 1387 1954
f 316 1436 2064
f 323 1507 2085
f 330 1525 2105
f 335 1543 2121
f 305 1465 2031
f 376 1454 2244
f 383 1580 2265
f 274 1358 1939
f 232 1267 1814
f 225 1243 1793
f 237 1250 1829
f 243 1286 1847
f 250 1304 1868
f 273 1334 1937
f 336 1549 2124
f 306 1471 2034
f 378 1597 2250
f 381 1352 2261
f 311 1477 2050
f 281 1399 1960
f 315 1406 2063
f 321 1490 2081
f 328 1502 2102
f 333 1531 2117
f 303 1412 2027
f 375 1442 2243
f 384 1592 2268
f 276 1381 1944
f 229 890 1804
f 223 884 1785
f 235 896 1821
f 241 902 1839
f 247 908 1858
f 271 938 1929
f 332 1046 2114
f 302 1220 2024
f 374 1196 2240
f 379 1112 2253
f 307 980 2038
f 278 974 1951
f 313 986 2055
f 319 992 2073
f 325 998 2092
f 331 1016 2109
f 301 968 2019
f 373 1088 2235
f 380 1142 2258
f 272 1154 1934
f 248 1214 1861
f 230 1034 1807
f 224 914 1790
f 236 1094 1826
f 242 1184 1844
f 254 1040 1880
f 356 1232 2186
f 397 1208 2308
f 385 1118 2272
f 259 926 1894
f 326 1160 2095
f 308 1010 2041
f 277 944 1948
f 314 1070 2060
f 320 1130 2078
f 338 1166 2132
f 284 1004 1970
f 289 956 1984
f 367 1082 2218
f 391 1148 2289
f 355 1058 2181
f 253 920 1875
f 260 1100 1897
f 386 1202 2275
f 398 1238 2311
f 350 1172 2167
f 343 1028 2146
f 295 962 2002
f 361 1076 2200
f 266 1124 1915
f 337 1022 2127
f 283 950 1965
f 290 1064 1987
f 368 1136 2221
f 392 1178 2294
f 349 1052 2164
f 344 1226 2149
f 296 1190 2005
f 362 1106 2203
f 265 932 1912
f 251 1321 1870
f 233 1273 1816
f 228 1261 1800
f 240 1297 1836
f 246 1315 1854
f 258 1339 1890
f 360 1562 2196
f 401 1460 2320
f 389 1586 2284
f 263 1345 1906
f 329 1519 2104
f 310 1418 2047
f 280 1393 1958
f 318 1495 2070
f 324 1513 2088
f 342 1555 2142
f 288 1423 1980
f 292 1429 1994
f 371 1568 2230
f 393 1370 2297
f 409 894 2329
f 405 887 2323
f 411 899 2326
f 414 905 2333
f 417 912 2336
f 431 941 2345
f 488 1050 2409
f 575 1224 2496
f 563 1200 2485
f 519 1115 2435
f 454 984 2374
f 450 977 2368
f 456 989 2371
f 459 995 2378
f 462 1002 2381
f 472 1019 2392
f 446 971 2360
f 506 1091 2416
f 535 1146 2456
f 541 1158 2460
f 570 1217 2488
f 480 1037 2398
f 421 918 2340
f 511 1098 2430
f 556 1188 2475
f 484 1044 2404
f 580 1236 2501
f 567 1212 2482
f 522 1122 2440
f 427 930 2347
f 544 1163 2464
f 468 1013 2384
f 436 948 2355
f 499 1074 2419
f 530 1134 2451
f 548 1170 2470
f 466 1008 2385
f 442 960 2362
f 505 1086 2423
f 536 1151 2446
f 491 1061 2401
f 423 923 2339
f 513 1103 2429
f 564 1205 2474
f 581 1241 2491
f 549 1175 2459
f 477 1032 2395
f 445 966 2365
f 503 1080 2424
f 525 1127 2443
f 474 1025 2390
f 438 953 2354
f 495 1067 2413
f 532 1139 2450
f 552 1182 2467
f 490 1056 2408
f 577 1229 2495
f 559 1193 2479
f 517 1109 2437
f 430 936 2350
f 590 1325 2511
f 584 1277 2505
f 585 1265 2507
f 592 1301 2513
f 595 1319 2516
f 598 1343 2519
f 636 1566 2556
f 621 1464 2540
f 642 1590 2561
f 601 1349 2521
f 623 1523 2544
f 611 1422 2529
f 609 1397 2530
f 625 1499 2546
f 628 1517 2549
f 632 1559 2553
f 613 1427 2534
f 616 1433 2536
f 638 1572 2557
f 606 1374 2525
f 407 892 1609
f 403 885 1605
f 404 897 1611
f 410 903 1614
f 413 910 1617
f 422 939 1631
f 486 1048 1688
f 573 1222 1775
f 561 1198 1763
f 512 1113 1719
f 452 982 1654
f 448 975 1650
f 449 987 1656
f 455 993 1659
f 458 1000 1662
f 470 1017 1672
f 437 969 1646
f 494 1089 1706
f 531 1144 1735
f 539 1156 1741
f 568 1215 1770
f 478 1035 1680
f 419 916 1621
f 509 1096 1711
f 554 1186 1756
f 482 1042 1684
f 576 1234 1780
f 558 1210 1767
f 516 1120 1722
f 425 928 1627
f 542 1161 1744
f 463 1011 1668
f 434 946 1636
f 497 1072 1699
f 528 1132 1730
f 546 1168 1748
f 464 1006 1666
f 440 958 1642
f 500 1084 1705
f 524 1149 1736
f 479 1059 1691
f 418 921 1623
f 508 1101 1713
f 553 1203 1764
f 569 1239 1781
f 538 1173 1749
f 471 1030 1677
f 443 964 1645
f 501 1078 1703
f 523 1125 1725
f 467 1023 1674
f 433 951 1638
f 493 1065 1695
f 527 1137 1732
f 543 1180 1752
f 485 1054 1690
f 572 1227 1777
f 557 1191 1759
f 515 1107 1717
f 428 934 1630
f 591 1326 2191
f 587 1278 1885
f 588 1266 1901
f 594 1302 2279
f 597 1320 2315
f 600 1344 2171
f 634 1565 2160
f 619 1463 2016
f 639 1589 2214
f 602 1350 1919
f 624 1524 2137
f 608 1421 1978
f 610 1398 1991
f 627 1500 2225
f 630 1518 2302
f 635 1560 2178
f 615 1428 2153
f 617 1434 2009
f 637 1571 2207
f 604 1373 1926
f 416 911 1857
f 408 893 1803
f 406 888 1786
f 412 900 1822
f 415 906 1840
f 424 924 1876
f 492 1062 2182
f 582 1242 2312
f 565 1206 2276
f 514 1104 1898
f 461 1001 2091
f 453 983 2037
f 451 978 1952
f 457 990 2056
f 460 996 2074
f 475 1026 2128
f 439 954 1966
f 496 1068 1988
f 533 1140 2222
f 551 1181 2293
f 579 1235 2185
f 483 1043 1879
f 426 929 1893
f 521 1121 2271
f 566 1211 2307
f 489 1055 2163
f 578 1230 2150
f 560 1194 2006
f 518 1110 2204
f 429 935 1911
f 547 1169 2131
f 465 1007 1969
f 441 959 1983
f 504 1085 2217
f 537 1152 2290
f 550 1176 2168
f 476 1031 2145
f 444 965 2001
f 502 1079 2199
f 526 1128 1916
f 481 1038 1808
f 420 917 1789
f 510 1097 1825
f 555 1187 1843
f 571 1218 1862
f 540 1157 1933
f 473 1020 2110
f 447 972 2020
f 507 1092 2236
f 534 1145 2257
f 469 1014 2042
f 435 947 1947
f 498 1073 2059
f 529 1133 2077
f 545 1164 2096
f 487 1049 2113
f 574 1223 2023
f 562 1199 2239
f 520 1116 2254
f 432 942 1930
f 589 1283 1818
f 583 1259 1798
f 586 1295 1834
f 593 1313 1852
f 596 1331 1872
f 599 1379 1942
f 633 1541 2120
f 620 1452 2030
f 640 1578 2248
f 603 1368 2263
f 622 1487 2052
f 607 1391 1955
f 612 1440 2065
f 626 1511 2086
f 629 1529 2106
f 631 1547 2122
f 614 1469 2032
f 618 1458 2245
f 641 1584 2266
f 605 1362 1940
f 409 1269 1813
f 405 1245 1792
f 411 1252 1828
f 414 1288 1846
f 417 1306 1867
f 431 1336 1936
f 488 1551 2123
f 575 1473 2033
f 563 1599 2249
f 519 1354 2260
f 454 1479 2049
f 450 1401 1959
f 456 1408 2062
f 459 1492 2080
f 462 1504 2101
f 472 1533 2116
f 446 1414 2026
f 506 1444 2242
f 535 1594 2267
f 541 1383 1943
f 570 1323 1869
f 480 1275 1815
f 421 1263 1799
f 511 1299 1835
f 556 1317 1853
f 484 1341 1889
f 580 1564 2195
f 567 1462 2319
f 522 1588 2283
f 427 1347 1905
f 544 1521 2103
f 468 1420 2046
f 436 1395 1957
f 499 1497 2069
f 530 1515 2087
f 548 1557 2141
f 466 1425 1979
f 442 1431 1993
f 505 1570 2229
f 536 1372 2296
f 491 1282 2188
f 423 1258 1882
f 513 1294 1902
f 564 1312 2280
f 581 1330 2316
f 549 1378 2172
f 477 1540 2157
f 445 1449 2011
f 503 1575 2209
f 525 1365 1923
f 474 1486 2134
f 438 1390 1972
f 495 1437 1995
f 532 1510 2226
f 552 1528 2303
f 490 1546 2175
f 577 1468 2154
f 559 1455 2013
f 517 1581 2211
f 430 1359 1921
f 590 1272 1865
f 584 1248 1811
f 585 1253 1796
f 592 1289 1832
f 595 1307 1850
f 598 1337 1888
f 636 1554 2194
f 621 1476 2322
f 642 1602 2286
f 601 1355 1908
f 623 1482 2099
f 611 1404 2045
f 609 1409 1962
f 625 1493 2068
f 628 1505 2084
f 632 1536 2140
f 613 1415 1976
f 616 1445 1998
f 638 1595 2232
f 606 1386 2299
f 407 909 2330
f 403 891 2324
f 404 886 2325
f 410 898 2332
f 413 904 2335
f 422 922 2344
f 486 1060 2410
f 573 1240 2497
f 561 1204 2486
f 512 1102 2434
f 452 999 2375
f 448 981 2369
f 449 976 2370
f 455 988 2377
f 458 994 2380
f 470 1024 2393
f 437 952 2359
f 494 1066 2415
f 531 1138 2455
f 539 1179 2461
f 568 1233 2489
f 478 1041 2399
f 419 927 2341
f 509 1119 2431
f 554 1209 2476
f 482 1053 2405
f 576 1228 2500
f 558 1192 2481
f 516 1108 2439
f 425 933 2348
f 542 1167 2465
f 463 1005 2383
f 434 957 2356
f 497 1083 2420
f 528 1150 2452
f 546 1174 2471
f 464 1029 2386
f 440 963 2363
f 500 1077 2422
f 524 1126 2445
f 479 1036 2400
f 418 915 2338
f 508 1095 2428
f 553 1185 2473
f 569 1216 2490
f 538 1155 2458
f 471 1018 2394
f 443 970 2366
f 501 1090 2425
f 523 1143 2444
f 467 1012 2389
f 433 945 2353
f 493 1071 2414
f 527 1131 2449
f 543 1162 2466
f 485 1047 2407
f 572 1221 2494
f 557 1197 2480
f 515 1114 2438
f 428 940 2351
f 591 1284 2510
f 587 1260 2504
f 588 1296 2508
f 594 1314 2514
f 597 1332 2517
f 600 1380 2520
f 634 1542 2554
f 619 1451 2539
f 639 1577 2560
f 602 1367 2523
f 624 1488 2543
f 608 1392 2527
f 610 1439 2532
f 627 1512 2547
f 630 1530 2550
f 635 1548 2552
f 615 1470 2535
f 617 1457 2538
f 637 1583 2558
f 604 1361 2524
f 167 1616 1607
f 164 1608 1603
f 163 1606 1604
f 165 1612 1610
f 166 1615 1613
f 169 1624 1622
f 192 1692 1686
f 222 1782 1773
f 216 1765 1761
f 199 1714 1712
f 182 1661 1652
f 179 1653 1648
f 178 1651 1649
f 180 1657 1655
f 181 1660 1658
f 186 1675 1670
f 174 1639 1637
f 193 1696 1694
f 205 1733 1731
f 212 1751 1739
f 221 1779 1768
f 189 1683 1678
f 170 1626 1619
f 202 1721 1709
f 217 1766 1754
f 191 1689 1682
f 220 1778 1776
f 214 1760 1758
f 200 1718 1716
f 171 1629 1625
f 210 1747 1742
f 183 1665 1663
f 175 1641 1634
f 196 1704 1697
f 207 1737 1728
f 211 1750 1746
f 187 1676 1664
f 176 1644 1640
f 195 1702 1700
f 203 1726 1724
f 188 1681 1679
f 168 1620 1618
f 198 1710 1708
f 213 1755 1753
f 218 1771 1769
f 208 1740 1738
f 185 1673 1671
f 177 1647 1643
f 197 1707 1701
f 206 1734 1723
f 184 1669 1667
f 173 1635 1633
f 194 1698 1693
f 204 1729 1727
f 209 1745 1743
f 190 1687 1685
f 219 1774 1772
f 215 1762 1757
f 201 1720 1715
f 172 1632 1628
f 357 2189 2187
f 255 1883 1881
f 262 1903 1899
f 388 2281 2277
f 400 2317 2313
f 352 2173 2169
f 347 2158 2156
f 298 2012 2010
f 364 2210 2208
f 269 1924 1917
f 339 2135 2133
f 285 1973 1971
f 293 1996 1989
f 370 2227 2223
f 396 2304 2300
f 353 2176 2174
f 346 2155 2151
f 299 2014 2007
f 365 2212 2205
f 268 1922 1920
f 249 1864 1855
f 231 1810 1801
f 226 1795 1784
f 238 1831 1820
f 244 1849 1838
f 257 1887 1874
f 359 2193 2180
f 402 2321 2310
f 390 2285 2274
f 264 1907 1896
f 327 2098 2089
f 309 2044 2035
f 282 1961 1950
f 317 2067 2054
f 322 2083 2072
f 341 2139 2126
f 286 1975 1964
f 294 1997 1986
f 372 2231 2220
f 394 2298 2291
f 358 2190 2183
f 256 1884 1877
f 261 1900 1891
f 387 2278 2269
f 399 2314 2305
f 351 2170 2161
f 348 2159 2148
f 300 2015 2004
f 366 2213 2202
f 267 1918 1909
f 340 2136 2129
f 287 1977 1967
f 291 1990 1981
f 369 2224 2215
f 395 2301 2288
f 354 2177 2166
f 345 2152 2143
f 297 2008 1999
f 363 2206 2197
f 270 1925 1914
f 234 1817 1806
f 227 1797 1787
f 239 1833 1823
f 245 1851 1841
f 252 1871 1860
f 275 1941 1931
f 334 2119 2108
f 304 2029 2018
f 377 2247 2234
f 382 2262 2255
f 312 2051 2040
f 279 1954 1945
f 316 2064 2057
f 323 2085 2075
f 330 2105 2094
f 335 2121 2111
f 305 2031 2021
f 376 2244 2237
f 383 2265 2252
f 274 1939 1928
f 232 1814 1812
f 225 1793 1791
f 237 1829 1827
f 243 1847 1845
f 250 1868 1866
f 273 1937 1935
f 336 2124 2118
f 306 2034 2028
f 378 2250 2246
f 381 2261 2259
f 311 2050 2048
f 281 1960 1953
f 315 2063 2061
f 321 2081 2079
f 328 2102 2100
f 333 2117 2115
f 303 2027 2025
f 375 2243 2241
f 384 2268 2264
f 276 1944 1938
f 229 1804 1802
f 223 1785 1783
f 235 1821 1819
f 241 1839 1837
f 247 1858 1856
f 271 1929 1927
f 332 2114 2112
f 302 2024 2022
f 374 2240 2238
f 379 2253 2251
f 307 2038 2036
f 278 1951 1949
f 313 2055 2053
f 319 2073 2071
f 325 2092 2090
f 331 2109 2107
f 301 2019 2017
f 373 2235 2233
f 380 2258 2256
f 272 1934 1932
f 248 1861 1859
f 230 1807 1805
f 224 1790 1788
f 236 1826 1824
f 242 1844 1842
f 254 1880 1878
f 356 2186 2184
f 397 2308 2306
f 385 2272 2270
f 259 1894 1892
f 326 2095 2093
f 308 2041 2039
f 277 1948 1946
f 314 2060 2058
f 320 2078 2076
f 338 2132 2130
f 284 1970 1968
f 289 1984 1982
f 367 2218 2216
f 391 2289 2287
f 355 2181 2179
f 253 1875 1873
f 260 1897 1895
f 386 2275 2273
f 398 2311 2309
f 350 2167 2165
f 343 2146 2144
f 295 2002 2000
f 361 2200 2198
f 266 1915 1913
f 337 2127 2125
f 283 1965 1963
f 290 1987 1985
f 368 2221 2219
f 392 2294 2292
f 349 2164 2162
f 344 2149 2147
f 296 2005 2003
f 362 2203 2201
f 265 1912 1910
f 251 1870 1863
f 233 1816 1809
f 228 1800 1794
f 240 1836 1830
f 246 1854 1848
f 258 1890 1886
f 360 2196 2192
f 401 2320 2318
f 389 2284 2282
f 263 1906 1904
f 329 2104 2097
f 310 2047 2043
f 280 1958 1956
f 318 2070 2066
f 324 2088 2082
f 342 2142 2138
f 288 1980 1974
f 292 1994 1992
f 371 2230 2228
f 393 2297 2295
f 409 2329 2331
f 405 2323 2327
f 411 2326 2328
f 414 2333 2334
f 417 2336 2337
f 431 2345 2346
f 488 2409 2412
f 575 2496 2499
f 563 2485 2487
f 519 2435 2436
f 454 2374 2376
f 450 2368 2372
f 456 2371 2373
f 459 2378 2379
f 462 2381 2382
f 472 2392 2396
f 446 2360 2361
f 506 2416 2418
f 535 2456 2457
f 541 2460 2463
f 570 2488 2492
f 480 2398 2402
f 421 2340 2343
f 511 2430 2433
f 556 2475 2478
f 484 2404 2406
f 580 2501 2502
f 567 2482 2484
f 522 2440 2442
f 427 2347 2349
f 544 2464 2468
f 468 2384 2387
f 436 2355 2358
f 499 2419 2421
f 530 2451 2454
f 548 2470 2472
f 466 2385 2388
f 442 2362 2364
f 505 2423 2426
f 536 2446 2448
f 491 2401 2403
f 423 2339 2342
f 513 2429 2432
f 564 2474 2477
f 581 2491 2493
f 549 2459 2462
f 477 2395 2397
f 445 2365 2367
f 503 2424 2427
f 525 2443 2447
f 474 2390 2391
f 438 2354 2357
f 495 2413 2417
f 532 2450 2453
f 552 2467 2469
f 490 2408 2411
f 577 2495 2498
f 559 2479 2483
f 517 2437 2441
f 430 2350 2352
f 590 2511 2509
f 584 2505 2503
f 585 2507 2506
f 592 2513 2512
f 595 2516 2515
f 598 2519 2518
f 636 2556 2555
f 621 2540 2541
f 642 2561 2562
f 601 2521 2522
f 623 2544 2542
f 611 2529 2528
f 609 2530 2531
f 625 2546 2545
f 628 2549 2548
f 632 2553 2551
f 613 2534 2533
f 616 2536 2537
f 638 2557 2559
f 606 2525 2526
f 1607 644 647
f 1603 643 644
f 1604 645 643
f 1610 646 645
f 1613 647 646
f 1622 652 649
f 1686 670 672
f 1773 699 702
f 1761 695 696
f 1712 681 679
f 1652 659 662
f 1648 658 659
f 1649 660 658
f 1655 661 660
f 1658 662 661
f 1670 665 666
f 1637 657 654
f 1694 677 673
f 1731 686 685
f 1739 688 692
f 1768 698 701
f 1678 668 669
f 1619 648 650
f 1709 678 682
f 1754 693 697
f 1682 669 671
f 1776 701 700
f 1758 697 694
f 1716 682 680
f 1625 650 651
f 1742 689 690
f 1663 664 663
f 1634 653 655
f 1697 674 676
f 1728 684 687
f 1746 690 691
f 1664 663 667
f 1640 655 656
f 1700 676 675
f 1724 687 683
f 1679 672 668
f 1618 649 648
f 1708 679 678
f 1753 696 693
f 1769 702 698
f 1738 691 688
f 1671 667 665
f 1643 656 657
f 1701 675 677
f 1723 683 686
f 1667 666 664
f 1633 654 653
f 1693 673 674
f 1727 685 684
f 1743 692 689
f 1685 671 670
f 1772 700 699
f 1757 694 695
f 1715 680 681
f 1628 651 652
f 2187 838 837
f 1881 736 735
f 1899 741 742
f 2277 867 868
f 2313 879 880
f 2169 831 832
f 2156 828 827
f 2010 780 778
f 2208 846 844
f 1917 747 749
f 2133 820 819
f 1971 767 765
f 1989 771 773
f 2223 849 850
f 2300 875 876
f 2174 834 833
f 2151 825 826
f 2007 777 779
f 2205 843 845
f 1920 750 748
f 1855 727 729
f 1801 709 711
f 1784 703 706
f 1820 715 718
f 1838 721 724
f 1874 733 737
f 2180 835 839
f 2310 878 882
f 2274 866 870
f 1896 740 744
f 2089 805 807
f 2035 787 789
f 1950 758 762
f 2054 793 797
f 2072 799 802
f 2126 817 821
f 1964 763 766
f 1986 770 774
f 2220 848 852
f 2291 872 874
f 2183 836 838
f 1877 734 736
f 1891 739 741
f 2269 865 867
f 2305 877 879
f 2161 829 831
f 2148 824 828
f 2004 776 780
f 2202 842 846
f 1909 745 747
f 2129 818 820
f 1967 764 767
f 1981 769 771
f 2215 847 849
f 2288 871 875
f 2166 830 834
f 2143 823 825
f 1999 775 777
f 2197 841 843
f 1914 746 750
f 1806 710 714
f 1787 704 707
f 1823 716 719
f 1841 722 725
f 1860 728 732
f 1931 752 755
f 2108 811 814
f 2018 781 784
f 2234 853 857
f 2255 860 862
f 2040 788 792
f 1945 757 759
f 2057 794 796
f 2075 800 803
f 2094 806 810
f 2111 812 815
f 2021 782 785
f 2237 854 856
f 2252 859 863
f 1928 751 754
f 1812 714 712
f 1791 707 705
f 1827 719 717
f 1845 725 723
f 1866 732 730
f 1935 755 753
f 2118 814 816
f 2028 784 786
f 2246 857 858
f 2259 862 861
f 2048 792 791
f 1953 759 761
f 2061 796 795
f 2079 803 801
f 2100 810 808
f 2115 815 813
f 2025 785 783
f 2241 856 855
f 2264 863 864
f 1938 754 756
f 1802 712 709
f 1783 705 703
f 1819 717 715
f 1837 723 721
f 1856 730 727
f 1927 753 751
f 2112 816 812
f 2022 786 782
f 2238 858 854
f 2251 861 859
f 2036 791 787
f 1949 761 758
f 2053 795 793
f 2071 801 799
f 2090 808 805
f 2107 813 811
f 2017 783 781
f 2233 855 853
f 2256 864 860
f 1932 756 752
f 1859 731 728
f 1805 713 710
f 1788 708 704
f 1824 720 716
f 1842 726 722
f 1878 738 734
f 2184 840 836
f 2306 881 877
f 2270 869 865
f 1892 743 739
f 2093 809 806
f 2039 790 788
f 1946 760 757
f 2058 798 794
f 2076 804 800
f 2130 822 818
f 1968 768 764
f 1982 772 769
f 2216 851 847
f 2287 873 871
f 2179 837 835
f 1873 735 733
f 1895 742 740
f 2273 868 866
f 2309 880 878
f 2165 832 830
f 2144 827 823
f 2000 778 775
f 2198 844 841
f 1913 749 746
f 2125 819 817
f 1963 765 763
f 1985 773 770
f 2219 850 848
f 2292 876 872
f 2162 833 829
f 2147 826 824
f 2003 779 776
f 2201 845 842
f 1910 748 745
f 1863 729 731
f 1809 711 713
f 1794 706 708
f 1830 718 720
f 1848 724 726
f 1886 737 738
f 2192 839 840
f 2318 882 881
f 2282 870 869
f 1904 744 743
f 2097 807 809
f 2043 789 790
f 1956 762 760
f 2066 797 798
f 2082 802 804
f 2138 821 822
f 1974 766 768
f 1992 774 772
f 2228 852 851
f 2295 874 873
f 2331 1270 1269
f 2327 1246 1245
f 2328 1251 1252
f 2334 1287 1288
f 2337 1305 1306
f 2346 1335 1336
f 2412 1552 1551
f 2499 1474 1473
f 2487 1600 1599
f 2436 1353 1354
f 2376 1480 1479
f 2372 1402 1401
f 2373 1407 1408
f 2379 1491 1492
f 2382 1503 1504
f 2396 1534 1533
f 2361 1413 1414
f 2418 1443 1444
f 2457 1593 1594
f 2463 1384 1383
f 2492 1324 1323
f 2402 1276 1275
f 2343 1264 1263
f 2433 1300 1299
f 2478 1318 1317
f 2406 1342 1341
f 2502 1563 1564
f 2484 1461 1462
f 2442 1587 1588
f 2349 1348 1347
f 2468 1522 1521
f 2387 1419 1420
f 2358 1396 1395
f 2421 1498 1497
f 2454 1516 1515
f 2472 1558 1557
f 2388 1426 1425
f 2364 1432 1431
f 2426 1569 1570
f 2448 1371 1372
f 2403 1281 1282
f 2342 1257 1258
f 2432 1293 1294
f 2477 1311 1312
f 2493 1329 1330
f 2462 1377 1378
f 2397 1539 1540
f 2367 1450 1449
f 2427 1576 1575
f 2447 1366 1365
f 2391 1485 1486
f 2357 1389 1390
f 2417 1438 1437
f 2453 1509 1510
f 2469 1527 1528
f 2411 1545 1546
f 2498 1467 1468
f 2483 1456 1455
f 2441 1582 1581
f 2352 1360 1359
f 2509 1271 1272
f 2503 1247 1248
f 2506 1254 1253
f 2512 1290 1289
f 2515 1308 1307
f 2518 1338 1337
f 2555 1553 1554
f 2541 1475 1476
f 2562 1601 1602
f 2522 1356 1355
f 2542 1481 1482
f 2528 1403 1404
f 2531 1410 1409
f 2545 1494 1493
f 2548 1506 1505
f 2551 1535 1536
f 2533 1416 1415
f 2537 1446 1445
f 2559 1596 1595
f 2526 1385 1386
f 1616 907 909
f 1608 889 891
f 1606 883 886
f 1612 895 898
f 1615 901 904
f 1624 919 922
f 1692 1057 1060
f 1782 1237 1240
f 1765 1201 1204
f 1714 1099 1102
f 1661 997 999
f 1653 979 981
f 1651 973 976
f 1657 985 988
f 1660 991 994
f 1675 1021 1024
f 1639 949 952
f 1696 1063 1066
f 1733 1135 1138
f 1751 1177 1179
f 1779 1231 1233
f 1683 1039 1041
f 1626 925 927
f 1721 1117 1119
f 1766 1207 1209
f 1689 1051 1053
f 1778 1225 1228
f 1760 1189 1192
f 1718 1105 1108
f 1629 931 933
f 1747 1165 1167
f 1665 1003 1005
f 1641 955 957
f 1704 1081 1083
f 1737 1147 1150
f 1750 1171 1174
f 1676 1027 1029
f 1644 961 963
f 1702 1075 1077
f 1726 1123 1126
f 1681 1033 1036
f 1620 913 915
f 1710 1093 1095
f 1755 1183 1185
f 1771 1213 1216
f 1740 1153 1155
f 1673 1015 1018
f 1647 967 970
f 1707 1087 1090
f 1734 1141 1143
f 1669 1009 1012
f 1635 943 945
f 1698 1069 1071
f 1729 1129 1131
f 1745 1159 1162
f 1687 1045 1047
f 1774 1219 1221
f 1762 1195 1197
f 1720 1111 1114
f 1632 937 940
f 2189 1280 1284
f 1883 1256 1260
f 1903 1292 1296
f 2281 1310 1314
f 2317 1328 1332
f 2173 1376 1380
f 2158 1538 1542
f 2012 1447 1451
f 2210 1573 1577
f 1924 1363 1367
f 2135 1484 1488
f 1973 1388 1392
f 1996 1435 1439
f 2227 1508 1512
f 2304 1526 1530
f 2176 1544 1548
f 2155 1466 1470
f 2014 1453 1457
f 2212 1579 1583
f 1922 1357 1361
f 1864 1268 1270
f 1810 1244 1246
f 1795 1249 1251
f 1831 1285 1287
f 1849 1303 1305
f 1887 1333 1335
f 2193 1550 1552
f 2321 1472 1474
f 2285 1598 1600
f 1907 1351 1353
f 2098 1478 1480
f 2044 1400 1402
f 1961 1405 1407
f 2067 1489 1491
f 2083 1501 1503
f 2139 1532 1534
f 1975 1411 1413
f 1997 1441 1443
f 2231 1591 1593
f 2298 1382 1384
f 2190 1322 1324
f 1884 1274 1276
f 1900 1262 1264
f 2278 1298 1300
f 2314 1316 1318
f 2170 1340 1342
f 2159 1561 1563
f 2015 1459 1461
f 2213 1585 1587
f 1918 1346 1348
f 2136 1520 1522
f 1977 1417 1419
f 1990 1394 1396
f 2224 1496 1498
f 2301 1514 1516
f 2177 1556 1558
f 2152 1424 1426
f 2008 1430 1432
f 2206 1567 1569
f 1925 1369 1371
f 1817 1279 1281
f 1797 1255 1257
f 1833 1291 1293
f 1851 1309 1311
f 1871 1327 1329
f 1941 1375 1377
f 2119 1537 1539
f 2029 1448 1450
f 2247 1574 1576
f 2262 1364 1366
f 2051 1483 1485
f 1954 1387 1389
f 2064 1436 1438
f 2085 1507 1509
f 2105 1525 1527
f 2121 1543 1545
f 2031 1465 1467
f 2244 1454 1456
f 2265 1580 1582
f 1939 1358 1360
f 1814 1267 1271
f 1793 1243 1247
f 1829 1250 1254
f 1847 1286 1290
f 1868 1304 1308
f 1937 1334 1338
f 2124 1549 1553
f 2034 1471 1475
f 2250 1597 1601
f 2261 1352 1356
f 2050 1477 1481
f 1960 1399 1403
f 2063 1406 1410
f 2081 1490 1494
f 2102 1502 1506
f 2117 1531 1535
f 2027 1412 1416
f 2243 1442 1446
f 2268 1592 1596
f 1944 1381 1385
f 1804 890 894
f 1785 884 887
f 1821 896 899
f 1839 902 905
f 1858 908 912
f 1929 938 941
f 2114 1046 1050
f 2024 1220 1224
f 2240 1196 1200
f 2253 1112 1115
f 2038 980 984
f 1951 974 977
f 2055 986 989
f 2073 992 995
f 2092 998 1002
f 2109 1016 1019
f 2019 968 971
f 2235 1088 1091
f 2258 1142 1146
f 1934 1154 1158
f 1861 1214 1217
f 1807 1034 1037
f 1790 914 918
f 1826 1094 1098
f 1844 1184 1188
f 1880 1040 1044
f 2186 1232 1236
f 2308 1208 1212
f 2272 1118 1122
f 1894 926 930
f 2095 1160 1163
f 2041 1010 1013
f 1948 944 948
f 2060 1070 1074
f 2078 1130 1134
f 2132 1166 1170
f 1970 1004 1008
f 1984 956 960
f 2218 1082 1086
f 2289 1148 1151
f 2181 1058 1061
f 1875 920 923
f 1897 1100 1103
f 2275 1202 1205
f 2311 1238 1241
f 2167 1172 1175
f 2146 1028 1032
f 2002 962 966
f 2200 1076 1080
f 1915 1124 1127
f 2127 1022 1025
f 1965 950 953
f 1987 1064 1067
f 2221 1136 1139
f 2294 1178 1182
f 2164 1052 1056
f 2149 1226 1229
f 2005 1190 1193
f 2203 1106 1109
f 1912 932 936
f 1870 1321 1325
f 1816 1273 1277
f 1800 1261 1265
f 1836 1297 1301
f 1854 1315 1319
f 1890 1339 1343
f 2196 1562 1566
f 2320 1460 1464
f 2284 1586 1590
f 1906 1345 1349
f 2104 1519 1523
f 2047 1418 1422
f 1958 1393 1397
f 2070 1495 1499
f 2088 1513 1517
f 2142 1555 1559
f 1980 1423 1427
f 1994 1429 1433
f 2230 1568 1572
f 2297 1370 1374
f 2329 894 892
f 2323 887 885
f 2326 899 897
f 2333 905 903
f 2336 912 910
f 2345 941 939
f 2409 1050 1048
f 2496 1224 1222
f 2485 1200 1198
f 2435 1115 1113
f 2374 984 982
f 2368 977 975
f 2371 989 987
f 2378 995 993
f 2381 1002 1000
f 2392 1019 1017
f 2360 971 969
f 2416 1091 1089
f 2456 1146 1144
f 2460 1158 1156
f 2488 1217 1215
f 2398 1037 1035
f 2340 918 916
f 2430 1098 1096
f 2475 1188 1186
f 2404 1044 1042
f 2501 1236 1234
f 2482 1212 1210
f 2440 1122 1120
f 2347 930 928
f 2464 1163 1161
f 2384 1013 1011
f 2355 948 946
f 2419 1074 1072
f 2451 1134 1132
f 2470 1170 1168
f 2385 1008 1006
f 2362 960 958
f 2423 1086 1084
f 2446 1151 1149
f 2401 1061 1059
f 2339 923 921
f 2429 1103 1101
f 2474 1205 1203
f 2491 1241 1239
f 2459 1175 1173
f 2395 1032 1030
f 2365 966 964
f 2424 1080 1078
f 2443 1127 1125
f 2390 1025 1023
f 2354 953 951
f 2413 1067 1065
f 2450 1139 1137
f 2467 1182 1180
f 2408 1056 1054
f 2495 1229 1227
f 2479 1193 1191
f 2437 1109 1107
f 2350 936 934
f 2511 1325 1326
f 2505 1277 1278
f 2507 1265 1266
f 2513 1301 1302
f 2516 1319 1320
f 2519 1343 1344
f 2556 1566 1565
f 2540 1464 1463
f 2561 1590 1589
f 2521 1349 1350
f 2544 1523 1524
f 2529 1422 1421
f 2530 1397 1398
f 2546 1499 1500
f 2549 1517 1518
f 2553 1559 1560
f 2534 1427 1428
f 2536 1433 1434
f 2557 1572 1571
f 2525 1374 1373
f 1609 892 889
f 1605 885 883
f 1611 897 895
f 1614 903 901
f 1617 910 907
f 1631 939 937
f 1688 1048 1045
f 1775 1222 1219
f 1763 1198 1195
f 1719 1113 1111
f 1654 982 979
f 1650 975 973
f 1656 987 985
f 1659 993 991
f 1662 1000 997
f 1672 1017 1015
f 1646 969 967
f 1706 1089 1087
f 1735 1144 1141
f 1741 1156 1153
f 1770 1215 1213
f 1680 1035 1033
f 1621 916 913
f 1711 1096 1093
f 1756 1186 1183
f 1684 1042 1039
f 1780 1234 1231
f 1767 1210 1207
f 1722 1120 1117
f 1627 928 925
f 1744 1161 1159
f 1668 1011 1009
f 1636 946 943
f 1699 1072 1069
f 1730 1132 1129
f 1748 1168 1165
f 1666 1006 1003
f 1642 958 955
f 1705 1084 1081
f 1736 1149 1147
f 1691 1059 1057
f 1623 921 919
f 1713 1101 1099
f 1764 1203 1201
f 1781 1239 1237
f 1749 1173 1171
f 1677 1030 1027
f 1645 964 961
f 1703 1078 1075
f 1725 1125 1123
f 1674 1023 1021
f 1638 951 949
f 1695 1065 1063
f 1732 1137 1135
f 1752 1180 1177
f 1690 1054 1051
f 1777 1227 1225
f 1759 1191 1189
f 1717 1107 1105
f 1630 934 931
f 2191 1326 1322
f 1885 1278 1274
f 1901 1266 1262
f 2279 1302 1298
f 2315 1320 1316
f 2171 1344 1340
f 2160 1565 1561
f 2016 1463 1459
f 2214 1589 1585
f 1919 1350 1346
f 2137 1524 1520
f 1978 1421 1417
f 1991 1398 1394
f 2225 1500 1496
f 2302 1518 1514
f 2178 1560 1556
f 2153 1428 1424
f 2009 1434 1430
f 2207 1571 1567
f 1926 1373 1369
f 1857 911 908
f 1803 893 890
f 1786 888 884
f 1822 900 896
f 1840 906 902
f 1876 924 920
f 2182 1062 1058
f 2312 1242 1238
f 2276 1206 1202
f 1898 1104 1100
f 2091 1001 998
f 2037 983 980
f 1952 978 974
f 2056 990 986
f 2074 996 992
f 2128 1026 1022
f 1966 954 950
f 1988 1068 1064
f 2222 1140 1136
f 2293 1181 1178
f 2185 1235 1232
f 1879 1043 1040
f 1893 929 926
f 2271 1121 1118
f 2307 1211 1208
f 2163 1055 1052
f 2150 1230 1226
f 2006 1194 1190
f 2204 1110 1106
f 1911 935 932
f 2131 1169 1166
f 1969 1007 1004
f 1983 959 956
f 2217 1085 1082
f 2290 1152 1148
f 2168 1176 1172
f 2145 1031 1028
f 2001 965 962
f 2199 1079 1076
f 1916 1128 1124
f 1808 1038 1034
f 1789 917 914
f 1825 1097 1094
f 1843 1187 1184
f 1862 1218 1214
f 1933 1157 1154
f 2110 1020 1016
f 2020 972 968
f 2236 1092 1088
f 2257 1145 1142
f 2042 1014 1010
f 1947 947 944
f 2059 1073 1070
f 2077 1133 1130
f 2096 1164 1160
f 2113 1049 1046
f 2023 1223 1220
f 2239 1199 1196
f 2254 1116 1112
f 1930 942 938
f 1818 1283 1279
f 1798 1259 1255
f 1834 1295 1291
f 1852 1313 1309
f 1872 1331 1327
f 1942 1379 1375
f 2120 1541 1537
f 2030 1452 1448
f 2248 1578 1574
f 2263 1368 1364
f 2052 1487 1483
f 1955 1391 1387
f 2065 1440 1436
f 2086 1511 1507
f 2106 1529 1525
f 2122 1547 1543
f 2032 1469 1465
f 2245 1458 1454
f 2266 1584 1580
f 1940 1362 1358
f 1813 1269 1267
f 1792 1245 1243
f 1828 1252 1250
f 1846 1288 1286
f 1867 1306 1304
f 1936 1336 1334
f 2123 1551 1549
f 2033 1473 1471
f 2249 1599 1597
f 2260 1354 1352
f 2049 1479 1477
f 1959 1401 1399
f 2062 1408 1406
f 2080 1492 1490
f 2101 1504 1502
f 2116 1533 1531
f 2026 1414 1412
f 2242 1444 1442
f 2267 1594 1592
f 1943 1383 1381
f 1869 1323 1321
f 1815 1275 1273
f 1799 1263 1261
f 1835 1299 1297
f 1853 1317 1315
f 1889 1341 1339
f 2195 1564 1562
f 2319 1462 1460
f 2283 1588 1586
f 1905 1347 1345
f 2103 1521 1519
f 2046 1420 1418
f 1957 1395 1393
f 2069 1497 1495
f 2087 1515 1513
f 2141 1557 1555
f 1979 1425 1423
f 1993 1431 1429
f 2229 1570 1568
f 2296 1372 1370
f 2188 1282 1280
f 1882 1258 1256
f 1902 1294 1292
f 2280 1312 1310
f 2316 1330 1328
f 2172 1378 1376
f 2157 1540 1538
f 2011 1449 1447
f 2209 1575 1573
f 1923 1365 1363
f 2134 1486 1484
f 1972 1390 1388
f 1995 1437 1435
f 2226 1510 1508
f 2303 1528 1526
f 2175 1546 1544
f 2154 1468 1466
f 2013 1455 1453
f 2211 1581 1579
f 1921 1359 1357
f 1865 1272 1268
f 1811 1248 1244
f 1796 1253 1249
f 1832 1289 1285
f 1850 1307 1303
f 1888 1337 1333
f 2194 1554 1550
f 2322 1476 1472
f 2286 1602 1598
f 1908 1355 1351
f 2099 1482 1478
f 2045 1404 1400
f 1962 1409 1405
f 2068 1493 1489
f 2084 1505 1501
f 2140 1536 1532
f 1976 1415 1411
f 1998 1445 1441
f 2232 1595 1591
f 2299 1386 1382
f 2330 909 911
f 2324 891 893
f 2325 886 888
f 2332 898 900
f 2335 904 906
f 2344 922 924
f 2410 1060 1062
f 2497 1240 1242
f 2486 1204 1206
f 2434 1102 1104
f 2375 999 1001
f 2369 981 983
f 2370 976 978
f 2377 988 990
f 2380 994 996
f 2393 1024 1026
f 2359 952 954
f 2415 1066 1068
f 2455 1138 1140
f 2461 1179 1181
f 2489 1233 1235
f 2399 1041 1043
f 2341 927 929
f 2431 1119 1121
f 2476 1209 1211
f 2405 1053 1055
f 2500 1228 1230
f 2481 1192 1194
f 2439 1108 1110
f 2348 933 935
f 2465 1167 1169
f 2383 1005 1007
f 2356 957 959
f 2420 1083 1085
f 2452 1150 1152
f 2471 1174 1176
f 2386 1029 1031
f 2363 963 965
f 2422 1077 1079
f 2445 1126 1128
f 2400 1036 1038
f 2338 915 917
f 2428 1095 1097
f 2473 1185 1187
f 2490 1216 1218
f 2458 1155 1157
f 2394 1018 1020
f 2366 970 972
f 2425 1090 1092
f 2444 1143 1145
f 2389 1012 1014
f 2353 945 947
f 2414 1071 1073
f 2449 1131 1133
f 2466 1162 1164
f 2407 1047 1049
f 2494 1221 1223
f 2480 1197 1199
f 2438 1114 1116
f 2351 940 942
f 2510 1284 1283
f 2504 1260 1259
f 2508 1296 1295
f 2514 1314 1313
f 2517 1332 1331
f 2520 1380 1379
f 2554 1542 1541
f 2539 1451 1452
f 2560 1577 1578
f 2523 1367 1368
f 2543 1488 1487
f 2527 1392 1391
f 2532 1439 1440
f 2547 1512 1511
f 2550 1530 1529
f 2552 1548 1547
f 2535 1470 1469
f 2538 1457 1458
f 2558 1583 1584
f 2524 1361 1362
f 1607 1616 1609
f 1603 1608 1605
f 1604 1606 1611
f 1610 1612 1614
f 1613 1615 1617
f 1622 1624 1631
f 1686 1692 1688
f 1773 1782 1775
f 1761 1765 1763
f 1712 1714 1719
f 1652 1661 1654
f 1648 1653 1650
f 1649 1651 1656
f 1655 1657 1659
f 1658 1660 1662
f 1670 1675 1672
f 1637 1639 1646
f 1694 1696 1706
f 1731 1733 1735
f 1739 1751 1741
f 1768 1779 1770
f 1678 1683 1680
f 1619 1626 1621
f 1709 1721 1711
f 1754 1766 1756
f 1682 1689 1684
f 1776 1778 1780
f 1758 1760 1767
f 1716 1718 1722
f 1625 1629 1627
f 1742 1747 1744
f 1663 1665 1668
f 1634 1641 1636
f 1697 1704 1699
f 1728 1737 1730
f 1746 1750 1748
f 1664 1676 1666
f 1640 1644 1642
f 1700 1702 1705
f 1724 1726 1736
f 1679 1681 1691
f 1618 1620 1623
f 1708 1710 1713
f 1753 1755 1764
f 1769 1771 1781
f 1738 1740 1749
f 1671 1673 1677
f 1643 1647 1645
f 1701 1707 1703
f 1723 1734 1725
f 1667 1669 1674
f 1633 1635 1638
f 1693 1698 1695
f 1727 1729 1732
f 1743 1745 1752
f 1685 1687 1690
f 1772 1774 1777
f 1757 1762 1759
f 1715 1720 1717
f 1628 1632 1630
f 2187 2189 2191
f 1881 1883 1885
f 1899 1903 1901
f 2277 2281 2279
f 2313 2317 2315
f 2169 2173 2171
f 2156 2158 2160
f 2010 2012 2016
f 2208 2210 2214
f 1917 1924 1919
f 2133 2135 2137
f 1971 1973 1978
f 1989 1996 1991
f 2223 2227 2225
f 2300 2304 2302
f 2174 2176 2178
f 2151 2155 2153
f 2007 2014 2009
f 2205 2212 2207
f 1920 1922 1926
f 1855 1864 1857
f 1801 1810 1803
f 1784 1795 1786
f 1820 1831 1822
f 1838 1849 1840
f 1874 1887 1876
f 2180 2193 2182
f 2310 2321 2312
f 2274 2285 2276
f 1896 1907 1898
f 2089 2098 2091
f 2035 2044 2037
f 1950 1961 1952
f 2054 2067 2056
f 2072 2083 2074
f 2126 2139 2128
f 1964 1975 1966
f 1986 1997 1988
f 2220 2231 2222
f 2291 2298 2293
f 2183 2190 2185
f 1877 1884 1879
f 1891 1900 1893
f 2269 2278 2271
f 2305 2314 2307
f 2161 2170 2163
f 2148 2159 2150
f 2004 2015 2006
f 2202 2213 2204
f 1909 1918 1911
f 2129 2136 2131
f 1967 1977 1969
f 1981 1990 1983
f 2215 2224 2217
f 2288 2301 2290
f 2166 2177 2168
f 2143 2152 2145
f 1999 2008 2001
f 2197 2206 2199
f 1914 1925 1916
f 1806 1817 1808
f 1787 1797 1789
f 1823 1833 1825
f 1841 1851 1843
f 1860 1871 1862
f 1931 1941 1933
f 2108 2119 2110
f 2018 2029 2020
f 2234 2247 2236
f 2255 2262 2257
f 2040 2051 2042
f 1945 1954 1947
f 2057 2064 2059
f 2075 2085 2077
f 2094 2105 2096
f 2111 2121 2113
f 2021 2031 2023
f 2237 2244 2239
f 2252 2265 2254
f 1928 1939 1930
f 1812 1814 1818
f 1791 1793 1798
f 1827 1829 1834
f 1845 1847 1852
f 1866 1868 1872
f 1935 1937 1942
f 2118 2124 2120
f 2028 2034 2030
f 2246 2250 2248
f 2259 2261 2263
f 2048 2050 2052
f 1953 1960 1955
f 2061 2063 2065
f 2079 2081 2086
f 2100 2102 2106
f 2115 2117 2122
f 2025 2027 2032
f 2241 2243 2245
f 2264 2268 2266
f 1938 1944 1940
f 1802 1804 1813
f 1783 1785 1792
f 1819 1821 1828
f 1837 1839 1846
f 1856 1858 1867
f 1927 1929 1936
f 2112 2114 2123
f 2022 2024 2033
f 2238 2240 2249
f 2251 2253 2260
f 2036 2038 2049
f 1949 1951 1959
f 2053 2055 2062
f 2071 2073 2080
f 2090 2092 2101
f 2107 2109 2116
f 2017 2019 2026
f 2233 2235 2242
f 2256 2258 2267
f 1932 1934 1943
f 1859 1861 1869
f 1805 1807 1815
f 1788 1790 1799
f 1824 1826 1835
f 1842 1844 1853
f 1878 1880 1889
f 2184 2186 2195
f 2306 2308 2319
f 2270 2272 2283
f 1892 1894 1905
f 2093 2095 2103
f 2039 2041 2046
f 1946 1948 1957
f 2058 2060 2069
f 2076 2078 2087
f 2130 2132 2141
f 1968 1970 1979
f 1982 1984 1993
f 2216 2218 2229
f 2287 2289 2296
f 2179 2181 2188
f 1873 1875 1882
f 1895 1897 1902
f 2273 2275 2280
f 2309 2311 2316
f 2165 2167 2172
f 2144 2146 2157
f 2000 2002 2011
f 2198 2200 2209
f 1913 1915 1923
f 2125 2127 2134
f 1963 1965 1972
f 1985 1987 1995
f 2219 2221 2226
f 2292 2294 2303
f 2162 2164 2175
f 2147 2149 2154
f 2003 2005 2013
f 2201 2203 2211
f 1910 1912 1921
f 1863 1870 1865
f 1809 1816 1811
f 1794 1800 1796
f 1830 1836 1832
f 1848 1854 1850
f 1886 1890 1888
f 2192 2196 2194
f 2318 2320 2322
f 2282 2284 2286
f 1904 1906 1908
f 2097 2104 2099
f 2043 2047 2045
f 1956 1958 1962
f 2066 2070 2068
f 2082 2088 2084
f 2138 2142 2140
f 1974 1980 1976
f 1992 1994 1998
f 2228 2230 2232
f 2295 2297 2299
f 2331 2329 2330
f 2327 2323 2324
f 2328 2326 2325
f 2334 2333 2332
f 2337 2336 2335
f 2346 2345 2344
f 2412 2409 2410
f 2499 2496 2497
f 2487 2485 2486
f 2436 2435 2434
f 2376 2374 2375
f 2372 2368 2369
f 2373 2371 2370
f 2379 2378 2377
f 2382 2381 2380
f 2396 2392 2393
f 2361 2360 2359
f 2418 2416 2415
f 2457 2456 2455
f 2463 2460 2461
f 2492 2488 2489
f 2402 2398 2399
f 2343 2340 2341
f 2433 2430 2431
f 2478 2475 2476
f 2406 2404 2405
f 2502 2501 2500
f 2484 2482 2481
f 2442 2440 2439
f 2349 2347 2348
f 2468 2464 2465
f 2387 2384 2383
f 2358 2355 2356
f 2421 2419 2420
f 2454 2451 2452
f 2472 2470 2471
f 2388 2385 2386
f 2364 2362 2363
f 2426 2423 2422
f 2448 2446 2445
f 2403 2401 2400
f 2342 2339 2338
f 2432 2429 2428
f 2477 2474 2473
f 2493 2491 2490
f 2462 2459 2458
f 2397 2395 2394
f 2367 2365 2366
f 2427 2424 2425
f 2447 2443 2444
f 2391 2390 2389
f 2357 2354 2353
f 2417 2413 2414
f 2453 2450 2449
f 2469 2467 2466
f 2411 2408 2407
f 2498 2495 2494
f 2483 2479 2480
f 2441 2437 2438
f 2352 2350 2351
f 2509 2511 2510
f 2503 2505 2504
f 2506 2507 2508
f 2512 2513 2514
f 2515 2516 2517
f 2518 2519 2520
f 2555 2556 2554
f 2541 2540 2539
f 2562 2561 2560
f 2522 2521 2523
f 2542 2544 2543
f 2528 2529 2527
f 2531 2530 2532
f 2545 2546 2547
f 2548 2549 2550
f 2551 2553 2552
f 2533 2534 2535
f 2537 2536 2538
f 2559 2557 2558
f 2526 2525 2524