v -0.389852 0.572764 0.001877
v 0.389985 0.572853 0.001866
v -0.396900 -0.607818 0.006624
v 0.397660 -0.607504 0.006617
v -0.000016 -0.453754 0.714329
v 0.000001 0.402335 0.692733
v -0.000025 -0.395517 -0.691011
v 0.000153 0.421451 -0.702638
v 0.698295 0.001353 -0.438890
v 0.715889 -0.000479 0.441516
v -0.698234 0.001334 -0.438853
v -0.715894 -0.000485 0.441516
v -0.000017 0.667730 -0.016709
v -0.228236 0.523540 0.367044
v -0.221696 0.650963 -0.436917
v -0.619765 0.362244 -0.234426
v -0.640669 0.374138 0.245353
v 0.228223 0.523571 0.367027
v 0.221815 0.650754 -0.436237
v 0.619742 0.362070 -0.234148
v 0.640667 0.374147 0.245361
v -0.000079 -0.725543 0.031300
v -0.254551 -0.690240 0.459079
v -0.230560 -0.563546 -0.371442
v -0.623876 -0.361060 -0.233909
v -0.638585 -0.378974 0.246410
v 0.254964 -0.690200 0.459214
v 0.230031 -0.563632 -0.371776
v 0.623854 -0.361047 -0.233933
v 0.638567 -0.378977 0.246395
v 0.000013 -0.004267 0.818645
v 0.402143 -0.242590 0.653649
v -0.402138 -0.242764 0.653549
v 0.407583 0.246535 0.662322
v -0.407595 0.246558 0.662365
v -0.000049 0.002928 -0.814596
v 0.402560 -0.244166 -0.657128
v -0.402571 -0.244144 -0.657138
v 0.405645 0.241547 -0.661244
v -0.405476 0.241604 -0.661361
v 0.822754 0.000068 0.006172
v -0.822749 0.000064 0.006168
v -0.181905 0.633101 -0.006019
v -0.318971 0.562759 0.166345
v -0.322254 0.606088 -0.187663
v -0.521443 0.508647 -0.105072
v -0.521352 0.493737 0.112743
v 0.181960 0.633069 -0.005938
v 0.318987 0.562805 0.166354
v 0.322216 0.606534 -0.187649
v 0.521520 0.508616 -0.105135
v 0.521355 0.493753 0.112774
v -0.204313 -0.702770 0.004895
v -0.332062 -0.621600 0.195942
v -0.348612 -0.661538 -0.185409
v -0.515094 -0.499995 -0.098688
v -0.530167 -0.521475 0.122881
v 0.204321 -0.702521 0.005096
v 0.333117 -0.621387 0.196359
v 0.348314 -0.661423 -0.185316
v 0.514226 -0.500452 -0.098508
v 0.530035 -0.521397 0.122811
v -0.149092 -0.675446 0.702955
v 0.147788 -0.676037 0.702469
v 0.000092 -0.230702 0.775423
v 0.191477 -0.368295 0.704403
v -0.191386 -0.368350 0.704740
v -0.113474 0.465442 0.560425
v 0.113470 0.465437 0.560419
v 0.000002 0.241300 0.782869
v 0.192753 0.347484 0.702490
v -0.192747 0.347496 0.702488
v -0.111795 -0.465644 -0.559852
v 0.112062 -0.465491 -0.559929
v -0.000002 -0.240921 -0.780477
v 0.192602 -0.344659 -0.702449
v -0.192619 -0.344632 -0.702461
v -0.132060 0.579549 -0.632437
v 0.132473 0.579476 -0.632680
v -0.000067 0.243376 -0.811478
v 0.192752 0.352080 -0.711275
v -0.192897 0.351330 -0.711440
v 0.688076 0.177326 -0.359449
v 0.687429 -0.181311 -0.358683
v 0.582492 -0.115014 -0.559782
v 0.582655 0.115483 -0.560486
v 0.773361 0.000606 -0.235534
v 0.708843 0.183993 0.362017
v 0.707822 -0.186977 0.362716
v 0.592472 -0.118422 0.564038
v 0.592762 0.115840 0.563734
v 0.798650 0.000199 0.245151
v -0.688103 0.177254 -0.359419
v -0.687449 -0.181302 -0.358700
v -0.582490 -0.115005 -0.559779
v -0.582677 0.115448 -0.560471
v -0.773339 0.000596 -0.235525
v -0.708852 0.183992 0.362022
v -0.707821 -0.187005 0.362707
v -0.592436 -0.118432 0.564062
v -0.592712 0.115821 0.563697
v -0.798640 0.000206 0.245146
v -0.094957 0.609824 0.158662
v -0.089996 0.677002 -0.206652
v 0.094998 0.609700 0.158688
v 0.090431 0.677310 -0.206731
v -0.453723 0.468975 0.334244
v -0.000013 0.543394 0.366722
v -0.343042 0.424087 0.541958
v -0.454884 0.527638 -0.356712
v 0.000047 0.712975 -0.444150
v -0.339146 0.455614 -0.554365
v -0.667167 0.381836 0.008110
v -0.532095 0.318966 -0.468344
v -0.757914 0.199899 -0.113026
v -0.546920 0.335913 0.474469
v -0.769206 0.205011 0.126092
v 0.453728 0.468990 0.334237
v 0.343045 0.424113 0.541961
v 0.454953 0.527879 -0.356993
v 0.339329 0.455157 -0.554487
v 0.667131 0.381871 0.008049
v 0.532368 0.319118 -0.468324
v 0.757928 0.199919 -0.113010
v 0.546922 0.335902 0.474468
v 0.769207 0.205011 0.126092
v -0.090226 -0.688912 0.216570
v -0.114931 -0.722173 -0.188019
v 0.090268 -0.688744 0.216557
v 0.114564 -0.721528 -0.188402
v -0.463327 -0.525135 0.357465
v 0.000416 -0.708112 0.466448
v -0.354178 -0.496967 0.581341
v -0.440916 -0.468429 -0.327207
v 0.000072 -0.593208 -0.384771
v -0.338219 -0.413830 -0.542885
v -0.668228 -0.382825 0.008870
v -0.535887 -0.325061 -0.473187
v -0.757005 -0.205226 -0.111757
v -0.543409 -0.337722 0.470650
v -0.768194 -0.208480 0.126366
v 0.463401 -0.525149 0.357444
v 0.354166 -0.496892 0.581489
v 0.441213 -0.468482 -0.326709
v 0.338211 -0.413753 -0.542896
v 0.668245 -0.382832 0.008839
v 0.535966 -0.325108 -0.473242
v 0.757000 -0.205212 -0.111753
v 0.543451 -0.337612 0.470749
v 0.768170 -0.208463 0.126370
v 0.221875 -0.121407 0.781269
v -0.221856 -0.121369 0.781266
v 0.222200 0.123106 0.780298
v -0.222198 0.123109 0.780303
v 0.424964 -0.001408 0.704165
v -0.424933 -0.001434 0.704185
v 0.219851 -0.124010 -0.777413
v -0.219851 -0.124006 -0.777415
v 0.220962 0.129562 -0.786513
v -0.220955 0.129554 -0.786514
v 0.423706 0.002198 -0.702810
v -0.423694 0.002192 -0.702793
v -0.301389 0.602119 -0.000576
v -0.359263 0.572008 0.075306
v -0.362967 0.586394 -0.076921
v -0.454389 0.548690 -0.045028
v -0.451512 0.539832 0.050150
v 0.301362 0.602014 -0.000553
v 0.359293 0.572025 0.075280
v 0.362771 0.586287 -0.076537
v 0.454442 0.548711 -0.045002
v 0.451470 0.539865 0.050193
v -0.314539 -0.653625 0.001303
v -0.372683 -0.616052 0.088025
v -0.371873 -0.631440 -0.075746
v -0.454040 -0.564592 -0.039414
v -0.467195 -0.573031 0.059943
v 0.314627 -0.653317 0.001110
v 0.372609 -0.616336 0.087866
v 0.372245 -0.631459 -0.075818
v 0.453735 -0.564727 -0.039607
v 0.467010 -0.573160 0.059944
v -0.058833 -0.538200 0.699533
v 0.058644 -0.538203 0.699797
v 0.000074 -0.351184 0.733672
v 0.086792 -0.419706 0.714953
v -0.087166 -0.419735 0.714830
v -0.051492 0.432840 0.639443
v 0.051490 0.432823 0.639437
v -0.000003 0.342874 0.738766
v 0.085185 0.384188 0.704446
v -0.085188 0.384187 0.704443
v -0.051508 -0.427440 -0.639631
v 0.051532 -0.427458 -0.639648
v 0.000013 -0.339491 -0.737161
v 0.085360 -0.376898 -0.701555
v -0.085393 -0.376876 -0.701551
v -0.055457 0.490878 -0.672577
v 0.055476 0.491202 -0.672851
v 0.000321 0.341470 -0.745914
v 0.086693 0.393587 -0.712377
v -0.086756 0.394151 -0.712789
v 0.701861 0.079969 -0.408123
v 0.700014 -0.079021 -0.407143
v 0.652854 -0.048770 -0.496873
v 0.654133 0.050918 -0.497945
v 0.736179 0.000852 -0.353877
v 0.720438 0.081301 0.409940
v 0.717609 -0.083181 0.409794
v 0.665937 -0.052556 0.499985
v 0.667508 0.050421 0.500264
v 0.759537 -0.000213 0.357634
v -0.701847 0.079971 -0.408099
v -0.700059 -0.079018 -0.407176
v -0.652852 -0.048768 -0.496878
v -0.654123 0.050921 -0.497938
v -0.736172 0.000859 -0.353867
v -0.720419 0.081290 0.409940
v -0.717590 -0.083178 0.409775
v -0.665950 -0.052567 0.499998
v -0.667505 0.050411 0.500272
v -0.759617 -0.000229 0.357658
v -0.057155 0.665278 -0.012104
v 0.057141 0.665219 -0.012130
v -0.031046 0.651359 0.045983
v -0.020782 0.682740 -0.079271
v 0.031035 0.651338 0.045983
v 0.020669 0.682660 -0.079285
v -0.275512 0.545613 0.264354
v -0.173706 0.495877 0.467136
v -0.161556 0.566737 0.265277
v -0.344190 0.499878 0.358286
v -0.112653 0.538294 0.367525
v -0.290588 0.476748 0.460510
v -0.280429 0.633925 -0.314771
v -0.189702 0.637622 -0.540413
v -0.156738 0.687688 -0.348323
v -0.378972 0.628591 -0.425956
v -0.159675 0.809752 -0.465765
v -0.297594 0.567336 -0.505380
v -0.573171 0.443977 -0.169088
v -0.662332 0.273030 -0.301017
v -0.534187 0.435282 -0.291313
v -0.653566 0.376939 -0.111205
v -0.581191 0.344722 -0.356269
v -0.696973 0.288182 -0.174921
v -0.585907 0.439684 0.179781
v -0.682185 0.287238 0.306225
v -0.554051 0.429497 0.295831
v -0.663277 0.381621 0.126186
v -0.600244 0.359279 0.361830
v -0.711854 0.297015 0.186760
v 0.275528 0.545627 0.264387
v 0.173704 0.495893 0.467137
v 0.161543 0.566673 0.265235
v 0.112660 0.538300 0.367509
v 0.344193 0.499890 0.358288
v 0.290591 0.476751 0.460503
v 0.280538 0.634758 -0.315343
v 0.190002 0.637214 -0.540170
v 0.156616 0.687798 -0.348081
v 0.159814 0.809517 -0.465644
v 0.377947 0.627054 -0.425561
v 0.296622 0.567055 -0.505169
v 0.573108 0.443791 -0.168830
v 0.662284 0.273028 -0.301018
v 0.534214 0.435282 -0.291297
v 0.653590 0.376987 -0.111267
v 0.580479 0.344930 -0.356756
v 0.696993 0.288180 -0.174916
v 0.585884 0.439669 0.179748
v 0.682168 0.287217 0.306224
v 0.554056 0.429498 0.295842
v 0.663304 0.381629 0.126193
v 0.600235 0.359282 0.361819
v 0.711883 0.297066 0.186763
v -0.087469 -0.717412 0.014709
v 0.087521 -0.717316 0.014531
v -0.027029 -0.717355 0.106088
v -0.053367 -0.713236 -0.062909
v 0.026945 -0.717301 0.106138
v 0.053506 -0.713054 -0.062958
v -0.282986 -0.626971 0.321879
v -0.234960 -0.782227 0.623968
v -0.161260 -0.665131 0.344421
v -0.353686 -0.589190 0.410605
v -0.129581 -0.739200 0.474523
v -0.323689 -0.623149 0.543354
v -0.295540 -0.632593 -0.287283
v -0.171554 -0.509842 -0.466671
v -0.179769 -0.666859 -0.296352
v -0.336926 -0.520109 -0.353777
v -0.116617 -0.584057 -0.378849
v -0.283474 -0.481166 -0.456514
v -0.572802 -0.431576 -0.164818
v -0.662061 -0.279349 -0.300127
v -0.537917 -0.416277 -0.286930
v -0.656559 -0.376353 -0.110318
v -0.585358 -0.346391 -0.359212
v -0.697529 -0.293573 -0.173872
v -0.586029 -0.455692 0.184948
v -0.681095 -0.288948 0.306080
v -0.556503 -0.453904 0.303427
v -0.663002 -0.385029 0.127376
v -0.598032 -0.364488 0.362014
v -0.711289 -0.299328 0.186930
v 0.283402 -0.626649 0.321714
v 0.235350 -0.782007 0.623572
v 0.161676 -0.665472 0.344559
v 0.130672 -0.739347 0.474283
v 0.353144 -0.589369 0.410599
v 0.323618 -0.622763 0.543680
v 0.295047 -0.633004 -0.287239
v 0.171272 -0.510111 -0.466636
v 0.178907 -0.667112 -0.295885
v 0.117049 -0.584371 -0.378854
v 0.337051 -0.520172 -0.353696
v 0.283852 -0.480965 -0.456738
v 0.572847 -0.431514 -0.164753
v 0.662077 -0.279339 -0.300154
v 0.538045 -0.416310 -0.286930
v 0.656560 -0.376378 -0.110281
v 0.585367 -0.346425 -0.359235
v 0.697599 -0.293606 -0.173923
v 0.586014 -0.455685 0.184915
v 0.681080 -0.288914 0.306080
v 0.556440 -0.453660 0.303358
v 0.663048 -0.385055 0.127390
v 0.598045 -0.364509 0.362084
v 0.711285 -0.299336 0.186937
v 0.000008 -0.119984 0.813532
v -0.000009 0.121228 0.811995
v 0.112544 -0.063433 0.807962
v -0.112522 -0.063332 0.807908
v 0.112603 0.058632 0.806873
v -0.112620 0.058619 0.806871
v 0.295755 -0.306234 0.681827
v 0.505424 -0.182414 0.618856
v 0.376452 -0.366499 0.610748
v 0.476643 -0.296058 0.568197
v 0.319282 -0.181125 0.727352
v 0.422772 -0.124536 0.694681
v -0.296205 -0.306536 0.681927
v -0.505420 -0.182535 0.618801
v -0.376656 -0.366258 0.610706
v -0.476714 -0.296366 0.568051
v -0.319117 -0.181382 0.727019
v -0.422802 -0.124497 0.694673
v 0.303378 0.301899 0.689470
v 0.505050 0.183989 0.620534
v 0.381495 0.350230 0.609534
v 0.482079 0.296301 0.574352
v 0.320738 0.187053 0.731360
v 0.421207 0.125460 0.694280
v -0.303379 0.301884 0.689472
v -0.505051 0.183991 0.620525
v -0.381488 0.350225 0.609518
v -0.482070 0.296290 0.574350
v -0.320728 0.187060 0.731326
v -0.421225 0.125471 0.694288
v 0.000003 -0.121919 -0.808266
v 0.000013 0.126924 -0.813490
v 0.112718 -0.060012 -0.808025
v -0.112711 -0.060013 -0.808069
v 0.111530 0.065542 -0.805631
v -0.111439 0.065450 -0.806143
v 0.299801 -0.297743 -0.685949
v 0.497551 -0.182581 -0.614872
v 0.377334 -0.342744 -0.608672
v 0.474614 -0.290757 -0.572204
v 0.318140 -0.187075 -0.727717
v 0.418373 -0.125087 -0.690626
v -0.299801 -0.297742 -0.685960
v -0.497544 -0.182584 -0.614873
v -0.377311 -0.342767 -0.608618
v -0.474607 -0.290790 -0.572198
v -0.318150 -0.187087 -0.727717
v -0.418372 -0.125086 -0.690625
v 0.300733 0.297821 -0.691638
v 0.497727 0.180714 -0.615458
v 0.374001 0.344330 -0.605424
v 0.474503 0.284070 -0.569504
v 0.321706 0.191620 -0.741870
v 0.417285 0.127421 -0.691836
v -0.299995 0.298090 -0.691556
v -0.497657 0.180739 -0.615436
v -0.373829 0.345018 -0.605359
v -0.474541 0.283851 -0.569513
v -0.321750 0.191569 -0.741800
v -0.417312 0.127411 -0.691834
v 0.806163 0.000180 -0.112159
v 0.817728 0.000293 0.125007
v 0.803557 0.101648 -0.052639
v 0.808251 0.103596 0.065599
v 0.800525 -0.104035 -0.052044
v 0.805257 -0.105567 0.065953
v -0.806182 0.000209 -0.112168
v -0.817638 0.000295 0.124980
v -0.803562 0.101670 -0.052646
v -0.808253 0.103585 0.065595
v -0.800504 -0.104039 -0.052046
v -0.805238 -0.105580 0.065945
v -0.249187 0.602320 0.080295
v -0.249221 0.622807 -0.093983
v -0.130485 0.630709 0.071143
v -0.124737 0.656965 -0.093438
v -0.426756 0.531104 0.148285
v -0.204599 0.589670 0.168332
v -0.389141 0.517770 0.251926
v -0.431319 0.560213 -0.152287
v -0.203463 0.646092 -0.206215
v -0.397454 0.584325 -0.282425
v -0.532608 0.502569 0.004696
v -0.488451 0.513052 -0.226185
v -0.596713 0.447083 -0.050912
v -0.494062 0.483277 0.223112
v -0.601931 0.446296 0.064394
v 0.249239 0.602429 0.080303
v 0.249460 0.622780 -0.093802
v 0.130524 0.630739 0.071126
v 0.124593 0.656832 -0.093532
v 0.426783 0.531106 0.148324
v 0.204588 0.589683 0.168358
v 0.389140 0.517813 0.251925
v 0.431579 0.560010 -0.152238
v 0.203681 0.646380 -0.206252
v 0.397684 0.585260 -0.283670
v 0.532603 0.502571 0.004660
v 0.488674 0.512799 -0.226325
v 0.596749 0.447073 -0.050863
v 0.494077 0.483268 0.223104
v 0.601936 0.446331 0.064366
v -0.259771 -0.653916 0.099764
v -0.299206 -0.752555 -0.091808
v -0.133976 -0.688310 0.104927
v -0.162063 -0.761697 -0.087860
v -0.454395 -0.586879 0.167345
v -0.209630 -0.655728 0.213297
v -0.406508 -0.585747 0.283978
v -0.423492 -0.563273 -0.143237
v -0.244127 -0.781112 -0.224262
v -0.385274 -0.551457 -0.250746
v -0.534524 -0.510793 0.011669
v -0.479640 -0.487693 -0.212031
v -0.599711 -0.444851 -0.046931
v -0.504750 -0.526271 0.238168
v -0.601998 -0.453212 0.068542
v 0.259556 -0.654145 0.100018
v 0.299027 -0.752488 -0.091424
v 0.133488 -0.688179 0.104614
v 0.161935 -0.759981 -0.087590
v 0.454328 -0.586985 0.167361
v 0.208882 -0.655972 0.213465
v 0.406280 -0.585494 0.283920
v 0.423770 -0.562978 -0.142881
v 0.242783 -0.781748 -0.223832
v 0.385285 -0.551923 -0.250357
v 0.534439 -0.510839 0.011622
v 0.479767 -0.487711 -0.211997
v 0.599713 -0.444839 -0.046967
v 0.505112 -0.526860 0.238402
v 0.601916 -0.453157 0.068540
v -0.000525 -0.634327 0.661588
v -0.178736 -0.512182 0.698119
v -0.070639 -0.711867 0.590555
v -0.288786 -0.619093 0.675419
v 0.178623 -0.512498 0.698182
v 0.071102 -0.712359 0.590297
v 0.288555 -0.619733 0.675607
v 0.099209 -0.294148 0.743225
v -0.099269 -0.294504 0.743195
v 0.109801 -0.174133 0.794122
v -0.109781 -0.174204 0.794240
v 0.282897 -0.444822 0.661732
v 0.207278 -0.239327 0.740327
v -0.282420 -0.445326 0.661838
v -0.207062 -0.239328 0.740447
v -0.000000 0.470695 0.560577
v -0.160523 0.418793 0.640355
v -0.057558 0.505952 0.468257
v -0.229146 0.449894 0.556230
v 0.160519 0.418793 0.640353
v 0.057561 0.505941 0.468249
v 0.229135 0.449878 0.556205
v 0.102035 0.297051 0.753639
v -0.102037 0.297053 0.753643
v 0.110547 0.183428 0.791557
v -0.110539 0.183428 0.791557
v 0.274331 0.392078 0.631709
v 0.212916 0.244405 0.751047
v -0.274337 0.392086 0.631705
v -0.212932 0.244421 0.751070
v -0.000007 -0.472793 -0.560277
v -0.159477 -0.411556 -0.640559
v -0.057336 -0.525083 -0.471418
v -0.226004 -0.444406 -0.556454
v 0.159497 -0.411521 -0.640607
v 0.057297 -0.524893 -0.470863
v 0.226124 -0.444348 -0.556786
v 0.101839 -0.294327 -0.750348
v -0.101827 -0.294329 -0.750347
v 0.110106 -0.183876 -0.789804
v -0.110116 -0.183890 -0.789836
v 0.269813 -0.381251 -0.629792
v 0.210978 -0.243697 -0.747555
v -0.269807 -0.381266 -0.629844
v -0.210979 -0.243709 -0.747549
v 0.000104 0.592288 -0.632257
v -0.168688 0.461317 -0.668377
v -0.069924 0.667787 -0.549933
v -0.246322 0.523310 -0.604085
v 0.168521 0.461062 -0.669030
v 0.070221 0.667640 -0.550202
v 0.246628 0.523263 -0.604313
v 0.103813 0.297299 -0.770801
v -0.104183 0.297296 -0.770333
v 0.113246 0.190417 -0.814291
v -0.113254 0.190489 -0.814354
v 0.271918 0.405858 -0.639992
v 0.221596 0.251330 -0.782205
v -0.273004 0.405458 -0.640013
v -0.221813 0.251660 -0.782646
v 0.640095 0.153571 -0.466845
v 0.740303 0.092146 -0.296953
v 0.620253 0.253501 -0.420976
v 0.725006 0.190058 -0.237282
v 0.639879 -0.155420 -0.466127
v 0.737793 -0.092841 -0.296124
v 0.618781 -0.260748 -0.419708
v 0.724013 -0.194943 -0.236293
v 0.591858 0.001351 -0.574903
v 0.563236 -0.228019 -0.523997
v 0.509908 -0.060415 -0.638138
v 0.564055 0.222641 -0.524551
v 0.509730 0.063060 -0.638684
v 0.777664 0.098171 -0.174063
v 0.774651 -0.099948 -0.173395
v 0.656785 0.157682 0.469239
v 0.765119 0.095166 0.302781
v 0.634595 0.265567 0.421130
v 0.747970 0.198507 0.245648
v 0.655854 -0.160389 0.469701
v 0.761859 -0.097042 0.303412
v 0.632805 -0.265994 0.419407
v 0.746975 -0.201706 0.246565
v 0.599952 -0.001546 0.579203
v 0.575184 -0.231392 0.525423
v 0.516363 -0.063758 0.644390
v 0.575845 0.232258 0.527867
v 0.516384 0.060992 0.644628
v 0.795312 0.101769 0.185129
v 0.792519 -0.103397 0.185954
v -0.640084 0.153560 -0.466817
v -0.740288 0.092150 -0.296945
v -0.620169 0.253520 -0.421003
v -0.724965 0.190060 -0.237297
v -0.639866 -0.155413 -0.466129
v -0.737788 -0.092830 -0.296136
v -0.618779 -0.260764 -0.419712
v -0.724018 -0.194945 -0.236294
v -0.591853 0.001350 -0.574912
v -0.563209 -0.228017 -0.524006
v -0.509908 -0.060421 -0.638147
v -0.564084 0.222660 -0.524587
v -0.509737 0.063052 -0.638691
v -0.777658 0.098174 -0.174056
v -0.774657 -0.099962 -0.173386
v -0.656769 0.157673 0.469233
v -0.765113 0.095162 0.302783
v -0.634598 0.265561 0.421131
v -0.747993 0.198509 0.245649
v -0.655825 -0.160412 0.469686
v -0.761848 -0.097039 0.303400
v -0.632792 -0.265995 0.419494
v -0.746933 -0.201680 0.246569
v -0.599985 -0.001534 0.579214
v -0.575207 -0.231388 0.525404
v -0.516350 -0.063779 0.644425
v -0.575846 0.232242 0.527878
v -0.516418 0.061003 0.644651
v -0.795321 0.101772 0.185119
v -0.792522 -0.103392 0.185943
v 0.000003 0.617697 0.150285
v -0.052562 0.579027 0.261287
v 0.000194 0.691488 -0.197707
v -0.056323 0.711302 -0.334310
v 0.052613 0.579042 0.261340
v 0.056213 0.710977 -0.334401
v -0.402903 0.449220 0.441883
v -0.506696 0.412483 0.408926
v -0.449281 0.387022 0.514551
v -0.402324 0.503149 -0.463059
v -0.490222 0.420096 -0.408030
v -0.436121 0.386874 -0.511223
v -0.719852 0.297930 -0.052114
v -0.725213 0.301423 0.067351
v -0.773507 0.204656 0.007176
v 0.402903 0.449222 0.441881
v 0.506689 0.412462 0.408912
v 0.449289 0.387020 0.514558
v 0.402238 0.502802 -0.462665
v 0.490102 0.419541 -0.407886
v 0.436017 0.387139 -0.511087
v 0.719876 0.297935 -0.052153
v 0.725230 0.301444 0.067359
v 0.773510 0.204653 0.007165
v -0.000104 -0.708678 0.211054
v -0.052703 -0.697726 0.342952
v 0.000071 -0.676477 -0.166114
v -0.059990 -0.647090 -0.282521
v 0.052817 -0.697470 0.343188
v 0.059989 -0.646883 -0.282454
v -0.407939 -0.513786 0.472346
v -0.509108 -0.440164 0.417058
v -0.446239 -0.410381 0.520465
v -0.393161 -0.442356 -0.437756
v -0.497747 -0.398699 -0.408366
v -0.441656 -0.374065 -0.514690
v -0.720556 -0.301775 -0.051731
v -0.725876 -0.304297 0.067202
v -0.772965 -0.209206 0.007642
v 0.407869 -0.514418 0.472481
v 0.509155 -0.440156 0.416902
v 0.446097 -0.410246 0.520522
v 0.393168 -0.442215 -0.437792
v 0.497783 -0.398666 -0.408396
v 0.441668 -0.374086 -0.514680
v 0.720556 -0.301792 -0.051731
v 0.725878 -0.304304 0.067198
v 0.772956 -0.209202 0.007648
v 0.223279 -0.002740 0.787251
v 0.327613 -0.063879 0.751406
v -0.223270 -0.002736 0.787255
v -0.327598 -0.063834 0.751449
v 0.326981 0.061396 0.750983
v -0.326995 0.061384 0.751015
v 0.220570 0.002561 -0.784700
v 0.325091 -0.061656 -0.747311
v -0.220579 0.002561 -0.784724
v -0.325090 -0.061660 -0.747329
v 0.323356 0.066125 -0.746083
v -0.323338 0.066166 -0.746045
v -0.352337 0.586435 0.001090
v -0.377829 0.574369 0.034859
v -0.379286 0.579358 -0.031717
v -0.419229 0.562578 -0.018418
v -0.418225 0.559018 0.023057
v 0.352298 0.586394 0.001136
v 0.377912 0.574340 0.034809
v 0.379337 0.579335 -0.031748
v 0.419299 0.562628 -0.018495
v 0.418334 0.559070 0.023092
v -0.361497 -0.628333 0.004199
v -0.387054 -0.612243 0.041708
v -0.384780 -0.616854 -0.029569
v -0.423374 -0.590521 -0.013899
v -0.427609 -0.591497 0.030440
v 0.361405 -0.628260 0.004140
v 0.387164 -0.612348 0.041861
v 0.384824 -0.616790 -0.029847
v 0.423368 -0.590309 -0.013653
v 0.427308 -0.591168 0.030265
v -0.025106 -0.490739 0.707378
v 0.024920 -0.490880 0.707276
v -0.000016 -0.408093 0.721382
v 0.038979 -0.439411 0.714786
v -0.039056 -0.438825 0.714781
v -0.022884 0.417176 0.671460
v 0.022888 0.417177 0.671456
v -0.000002 0.379685 0.715111
v 0.037388 0.395636 0.699445
v -0.037390 0.395632 0.699446
v -0.022913 -0.410605 -0.670431
v 0.022979 -0.410589 -0.670439
v -0.000001 -0.374333 -0.713734
v 0.037468 -0.388620 -0.697338
v -0.037521 -0.388598 -0.697338
v -0.023947 0.451703 -0.689376
v 0.023906 0.451434 -0.689393
v 0.000299 0.385383 -0.720724
v 0.038231 0.409631 -0.707402
v -0.038041 0.409881 -0.707800
v 0.703378 0.035861 -0.427497
v 0.702441 -0.033448 -0.426986
v 0.681116 -0.020153 -0.466286
v 0.681723 0.022930 -0.466706
v 0.717981 0.001247 -0.403810
v 0.721351 0.035650 0.429507
v 0.719651 -0.036802 0.429364
v 0.696471 -0.023145 0.469079
v 0.697370 0.021835 0.469130
v 0.736526 -0.000326 0.405586
v -0.703360 0.035853 -0.427479
v -0.702439 -0.033454 -0.426990
v -0.681101 -0.020157 -0.466280
v -0.681756 0.022934 -0.466738
v -0.718036 0.001248 -0.403847
v -0.721329 0.035642 0.429509
v -0.719654 -0.036791 0.429351
v -0.696486 -0.023143 0.469073
v -0.697368 0.021834 0.469133
v -0.736523 -0.000334 0.405584
v -0.027409 0.667522 -0.015530
v 0.027406 0.667474 -0.015543
v -0.014446 0.660234 0.013527
v -0.012394 0.675516 -0.047862
v 0.014444 0.660233 0.013530
v 0.012333 0.675519 -0.047863
v -0.252481 0.535148 0.315356
v -0.201865 0.510136 0.417658
v -0.195006 0.545562 0.316773
v -0.286146 0.512304 0.363600
v -0.170005 0.531757 0.367589
v -0.260454 0.500650 0.415295
v -0.254086 0.645395 -0.377438
v -0.207566 0.658146 -0.494069
v -0.197616 0.686772 -0.396030
v -0.295612 0.626849 -0.423703
v -0.215062 0.789007 -0.474978
v -0.265819 0.615302 -0.473864
v -0.596613 0.404466 -0.201396
v -0.643047 0.318653 -0.268071
v -0.577039 0.397741 -0.262779
v -0.637674 0.369704 -0.172454
v -0.600604 0.354110 -0.295768
v -0.660598 0.326638 -0.205162
v -0.614582 0.408849 0.213050
v -0.663271 0.333726 0.276359
v -0.599853 0.404945 0.272123
v -0.653348 0.377627 0.185586
v -0.623765 0.369412 0.304483
v -0.678080 0.338061 0.216587
v 0.252523 0.535141 0.315365
v 0.201858 0.510175 0.417661
v 0.195051 0.545535 0.316818
v 0.170013 0.531752 0.367580
v 0.286141 0.512320 0.363599
v 0.260461 0.500679 0.415308
v 0.254198 0.645565 -0.377747
v 0.207822 0.658090 -0.493748
v 0.197631 0.686637 -0.395773
v 0.214949 0.788971 -0.475015
v 0.295340 0.626289 -0.423931
v 0.265719 0.615483 -0.474101
v 0.596653 0.404444 -0.201170
v 0.643112 0.318693 -0.268024
v 0.577381 0.398152 -0.262729
v 0.637632 0.369654 -0.172432
v 0.600415 0.354294 -0.295990
v 0.660533 0.326681 -0.205269
v 0.614592 0.408853 0.213058
v 0.663288 0.333746 0.276368
v 0.599841 0.404939 0.272138
v 0.653366 0.377632 0.185593
v 0.623759 0.369417 0.304476
v 0.678065 0.338052 0.216586
v -0.040400 -0.720742 0.023459
v 0.040604 -0.720803 0.023569
v -0.015562 -0.722208 0.066479
v -0.022822 -0.719949 -0.008517
v 0.015437 -0.722178 0.066430
v 0.022737 -0.720013 -0.008588
v -0.259526 -0.636626 0.395520
v -0.267130 -0.772797 0.534123
v -0.203893 -0.674712 0.408599
v -0.297555 -0.626399 0.440943
v -0.202575 -0.760309 0.467415
v -0.296271 -0.671350 0.507870
v -0.261099 -0.595637 -0.327079
v -0.200820 -0.535572 -0.418930
v -0.205604 -0.613795 -0.333705
v -0.284404 -0.543958 -0.364008
v -0.174195 -0.577073 -0.376436
v -0.256590 -0.519586 -0.413358
v -0.599718 -0.396969 -0.199378
v -0.645015 -0.322659 -0.267962
v -0.581910 -0.389332 -0.261459
v -0.641229 -0.368776 -0.171503
v -0.605400 -0.353659 -0.296920
v -0.662789 -0.330002 -0.204592
v -0.613564 -0.419283 0.215935
v -0.661163 -0.335282 0.276414
v -0.598574 -0.416750 0.275248
v -0.652407 -0.382451 0.186896
v -0.622066 -0.374354 0.305424
v -0.676277 -0.340013 0.216928
v 0.259965 -0.636716 0.395827
v 0.267230 -0.772641 0.534047
v 0.204503 -0.675312 0.409149
v 0.203246 -0.760863 0.468089
v 0.297711 -0.626438 0.441240
v 0.296387 -0.671230 0.507979
v 0.260525 -0.595994 -0.326920
v 0.200620 -0.535292 -0.418667
v 0.205082 -0.614136 -0.333502
v 0.174142 -0.577195 -0.376244
v 0.284569 -0.544118 -0.364003
v 0.256581 -0.519596 -0.413531
v 0.599641 -0.396962 -0.199367
v 0.645028 -0.322679 -0.267952
v 0.581904 -0.389370 -0.261486
v 0.641210 -0.368726 -0.171489
v 0.605432 -0.353678 -0.296957
v 0.662799 -0.330011 -0.204561
v 0.613622 -0.419292 0.215879
v 0.661137 -0.335276 0.276441
v 0.598606 -0.416729 0.275202
v 0.652427 -0.382469 0.186907
v 0.622046 -0.374414 0.305436
v 0.676261 -0.340008 0.216958
v -0.000004 -0.064136 0.817991
v 0.000000 0.058126 0.816881
v 0.056375 -0.033963 0.814875
v -0.056368 -0.033948 0.814851
v 0.056405 0.027099 0.814372
v -0.056404 0.027115 0.814306
v 0.349268 -0.274219 0.668159
v 0.455027 -0.212266 0.637742
v 0.388735 -0.303836 0.629853
v 0.440279 -0.270576 0.612127
v 0.362230 -0.212312 0.692271
v 0.416291 -0.183178 0.678886
v -0.349014 -0.273955 0.668393
v -0.455043 -0.212219 0.637715
v -0.388604 -0.303530 0.630178
v -0.440159 -0.270727 0.612239
v -0.362201 -0.212462 0.692101
v -0.416270 -0.183313 0.678878
v 0.356680 0.275737 0.678388
v 0.457186 0.215966 0.643066
v 0.395672 0.301026 0.637494
v 0.446125 0.272541 0.620185
v 0.366028 0.218106 0.699843
v 0.416080 0.187399 0.681363
v -0.356692 0.275744 0.678422
v -0.457181 0.215968 0.643065
v -0.395666 0.301016 0.637499
v -0.446102 0.272523 0.620178
v -0.366011 0.218101 0.699804
v -0.416095 0.187418 0.681376
v -0.000002 -0.059634 -0.813440
v -0.000074 0.065352 -0.813338
v 0.056460 -0.028393 -0.813061
v -0.056529 -0.028349 -0.813055
v 0.055936 0.034191 -0.810778
v -0.055724 0.034028 -0.811057
v 0.352298 -0.272200 -0.673474
v 0.451459 -0.214782 -0.638179
v 0.391261 -0.296942 -0.634505
v 0.440776 -0.270337 -0.617212
v 0.362299 -0.216835 -0.695006
v 0.412065 -0.186803 -0.676937
v -0.352307 -0.272187 -0.673492
v -0.451470 -0.214771 -0.638194
v -0.391263 -0.296938 -0.634506
v -0.440798 -0.270314 -0.617233
v -0.362301 -0.216839 -0.695002
v -0.412062 -0.186807 -0.676927
v 0.352600 0.269464 -0.676548
v 0.453160 0.212326 -0.640535
v 0.391699 0.292945 -0.634085
v 0.443432 0.264296 -0.618074
v 0.364685 0.216880 -0.702383
v 0.412470 0.186485 -0.679753
v -0.352607 0.269623 -0.676700
v -0.453128 0.212335 -0.640554
v -0.391529 0.292980 -0.634252
v -0.443447 0.264283 -0.618082
v -0.364680 0.216840 -0.702448
v -0.412483 0.186462 -0.679743
v 0.817731 0.000142 -0.052432
v 0.821552 0.000116 0.065229
v 0.818572 0.051276 -0.023200
v 0.819245 0.051893 0.035684
v 0.816465 -0.052048 -0.022851
v 0.816712 -0.052520 0.035979
v -0.817743 0.000133 -0.052415
v -0.821445 0.000131 0.065229
v -0.818596 0.051283 -0.023199
v -0.819064 0.051866 0.035689
v -0.816445 -0.052038 -0.022849
v -0.816678 -0.052522 0.035978
v -0.243763 0.618030 -0.002829
v -0.116057 0.650389 -0.008229
v -0.215372 0.618458 0.037028
v -0.214698 0.628862 -0.048521
v -0.153479 0.633770 0.032827
v -0.150459 0.646029 -0.048597
v -0.339706 0.568551 0.119775
v -0.297810 0.555338 0.214903
v -0.283739 0.583033 0.123195
v -0.373819 0.547010 0.159312
v -0.261933 0.577241 0.169254
v -0.354400 0.540942 0.209387
v -0.342822 0.595494 -0.129232
v -0.301603 0.618986 -0.249980
v -0.285784 0.615371 -0.140282
v -0.378847 0.584306 -0.172076
v -0.263551 0.626900 -0.199182
v -0.359412 0.595654 -0.235067
v -0.491127 0.532072 -0.074122
v -0.549076 0.479433 -0.136706
v -0.480563 0.537028 -0.129436
v -0.530349 0.505878 -0.049676
v -0.508805 0.512146 -0.163799
v -0.559216 0.477839 -0.078887
v -0.486734 0.517937 0.080529
v -0.554682 0.467739 0.146071
v -0.475044 0.512824 0.132330
v -0.529389 0.498462 0.058767
v -0.508991 0.488556 0.167428
v -0.563624 0.471853 0.089786
v 0.243721 0.617856 -0.002850
v 0.116054 0.650458 -0.008274
v 0.215387 0.618448 0.037018
v 0.214654 0.629042 -0.048491
v 0.153391 0.633794 0.032926
v 0.150495 0.645960 -0.048627
v 0.339606 0.568444 0.119737
v 0.297848 0.555295 0.214942
v 0.283711 0.582895 0.123147
v 0.373816 0.547055 0.159308
v 0.261974 0.577204 0.169279
v 0.354446 0.540971 0.209413
v 0.342923 0.595564 -0.129334
v 0.301705 0.619556 -0.250872
v 0.285663 0.615309 -0.140277
v 0.378496 0.584352 -0.172135
v 0.263434 0.627008 -0.198949
v 0.359466 0.596272 -0.235867
v 0.491058 0.532038 -0.074031
v 0.549099 0.479465 -0.136663
v 0.480743 0.536595 -0.129521
v 0.530376 0.505895 -0.049592
v 0.509002 0.511777 -0.163545
v 0.559213 0.477865 -0.078913
v 0.486716 0.517979 0.080517
v 0.554688 0.467728 0.146072
v 0.475048 0.512856 0.132360
v 0.529371 0.498463 0.058732
v 0.508967 0.488530 0.167427
v 0.563622 0.471862 0.089807
v -0.262508 -0.682375 0.002466
v -0.140803 -0.710519 0.007352
v -0.227601 -0.673081 0.050057
v -0.246714 -0.726083 -0.041816
v -0.163827 -0.689339 0.052360
v -0.184384 -0.736676 -0.039588
v -0.354192 -0.619448 0.139907
v -0.308204 -0.623141 0.256336
v -0.294857 -0.636614 0.148657
v -0.393833 -0.604241 0.182932
v -0.271090 -0.638718 0.206421
v -0.371044 -0.605479 0.241406
v -0.360195 -0.648936 -0.128134
v -0.330468 -0.659465 -0.243803
v -0.326499 -0.712705 -0.144835
v -0.382387 -0.605298 -0.163473
v -0.322479 -0.735945 -0.214319
v -0.365523 -0.604511 -0.218393
v -0.484663 -0.533883 -0.068270
v -0.543658 -0.465918 -0.131215
v -0.468729 -0.529981 -0.121956
v -0.527971 -0.505857 -0.043166
v -0.497313 -0.494523 -0.155064
v -0.559399 -0.472450 -0.073333
v -0.498096 -0.548397 0.091081
v -0.558762 -0.490210 0.154006
v -0.493582 -0.555890 0.146809
v -0.533309 -0.515625 0.066542
v -0.519849 -0.524906 0.179835
v -0.566523 -0.487467 0.096614
v 0.262698 -0.682200 0.002212
v 0.140848 -0.710462 0.006944
v 0.227872 -0.672870 0.049823
v 0.246369 -0.725692 -0.041916
v 0.164018 -0.689251 0.052214
v 0.184310 -0.736481 -0.039288
v 0.354364 -0.619336 0.139506
v 0.308235 -0.622999 0.256431
v 0.294878 -0.636786 0.148318
v 0.393742 -0.604182 0.182851
v 0.270656 -0.638553 0.206023
v 0.370892 -0.605499 0.241179
v 0.360392 -0.649172 -0.127862
v 0.330713 -0.660708 -0.243191
v 0.327106 -0.713251 -0.144624
v 0.382511 -0.605525 -0.163372
v 0.322478 -0.736722 -0.213218
v 0.365119 -0.604933 -0.217925
v 0.484125 -0.533944 -0.067850
v 0.543515 -0.466253 -0.131128
v 0.468482 -0.530030 -0.122057
v 0.528275 -0.505663 -0.043116
v 0.497572 -0.494593 -0.155015
v 0.559690 -0.472260 -0.073352
v 0.498533 -0.548546 0.091087
v 0.558747 -0.490206 0.153985
v 0.493506 -0.555834 0.146721
v 0.533566 -0.515696 0.066645
v 0.519901 -0.525128 0.179928
v 0.566488 -0.487505 0.096626
v -0.100017 -0.595508 0.693975
v -0.195243 -0.749464 0.679199
v -0.071423 -0.644786 0.670696
v -0.167968 -0.590952 0.699220
v -0.110227 -0.706532 0.651025
v -0.224639 -0.661677 0.698319
v 0.099471 -0.595669 0.693370
v 0.193585 -0.750616 0.678880
v 0.071185 -0.644859 0.670291
v 0.167338 -0.590943 0.699237
v 0.109772 -0.706244 0.650483
v 0.223751 -0.662304 0.698245
v -0.000095 -0.291556 0.751557
v 0.000045 -0.173563 0.805837
v 0.051165 -0.261425 0.760341
v -0.050916 -0.260854 0.760432
v 0.053746 -0.201389 0.786873
v -0.053601 -0.201364 0.786760
v 0.138852 -0.395900 0.711711
v 0.243795 -0.338293 0.694304
v 0.185206 -0.438176 0.698452
v 0.145725 -0.330596 0.724246
v 0.237241 -0.407675 0.684669
v 0.198729 -0.302461 0.719320
v -0.138867 -0.395972 0.711579
v -0.243834 -0.338391 0.694395
v -0.185145 -0.438485 0.698531
v -0.145773 -0.330196 0.724246
v -0.237613 -0.407684 0.685441
v -0.198620 -0.302273 0.719342
v -0.082253 0.449226 0.602130
v -0.144088 0.480940 0.514963
v -0.056481 0.469399 0.560657
v -0.138677 0.443762 0.602445
v -0.086247 0.486255 0.515965
v -0.171441 0.459323 0.559954
v 0.082249 0.449241 0.602132
v 0.144088 0.480929 0.514962
v 0.056480 0.469393 0.560665
v 0.138667 0.443752 0.602418
v 0.086242 0.486249 0.515964
v 0.171436 0.459329 0.559949
v 0.000004 0.294734 0.760856
v -0.000008 0.183101 0.800966
v 0.052320 0.269057 0.770016
v -0.052313 0.269060 0.770027
v 0.054560 0.212964 0.790373
v -0.054559 0.212962 0.790373
v 0.137726 0.367298 0.705067
v 0.248399 0.325412 0.697152
v 0.178339 0.387006 0.673036
v 0.148657 0.323079 0.730852
v 0.234893 0.370845 0.669292
v 0.204030 0.298958 0.728190
v -0.137735 0.367292 0.705067
v -0.248409 0.325429 0.697173
v -0.178336 0.387011 0.673031
v -0.148648 0.323060 0.730817
v -0.234892 0.370852 0.669300
v -0.204022 0.298946 0.728181
v -0.081699 -0.445736 -0.602657
v -0.142234 -0.486715 -0.514203
v -0.055706 -0.471073 -0.560171
v -0.136836 -0.438292 -0.601449
v -0.085166 -0.494312 -0.515496
v -0.168417 -0.456477 -0.558300
v 0.081642 -0.445737 -0.602693
v 0.141748 -0.487107 -0.513867
v 0.055914 -0.470872 -0.560418
v 0.136884 -0.438222 -0.601599
v 0.084952 -0.494354 -0.515277
v 0.168593 -0.456258 -0.558234
v -0.000002 -0.293721 -0.759620
v 0.000004 -0.182972 -0.797075
v 0.052188 -0.267487 -0.766976
v -0.052193 -0.267509 -0.767015
v 0.054390 -0.212405 -0.786715
v -0.054392 -0.212424 -0.786757
v 0.138036 -0.362384 -0.703577
v 0.246635 -0.322475 -0.696144
v 0.178048 -0.381775 -0.673966
v 0.148489 -0.319818 -0.728309
v 0.232628 -0.364166 -0.668815
v 0.203116 -0.297487 -0.726180
v -0.138058 -0.362354 -0.703586
v -0.246642 -0.322468 -0.696157
v -0.178047 -0.381754 -0.673963
v -0.148487 -0.319817 -0.728313
v -0.232670 -0.364201 -0.668844
v -0.203114 -0.297485 -0.726184
v -0.092683 0.535217 -0.654965
v -0.166594 0.613041 -0.595028
v -0.066714 0.590829 -0.633536
v -0.154112 0.521468 -0.654297
v -0.103916 0.631414 -0.599704
v -0.193879 0.557980 -0.625883
v 0.092731 0.534980 -0.655078
v 0.166748 0.612976 -0.594955
v 0.066972 0.590680 -0.633944
v 0.154284 0.521458 -0.654745
v 0.103962 0.631743 -0.600431
v 0.194140 0.557944 -0.626329
v 0.000189 0.293607 -0.776899
v 0.000018 0.187329 -0.815721
v 0.053789 0.269818 -0.791269
v -0.053989 0.269644 -0.791343
v 0.056718 0.217758 -0.816729
v -0.056701 0.217808 -0.816729
v 0.138544 0.374804 -0.714069
v 0.246784 0.325634 -0.703968
v 0.180268 0.404847 -0.686552
v 0.149750 0.324832 -0.742827
v 0.233393 0.379057 -0.677339
v 0.206135 0.301017 -0.743122
v -0.138827 0.374676 -0.714277
v -0.246563 0.326101 -0.703404
v -0.180681 0.404694 -0.686765
v -0.150007 0.324730 -0.742950
v -0.233708 0.379293 -0.677112
v -0.206073 0.300636 -0.743378
v 0.696660 0.128116 -0.385077
v 0.677114 0.226140 -0.331628
v 0.665200 0.166981 -0.415007
v 0.716347 0.135525 -0.327996
v 0.655803 0.216882 -0.390814
v 0.707108 0.184387 -0.299356
v 0.695425 -0.129431 -0.384415
v 0.676324 -0.232016 -0.330542
v 0.664822 -0.170055 -0.414317
v 0.714660 -0.137752 -0.327202
v 0.655199 -0.222616 -0.389785
v 0.706172 -0.188885 -0.298465
v 0.619378 -0.080876 -0.528381
v 0.541261 -0.149123 -0.588471
v 0.611920 -0.136797 -0.514011
v 0.588784 -0.056570 -0.570364
v 0.574055 -0.172902 -0.544323
v 0.548017 -0.089086 -0.600528
v 0.620392 0.082271 -0.529542
v 0.541023 0.148360 -0.588709
v 0.612027 0.135860 -0.514511
v 0.589250 0.058696 -0.571065
v 0.574034 0.170582 -0.544678
v 0.547998 0.090654 -0.601133
v 0.754294 0.000648 -0.296468
v 0.791945 0.000480 -0.173412
v 0.760199 0.047312 -0.266407
v 0.758450 -0.046807 -0.265954
v 0.779342 0.048763 -0.204774
v 0.777479 -0.048567 -0.204373
v 0.716129 0.131480 0.387058
v 0.698194 0.237196 0.335136
v 0.684185 0.172529 0.417120
v 0.739779 0.140365 0.332214
v 0.673950 0.226077 0.392053
v 0.730270 0.192463 0.304658
v 0.714016 -0.134105 0.387533
v 0.696758 -0.239192 0.335171
v 0.683109 -0.175361 0.417602
v 0.737658 -0.143163 0.333087
v 0.672461 -0.227868 0.391615
v 0.729419 -0.195654 0.305529
v 0.630992 -0.084965 0.532362
v 0.550663 -0.151230 0.593435
v 0.625534 -0.141284 0.518425
v 0.597092 -0.060128 0.574460
v 0.585850 -0.175886 0.548039
v 0.556188 -0.092361 0.606362
v 0.632419 0.082229 0.532508
v 0.549825 0.149942 0.592995
v 0.625986 0.138635 0.517809
v 0.598124 0.057099 0.574894
v 0.585880 0.174717 0.548384
v 0.556449 0.089749 0.606535
v 0.779460 -0.000182 0.302832
v 0.808883 0.000252 0.185309
v 0.786305 0.048580 0.273992
v 0.784056 -0.049260 0.274569
v 0.801356 0.050549 0.215090
v 0.799144 -0.050805 0.215666
v -0.696659 0.128119 -0.385061
v -0.677028 0.226181 -0.331639
v -0.665218 0.166947 -0.414992
v -0.716395 0.135515 -0.328007
v -0.655762 0.216880 -0.390816
v -0.707115 0.184372 -0.299337
v -0.695409 -0.129429 -0.384415
v -0.676332 -0.232043 -0.330544
v -0.664819 -0.170043 -0.414323
v -0.714660 -0.137745 -0.327198
v -0.655221 -0.222619 -0.389798
v -0.706207 -0.188917 -0.298479
v -0.619377 -0.080874 -0.528385
v -0.541265 -0.149124 -0.588476
v -0.611901 -0.136794 -0.514007
v -0.588760 -0.056556 -0.570342
v -0.574051 -0.172904 -0.544329
v -0.548036 -0.089087 -0.600554
v -0.620394 0.082257 -0.529527
v -0.541016 0.148365 -0.588703
v -0.612070 0.135894 -0.514547
v -0.589245 0.058692 -0.571073
v -0.573973 0.170579 -0.544647
v -0.548018 0.090633 -0.601133
v -0.754226 0.000664 -0.296438
v -0.791951 0.000484 -0.173405
v -0.760165 0.047329 -0.266415
v -0.758441 -0.046811 -0.265948
v -0.779328 0.048763 -0.204770
v -0.777436 -0.048582 -0.204362
v -0.716102 0.131464 0.387052
v -0.698191 0.237184 0.335138
v -0.684173 0.172509 0.417122
v -0.739796 0.140363 0.332219
v -0.673959 0.226068 0.392057
v -0.730271 0.192455 0.304660
v -0.714010 -0.134114 0.387533
v -0.696719 -0.239215 0.335145
v -0.683103 -0.175402 0.417587
v -0.737666 -0.143163 0.333092
v -0.672510 -0.227873 0.391634
v -0.729436 -0.195655 0.305541
v -0.630979 -0.084991 0.532387
v -0.550667 -0.151253 0.593461
v -0.625528 -0.141288 0.518429
v -0.597093 -0.060138 0.574487
v -0.585810 -0.175873 0.548002
v -0.556164 -0.092349 0.606370
v -0.632416 0.082213 0.532522
v -0.549805 0.149930 0.592970
v -0.625989 0.138628 0.517823
v -0.598136 0.057097 0.574897
v -0.585859 0.174714 0.548380
v -0.556446 0.089736 0.606499
v -0.779428 -0.000163 0.302817
v -0.809080 0.000239 0.185344
v -0.786308 0.048579 0.273993
v -0.784026 -0.049257 0.274566
v -0.801367 0.050553 0.215092
v -0.799235 -0.050798 0.215670
v -0.061807 0.631315 0.102448
v -0.128205 0.588142 0.212755
v -0.112785 0.621618 0.112630
v -0.148300 0.601040 0.164585
v -0.045907 0.615258 0.153206
v -0.075359 0.594967 0.209096
v -0.052699 0.678650 -0.137776
v -0.123833 0.677482 -0.275355
v -0.105860 0.666442 -0.146474
v -0.144569 0.662799 -0.208913
v -0.041932 0.687195 -0.201125
v -0.073138 0.691365 -0.271121
v 0.061807 0.631314 0.102450
v 0.128108 0.588507 0.212695
v 0.112808 0.621637 0.112682
v 0.148252 0.601182 0.164612
v 0.045879 0.615262 0.153184
v 0.075344 0.594899 0.209109
v 0.052745 0.678681 -0.138159
v 0.123630 0.677866 -0.275387
v 0.106066 0.666627 -0.146172
v 0.144859 0.663271 -0.208926
v 0.041976 0.686956 -0.200425
v 0.073544 0.691604 -0.271589
v -0.399569 0.485064 0.347829
v -0.505588 0.450931 0.316957
v -0.422804 0.494061 0.294013
v -0.475956 0.477141 0.279188
v -0.429129 0.459534 0.388531
v -0.481606 0.442075 0.372398
v -0.056113 0.542432 0.367159
v 0.056093 0.542443 0.367133
v -0.028516 0.524762 0.418107
v 0.028523 0.524767 0.418102
v -0.027270 0.561483 0.314236
v 0.027248 0.561463 0.314229
v -0.318520 0.451939 0.503018
v -0.363920 0.390842 0.577377
v -0.286709 0.438328 0.550512
v -0.309843 0.409364 0.588697
v -0.374445 0.437692 0.493295
v -0.396965 0.406631 0.529625
v -0.440428 0.608889 -0.408706
v -0.491670 0.476952 -0.321478
v -0.433748 0.567296 -0.325864
v -0.470771 0.518468 -0.290871
v -0.433528 0.524364 -0.414783
v -0.469857 0.472755 -0.380736
v -0.074868 0.722558 -0.443709
v 0.074877 0.722335 -0.443774
v -0.036413 0.695206 -0.497558
v 0.036420 0.695332 -0.497323
v -0.033291 0.720010 -0.390136
v 0.033028 0.720304 -0.390287
v -0.320013 0.512399 -0.530733
v -0.356686 0.398852 -0.578437
v -0.291825 0.488886 -0.577346
v -0.307288 0.431344 -0.599082
v -0.370091 0.478769 -0.508752
v -0.388005 0.421375 -0.532584
v -0.662347 0.379902 -0.051383
v -0.668267 0.383319 0.067179
v -0.632916 0.415527 -0.021754
v -0.636300 0.416570 0.037039
v -0.695458 0.342543 -0.021752
v -0.698146 0.344371 0.037821
v -0.559930 0.333237 -0.415314
v -0.503291 0.302646 -0.519293
v -0.580313 0.286942 -0.447755
v -0.551243 0.271534 -0.499418
v -0.511149 0.368556 -0.437396
v -0.484266 0.352804 -0.489394
v -0.729428 0.246013 -0.143895
v -0.782441 0.151392 -0.082646
v -0.743073 0.195601 -0.174836
v -0.770116 0.148878 -0.143493
v -0.741063 0.250164 -0.082571
v -0.767759 0.202665 -0.052540
v -0.574516 0.348320 0.418780
v -0.516130 0.318307 0.526272
v -0.591632 0.301806 0.448498
v -0.562507 0.286170 0.502571
v -0.528403 0.377876 0.443097
v -0.499669 0.364552 0.496750
v -0.742376 0.252507 0.156504
v -0.791615 0.154948 0.095716
v -0.760620 0.202470 0.185950
v -0.783990 0.153439 0.155499
v -0.750001 0.255172 0.096810
v -0.773072 0.205439 0.066537
v 0.399583 0.485068 0.347827
v 0.505572 0.450946 0.316950
v 0.422824 0.494061 0.294012
v 0.475959 0.477150 0.279169
v 0.429115 0.459538 0.388510
v 0.481636 0.442087 0.372428
v 0.318521 0.451977 0.503017
v 0.363920 0.390836 0.577373
v 0.286708 0.438301 0.550510
v 0.309849 0.409343 0.588694
v 0.374470 0.437703 0.493315
v 0.396969 0.406625 0.529626
v 0.439854 0.608000 -0.409599
v 0.491935 0.476774 -0.321813
v 0.433473 0.567597 -0.326628
v 0.470764 0.518473 -0.291048
v 0.433589 0.524189 -0.414788
v 0.469657 0.472678 -0.380462
v 0.320437 0.512574 -0.530789
v 0.356756 0.398894 -0.578723
v 0.292496 0.488759 -0.577570
v 0.307289 0.431390 -0.598976
v 0.370227 0.478672 -0.508358
v 0.387899 0.421339 -0.532471
v 0.662360 0.379900 -0.051397
v 0.668241 0.383303 0.067176
v 0.632959 0.415518 -0.021749
v 0.636284 0.416609 0.036964
v 0.695457 0.342563 -0.021796
v 0.698105 0.344339 0.037816
v 0.560248 0.333266 -0.415433
v 0.503479 0.302594 -0.519392
v 0.580305 0.286929 -0.447818
v 0.551224 0.271556 -0.499494
v 0.511048 0.368772 -0.437475
v 0.484043 0.352849 -0.489160
v 0.729467 0.246009 -0.143898
v 0.782464 0.151384 -0.082637
v 0.743040 0.195595 -0.174865
v 0.770122 0.148878 -0.143491
v 0.741070 0.250180 -0.082591
v 0.767788 0.202667 -0.052539
v 0.574515 0.348305 0.418775
v 0.516127 0.318303 0.526272
v 0.591626 0.301804 0.448498
v 0.562509 0.286174 0.502571
v 0.528406 0.377870 0.443090
v 0.499680 0.364567 0.496761
v 0.742351 0.252506 0.156506
v 0.791615 0.154957 0.095719
v 0.760620 0.202469 0.185955
v 0.783991 0.153442 0.155506
v 0.749991 0.255166 0.096806
v 0.773070 0.205439 0.066535
v -0.047727 -0.706676 0.152452
v -0.126145 -0.675109 0.279137
v -0.109519 -0.688909 0.158603
v -0.148489 -0.672998 0.217094
v -0.041117 -0.701376 0.214996
v -0.072205 -0.690017 0.278961
v -0.085584 -0.716089 -0.122610
v -0.148221 -0.707866 -0.249171
v -0.134454 -0.764425 -0.139740
v -0.167762 -0.777977 -0.214445
v -0.061708 -0.686316 -0.171622
v -0.090260 -0.679240 -0.233507
v 0.047598 -0.706703 0.152430
v 0.125959 -0.674810 0.279404
v 0.108768 -0.688848 0.158258
v 0.148042 -0.672624 0.216991
v 0.041465 -0.701209 0.215547
v 0.072508 -0.689889 0.279370
v 0.085547 -0.715936 -0.122691
v 0.147244 -0.707347 -0.249056
v 0.134542 -0.763518 -0.139582
v 0.166922 -0.777251 -0.213597
v 0.061893 -0.686320 -0.171299
v 0.090263 -0.679096 -0.233404
v -0.408634 -0.556230 0.382720
v -0.511481 -0.490058 0.330561
v -0.437091 -0.559236 0.323216
v -0.486514 -0.526964 0.297950
v -0.434767 -0.518433 0.414938
v -0.486014 -0.483887 0.387793
v -0.063320 -0.717329 0.469586
v 0.064511 -0.717305 0.469397
v -0.034366 -0.700837 0.523361
v 0.035285 -0.701214 0.523758
v -0.029053 -0.706034 0.405776
v 0.029365 -0.705919 0.405996
v -0.341011 -0.561833 0.565492
v -0.365241 -0.431028 0.595322
v -0.316700 -0.551640 0.621973
v -0.322133 -0.476015 0.627459
v -0.381769 -0.508323 0.528160
v -0.398371 -0.450552 0.548690
v -0.389329 -0.494250 -0.341702
v -0.491265 -0.442529 -0.309061
v -0.411611 -0.508338 -0.287191
v -0.460638 -0.479096 -0.269382
v -0.418542 -0.455726 -0.383494
v -0.471620 -0.432557 -0.368896
v -0.058462 -0.588938 -0.381206
v 0.058594 -0.588947 -0.381302
v -0.028769 -0.557846 -0.427372
v 0.029137 -0.557711 -0.427548
v -0.029637 -0.618847 -0.332466
v 0.029931 -0.618591 -0.332840
v -0.311470 -0.446393 -0.500331
v -0.359853 -0.380880 -0.578481
v -0.282593 -0.430237 -0.551114
v -0.305347 -0.398147 -0.588163
v -0.366862 -0.428212 -0.491787
v -0.391204 -0.395138 -0.530784
v -0.664403 -0.380012 -0.050472
v -0.668518 -0.385191 0.068127
v -0.634857 -0.415145 -0.019569
v -0.636350 -0.418590 0.039136
v -0.696503 -0.344461 -0.021578
v -0.698444 -0.345834 0.037902
v -0.562881 -0.338112 -0.418998
v -0.505976 -0.308470 -0.523760
v -0.579178 -0.295665 -0.448180
v -0.550511 -0.279059 -0.500005
v -0.518637 -0.364346 -0.442899
v -0.489900 -0.350752 -0.495305
v -0.729311 -0.252019 -0.142601
v -0.780227 -0.155282 -0.081736
v -0.742009 -0.200853 -0.173658
v -0.767730 -0.152631 -0.142520
v -0.740956 -0.255296 -0.081623
v -0.767171 -0.207572 -0.051594
v -0.572064 -0.352646 0.417344
v -0.511292 -0.318826 0.521007
v -0.588878 -0.301730 0.445304
v -0.560306 -0.285085 0.498388
v -0.525921 -0.389168 0.443544
v -0.495577 -0.373948 0.495646
v -0.741740 -0.255394 0.156692
v -0.789542 -0.158215 0.096049
v -0.759625 -0.205715 0.186594
v -0.782107 -0.156272 0.156184
v -0.749908 -0.258555 0.096698
v -0.772617 -0.209504 0.066721
v 0.408524 -0.555874 0.382666
v 0.511427 -0.489912 0.330549
v 0.437126 -0.559124 0.323006
v 0.486192 -0.526747 0.297898
v 0.434481 -0.518742 0.414948
v 0.486122 -0.483843 0.387705
v 0.340635 -0.562060 0.565512
v 0.364920 -0.430943 0.594925
v 0.316844 -0.552107 0.622580
v 0.321956 -0.476184 0.627446
v 0.381550 -0.508507 0.528855
v 0.398023 -0.450532 0.548753
v 0.388980 -0.494375 -0.341341
v 0.491185 -0.442460 -0.309201
v 0.411606 -0.507695 -0.287335
v 0.461079 -0.479204 -0.269600
v 0.417936 -0.456008 -0.382970
v 0.471619 -0.432503 -0.369074
v 0.311343 -0.446343 -0.500433
v 0.359840 -0.380975 -0.578459
v 0.282686 -0.429988 -0.551142
v 0.305333 -0.398140 -0.588220
v 0.366859 -0.428099 -0.491682
v 0.391188 -0.395218 -0.530806
v 0.664400 -0.380047 -0.050467
v 0.668539 -0.385180 0.068132
v 0.634885 -0.415159 -0.019591
v 0.636377 -0.418585 0.039083
v 0.696510 -0.344469 -0.021579
v 0.698431 -0.345832 0.037916
v 0.562877 -0.338125 -0.418976
v 0.505988 -0.308422 -0.523755
v 0.579245 -0.295627 -0.448211
v 0.550559 -0.279049 -0.500032
v 0.518625 -0.364370 -0.442911
v 0.489896 -0.350758 -0.495295
v 0.729301 -0.252010 -0.142606
v 0.780308 -0.155291 -0.081714
v 0.742031 -0.200864 -0.173643
v 0.767737 -0.152628 -0.142544
v 0.740939 -0.255291 -0.081628
v 0.767208 -0.207565 -0.051591
v 0.572046 -0.352759 0.417460
v 0.511270 -0.318514 0.520841
v 0.588738 -0.301727 0.445390
v 0.560185 -0.285102 0.498440
v 0.525979 -0.389199 0.443483
v 0.495666 -0.373625 0.495423
v 0.741726 -0.255383 0.156678
v 0.789534 -0.158220 0.096050
v 0.759629 -0.205698 0.186599
v 0.782084 -0.156261 0.156188
v 0.749920 -0.258556 0.096691
v 0.772595 -0.209507 0.066723
v 0.167881 -0.092350 0.796628
v 0.272920 -0.150702 0.758867
v 0.165753 -0.148156 0.788607
v 0.216367 -0.177692 0.765039
v 0.223245 -0.063660 0.786589
v 0.276215 -0.093589 0.769475
v -0.167887 -0.092203 0.796645
v -0.272894 -0.150802 0.758705
v -0.165716 -0.148207 0.788644
v -0.216207 -0.178002 0.764716
v -0.223228 -0.063566 0.786634
v -0.276206 -0.093502 0.769520
v 0.168075 0.090632 0.795314
v 0.273506 0.155486 0.759819
v 0.166630 0.153366 0.787636
v 0.219152 0.185372 0.769239
v 0.223036 0.059901 0.785319
v 0.275783 0.092345 0.768470
v -0.168090 0.090624 0.795311
v -0.273508 0.155510 0.759819
v -0.166620 0.153370 0.787641
v -0.219149 0.185388 0.769257
v -0.223053 0.059883 0.785307
v -0.275787 0.092333 0.768472
v 0.424822 -0.064136 0.702266
v 0.424128 0.062340 0.702175
v 0.471846 -0.032961 0.675852
v 0.471713 0.030256 0.676004
v 0.376915 -0.032935 0.729129
v 0.376546 0.030165 0.729102
v -0.424799 -0.064092 0.702224
v -0.424140 0.062335 0.702187
v -0.471785 -0.032960 0.675806
v -0.471683 0.030248 0.675966
v -0.376880 -0.032964 0.729161
v -0.376526 0.030148 0.729056
v 0.167339 -0.091984 -0.795764
v 0.270353 -0.155917 -0.755082
v 0.165565 -0.154355 -0.786685
v 0.216632 -0.185427 -0.765385
v 0.221154 -0.060982 -0.783948
v 0.273174 -0.093224 -0.764471
v -0.167336 -0.091976 -0.795764
v -0.270358 -0.155918 -0.755081
v -0.165563 -0.154353 -0.786688
v -0.216635 -0.185435 -0.765384
v -0.221150 -0.060986 -0.783953
v -0.273170 -0.093221 -0.764475
v 0.166736 0.097569 -0.797644
v 0.272792 0.160990 -0.767431
v 0.168363 0.161041 -0.804661
v 0.225485 0.194356 -0.799483
v 0.220061 0.066313 -0.784812
v 0.271956 0.097618 -0.766202
v -0.166784 0.097571 -0.797598
v -0.272804 0.160959 -0.767353
v -0.168345 0.161101 -0.804723
v -0.225499 0.194438 -0.799545
v -0.220037 0.066272 -0.784854
v -0.271977 0.097745 -0.766244
v 0.422525 -0.061752 -0.699550
v 0.421543 0.065645 -0.699834
v 0.468216 -0.029685 -0.672118
v 0.468008 0.033297 -0.672537
v 0.376021 -0.029667 -0.727728
v 0.375231 0.034517 -0.727547
v -0.422522 -0.061753 -0.699552
v -0.421542 0.065649 -0.699839
v -0.468215 -0.029688 -0.672121
v -0.467997 0.033289 -0.672520
v -0.375980 -0.029673 -0.727682
v -0.375189 0.034484 -0.727492
v -0.329372 0.589253 0.038917
v -0.329871 0.595457 -0.040024
v -0.274464 0.604633 0.039464
v -0.274533 0.612154 -0.045381
v -0.407929 0.556628 0.065854
v -0.306247 0.587553 0.079748
v -0.392203 0.552487 0.111453
v -0.411612 0.568108 -0.063108
v -0.307741 0.604810 -0.087447
v -0.398178 0.574492 -0.113828
v -0.456418 0.544014 0.002956
v -0.446448 0.554122 -0.095946
v -0.495160 0.527307 -0.021954
v -0.441081 0.535787 0.098366
v -0.493837 0.523001 0.029395
v 0.329440 0.589349 0.038838
v 0.329987 0.595440 -0.039968
v 0.274512 0.604662 0.039404
v 0.274454 0.612018 -0.045311
v 0.407929 0.556618 0.065890
v 0.306251 0.587657 0.079705
v 0.392205 0.552526 0.111455
v 0.411658 0.568063 -0.063118
v 0.307625 0.604788 -0.087243
v 0.397977 0.574294 -0.113648
v 0.456401 0.544050 0.003000
v 0.446602 0.553911 -0.095941
v 0.495077 0.527253 -0.021881
v 0.441020 0.535810 0.098391
v 0.493849 0.522998 0.029387
v -0.340072 -0.632536 0.046126
v -0.343988 -0.649317 -0.039145
v -0.286378 -0.653548 0.048264
v -0.300174 -0.690968 -0.042846
v -0.422621 -0.596605 0.076675
v -0.318222 -0.635287 0.094683
v -0.411967 -0.601756 0.127869
v -0.412253 -0.594875 -0.059919
v -0.333906 -0.681458 -0.087051
v -0.398053 -0.601271 -0.110088
v -0.464117 -0.567248 0.009964
v -0.440398 -0.564421 -0.090062
v -0.497470 -0.537996 -0.014938
v -0.464518 -0.581457 0.112596
v -0.500838 -0.542568 0.037429
v 0.339999 -0.633053 0.046353
v 0.343757 -0.648929 -0.038990
v 0.286865 -0.653956 0.048520
v 0.299727 -0.690752 -0.042686
v 0.422881 -0.596530 0.076613
v 0.318314 -0.635113 0.095146
v 0.411650 -0.601297 0.127627
v 0.412446 -0.594549 -0.059938
v 0.333661 -0.681438 -0.087517
v 0.397884 -0.601100 -0.110046
v 0.464220 -0.567410 0.009960
v 0.440334 -0.564356 -0.090489
v 0.497854 -0.537848 -0.014901
v 0.464376 -0.581562 0.112635
v 0.500603 -0.542509 0.037467
v -0.000377 -0.540097 0.698210
v -0.076722 -0.480222 0.706906
v -0.033086 -0.590621 0.684901
v -0.118986 -0.529893 0.700752
v 0.076418 -0.479996 0.707221
v 0.032594 -0.590776 0.684841
v 0.118564 -0.530265 0.700789
v 0.044864 -0.382896 0.725021
v -0.044579 -0.382836 0.725079
v 0.047878 -0.322813 0.739996
v -0.048220 -0.322845 0.739569
v 0.130748 -0.462414 0.705181
v 0.093899 -0.357596 0.726261
v -0.131080 -0.462879 0.704956
v -0.094202 -0.357197 0.725737
v -0.000000 0.434941 0.639196
v -0.071068 0.411624 0.674049
v -0.027228 0.452227 0.601930
v -0.104947 0.427583 0.640778
v 0.071070 0.411628 0.674058
v 0.027225 0.452219 0.601902
v 0.104943 0.427591 0.640780
v 0.044630 0.363954 0.724699
v -0.044638 0.363965 0.724706
v 0.049116 0.319906 0.747480
v -0.049118 0.319915 0.747507
v 0.123423 0.401643 0.675315
v 0.095002 0.345770 0.730583
v -0.123422 0.401637 0.675300
v -0.095007 0.345770 0.730586
v -0.000049 -0.429408 -0.638124
v -0.071149 -0.404572 -0.672681
v -0.026983 -0.449378 -0.601236
v -0.104415 -0.420936 -0.639990
v 0.071208 -0.404575 -0.672698
v 0.027036 -0.449303 -0.601199
v 0.104402 -0.420911 -0.640093
v 0.044690 -0.358395 -0.722255
v -0.044684 -0.358396 -0.722260
v 0.049173 -0.317240 -0.745481
v -0.049158 -0.317240 -0.745482
v 0.123473 -0.394914 -0.674504
v 0.095106 -0.340481 -0.727218
v -0.123448 -0.394890 -0.674491
v -0.095103 -0.340482 -0.727221
v 0.000089 0.494678 -0.672117
v -0.074071 0.442106 -0.690968
v -0.030890 0.541658 -0.654624
v -0.111969 0.479487 -0.672447
v 0.074150 0.441727 -0.690739
v 0.031213 0.542127 -0.655054
v 0.112018 0.479701 -0.672445
v 0.044992 0.365726 -0.730939
v -0.045099 0.365618 -0.730846
v 0.049728 0.318864 -0.759274
v -0.049526 0.318920 -0.759346
v 0.127201 0.425782 -0.691378
v 0.095574 0.345763 -0.738495
v -0.126853 0.426243 -0.691182
v -0.095816 0.345850 -0.738771
v 0.679009 0.068153 -0.454970
v 0.723728 0.041830 -0.381089
v 0.672874 0.116826 -0.436563
v 0.722317 0.087506 -0.355369
v 0.677532 -0.066528 -0.453943
v 0.722342 -0.040134 -0.380469
v 0.671843 -0.117171 -0.435733
v 0.720170 -0.087408 -0.354495
v 0.656452 0.001393 -0.502892
v 0.646667 -0.101103 -0.483433
v 0.625559 -0.025824 -0.538060
v 0.647777 0.101697 -0.484542
v 0.626102 0.028401 -0.538549
v 0.741710 0.045263 -0.325996
v 0.740078 -0.044253 -0.325480
v 0.695810 0.068822 0.457335
v 0.744158 0.042085 0.383193
v 0.691173 0.119506 0.439052
v 0.744530 0.089583 0.358493
v 0.693597 -0.070787 0.457194
v 0.742188 -0.043158 0.383218
v 0.689510 -0.122202 0.439528
v 0.741571 -0.091545 0.358853
v 0.669154 -0.000914 0.505598
v 0.661424 -0.105744 0.487273
v 0.635408 -0.029113 0.541148
v 0.662876 0.103123 0.486991
v 0.636382 0.026530 0.541463
v 0.766336 0.045981 0.330675
v 0.763997 -0.046961 0.330953
v -0.679003 0.068154 -0.454965
v -0.723738 0.041829 -0.381079
v -0.672871 0.116816 -0.436542
v -0.722318 0.087537 -0.355375
v -0.677456 -0.066532 -0.453892
v -0.722327 -0.040126 -0.380467
v -0.671807 -0.117167 -0.435717
v -0.720153 -0.087408 -0.354490
v -0.656447 0.001407 -0.502895
v -0.646656 -0.101105 -0.483436
v -0.625536 -0.025822 -0.538056
v -0.647771 0.101688 -0.484520
v -0.626076 0.028399 -0.538540
v -0.741716 0.045255 -0.325988
v -0.740038 -0.044245 -0.325472
v -0.695806 0.068815 0.457347
v -0.744159 0.042073 0.383197
v -0.691184 0.119499 0.439069
v -0.744537 0.089572 0.358498
v -0.693603 -0.070784 0.457198
v -0.742201 -0.043173 0.383215
v -0.689489 -0.122217 0.439548
v -0.741605 -0.091548 0.358849
v -0.669167 -0.000898 0.505592
v -0.661406 -0.105772 0.487277
v -0.635427 -0.029105 0.541150
v -0.662873 0.103111 0.487001
v -0.636388 0.026532 0.541459
v -0.766351 0.045967 0.330676
v -0.763999 -0.046962 0.330943
v -0.042944 0.660492 0.015572
v -0.038680 0.674328 -0.045147
v -0.088386 0.651108 0.025217
v -0.083108 0.663550 -0.044612
v 0.042951 0.660481 0.015596
v 0.038699 0.674240 -0.045201
v 0.088403 0.651080 0.025166
v 0.083121 0.663506 -0.044624
v -0.000005 0.653223 0.038557
v -0.074185 0.643870 0.059654
v -0.019413 0.635423 0.095087
v -0.000055 0.684046 -0.083169
v -0.060111 0.672935 -0.082479
v -0.012889 0.686904 -0.128385
v 0.074182 0.643872 0.059679
v 0.019418 0.635453 0.095100
v 0.059963 0.672869 -0.082496
v 0.012751 0.686965 -0.128424
v -0.218347 0.557958 0.266273
v -0.310248 0.522978 0.311657
v -0.240316 0.567934 0.216632
v -0.333162 0.532772 0.260309
v -0.143350 0.517167 0.418117
v -0.232696 0.487819 0.465629
v -0.115330 0.502131 0.467966
v -0.202678 0.473835 0.513638
v -0.138022 0.553150 0.316188
v -0.183440 0.579608 0.215862
v -0.106350 0.573865 0.263349
v -0.318493 0.488900 0.410224
v -0.367809 0.509651 0.305311
v -0.375131 0.475332 0.401683
v -0.085746 0.522688 0.418609
v -0.082139 0.558841 0.315133
v -0.260507 0.463547 0.508967
v -0.348196 0.464332 0.453584
v -0.218522 0.659003 -0.328362
v -0.323543 0.627447 -0.367581
v -0.241433 0.641238 -0.261764
v -0.343047 0.611788 -0.302593
v -0.169842 0.710651 -0.504959
v -0.241337 0.600575 -0.523689
v -0.134796 0.661290 -0.548844
v -0.218610 0.580218 -0.574751
v -0.173809 0.814322 -0.415302
v -0.181120 0.662430 -0.271571
v -0.107409 0.704100 -0.347747
v -0.331039 0.591322 -0.460434
v -0.390665 0.612133 -0.357675
v -0.394839 0.572327 -0.448224
v -0.109372 0.707834 -0.500877
v -0.100831 0.746922 -0.399735
v -0.269503 0.545571 -0.552827
v -0.352929 0.537473 -0.486024
v -0.554415 0.439755 -0.230277
v -0.614603 0.411013 -0.140177
v -0.531360 0.477796 -0.197548
v -0.589043 0.447131 -0.108924
v -0.624186 0.309864 -0.330412
v -0.679808 0.280597 -0.237832
v -0.642900 0.264466 -0.362746
v -0.695011 0.232915 -0.269327
v -0.556941 0.390562 -0.323133
v -0.511739 0.476889 -0.259684
v -0.513116 0.429704 -0.350904
v -0.677161 0.334519 -0.142881
v -0.626914 0.414566 -0.080593
v -0.689195 0.340109 -0.081806
v -0.603949 0.299437 -0.391007
v -0.535323 0.381056 -0.381957
v -0.712694 0.239551 -0.206494
v -0.711539 0.294914 -0.112774
v -0.572526 0.435518 0.238271
v -0.625847 0.412314 0.153825
v -0.542127 0.463180 0.203128
v -0.595887 0.443284 0.121708
v -0.643389 0.326209 0.335050
v -0.698747 0.292673 0.246596
v -0.659733 0.277448 0.364201
v -0.717024 0.244242 0.276124
v -0.579085 0.397605 0.329756
v -0.525359 0.457484 0.260079
v -0.531721 0.421790 0.352702
v -0.688992 0.341716 0.156718
v -0.634254 0.415830 0.095292
v -0.696935 0.345329 0.097189
v -0.618719 0.314977 0.392389
v -0.554370 0.387753 0.386593
v -0.732367 0.249433 0.216410
v -0.720815 0.300246 0.126959
v 0.218382 0.557968 0.266327
v 0.310241 0.522944 0.311635
v 0.240329 0.567955 0.216665
v 0.333154 0.532798 0.260303
v 0.143341 0.517181 0.418102
v 0.232699 0.487830 0.465631
v 0.115330 0.502125 0.467964
v 0.202677 0.473820 0.513638
v 0.138057 0.553101 0.316209
v 0.183419 0.579446 0.215806
v 0.106295 0.573803 0.263281
v 0.085733 0.522700 0.418604
v 0.082188 0.558852 0.315154
v 0.318492 0.488878 0.410208
v 0.367786 0.509669 0.305291
v 0.375144 0.475339 0.401679
v 0.260517 0.463542 0.508982
v 0.348186 0.464343 0.453564
v 0.218534 0.659334 -0.328238
v 0.323116 0.628021 -0.368480
v 0.241368 0.641460 -0.261781
v 0.343246 0.612837 -0.304018
v 0.169428 0.710535 -0.504485
v 0.241604 0.601174 -0.524250
v 0.135155 0.661248 -0.548660
v 0.219158 0.580202 -0.575428
v 0.173746 0.814146 -0.415275
v 0.181208 0.662162 -0.271404
v 0.107544 0.704061 -0.347729
v 0.109453 0.708082 -0.500443
v 0.100969 0.747139 -0.399695
v 0.330207 0.590532 -0.461028
v 0.392049 0.614915 -0.361486
v 0.393355 0.571468 -0.447696
v 0.269675 0.545647 -0.553110
v 0.352775 0.537379 -0.486206
v 0.554293 0.439524 -0.229936
v 0.614427 0.410981 -0.140212
v 0.531284 0.478105 -0.197468
v 0.589014 0.447176 -0.108938
v 0.624399 0.309863 -0.330307
v 0.679824 0.280610 -0.237910
v 0.642952 0.264398 -0.362738
v 0.695046 0.232862 -0.269306
v 0.556992 0.390685 -0.323151
v 0.511733 0.476859 -0.259581
v 0.512851 0.429594 -0.350748
v 0.677257 0.334616 -0.142968
v 0.626997 0.414547 -0.080567
v 0.689222 0.340102 -0.081826
v 0.604065 0.299431 -0.390953
v 0.535548 0.381023 -0.381779
v 0.712699 0.239484 -0.206463
v 0.711546 0.294872 -0.112800
v 0.572561 0.435526 0.238289
v 0.625834 0.412303 0.153816
v 0.542121 0.463183 0.203096
v 0.595899 0.443303 0.121696
v 0.643359 0.326201 0.335039
v 0.698793 0.292716 0.246611
v 0.659719 0.277443 0.364202
v 0.717063 0.244279 0.276131
v 0.579076 0.397596 0.329750
v 0.525363 0.457489 0.260066
v 0.531730 0.421790 0.352712
v 0.689032 0.341755 0.156724
v 0.634264 0.415859 0.095307
v 0.696943 0.345324 0.097203
v 0.618742 0.314989 0.392400
v 0.554367 0.387757 0.386582
v 0.732348 0.249430 0.216422
v 0.720813 0.300251 0.126962
v -0.045454 -0.717026 0.060791
v -0.072433 -0.722278 -0.024511
v -0.099274 -0.703451 0.055307
v -0.125057 -0.730029 -0.034473
v 0.045364 -0.716964 0.060823
v 0.072655 -0.722411 -0.024264
v 0.099364 -0.703511 0.055344
v 0.125319 -0.729691 -0.034662
v -0.000082 -0.719227 0.109072
v -0.064995 -0.706768 0.102660
v -0.015645 -0.713928 0.155904
v 0.000105 -0.707814 -0.056132
v -0.105646 -0.733957 -0.078314
v -0.029997 -0.693981 -0.109611
v 0.065094 -0.706376 0.102697
v 0.015218 -0.714149 0.155733
v 0.105504 -0.734205 -0.078462
v 0.030106 -0.694086 -0.109507
v -0.221436 -0.644979 0.337708
v -0.319404 -0.611407 0.369801
v -0.246190 -0.641270 0.268672
v -0.344485 -0.606290 0.303232
v -0.177555 -0.809161 0.548898
v -0.302944 -0.712598 0.592099
v -0.139376 -0.783460 0.626828
v -0.273857 -0.708450 0.662739
v -0.145794 -0.698029 0.412021
v -0.184556 -0.658171 0.276369
v -0.104505 -0.682708 0.343932
v -0.331970 -0.602175 0.477567
v -0.378402 -0.584368 0.345697
v -0.382886 -0.556842 0.443858
v -0.102432 -0.743742 0.538899
v -0.087432 -0.706560 0.408221
v -0.308247 -0.629582 0.610587
v -0.361066 -0.560930 0.505469
v -0.240711 -0.661843 -0.297732
v -0.311912 -0.567018 -0.315335
v -0.286327 -0.718868 -0.269263
v -0.341580 -0.591910 -0.269645
v -0.144468 -0.546210 -0.422757
v -0.228166 -0.497350 -0.462556
v -0.114584 -0.519261 -0.469453
v -0.199130 -0.475454 -0.512341
v -0.147456 -0.619339 -0.334198
v -0.216488 -0.741473 -0.273110
v -0.119773 -0.656189 -0.288086
v -0.310720 -0.500833 -0.405436
v -0.361747 -0.537174 -0.302202
v -0.364676 -0.479157 -0.395084
v -0.086879 -0.553530 -0.425400
v -0.088613 -0.619011 -0.332830
v -0.255420 -0.462383 -0.506950
v -0.338544 -0.462932 -0.447835
v -0.555553 -0.424041 -0.225314
v -0.616616 -0.404629 -0.138156
v -0.526860 -0.458977 -0.189677
v -0.589524 -0.438802 -0.105134
v -0.625481 -0.315162 -0.330702
v -0.680185 -0.286192 -0.236958
v -0.641895 -0.271394 -0.361632
v -0.694542 -0.238775 -0.268292
v -0.563099 -0.381767 -0.323793
v -0.509196 -0.451539 -0.248740
v -0.519674 -0.408034 -0.348901
v -0.679499 -0.338089 -0.142191
v -0.629501 -0.411098 -0.078442
v -0.690388 -0.342274 -0.081387
v -0.603894 -0.306946 -0.391434
v -0.542976 -0.374085 -0.385472
v -0.712353 -0.245389 -0.205299
v -0.711868 -0.299519 -0.111986
v -0.572178 -0.454944 0.243940
v -0.625923 -0.421053 0.156696
v -0.545778 -0.490909 0.212104
v -0.597427 -0.456030 0.126607
v -0.640744 -0.327157 0.334442
v -0.697468 -0.294515 0.246825
v -0.657761 -0.278299 0.363365
v -0.715837 -0.246581 0.276527
v -0.579315 -0.411616 0.333469
v -0.529665 -0.490430 0.270841
v -0.534830 -0.448708 0.361116
v -0.687950 -0.343627 0.157077
v -0.634511 -0.421489 0.097864
v -0.696858 -0.346882 0.097300
v -0.616238 -0.316028 0.390870
v -0.554345 -0.402172 0.389487
v -0.731450 -0.251984 0.216849
v -0.720532 -0.302584 0.126883
v 0.221337 -0.644919 0.337800
v 0.319309 -0.611402 0.370085
v 0.246505 -0.641064 0.268778
v 0.344877 -0.606440 0.303328
v 0.178101 -0.809813 0.549178
v 0.302968 -0.712560 0.591960
v 0.139177 -0.783561 0.625916
v 0.273184 -0.709483 0.662928
v 0.146230 -0.698403 0.412660
v 0.185003 -0.658511 0.276709
v 0.105210 -0.682971 0.344522
v 0.102788 -0.743986 0.538750
v 0.087950 -0.706636 0.408526
v 0.332050 -0.602149 0.477462
v 0.378560 -0.584847 0.346015
v 0.382910 -0.556493 0.443882
v 0.308988 -0.630689 0.611463
v 0.361213 -0.561277 0.505287
v 0.240129 -0.662121 -0.297449
v 0.311795 -0.567193 -0.315185
v 0.285725 -0.720895 -0.268975
v 0.341439 -0.592154 -0.268911
v 0.144167 -0.546767 -0.422141
v 0.227970 -0.497163 -0.462338
v 0.114473 -0.519210 -0.469619
v 0.198986 -0.476039 -0.511484
v 0.146938 -0.619592 -0.334377
v 0.214638 -0.741315 -0.273246
v 0.118533 -0.656565 -0.287916
v 0.086825 -0.553618 -0.425042
v 0.088236 -0.619266 -0.332919
v 0.310854 -0.500700 -0.405143
v 0.361570 -0.537038 -0.301870
v 0.364544 -0.479310 -0.395215
v 0.255726 -0.462212 -0.507092
v 0.338954 -0.462586 -0.448555
v 0.555521 -0.424104 -0.225308
v 0.616628 -0.404632 -0.138235
v 0.527023 -0.458750 -0.189667
v 0.589552 -0.438750 -0.105257
v 0.625477 -0.315189 -0.330681
v 0.680146 -0.286183 -0.236936
v 0.641894 -0.271376 -0.361635
v 0.694573 -0.238776 -0.268323
v 0.563089 -0.381742 -0.323790
v 0.509113 -0.451385 -0.248851
v 0.519672 -0.408040 -0.348905
v 0.679527 -0.338100 -0.142200
v 0.629470 -0.411091 -0.078459
v 0.690384 -0.342259 -0.081386
v 0.603886 -0.306949 -0.391420
v 0.542980 -0.374068 -0.385494
v 0.712412 -0.245387 -0.205338
v 0.711858 -0.299513 -0.111989
v 0.572008 -0.454783 0.243865
v 0.625990 -0.421115 0.156720
v 0.545456 -0.490774 0.212096
v 0.597412 -0.456023 0.126638
v 0.640698 -0.327181 0.334420
v 0.697481 -0.294510 0.246850
v 0.657720 -0.278306 0.363342
v 0.715887 -0.246584 0.276533
v 0.579345 -0.411648 0.333484
v 0.530229 -0.491156 0.271106
v 0.534812 -0.448720 0.361001
v 0.687946 -0.343628 0.157082
v 0.634495 -0.421483 0.097846
v 0.696855 -0.346863 0.097289
v 0.616245 -0.315984 0.390765
v 0.554283 -0.402110 0.389507
v 0.731466 -0.251985 0.216831
v 0.720528 -0.302580 0.126872
v 0.056145 -0.092190 0.812973
v -0.056152 -0.092169 0.813020
v 0.055525 -0.147141 0.806742
v -0.055516 -0.147093 0.806714
v 0.056283 0.089689 0.811399
v -0.056295 0.089680 0.811397
v 0.055786 0.152325 0.803733
v -0.055797 0.152325 0.803733
v 0.112711 -0.003433 0.808614
v 0.111656 -0.120022 0.803508
v 0.168521 -0.033626 0.799455
v -0.112703 -0.003427 0.808527
v -0.111695 -0.119879 0.803493
v -0.168504 -0.033637 0.799458
v 0.112085 0.121470 0.801779
v 0.168462 0.027873 0.798739
v -0.112092 0.121463 0.801779
v -0.168488 0.027839 0.798745
v 0.337878 -0.337837 0.648558
v 0.306998 -0.242884 0.702554
v 0.287514 -0.372992 0.666835
v 0.252642 -0.273127 0.712195
v 0.491954 -0.239154 0.593880
v 0.466098 -0.154339 0.659575
v 0.540850 -0.208092 0.572973
v 0.512889 -0.124323 0.635672
v 0.426045 -0.330355 0.588543
v 0.327982 -0.404955 0.634948
v 0.412114 -0.390417 0.567744
v 0.526893 -0.263470 0.547325
v 0.461894 -0.354036 0.543661
v 0.373094 -0.153099 0.714366
v 0.262688 -0.210690 0.734775
v 0.326076 -0.123200 0.744690
v 0.470215 -0.094679 0.670857
v 0.376339 -0.094179 0.725094
v -0.337054 -0.338012 0.648140
v -0.307226 -0.242500 0.702839
v -0.287310 -0.373087 0.666904
v -0.252728 -0.272902 0.712158
v -0.491922 -0.239102 0.593925
v -0.466126 -0.154353 0.659525
v -0.540949 -0.208101 0.572886
v -0.512912 -0.124264 0.635675
v -0.426216 -0.329776 0.588628
v -0.328455 -0.404833 0.634554
v -0.412080 -0.390541 0.567873
v -0.526881 -0.263646 0.547485
v -0.461722 -0.353354 0.543595
v -0.373081 -0.153192 0.714354
v -0.262837 -0.210695 0.735216
v -0.326078 -0.123199 0.744686
v -0.470234 -0.094640 0.670845
v -0.376326 -0.094135 0.725094
v 0.344359 0.328324 0.652425
v 0.313581 0.246664 0.712825
v 0.290751 0.351539 0.662792
v 0.259577 0.273744 0.722497
v 0.494882 0.242086 0.599653
v 0.464872 0.155789 0.659966
v 0.541566 0.209444 0.575671
v 0.512016 0.123132 0.635335
v 0.432369 0.324171 0.593041
v 0.329084 0.373357 0.622740
v 0.416186 0.369270 0.562930
v 0.530086 0.265894 0.552816
v 0.467175 0.345620 0.546176
v 0.371826 0.156848 0.715128
v 0.267994 0.216502 0.743902
v 0.324932 0.124867 0.744019
v 0.469357 0.093420 0.670586
v 0.375057 0.093820 0.724676
v -0.344360 0.328322 0.652428
v -0.313559 0.246644 0.712797
v -0.290744 0.351537 0.662777
v -0.259575 0.273728 0.722486
v -0.494886 0.242095 0.599682
v -0.464877 0.155792 0.659961
v -0.541554 0.209454 0.575686
v -0.512024 0.123134 0.635343
v -0.432371 0.324176 0.593049
v -0.329075 0.373356 0.622727
v -0.416182 0.369260 0.562923
v -0.530077 0.265879 0.552822
v -0.467170 0.345622 0.546172
v -0.371834 0.156856 0.715111
v -0.268008 0.216523 0.743929
v -0.324946 0.124878 0.744029
v -0.469369 0.093410 0.670575
v -0.375073 0.093814 0.724668
v 0.056375 -0.090910 -0.809653
v -0.056370 -0.090901 -0.809633
v 0.055736 -0.152832 -0.801126
v -0.055729 -0.152827 -0.801112
v 0.056043 0.096712 -0.811906
v -0.056077 0.096748 -0.811816
v 0.056332 0.157861 -0.813769
v -0.056312 0.157919 -0.813763
v 0.112288 0.002851 -0.809397
v 0.112025 -0.122724 -0.801761
v 0.167507 -0.028863 -0.799828
v -0.112355 0.002893 -0.809143
v -0.112022 -0.122708 -0.801759
v -0.167517 -0.028864 -0.799828
v 0.112058 0.128113 -0.808569
v 0.166355 0.034318 -0.797551
v -0.112054 0.128031 -0.808184
v -0.166373 0.034341 -0.797443
v 0.339822 -0.321325 -0.648762
v 0.310254 -0.245064 -0.708754
v 0.286700 -0.343729 -0.660166
v 0.257091 -0.271995 -0.719302
v 0.487298 -0.239484 -0.595532
v 0.459470 -0.154800 -0.654347
v 0.532004 -0.207145 -0.571339
v 0.504955 -0.122156 -0.628941
v 0.427334 -0.318803 -0.592552
v 0.324344 -0.363102 -0.620585
v 0.410934 -0.359796 -0.563880
v 0.520183 -0.260789 -0.549532
v 0.459397 -0.335315 -0.545183
v 0.369542 -0.156870 -0.711752
v 0.265143 -0.216079 -0.739753
v 0.322738 -0.125204 -0.740246
v 0.464942 -0.092620 -0.665499
v 0.374178 -0.093922 -0.722697
v -0.339820 -0.321318 -0.648740
v -0.310257 -0.245062 -0.708750
v -0.286761 -0.343782 -0.660215
v -0.257090 -0.271995 -0.719304
v -0.487310 -0.239477 -0.595549
v -0.459459 -0.154812 -0.654346
v -0.532029 -0.207141 -0.571363
v -0.504938 -0.122156 -0.628924
v -0.427304 -0.318832 -0.592509
v -0.324369 -0.363064 -0.620601
v -0.410921 -0.359759 -0.563873
v -0.520193 -0.260810 -0.549545
v -0.459375 -0.335330 -0.545164
v -0.369541 -0.156881 -0.711748
v -0.265150 -0.216092 -0.739749
v -0.322735 -0.125206 -0.740247
v -0.464935 -0.092626 -0.665503
v -0.374172 -0.093922 -0.722703
v 0.338681 0.321746 -0.649347
v 0.312970 0.245428 -0.719021
v 0.285841 0.351000 -0.664095
v 0.261009 0.273877 -0.734619
v 0.489204 0.234670 -0.596571
v 0.459156 0.155290 -0.655658
v 0.532935 0.203591 -0.572140
v 0.504455 0.123110 -0.629404
v 0.424801 0.314222 -0.587574
v 0.322715 0.375507 -0.622651
v 0.406237 0.366652 -0.558736
v 0.521381 0.254238 -0.549401
v 0.455968 0.333663 -0.539540
v 0.369886 0.160109 -0.717480
v 0.272471 0.221265 -0.763434
v 0.322284 0.129336 -0.744449
v 0.464239 0.095143 -0.666201
v 0.372540 0.097885 -0.723207
v -0.338360 0.321805 -0.649208
v -0.313028 0.245493 -0.719550
v -0.286823 0.350605 -0.664308
v -0.260394 0.274096 -0.734533
v -0.489218 0.234625 -0.596523
v -0.459178 0.155289 -0.655649
v -0.532885 0.203662 -0.572200
v -0.504484 0.123094 -0.629397
v -0.424816 0.314207 -0.587843
v -0.323450 0.375439 -0.622500
v -0.406903 0.366216 -0.558833
v -0.521456 0.254091 -0.549311
v -0.454975 0.334448 -0.539419
v -0.369909 0.160064 -0.717427
v -0.272616 0.221277 -0.763577
v -0.322372 0.129576 -0.744622
v -0.464246 0.095128 -0.666186
v -0.372519 0.097855 -0.723176
v 0.808908 0.050554 -0.082367
v 0.806936 -0.051218 -0.081963
v 0.796477 0.049831 -0.142917
v 0.794602 -0.050038 -0.142401
v 0.817442 0.052284 0.095017
v 0.815306 -0.052494 0.095279
v 0.810128 0.051736 0.155087
v 0.808019 -0.051938 0.155494
v 0.809486 0.102742 0.006451
v 0.792488 0.100270 -0.112740
v 0.791712 0.153247 -0.022772
v 0.803945 0.103434 0.125185
v 0.793078 0.154416 0.036416
v 0.806341 -0.105139 0.006859
v 0.789523 -0.102359 -0.111986
v 0.789653 -0.157241 -0.022161
v 0.801117 -0.105085 0.125739
v 0.791056 -0.157968 0.036774
v -0.808907 0.050575 -0.082377
v -0.806925 -0.051221 -0.081965
v -0.796476 0.049836 -0.142908
v -0.794570 -0.050049 -0.142401
v -0.817454 0.052283 0.095016
v -0.815231 -0.052522 0.095282
v -0.810119 0.051728 0.155073
v -0.807991 -0.051934 0.155475
v -0.809465 0.102729 0.006450
v -0.792473 0.100265 -0.112711
v -0.791697 0.153255 -0.022756
v -0.803933 0.103428 0.125183
v -0.793078 0.154410 0.036417
v -0.806287 -0.105161 0.006860
v -0.789514 -0.102369 -0.111983
v -0.789665 -0.157261 -0.022156
v -0.801134 -0.105104 0.125739
v -0.791079 -0.157980 0.036771
v -0.190032 0.616761 0.077575
v -0.226055 0.597978 0.123353
v -0.188082 0.640772 -0.096123
v -0.225879 0.633794 -0.147397
v -0.168077 0.611037 0.119626
v -0.165398 0.651159 -0.149606
v -0.409246 0.525092 0.199682
v -0.461000 0.507834 0.185639
v -0.443742 0.501750 0.239896
v -0.413059 0.569364 -0.214846
v -0.462814 0.540602 -0.190316
v -0.444383 0.549278 -0.255444
v -0.565976 0.476856 -0.022356
v -0.568314 0.475406 0.033983
v -0.601467 0.447151 0.006794
v 0.190081 0.616816 0.077575
v 0.226000 0.598062 0.123397
v 0.188125 0.640217 -0.096052
v 0.225728 0.633535 -0.146764
v 0.168077 0.610976 0.119587
v 0.165159 0.651261 -0.149166
v 0.409212 0.525096 0.199664
v 0.461027 0.507834 0.185650
v 0.443743 0.501741 0.239880
v 0.412839 0.569473 -0.215192
v 0.462585 0.540641 -0.190118
v 0.444277 0.549466 -0.255600
v 0.566004 0.476881 -0.022314
v 0.568326 0.475427 0.033959
v 0.601488 0.447164 0.006794
v -0.197804 -0.671008 0.103078
v -0.233880 -0.654273 0.154871
v -0.227659 -0.788461 -0.085640
v -0.278949 -0.784571 -0.156975
v -0.171549 -0.671415 0.158371
v -0.199330 -0.800559 -0.150911
v -0.432983 -0.587263 0.224514
v -0.481589 -0.560530 0.204003
v -0.462030 -0.560894 0.263002
v -0.404909 -0.558492 -0.197113
v -0.451010 -0.524651 -0.176811
v -0.432090 -0.518094 -0.231988
v -0.567427 -0.478062 -0.016674
v -0.567712 -0.482350 0.039591
v -0.602027 -0.448985 0.010681
v 0.198075 -0.671302 0.103136
v 0.233511 -0.654704 0.154560
v 0.227599 -0.788451 -0.085707
v 0.278819 -0.784782 -0.156531
v 0.171182 -0.671478 0.158432
v 0.198238 -0.801003 -0.150018
v 0.433000 -0.587187 0.224416
v 0.481403 -0.560519 0.204053
v 0.461748 -0.560787 0.262940
v 0.404767 -0.558245 -0.196770
v 0.451194 -0.524936 -0.176906
v 0.432456 -0.517723 -0.232269
v 0.567326 -0.478054 -0.016738
v 0.567980 -0.482522 0.039639
v 0.601935 -0.448978 0.010669
v -0.036857 -0.666769 0.628332
v 0.037211 -0.667428 0.628059
v -0.234999 -0.568474 0.698080
v -0.234451 -0.483353 0.685808
v 0.000227 -0.670770 0.573567
v -0.285655 -0.526237 0.670383
v 0.234665 -0.568793 0.697904
v 0.233978 -0.483229 0.685308
v 0.286006 -0.526936 0.670166
v 0.104562 -0.231937 0.766073
v 0.152682 -0.266971 0.743266
v -0.104281 -0.232613 0.766038
v -0.152543 -0.266988 0.743480
v 0.159657 -0.205317 0.767074
v -0.159606 -0.205753 0.766853
v -0.028664 0.488320 0.515479
v 0.028659 0.488308 0.515462
v -0.196108 0.435448 0.600836
v -0.217245 0.406381 0.636865
v -0.000003 0.506852 0.467641
v -0.253327 0.423588 0.595814
v 0.196110 0.435428 0.600845
v 0.217254 0.406386 0.636880
v 0.253334 0.423589 0.595829
v 0.107297 0.242594 0.775004
v 0.157031 0.271343 0.754251
v -0.107294 0.242592 0.775002
v -0.157021 0.271326 0.754206
v 0.163186 0.214336 0.774178
v -0.163184 0.214341 0.774177
v -0.028329 -0.497891 -0.516323
v 0.028273 -0.498010 -0.516239
v -0.193420 -0.427526 -0.600199
v -0.214862 -0.397935 -0.637016
v 0.000126 -0.526809 -0.472126
v -0.249902 -0.414029 -0.595944
v 0.193468 -0.427464 -0.600407
v 0.214897 -0.397929 -0.637018
v 0.249906 -0.413923 -0.595992
v 0.106759 -0.241658 -0.772018
v 0.156072 -0.269546 -0.750704
v -0.106764 -0.241674 -0.772059
v -0.156064 -0.269549 -0.750696
v 0.161902 -0.214185 -0.771391
v -0.161895 -0.214183 -0.771379
v -0.035545 0.640103 -0.603015
v 0.035516 0.640198 -0.603477
v -0.213184 0.498249 -0.646471
v -0.221845 0.435698 -0.657337
v 0.000265 0.668015 -0.550806
v -0.259428 0.463833 -0.620858
v 0.213101 0.497960 -0.645965
v 0.221823 0.435306 -0.657470
v 0.259379 0.463797 -0.621042
v 0.111907 0.247422 -0.804788
v 0.161783 0.276211 -0.779642
v -0.111819 0.247445 -0.804991
v -0.161514 0.275834 -0.779462
v 0.172128 0.225065 -0.816017
v -0.172051 0.225122 -0.815844
v 0.631208 0.204669 -0.445776
v 0.603171 0.188496 -0.496029
v 0.734298 0.140711 -0.267444
v 0.758806 0.095463 -0.236013
v 0.593677 0.239557 -0.474690
v 0.752671 0.145069 -0.205542
v 0.630660 -0.209534 -0.444658
v 0.603025 -0.192430 -0.495606
v 0.732297 -0.143515 -0.266523
v 0.756030 -0.096790 -0.235290
v 0.592458 -0.246351 -0.473691
v 0.750508 -0.148419 -0.204623
v 0.552224 -0.028652 -0.607477
v 0.552492 0.031382 -0.608041
v 0.511939 0.001584 -0.641955
v 0.647640 0.212589 0.447199
v 0.617921 0.195359 0.499140
v 0.758794 0.146462 0.274414
v 0.783893 0.099223 0.244681
v 0.606458 0.250550 0.475817
v 0.774808 0.150943 0.215311
v 0.646630 -0.214213 0.446660
v 0.617391 -0.196707 0.498676
v 0.756787 -0.149300 0.275502
v 0.780933 -0.101050 0.245714
v 0.604445 -0.249892 0.473004
v 0.772839 -0.153760 0.216414
v 0.559830 -0.032111 0.613720
v 0.560261 0.028757 0.614132
v 0.517664 -0.001609 0.647281
v -0.631177 0.204646 -0.445776
v -0.603214 0.188542 -0.496094
v -0.734262 0.140668 -0.267395
v -0.758792 0.095471 -0.236021
v -0.593676 0.239501 -0.474678
v -0.752694 0.145070 -0.205527
v -0.630694 -0.209521 -0.444684
v -0.602997 -0.192389 -0.495582
v -0.732271 -0.143510 -0.266521
v -0.756017 -0.096777 -0.235297
v -0.592480 -0.246295 -0.473693
v -0.750568 -0.148439 -0.204635
v -0.552238 -0.028642 -0.607501
v -0.552487 0.031384 -0.608047
v -0.511936 0.001586 -0.641954
v -0.647649 0.212575 0.447205
v -0.617919 0.195345 0.499144
v -0.758798 0.146462 0.274422
v -0.783891 0.099221 0.244679
v -0.606452 0.250548 0.475818
v -0.774806 0.150939 0.215308
v -0.646644 -0.214210 0.446667
v -0.617395 -0.196673 0.498689
v -0.756800 -0.149303 0.275498
v -0.780900 -0.101042 0.245704
v -0.604431 -0.249918 0.473029
v -0.772859 -0.153771 0.216409
v -0.559798 -0.032121 0.613714
v -0.560290 0.028776 0.614125
v -0.517692 -0.001616 0.647354
v -0.024767 0.598602 0.206243
v 0.024798 0.598627 0.206273
v -0.000005 0.580493 0.260370
v -0.024430 0.697686 -0.267094
v 0.024531 0.698138 -0.266961
v 0.000184 0.709495 -0.330406
v -0.456290 0.432636 0.427489
v -0.427938 0.420725 0.479794
v -0.479763 0.401872 0.463609
v -0.445847 0.461487 -0.435033
v -0.417744 0.443140 -0.485201
v -0.464280 0.405787 -0.460699
v -0.724973 0.300456 0.007777
v -0.748961 0.253149 -0.022388
v -0.751051 0.254466 0.037223
v 0.456289 0.432637 0.427481
v 0.427948 0.420731 0.479798
v 0.479768 0.401859 0.463607
v 0.445981 0.461374 -0.434994
v 0.417667 0.442735 -0.484860
v 0.464093 0.405640 -0.460364
v 0.724941 0.300444 0.007780
v 0.748954 0.253148 -0.022387
v 0.751045 0.254463 0.037233
v -0.023601 -0.699657 0.277962
v 0.023708 -0.699950 0.278078
v -0.000094 -0.701089 0.342355
v -0.030745 -0.664422 -0.226140
v 0.030674 -0.664147 -0.226278
v -0.000100 -0.643280 -0.280508
v -0.457797 -0.475135 0.443520
v -0.428236 -0.464346 0.497592
v -0.478361 -0.426777 0.470230
v -0.447362 -0.420821 -0.425548
v -0.420177 -0.408291 -0.479316
v -0.470629 -0.387058 -0.462707
v -0.725389 -0.303426 0.007841
v -0.748855 -0.257460 -0.021870
v -0.751268 -0.258269 0.037363
v 0.457833 -0.474960 0.443611
v 0.428564 -0.464543 0.497409
v 0.478301 -0.426646 0.470087
v 0.447383 -0.420777 -0.425654
v 0.420183 -0.408326 -0.479358
v 0.470675 -0.387062 -0.462700
v 0.725358 -0.303447 0.007852
v 0.748857 -0.257471 -0.021861
v 0.751256 -0.258277 0.037375
v 0.276837 -0.033598 0.772839
v 0.276730 0.028868 0.772622
v 0.327500 -0.001934 0.752655
v -0.276817 -0.033596 0.772846
v -0.276740 0.028814 0.772611
v -0.327501 -0.001947 0.752675
v 0.274033 -0.029445 -0.768759
v 0.272731 0.034402 -0.766972
v 0.325465 0.002476 -0.749616
v -0.274024 -0.029459 -0.768758
v -0.272714 0.034358 -0.766973
v -0.325469 0.002451 -0.749631
f 1 647 644
f 1 644 643
f 1 643 645
f 1 645 646
f 1 646 647
f 2 649 652
f 6 672 670
f 12 702 699
f 11 696 695
f 8 679 681
f 4 662 659
f 4 659 658
f 4 658 660
f 4 660 661
f 4 661 662
f 5 666 665
f 3 654 657
f 7 673 677
f 9 685 686
f 10 692 688
f 12 701 698
f 6 669 668
f 2 650 648
f 8 682 678
f 11 697 693
f 6 671 669
f 12 700 701
f 11 694 697
f 8 680 682
f 2 651 650
f 10 690 689
f 5 663 664
f 3 655 653
f 7 676 674
f 9 687 684
f 10 691 690
f 5 667 663
f 3 656 655
f 7 675 676
f 9 683 687
f 6 668 672
f 2 648 649
f 8 678 679
f 11 693 696
f 12 698 702
f 10 688 691
f 5 665 667
f 3 657 656
f 7 677 675
f 9 686 683
f 5 664 666
f 3 653 654
f 7 674 673
f 9 684 685
f 10 689 692
f 6 670 671
f 12 699 700
f 11 695 694
f 8 681 680
f 2 652 651
f 35 837 838
f 18 735 736
f 19 742 741
f 40 868 867
f 42 880 879
f 34 832 831
f 33 827 828
f 25 778 780
f 36 844 846
f 20 749 747
f 32 819 820
f 23 765 767
f 24 773 771
f 37 850 849
f 41 876 875
f 34 833 834
f 33 826 825
f 25 779 777
f 36 845 843
f 20 748 750
f 17 729 727
f 14 711 709
f 13 706 703
f 15 718 715
f 16 724 721
f 18 737 733
f 35 839 835
f 42 882 878
f 40 870 866
f 19 744 740
f 30 807 805
f 27 789 787
f 22 762 758
f 28 797 793
f 29 802 799
f 32 821 817
f 23 766 763
f 24 774 770
f 37 852 848
f 41 874 872
f 35 838 836
f 18 736 734
f 19 741 739
f 40 867 865
f 42 879 877
f 34 831 829
f 33 828 824
f 25 780 776
f 36 846 842
f 20 747 745
f 32 820 818
f 23 767 764
f 24 771 769
f 37 849 847
f 41 875 871
f 34 834 830
f 33 825 823
f 25 777 775
f 36 843 841
f 20 750 746
f 14 714 710
f 13 707 704
f 15 719 716
f 16 725 722
f 17 732 728
f 21 755 752
f 31 814 811
f 26 784 781
f 38 857 853
f 39 862 860
f 27 792 788
f 22 759 757
f 28 796 794
f 29 803 800
f 30 810 806
f 31 815 812
f 26 785 782
f 38 856 854
f 39 863 859
f 21 754 751
f 14 712 714
f 13 705 707
f 15 717 719
f 16 723 725
f 17 730 732
f 21 753 755
f 31 816 814
f 26 786 784
f 38 858 857
f 39 861 862
f 27 791 792
f 22 761 759
f 28 795 796
f 29 801 803
f 30 808 810
f 31 813 815
f 26 783 785
f 38 855 856
f 39 864 863
f 21 756 754
f 14 709 712
f 13 703 705
f 15 715 717
f 16 721 723
f 17 727 730
f 21 751 753
f 31 812 816
f 26 782 786
f 38 854 858
f 39 859 861
f 27 787 791
f 22 758 761
f 28 793 795
f 29 799 801
f 30 805 808
f 31 811 813
f 26 781 783
f 38 853 855
f 39 860 864
f 21 752 756
f 17 728 731
f 14 710 713
f 13 704 708
f 15 716 720
f 16 722 726
f 18 734 738
f 35 836 840
f 42 877 881
f 40 865 869
f 19 739 743
f 30 806 809
f 27 788 790
f 22 757 760
f 28 794 798
f 29 800 804
f 32 818 822
f 23 764 768
f 24 769 772
f 37 847 851
f 41 871 873
f 35 835 837
f 18 733 735
f 19 740 742
f 40 866 868
f 42 878 880
f 34 830 832
f 33 823 827
f 25 775 778
f 36 841 844
f 20 746 749
f 32 817 819
f 23 763 765
f 24 770 773
f 37 848 850
f 41 872 876
f 34 829 833
f 33 824 826
f 25 776 779
f 36 842 845
f 20 745 748
f 17 731 729
f 14 713 711
f 13 708 706
f 15 720 718
f 16 726 724
f 18 738 737
f 35 840 839
f 42 881 882
f 40 869 870
f 19 743 744
f 30 809 807
f 27 790 789
f 22 760 762
f 28 798 797
f 29 804 802
f 32 822 821
f 23 768 766
f 24 772 774
f 37 851 852
f 41 873 874
f 107 1269 1270
f 103 1245 1246
f 104 1252 1251
f 110 1288 1287
f 113 1306 1305
f 118 1336 1335
f 154 1551 1552
f 141 1473 1474
f 162 1599 1600
f 121 1354 1353
f 142 1479 1480
f 129 1401 1402
f 130 1408 1407
f 144 1492 1491
f 146 1504 1503
f 151 1533 1534
f 131 1414 1413
f 136 1444 1443
f 161 1594 1593
f 126 1383 1384
f 116 1323 1324
f 108 1275 1276
f 106 1263 1264
f 112 1299 1300
f 115 1317 1318
f 119 1341 1342
f 156 1564 1563
f 139 1462 1461
f 160 1588 1587
f 120 1347 1348
f 149 1521 1522
f 132 1420 1419
f 128 1395 1396
f 145 1497 1498
f 148 1515 1516
f 155 1557 1558
f 133 1425 1426
f 134 1431 1432
f 157 1570 1569
f 124 1372 1371
f 109 1282 1281
f 105 1258 1257
f 111 1294 1293
f 114 1312 1311
f 117 1330 1329
f 125 1378 1377
f 152 1540 1539
f 137 1449 1450
f 158 1575 1576
f 123 1365 1366
f 143 1486 1485
f 127 1390 1389
f 135 1437 1438
f 147 1510 1509
f 150 1528 1527
f 153 1546 1545
f 140 1468 1467
f 138 1455 1456
f 159 1581 1582
f 122 1359 1360
f 107 1272 1271
f 103 1248 1247
f 104 1253 1254
f 110 1289 1290
f 113 1307 1308
f 118 1337 1338
f 154 1554 1553
f 141 1476 1475
f 162 1602 1601
f 121 1355 1356
f 142 1482 1481
f 129 1404 1403
f 130 1409 1410
f 144 1493 1494
f 146 1505 1506
f 151 1536 1535
f 131 1415 1416
f 136 1445 1446
f 161 1595 1596
f 126 1386 1385
f 47 909 907
f 44 891 889
f 43 886 883
f 45 898 895
f 46 904 901
f 49 922 919
f 72 1060 1057
f 102 1240 1237
f 96 1204 1201
f 79 1102 1099
f 62 999 997
f 59 981 979
f 58 976 973
f 60 988 985
f 61 994 991
f 66 1024 1021
f 54 952 949
f 73 1066 1063
f 85 1138 1135
f 92 1179 1177
f 101 1233 1231
f 69 1041 1039
f 50 927 925
f 82 1119 1117
f 97 1209 1207
f 71 1053 1051
f 100 1228 1225
f 94 1192 1189
f 80 1108 1105
f 51 933 931
f 90 1167 1165
f 63 1005 1003
f 55 957 955
f 76 1083 1081
f 87 1150 1147
f 91 1174 1171
f 67 1029 1027
f 56 963 961
f 75 1077 1075
f 83 1126 1123
f 68 1036 1033
f 48 915 913
f 78 1095 1093
f 93 1185 1183
f 98 1216 1213
f 88 1155 1153
f 65 1018 1015
f 57 970 967
f 77 1090 1087
f 86 1143 1141
f 64 1012 1009
f 53 945 943
f 74 1071 1069
f 84 1131 1129
f 89 1162 1159
f 70 1047 1045
f 99 1221 1219
f 95 1197 1195
f 81 1114 1111
f 52 940 937
f 109 1284 1280
f 105 1260 1256
f 111 1296 1292
f 114 1314 1310
f 117 1332 1328
f 125 1380 1376
f 152 1542 1538
f 137 1451 1447
f 158 1577 1573
f 123 1367 1363
f 143 1488 1484
f 127 1392 1388
f 135 1439 1435
f 147 1512 1508
f 150 1530 1526
f 153 1548 1544
f 140 1470 1466
f 138 1457 1453
f 159 1583 1579
f 122 1361 1357
f 107 1270 1268
f 103 1246 1244
f 104 1251 1249
f 110 1287 1285
f 113 1305 1303
f 118 1335 1333
f 154 1552 1550
f 141 1474 1472
f 162 1600 1598
f 121 1353 1351
f 142 1480 1478
f 129 1402 1400
f 130 1407 1405
f 144 1491 1489
f 146 1503 1501
f 151 1534 1532
f 131 1413 1411
f 136 1443 1441
f 161 1593 1591
f 126 1384 1382
f 116 1324 1322
f 108 1276 1274
f 106 1264 1262
f 112 1300 1298
f 115 1318 1316
f 119 1342 1340
f 156 1563 1561
f 139 1461 1459
f 160 1587 1585
f 120 1348 1346
f 149 1522 1520
f 132 1419 1417
f 128 1396 1394
f 145 1498 1496
f 148 1516 1514
f 155 1558 1556
f 133 1426 1424
f 134 1432 1430
f 157 1569 1567
f 124 1371 1369
f 109 1281 1279
f 105 1257 1255
f 111 1293 1291
f 114 1311 1309
f 117 1329 1327
f 125 1377 1375
f 152 1539 1537
f 137 1450 1448
f 158 1576 1574
f 123 1366 1364
f 143 1485 1483
f 127 1389 1387
f 135 1438 1436
f 147 1509 1507
f 150 1527 1525
f 153 1545 1543
f 140 1467 1465
f 138 1456 1454
f 159 1582 1580
f 122 1360 1358
f 107 1271 1267
f 103 1247 1243
f 104 1254 1250
f 110 1290 1286
f 113 1308 1304
f 118 1338 1334
f 154 1553 1549
f 141 1475 1471
f 162 1601 1597
f 121 1356 1352
f 142 1481 1477
f 129 1403 1399
f 130 1410 1406
f 144 1494 1490
f 146 1506 1502
f 151 1535 1531
f 131 1416 1412
f 136 1446 1442
f 161 1596 1592
f 126 1385 1381
f 44 894 890
f 43 887 884
f 45 899 896
f 46 905 902
f 47 912 908
f 52 941 938
f 70 1050 1046
f 99 1224 1220
f 95 1200 1196
f 81 1115 1112
f 59 984 980
f 58 977 974
f 60 989 986
f 61 995 992
f 62 1002 998
f 65 1019 1016
f 57 971 968
f 77 1091 1088
f 86 1146 1142
f 88 1158 1154
f 98 1217 1214
f 68 1037 1034
f 48 918 914
f 78 1098 1094
f 93 1188 1184
f 69 1044 1040
f 101 1236 1232
f 97 1212 1208
f 82 1122 1118
f 50 930 926
f 89 1163 1160
f 64 1013 1010
f 53 948 944
f 74 1074 1070
f 84 1134 1130
f 90 1170 1166
f 63 1008 1004
f 55 960 956
f 76 1086 1082
f 87 1151 1148
f 72 1061 1058
f 49 923 920
f 79 1103 1100
f 96 1205 1202
f 102 1241 1238
f 91 1175 1172
f 67 1032 1028
f 56 966 962
f 75 1080 1076
f 83 1127 1124
f 66 1025 1022
f 54 953 950
f 73 1067 1064
f 85 1139 1136
f 92 1182 1178
f 71 1056 1052
f 100 1229 1226
f 94 1193 1190
f 80 1109 1106
f 51 936 932
f 116 1325 1321
f 108 1277 1273
f 106 1265 1261
f 112 1301 1297
f 115 1319 1315
f 119 1343 1339
f 156 1566 1562
f 139 1464 1460
f 160 1590 1586
f 120 1349 1345
f 149 1523 1519
f 132 1422 1418
f 128 1397 1393
f 145 1499 1495
f 148 1517 1513
f 155 1559 1555
f 133 1427 1423
f 134 1433 1429
f 157 1572 1568
f 124 1374 1370
f 44 892 894
f 43 885 887
f 45 897 899
f 46 903 905
f 47 910 912
f 52 939 941
f 70 1048 1050
f 99 1222 1224
f 95 1198 1200
f 81 1113 1115
f 59 982 984
f 58 975 977
f 60 987 989
f 61 993 995
f 62 1000 1002
f 65 1017 1019
f 57 969 971
f 77 1089 1091
f 86 1144 1146
f 88 1156 1158
f 98 1215 1217
f 68 1035 1037
f 48 916 918
f 78 1096 1098
f 93 1186 1188
f 69 1042 1044
f 101 1234 1236
f 97 1210 1212
f 82 1120 1122
f 50 928 930
f 89 1161 1163
f 64 1011 1013
f 53 946 948
f 74 1072 1074
f 84 1132 1134
f 90 1168 1170
f 63 1006 1008
f 55 958 960
f 76 1084 1086
f 87 1149 1151
f 72 1059 1061
f 49 921 923
f 79 1101 1103
f 96 1203 1205
f 102 1239 1241
f 91 1173 1175
f 67 1030 1032
f 56 964 966
f 75 1078 1080
f 83 1125 1127
f 66 1023 1025
f 54 951 953
f 73 1065 1067
f 85 1137 1139
f 92 1180 1182
f 71 1054 1056
f 100 1227 1229
f 94 1191 1193
f 80 1107 1109
f 51 934 936
f 116 1326 1325
f 108 1278 1277
f 106 1266 1265
f 112 1302 1301
f 115 1320 1319
f 119 1344 1343
f 156 1565 1566
f 139 1463 1464
f 160 1589 1590
f 120 1350 1349
f 149 1524 1523
f 132 1421 1422
f 128 1398 1397
f 145 1500 1499
f 148 1518 1517
f 155 1560 1559
f 133 1428 1427
f 134 1434 1433
f 157 1571 1572
f 124 1373 1374
f 44 889 892
f 43 883 885
f 45 895 897
f 46 901 903
f 47 907 910
f 52 937 939
f 70 1045 1048
f 99 1219 1222
f 95 1195 1198
f 81 1111 1113
f 59 979 982
f 58 973 975
f 60 985 987
f 61 991 993
f 62 997 1000
f 65 1015 1017
f 57 967 969
f 77 1087 1089
f 86 1141 1144
f 88 1153 1156
f 98 1213 1215
f 68 1033 1035
f 48 913 916
f 78 1093 1096
f 93 1183 1186
f 69 1039 1042
f 101 1231 1234
f 97 1207 1210
f 82 1117 1120
f 50 925 928
f 89 1159 1161
f 64 1009 1011
f 53 943 946
f 74 1069 1072
f 84 1129 1132
f 90 1165 1168
f 63 1003 1006
f 55 955 958
f 76 1081 1084
f 87 1147 1149
f 72 1057 1059
f 49 919 921
f 79 1099 1101
f 96 1201 1203
f 102 1237 1239
f 91 1171 1173
f 67 1027 1030
f 56 961 964
f 75 1075 1078
f 83 1123 1125
f 66 1021 1023
f 54 949 951
f 73 1063 1065
f 85 1135 1137
f 92 1177 1180
f 71 1051 1054
f 100 1225 1227
f 94 1189 1191
f 80 1105 1107
f 51 931 934
f 116 1322 1326
f 108 1274 1278
f 106 1262 1266
f 112 1298 1302
f 115 1316 1320
f 119 1340 1344
f 156 1561 1565
f 139 1459 1463
f 160 1585 1589
f 120 1346 1350
f 149 1520 1524
f 132 1417 1421
f 128 1394 1398
f 145 1496 1500
f 148 1514 1518
f 155 1556 1560
f 133 1424 1428
f 134 1430 1434
f 157 1567 1571
f 124 1369 1373
f 47 908 911
f 44 890 893
f 43 884 888
f 45 896 900
f 46 902 906
f 49 920 924
f 72 1058 1062
f 102 1238 1242
f 96 1202 1206
f 79 1100 1104
f 62 998 1001
f 59 980 983
f 58 974 978
f 60 986 990
f 61 992 996
f 66 1022 1026
f 54 950 954
f 73 1064 1068
f 85 1136 1140
f 92 1178 1181
f 101 1232 1235
f 69 1040 1043
f 50 926 929
f 82 1118 1121
f 97 1208 1211
f 71 1052 1055
f 100 1226 1230
f 94 1190 1194
f 80 1106 1110
f 51 932 935
f 90 1166 1169
f 63 1004 1007
f 55 956 959
f 76 1082 1085
f 87 1148 1152
f 91 1172 1176
f 67 1028 1031
f 56 962 965
f 75 1076 1079
f 83 1124 1128
f 68 1034 1038
f 48 914 917
f 78 1094 1097
f 93 1184 1187
f 98 1214 1218
f 88 1154 1157
f 65 1016 1020
f 57 968 972
f 77 1088 1092
f 86 1142 1145
f 64 1010 1014
f 53 944 947
f 74 1070 1073
f 84 1130 1133
f 89 1160 1164
f 70 1046 1049
f 99 1220 1223
f 95 1196 1199
f 81 1112 1116
f 52 938 942
f 109 1279 1283
f 105 1255 1259
f 111 1291 1295
f 114 1309 1313
f 117 1327 1331
f 125 1375 1379
f 152 1537 1541
f 137 1448 1452
f 158 1574 1578
f 123 1364 1368
f 143 1483 1487
f 127 1387 1391
f 135 1436 1440
f 147 1507 1511
f 150 1525 1529
f 153 1543 1547
f 140 1465 1469
f 138 1454 1458
f 159 1580 1584
f 122 1358 1362
f 107 1267 1269
f 103 1243 1245
f 104 1250 1252
f 110 1286 1288
f 113 1304 1306
f 118 1334 1336
f 154 1549 1551
f 141 1471 1473
f 162 1597 1599
f 121 1352 1354
f 142 1477 1479
f 129 1399 1401
f 130 1406 1408
f 144 1490 1492
f 146 1502 1504
f 151 1531 1533
f 131 1412 1414
f 136 1442 1444
f 161 1592 1594
f 126 1381 1383
f 116 1321 1323
f 108 1273 1275
f 106 1261 1263
f 112 1297 1299
f 115 1315 1317
f 119 1339 1341
f 156 1562 1564
f 139 1460 1462
f 160 1586 1588
f 120 1345 1347
f 149 1519 1521
f 132 1418 1420
f 128 1393 1395
f 145 1495 1497
f 148 1513 1515
f 155 1555 1557
f 133 1423 1425
f 134 1429 1431
f 157 1568 1570
f 124 1370 1372
f 109 1280 1282
f 105 1256 1258
f 111 1292 1294
f 114 1310 1312
f 117 1328 1330
f 125 1376 1378
f 152 1538 1540
f 137 1447 1449
f 158 1573 1575
f 123 1363 1365
f 143 1484 1486
f 127 1388 1390
f 135 1435 1437
f 147 1508 1510
f 150 1526 1528
f 153 1544 1546
f 140 1466 1468
f 138 1453 1455
f 159 1579 1581
f 122 1357 1359
f 107 1268 1272
f 103 1244 1248
f 104 1249 1253
f 110 1285 1289
f 113 1303 1307
f 118 1333 1337
f 154 1550 1554
f 141 1472 1476
f 162 1598 1602
f 121 1351 1355
f 142 1478 1482
f 129 1400 1404
f 130 1405 1409
f 144 1489 1493
f 146 1501 1505
f 151 1532 1536
f 131 1411 1415
f 136 1441 1445
f 161 1591 1595
f 126 1382 1386
f 47 911 909
f 44 893 891
f 43 888 886
f 45 900 898
f 46 906 904
f 49 924 922
f 72 1062 1060
f 102 1242 1240
f 96 1206 1204
f 79 1104 1102
f 62 1001 999
f 59 983 981
f 58 978 976
f 60 990 988
f 61 996 994
f 66 1026 1024
f 54 954 952
f 73 1068 1066
f 85 1140 1138
f 92 1181 1179
f 101 1235 1233
f 69 1043 1041
f 50 929 927
f 82 1121 1119
f 97 1211 1209
f 71 1055 1053
f 100 1230 1228
f 94 1194 1192
f 80 1110 1108
f 51 935 933
f 90 1169 1167
f 63 1007 1005
f 55 959 957
f 76 1085 1083
f 87 1152 1150
f 91 1176 1174
f 67 1031 1029
f 56 965 963
f 75 1079 1077
f 83 1128 1126
f 68 1038 1036
f 48 917 915
f 78 1097 1095
f 93 1187 1185
f 98 1218 1216
f 88 1157 1155
f 65 1020 1018
f 57 972 970
f 77 1092 1090
f 86 1145 1143
f 64 1014 1012
f 53 947 945
f 74 1073 1071
f 84 1133 1131
f 89 1164 1162
f 70 1049 1047
f 99 1223 1221
f 95 1199 1197
f 81 1116 1114
f 52 942 940
f 109 1283 1284
f 105 1259 1260
f 111 1295 1296
f 114 1313 1314
f 117 1331 1332
f 125 1379 1380
f 152 1541 1542
f 137 1452 1451
f 158 1578 1577
f 123 1368 1367
f 143 1487 1488
f 127 1391 1392
f 135 1440 1439
f 147 1511 1512
f 150 1529 1530
f 153 1547 1548
f 140 1469 1470
f 138 1458 1457
f 159 1584 1583
f 122 1362 1361
f 407 1609 1616
f 403 1605 1608
f 404 1611 1606
f 410 1614 1612
f 413 1617 1615
f 422 1631 1624
f 486 1688 1692
f 573 1775 1782
f 561 1763 1765
f 512 1719 1714
f 452 1654 1661
f 448 1650 1653
f 449 1656 1651
f 455 1659 1657
f 458 1662 1660
f 470 1672 1675
f 437 1646 1639
f 494 1706 1696
f 531 1735 1733
f 539 1741 1751
f 568 1770 1779
f 478 1680 1683
f 419 1621 1626
f 509 1711 1721
f 554 1756 1766
f 482 1684 1689
f 576 1780 1778
f 558 1767 1760
f 516 1722 1718
f 425 1627 1629
f 542 1744 1747
f 463 1668 1665
f 434 1636 1641
f 497 1699 1704
f 528 1730 1737
f 546 1748 1750
f 464 1666 1676
f 440 1642 1644
f 500 1705 1702
f 524 1736 1726
f 479 1691 1681
f 418 1623 1620
f 508 1713 1710
f 553 1764 1755
f 569 1781 1771
f 538 1749 1740
f 471 1677 1673
f 443 1645 1647
f 501 1703 1707
f 523 1725 1734
f 467 1674 1669
f 433 1638 1635
f 493 1695 1698
f 527 1732 1729
f 543 1752 1745
f 485 1690 1687
f 572 1777 1774
f 557 1759 1762
f 515 1717 1720
f 428 1630 1632
f 591 2191 2189
f 587 1885 1883
f 588 1901 1903
f 594 2279 2281
f 597 2315 2317
f 600 2171 2173
f 634 2160 2158
f 619 2016 2012
f 639 2214 2210
f 602 1919 1924
f 624 2137 2135
f 608 1978 1973
f 610 1991 1996
f 627 2225 2227
f 630 2302 2304
f 635 2178 2176
f 615 2153 2155
f 617 2009 2014
f 637 2207 2212
f 604 1926 1922
f 416 1857 1864
f 408 1803 1810
f 406 1786 1795
f 412 1822 1831
f 415 1840 1849
f 424 1876 1887
f 492 2182 2193
f 582 2312 2321
f 565 2276 2285
f 514 1898 1907
f 461 2091 2098
f 453 2037 2044
f 451 1952 1961
f 457 2056 2067
f 460 2074 2083
f 475 2128 2139
f 439 1966 1975
f 496 1988 1997
f 533 2222 2231
f 551 2293 2298
f 579 2185 2190
f 483 1879 1884
f 426 1893 1900
f 521 2271 2278
f 566 2307 2314
f 489 2163 2170
f 578 2150 2159
f 560 2006 2015
f 518 2204 2213
f 429 1911 1918
f 547 2131 2136
f 465 1969 1977
f 441 1983 1990
f 504 2217 2224
f 537 2290 2301
f 550 2168 2177
f 476 2145 2152
f 444 2001 2008
f 502 2199 2206
f 526 1916 1925
f 481 1808 1817
f 420 1789 1797
f 510 1825 1833
f 555 1843 1851
f 571 1862 1871
f 540 1933 1941
f 473 2110 2119
f 447 2020 2029
f 507 2236 2247
f 534 2257 2262
f 469 2042 2051
f 435 1947 1954
f 498 2059 2064
f 529 2077 2085
f 545 2096 2105
f 487 2113 2121
f 574 2023 2031
f 562 2239 2244
f 520 2254 2265
f 432 1930 1939
f 589 1818 1814
f 583 1798 1793
f 586 1834 1829
f 593 1852 1847
f 596 1872 1868
f 599 1942 1937
f 633 2120 2124
f 620 2030 2034
f 640 2248 2250
f 603 2263 2261
f 622 2052 2050
f 607 1955 1960
f 612 2065 2063
f 626 2086 2081
f 629 2106 2102
f 631 2122 2117
f 614 2032 2027
f 618 2245 2243
f 641 2266 2268
f 605 1940 1944
f 409 1813 1804
f 405 1792 1785
f 411 1828 1821
f 414 1846 1839
f 417 1867 1858
f 431 1936 1929
f 488 2123 2114
f 575 2033 2024
f 563 2249 2240
f 519 2260 2253
f 454 2049 2038
f 450 1959 1951
f 456 2062 2055
f 459 2080 2073
f 462 2101 2092
f 472 2116 2109
f 446 2026 2019
f 506 2242 2235
f 535 2267 2258
f 541 1943 1934
f 570 1869 1861
f 480 1815 1807
f 421 1799 1790
f 511 1835 1826
f 556 1853 1844
f 484 1889 1880
f 580 2195 2186
f 567 2319 2308
f 522 2283 2272
f 427 1905 1894
f 544 2103 2095
f 468 2046 2041
f 436 1957 1948
f 499 2069 2060
f 530 2087 2078
f 548 2141 2132
f 466 1979 1970
f 442 1993 1984
f 505 2229 2218
f 536 2296 2289
f 491 2188 2181
f 423 1882 1875
f 513 1902 1897
f 564 2280 2275
f 581 2316 2311
f 549 2172 2167
f 477 2157 2146
f 445 2011 2002
f 503 2209 2200
f 525 1923 1915
f 474 2134 2127
f 438 1972 1965
f 495 1995 1987
f 532 2226 2221
f 552 2303 2294
f 490 2175 2164
f 577 2154 2149
f 559 2013 2005
f 517 2211 2203
f 430 1921 1912
f 590 1865 1870
f 584 1811 1816
f 585 1796 1800
f 592 1832 1836
f 595 1850 1854
f 598 1888 1890
f 636 2194 2196
f 621 2322 2320
f 642 2286 2284
f 601 1908 1906
f 623 2099 2104
f 611 2045 2047
f 609 1962 1958
f 625 2068 2070
f 628 2084 2088
f 632 2140 2142
f 613 1976 1980
f 616 1998 1994
f 638 2232 2230
f 606 2299 2297
f 407 2330 2329
f 403 2324 2323
f 404 2325 2326
f 410 2332 2333
f 413 2335 2336
f 422 2344 2345
f 486 2410 2409
f 573 2497 2496
f 561 2486 2485
f 512 2434 2435
f 452 2375 2374
f 448 2369 2368
f 449 2370 2371
f 455 2377 2378
f 458 2380 2381
f 470 2393 2392
f 437 2359 2360
f 494 2415 2416
f 531 2455 2456
f 539 2461 2460
f 568 2489 2488
f 478 2399 2398
f 419 2341 2340
f 509 2431 2430
f 554 2476 2475
f 482 2405 2404
f 576 2500 2501
f 558 2481 2482
f 516 2439 2440
f 425 2348 2347
f 542 2465 2464
f 463 2383 2384
f 434 2356 2355
f 497 2420 2419
f 528 2452 2451
f 546 2471 2470
f 464 2386 2385
f 440 2363 2362
f 500 2422 2423
f 524 2445 2446
f 479 2400 2401
f 418 2338 2339
f 508 2428 2429
f 553 2473 2474
f 569 2490 2491
f 538 2458 2459
f 471 2394 2395
f 443 2366 2365
f 501 2425 2424
f 523 2444 2443
f 467 2389 2390
f 433 2353 2354
f 493 2414 2413
f 527 2449 2450
f 543 2466 2467
f 485 2407 2408
f 572 2494 2495
f 557 2480 2479
f 515 2438 2437
f 428 2351 2350
f 591 2510 2511
f 587 2504 2505
f 588 2508 2507
f 594 2514 2513
f 597 2517 2516
f 600 2520 2519
f 634 2554 2556
f 619 2539 2540
f 639 2560 2561
f 602 2523 2521
f 624 2543 2544
f 608 2527 2529
f 610 2532 2530
f 627 2547 2546
f 630 2550 2549
f 635 2552 2553
f 615 2535 2534
f 617 2538 2536
f 637 2558 2557
f 604 2524 2525
f 167 1607 647
f 164 1603 644
f 163 1604 643
f 165 1610 645
f 166 1613 646
f 169 1622 649
f 192 1686 672
f 222 1773 702
f 216 1761 696
f 199 1712 679
f 182 1652 662
f 179 1648 659
f 178 1649 658
f 180 1655 660
f 181 1658 661
f 186 1670 666
f 174 1637 654
f 193 1694 673
f 205 1731 685
f 212 1739 692
f 221 1768 701
f 189 1678 669
f 170 1619 650
f 202 1709 682
f 217 1754 697
f 191 1682 671
f 220 1776 700
f 214 1758 694
f 200 1716 680
f 171 1625 651
f 210 1742 690
f 183 1663 663
f 175 1634 655
f 196 1697 676
f 207 1728 687
f 211 1746 691
f 187 1664 667
f 176 1640 656
f 195 1700 675
f 203 1724 683
f 188 1679 668
f 168 1618 648
f 198 1708 678
f 213 1753 693
f 218 1769 698
f 208 1738 688
f 185 1671 665
f 177 1643 657
f 197 1701 677
f 206 1723 686
f 184 1667 664
f 173 1633 653
f 194 1693 674
f 204 1727 684
f 209 1743 689
f 190 1685 670
f 219 1772 699
f 215 1757 695
f 201 1715 681
f 172 1628 652
f 357 2187 837
f 255 1881 735
f 262 1899 742
f 388 2277 868
f 400 2313 880
f 352 2169 832
f 347 2156 827
f 298 2010 778
f 364 2208 844
f 269 1917 749
f 339 2133 819
f 285 1971 765
f 293 1989 773
f 370 2223 850
f 396 2300 876
f 353 2174 833
f 346 2151 826
f 299 2007 779
f 365 2205 845
f 268 1920 748
f 249 1855 729
f 231 1801 711
f 226 1784 706
f 238 1820 718
f 244 1838 724
f 257 1874 737
f 359 2180 839
f 402 2310 882
f 390 2274 870
f 264 1896 744
f 327 2089 807
f 309 2035 789
f 282 1950 762
f 317 2054 797
f 322 2072 802
f 341 2126 821
f 286 1964 766
f 294 1986 774
f 372 2220 852
f 394 2291 874
f 358 2183 838
f 256 1877 736
f 261 1891 741
f 387 2269 867
f 399 2305 879
f 351 2161 831
f 348 2148 828
f 300 2004 780
f 366 2202 846
f 267 1909 747
f 340 2129 820
f 287 1967 767
f 291 1981 771
f 369 2215 849
f 395 2288 875
f 354 2166 834
f 345 2143 825
f 297 1999 777
f 363 2197 843
f 270 1914 750
f 234 1806 714
f 227 1787 707
f 239 1823 719
f 245 1841 725
f 252 1860 732
f 275 1931 755
f 334 2108 814
f 304 2018 784
f 377 2234 857
f 382 2255 862
f 312 2040 792
f 279 1945 759
f 316 2057 796
f 323 2075 803
f 330 2094 810
f 335 2111 815
f 305 2021 785
f 376 2237 856
f 383 2252 863
f 274 1928 754
f 232 1812 712
f 225 1791 705
f 237 1827 717
f 243 1845 723
f 250 1866 730
f 273 1935 753
f 336 2118 816
f 306 2028 786
f 378 2246 858
f 381 2259 861
f 311 2048 791
f 281 1953 761
f 315 2061 795
f 321 2079 801
f 328 2100 808
f 333 2115 813
f 303 2025 783
f 375 2241 855
f 384 2264 864
f 276 1938 756
f 229 1802 709
f 223 1783 703
f 235 1819 715
f 241 1837 721
f 247 1856 727
f 271 1927 751
f 332 2112 812
f 302 2022 782
f 374 2238 854
f 379 2251 859
f 307 2036 787
f 278 1949 758
f 313 2053 793
f 319 2071 799
f 325 2090 805
f 331 2107 811
f 301 2017 781
f 373 2233 853
f 380 2256 860
f 272 1932 752
f 248 1859 728
f 230 1805 710
f 224 1788 704
f 236 1824 716
f 242 1842 722
f 254 1878 734
f 356 2184 836
f 397 2306 877
f 385 2270 865
f 259 1892 739
f 326 2093 806
f 308 2039 788
f 277 1946 757
f 314 2058 794
f 320 2076 800
f 338 2130 818
f 284 1968 764
f 289 1982 769
f 367 2216 847
f 391 2287 871
f 355 2179 835
f 253 1873 733
f 260 1895 740
f 386 2273 866
f 398 2309 878
f 350 2165 830
f 343 2144 823
f 295 2000 775
f 361 2198 841
f 266 1913 746
f 337 2125 817
f 283 1963 763
f 290 1985 770
f 368 2219 848
f 392 2292 872
f 349 2162 829
f 344 2147 824
f 296 2003 776
f 362 2201 842
f 265 1910 745
f 251 1863 731
f 233 1809 713
f 228 1794 708
f 240 1830 720
f 246 1848 726
f 258 1886 738
f 360 2192 840
f 401 2318 881
f 389 2282 869
f 263 1904 743
f 329 2097 809
f 310 2043 790
f 280 1956 760
f 318 2066 798
f 324 2082 804
f 342 2138 822
f 288 1974 768
f 292 1992 772
f 371 2228 851
f 393 2295 873
f 409 2331 1269
f 405 2327 1245
f 411 2328 1252
f 414 2334 1288
f 417 2337 1306
f 431 2346 1336
f 488 2412 1551
f 575 2499 1473
f 563 2487 1599
f 519 2436 1354
f 454 2376 1479
f 450 2372 1401
f 456 2373 1408
f 459 2379 1492
f 462 2382 1504
f 472 2396 1533
f 446 2361 1414
f 506 2418 1444
f 535 2457 1594
f 541 2463 1383
f 570 2492 1323
f 480 2402 1275
f 421 2343 1263
f 511 2433 1299
f 556 2478 1317
f 484 2406 1341
f 580 2502 1564
f 567 2484 1462
f 522 2442 1588
f 427 2349 1347
f 544 2468 1521
f 468 2387 1420
f 436 2358 1395
f 499 2421 1497
f 530 2454 1515
f 548 2472 1557
f 466 2388 1425
f 442 2364 1431
f 505 2426 1570
f 536 2448 1372
f 491 2403 1282
f 423 2342 1258
f 513 2432 1294
f 564 2477 1312
f 581 2493 1330
f 549 2462 1378
f 477 2397 1540
f 445 2367 1449
f 503 2427 1575
f 525 2447 1365
f 474 2391 1486
f 438 2357 1390
f 495 2417 1437
f 532 2453 1510
f 552 2469 1528
f 490 2411 1546
f 577 2498 1468
f 559 2483 1455
f 517 2441 1581
f 430 2352 1359
f 590 2509 1272
f 584 2503 1248
f 585 2506 1253
f 592 2512 1289
f 595 2515 1307
f 598 2518 1337
f 636 2555 1554
f 621 2541 1476
f 642 2562 1602
f 601 2522 1355
f 623 2542 1482
f 611 2528 1404
f 609 2531 1409
f 625 2545 1493
f 628 2548 1505
f 632 2551 1536
f 613 2533 1415
f 616 2537 1445
f 638 2559 1595
f 606 2526 1386
f 407 1616 909
f 403 1608 891
f 404 1606 886
f 410 1612 898
f 413 1615 904
f 422 1624 922
f 486 1692 1060
f 573 1782 1240
f 561 1765 1204
f 512 1714 1102
f 452 1661 999
f 448 1653 981
f 449 1651 976
f 455 1657 988
f 458 1660 994
f 470 1675 1024
f 437 1639 952
f 494 1696 1066
f 531 1733 1138
f 539 1751 1179
f 568 1779 1233
f 478 1683 1041
f 419 1626 927
f 509 1721 1119
f 554 1766 1209
f 482 1689 1053
f 576 1778 1228
f 558 1760 1192
f 516 1718 1108
f 425 1629 933
f 542 1747 1167
f 463 1665 1005
f 434 1641 957
f 497 1704 1083
f 528 1737 1150
f 546 1750 1174
f 464 1676 1029
f 440 1644 963
f 500 1702 1077
f 524 1726 1126
f 479 1681 1036
f 418 1620 915
f 508 1710 1095
f 553 1755 1185
f 569 1771 1216
f 538 1740 1155
f 471 1673 1018
f 443 1647 970
f 501 1707 1090
f 523 1734 1143
f 467 1669 1012
f 433 1635 945
f 493 1698 1071
f 527 1729 1131
f 543 1745 1162
f 485 1687 1047
f 572 1774 1221
f 557 1762 1197
f 515 1720 1114
f 428 1632 940
f 591 2189 1284
f 587 1883 1260
f 588 1903 1296
f 594 2281 1314
f 597 2317 1332
f 600 2173 1380
f 634 2158 1542
f 619 2012 1451
f 639 2210 1577
f 602 1924 1367
f 624 2135 1488
f 608 1973 1392
f 610 1996 1439
f 627 2227 1512
f 630 2304 1530
f 635 2176 1548
f 615 2155 1470
f 617 2014 1457
f 637 2212 1583
f 604 1922 1361
f 416 1864 1270
f 408 1810 1246
f 406 1795 1251
f 412 1831 1287
f 415 1849 1305
f 424 1887 1335
f 492 2193 1552
f 582 2321 1474
f 565 2285 1600
f 514 1907 1353
f 461 2098 1480
f 453 2044 1402
f 451 1961 1407
f 457 2067 1491
f 460 2083 1503
f 475 2139 1534
f 439 1975 1413
f 496 1997 1443
f 533 2231 1593
f 551 2298 1384
f 579 2190 1324
f 483 1884 1276
f 426 1900 1264
f 521 2278 1300
f 566 2314 1318
f 489 2170 1342
f 578 2159 1563
f 560 2015 1461
f 518 2213 1587
f 429 1918 1348
f 547 2136 1522
f 465 1977 1419
f 441 1990 1396
f 504 2224 1498
f 537 2301 1516
f 550 2177 1558
f 476 2152 1426
f 444 2008 1432
f 502 2206 1569
f 526 1925 1371
f 481 1817 1281
f 420 1797 1257
f 510 1833 1293
f 555 1851 1311
f 571 1871 1329
f 540 1941 1377
f 473 2119 1539
f 447 2029 1450
f 507 2247 1576
f 534 2262 1366
f 469 2051 1485
f 435 1954 1389
f 498 2064 1438
f 529 2085 1509
f 545 2105 1527
f 487 2121 1545
f 574 2031 1467
f 562 2244 1456
f 520 2265 1582
f 432 1939 1360
f 589 1814 1271
f 583 1793 1247
f 586 1829 1254
f 593 1847 1290
f 596 1868 1308
f 599 1937 1338
f 633 2124 1553
f 620 2034 1475
f 640 2250 1601
f 603 2261 1356
f 622 2050 1481
f 607 1960 1403
f 612 2063 1410
f 626 2081 1494
f 629 2102 1506
f 631 2117 1535
f 614 2027 1416
f 618 2243 1446
f 641 2268 1596
f 605 1944 1385
f 409 1804 894
f 405 1785 887
f 411 1821 899
f 414 1839 905
f 417 1858 912
f 431 1929 941
f 488 2114 1050
f 575 2024 1224
f 563 2240 1200
f 519 2253 1115
f 454 2038 984
f 450 1951 977
f 456 2055 989
f 459 2073 995
f 462 2092 1002
f 472 2109 1019
f 446 2019 971
f 506 2235 1091
f 535 2258 1146
f 541 1934 1158
f 570 1861 1217
f 480 1807 1037
f 421 1790 918
f 511 1826 1098
f 556 1844 1188
f 484 1880 1044
f 580 2186 1236
f 567 2308 1212
f 522 2272 1122
f 427 1894 930
f 544 2095 1163
f 468 2041 1013
f 436 1948 948
f 499 2060 1074
f 530 2078 1134
f 548 2132 1170
f 466 1970 1008
f 442 1984 960
f 505 2218 1086
f 536 2289 1151
f 491 2181 1061
f 423 1875 923
f 513 1897 1103
f 564 2275 1205
f 581 2311 1241
f 549 2167 1175
f 477 2146 1032
f 445 2002 966
f 503 2200 1080
f 525 1915 1127
f 474 2127 1025
f 438 1965 953
f 495 1987 1067
f 532 2221 1139
f 552 2294 1182
f 490 2164 1056
f 577 2149 1229
f 559 2005 1193
f 517 2203 1109
f 430 1912 936
f 590 1870 1325
f 584 1816 1277
f 585 1800 1265
f 592 1836 1301
f 595 1854 1319
f 598 1890 1343
f 636 2196 1566
f 621 2320 1464
f 642 2284 1590
f 601 1906 1349
f 623 2104 1523
f 611 2047 1422
f 609 1958 1397
f 625 2070 1499
f 628 2088 1517
f 632 2142 1559
f 613 1980 1427
f 616 1994 1433
f 638 2230 1572
f 606 2297 1374
f 407 2329 892
f 403 2323 885
f 404 2326 897
f 410 2333 903
f 413 2336 910
f 422 2345 939
f 486 2409 1048
f 573 2496 1222
f 561 2485 1198
f 512 2435 1113
f 452 2374 982
f 448 2368 975
f 449 2371 987
f 455 2378 993
f 458 2381 1000
f 470 2392 1017
f 437 2360 969
f 494 2416 1089
f 531 2456 1144
f 539 2460 1156
f 568 2488 1215
f 478 2398 1035
f 419 2340 916
f 509 2430 1096
f 554 2475 1186
f 482 2404 1042
f 576 2501 1234
f 558 2482 1210
f 516 2440 1120
f 425 2347 928
f 542 2464 1161
f 463 2384 1011
f 434 2355 946
f 497 2419 1072
f 528 2451 1132
f 546 2470 1168
f 464 2385 1006
f 440 2362 958
f 500 2423 1084
f 524 2446 1149
f 479 2401 1059
f 418 2339 921
f 508 2429 1101
f 553 2474 1203
f 569 2491 1239
f 538 2459 1173
f 471 2395 1030
f 443 2365 964
f 501 2424 1078
f 523 2443 1125
f 467 2390 1023
f 433 2354 951
f 493 2413 1065
f 527 2450 1137
f 543 2467 1180
f 485 2408 1054
f 572 2495 1227
f 557 2479 1191
f 515 2437 1107
f 428 2350 934
f 591 2511 1326
f 587 2505 1278
f 588 2507 1266
f 594 2513 1302
f 597 2516 1320
f 600 2519 1344
f 634 2556 1565
f 619 2540 1463
f 639 2561 1589
f 602 2521 1350
f 624 2544 1524
f 608 2529 1421
f 610 2530 1398
f 627 2546 1500
f 630 2549 1518
f 635 2553 1560
f 615 2534 1428
f 617 2536 1434
f 637 2557 1571
f 604 2525 1373
f 164 1609 889
f 163 1605 883
f 165 1611 895
f 166 1614 901
f 167 1617 907
f 172 1631 937
f 190 1688 1045
f 219 1775 1219
f 215 1763 1195
f 201 1719 1111
f 179 1654 979
f 178 1650 973
f 180 1656 985
f 181 1659 991
f 182 1662 997
f 185 1672 1015
f 177 1646 967
f 197 1706 1087
f 206 1735 1141
f 208 1741 1153
f 218 1770 1213
f 188 1680 1033
f 168 1621 913
f 198 1711 1093
f 213 1756 1183
f 189 1684 1039
f 221 1780 1231
f 217 1767 1207
f 202 1722 1117
f 170 1627 925
f 209 1744 1159
f 184 1668 1009
f 173 1636 943
f 194 1699 1069
f 204 1730 1129
f 210 1748 1165
f 183 1666 1003
f 175 1642 955
f 196 1705 1081
f 207 1736 1147
f 192 1691 1057
f 169 1623 919
f 199 1713 1099
f 216 1764 1201
f 222 1781 1237
f 211 1749 1171
f 187 1677 1027
f 176 1645 961
f 195 1703 1075
f 203 1725 1123
f 186 1674 1021
f 174 1638 949
f 193 1695 1063
f 205 1732 1135
f 212 1752 1177
f 191 1690 1051
f 220 1777 1225
f 214 1759 1189
f 200 1717 1105
f 171 1630 931
f 358 2191 1322
f 256 1885 1274
f 261 1901 1262
f 387 2279 1298
f 399 2315 1316
f 351 2171 1340
f 348 2160 1561
f 300 2016 1459
f 366 2214 1585
f 267 1919 1346
f 340 2137 1520
f 287 1978 1417
f 291 1991 1394
f 369 2225 1496
f 395 2302 1514
f 354 2178 1556
f 345 2153 1424
f 297 2009 1430
f 363 2207 1567
f 270 1926 1369
f 247 1857 908
f 229 1803 890
f 223 1786 884
f 235 1822 896
f 241 1840 902
f 253 1876 920
f 355 2182 1058
f 398 2312 1238
f 386 2276 1202
f 260 1898 1100
f 325 2091 998
f 307 2037 980
f 278 1952 974
f 313 2056 986
f 319 2074 992
f 337 2128 1022
f 283 1966 950
f 290 1988 1064
f 368 2222 1136
f 392 2293 1178
f 356 2185 1232
f 254 1879 1040
f 259 1893 926
f 385 2271 1118
f 397 2307 1208
f 349 2163 1052
f 344 2150 1226
f 296 2006 1190
f 362 2204 1106
f 265 1911 932
f 338 2131 1166
f 284 1969 1004
f 289 1983 956
f 367 2217 1082
f 391 2290 1148
f 350 2168 1172
f 343 2145 1028
f 295 2001 962
f 361 2199 1076
f 266 1916 1124
f 230 1808 1034
f 224 1789 914
f 236 1825 1094
f 242 1843 1184
f 248 1862 1214
f 272 1933 1154
f 331 2110 1016
f 301 2020 968
f 373 2236 1088
f 380 2257 1142
f 308 2042 1010
f 277 1947 944
f 314 2059 1070
f 320 2077 1130
f 326 2096 1160
f 332 2113 1046
f 302 2023 1220
f 374 2239 1196
f 379 2254 1112
f 271 1930 938
f 234 1818 1279
f 227 1798 1255
f 239 1834 1291
f 245 1852 1309
f 252 1872 1327
f 275 1942 1375
f 334 2120 1537
f 304 2030 1448
f 377 2248 1574
f 382 2263 1364
f 312 2052 1483
f 279 1955 1387
f 316 2065 1436
f 323 2086 1507
f 330 2106 1525
f 335 2122 1543
f 305 2032 1465
f 376 2245 1454
f 383 2266 1580
f 274 1940 1358
f 232 1813 1267
f 225 1792 1243
f 237 1828 1250
f 243 1846 1286
f 250 1867 1304
f 273 1936 1334
f 336 2123 1549
f 306 2033 1471
f 378 2249 1597
f 381 2260 1352
f 311 2049 1477
f 281 1959 1399
f 315 2062 1406
f 321 2080 1490
f 328 2101 1502
f 333 2116 1531
f 303 2026 1412
f 375 2242 1442
f 384 2267 1592
f 276 1943 1381
f 251 1869 1321
f 233 1815 1273
f 228 1799 1261
f 240 1835 1297
f 246 1853 1315
f 258 1889 1339
f 360 2195 1562
f 401 2319 1460
f 389 2283 1586
f 263 1905 1345
f 329 2103 1519
f 310 2046 1418
f 280 1957 1393
f 318 2069 1495
f 324 2087 1513
f 342 2141 1555
f 288 1979 1423
f 292 1993 1429
f 371 2229 1568
f 393 2296 1370
f 357 2188 1280
f 255 1882 1256
f 262 1902 1292
f 388 2280 1310
f 400 2316 1328
f 352 2172 1376
f 347 2157 1538
f 298 2011 1447
f 364 2209 1573
f 269 1923 1363
f 339 2134 1484
f 285 1972 1388
f 293 1995 1435
f 370 2226 1508
f 396 2303 1526
f 353 2175 1544
f 346 2154 1466
f 299 2013 1453
f 365 2211 1579
f 268 1921 1357
f 249 1865 1268
f 231 1811 1244
f 226 1796 1249
f 238 1832 1285
f 244 1850 1303
f 257 1888 1333
f 359 2194 1550
f 402 2322 1472
f 390 2286 1598
f 264 1908 1351
f 327 2099 1478
f 309 2045 1400
f 282 1962 1405
f 317 2068 1489
f 322 2084 1501
f 341 2140 1532
f 286 1976 1411
f 294 1998 1441
f 372 2232 1591
f 394 2299 1382
f 416 2330 911
f 408 2324 893
f 406 2325 888
f 412 2332 900
f 415 2335 906
f 424 2344 924
f 492 2410 1062
f 582 2497 1242
f 565 2486 1206
f 514 2434 1104
f 461 2375 1001
f 453 2369 983
f 451 2370 978
f 457 2377 990
f 460 2380 996
f 475 2393 1026
f 439 2359 954
f 496 2415 1068
f 533 2455 1140
f 551 2461 1181
f 579 2489 1235
f 483 2399 1043
f 426 2341 929
f 521 2431 1121
f 566 2476 1211
f 489 2405 1055
f 578 2500 1230
f 560 2481 1194
f 518 2439 1110
f 429 2348 935
f 547 2465 1169
f 465 2383 1007
f 441 2356 959
f 504 2420 1085
f 537 2452 1152
f 550 2471 1176
f 476 2386 1031
f 444 2363 965
f 502 2422 1079
f 526 2445 1128
f 481 2400 1038
f 420 2338 917
f 510 2428 1097
f 555 2473 1187
f 571 2490 1218
f 540 2458 1157
f 473 2394 1020
f 447 2366 972
f 507 2425 1092
f 534 2444 1145
f 469 2389 1014
f 435 2353 947
f 498 2414 1073
f 529 2449 1133
f 545 2466 1164
f 487 2407 1049
f 574 2494 1223
f 562 2480 1199
f 520 2438 1116
f 432 2351 942
f 589 2510 1283
f 583 2504 1259
f 586 2508 1295
f 593 2514 1313
f 596 2517 1331
f 599 2520 1379
f 633 2554 1541
f 620 2539 1452
f 640 2560 1578
f 603 2523 1368
f 622 2543 1487
f 607 2527 1391
f 612 2532 1440
f 626 2547 1511
f 629 2550 1529
f 631 2552 1547
f 614 2535 1469
f 618 2538 1458
f 641 2558 1584
f 605 2524 1362
f 164 1607 1609
f 163 1603 1605
f 165 1604 1611
f 166 1610 1614
f 167 1613 1617
f 172 1622 1631
f 190 1686 1688
f 219 1773 1775
f 215 1761 1763
f 201 1712 1719
f 179 1652 1654
f 178 1648 1650
f 180 1649 1656
f 181 1655 1659
f 182 1658 1662
f 185 1670 1672
f 177 1637 1646
f 197 1694 1706
f 206 1731 1735
f 208 1739 1741
f 218 1768 1770
f 188 1678 1680
f 168 1619 1621
f 198 1709 1711
f 213 1754 1756
f 189 1682 1684
f 221 1776 1780
f 217 1758 1767
f 202 1716 1722
f 170 1625 1627
f 209 1742 1744
f 184 1663 1668
f 173 1634 1636
f 194 1697 1699
f 204 1728 1730
f 210 1746 1748
f 183 1664 1666
f 175 1640 1642
f 196 1700 1705
f 207 1724 1736
f 192 1679 1691
f 169 1618 1623
f 199 1708 1713
f 216 1753 1764
f 222 1769 1781
f 211 1738 1749
f 187 1671 1677
f 176 1643 1645
f 195 1701 1703
f 203 1723 1725
f 186 1667 1674
f 174 1633 1638
f 193 1693 1695
f 205 1727 1732
f 212 1743 1752
f 191 1685 1690
f 220 1772 1777
f 214 1757 1759
f 200 1715 1717
f 171 1628 1630
f 358 2187 2191
f 256 1881 1885
f 261 1899 1901
f 387 2277 2279
f 399 2313 2315
f 351 2169 2171
f 348 2156 2160
f 300 2010 2016
f 366 2208 2214
f 267 1917 1919
f 340 2133 2137
f 287 1971 1978
f 291 1989 1991
f 369 2223 2225
f 395 2300 2302
f 354 2174 2178
f 345 2151 2153
f 297 2007 2009
f 363 2205 2207
f 270 1920 1926
f 247 1855 1857
f 229 1801 1803
f 223 1784 1786
f 235 1820 1822
f 241 1838 1840
f 253 1874 1876
f 355 2180 2182
f 398 2310 2312
f 386 2274 2276
f 260 1896 1898
f 325 2089 2091
f 307 2035 2037
f 278 1950 1952
f 313 2054 2056
f 319 2072 2074
f 337 2126 2128
f 283 1964 1966
f 290 1986 1988
f 368 2220 2222
f 392 2291 2293
f 356 2183 2185
f 254 1877 1879
f 259 1891 1893
f 385 2269 2271
f 397 2305 2307
f 349 2161 2163
f 344 2148 2150
f 296 2004 2006
f 362 2202 2204
f 265 1909 1911
f 338 2129 2131
f 284 1967 1969
f 289 1981 1983
f 367 2215 2217
f 391 2288 2290
f 350 2166 2168
f 343 2143 2145
f 295 1999 2001
f 361 2197 2199
f 266 1914 1916
f 230 1806 1808
f 224 1787 1789
f 236 1823 1825
f 242 1841 1843
f 248 1860 1862
f 272 1931 1933
f 331 2108 2110
f 301 2018 2020
f 373 2234 2236
f 380 2255 2257
f 308 2040 2042
f 277 1945 1947
f 314 2057 2059
f 320 2075 2077
f 326 2094 2096
f 332 2111 2113
f 302 2021 2023
f 374 2237 2239
f 379 2252 2254
f 271 1928 1930
f 234 1812 1818
f 227 1791 1798
f 239 1827 1834
f 245 1845 1852
f 252 1866 1872
f 275 1935 1942
f 334 2118 2120
f 304 2028 2030
f 377 2246 2248
f 382 2259 2263
f 312 2048 2052
f 279 1953 1955
f 316 2061 2065
f 323 2079 2086
f 330 2100 2106
f 335 2115 2122
f 305 2025 2032
f 376 2241 2245
f 383 2264 2266
f 274 1938 1940
f 232 1802 1813
f 225 1783 1792
f 237 1819 1828
f 243 1837 1846
f 250 1856 1867
f 273 1927 1936
f 336 2112 2123
f 306 2022 2033
f 378 2238 2249
f 381 2251 2260
f 311 2036 2049
f 281 1949 1959
f 315 2053 2062
f 321 2071 2080
f 328 2090 2101
f 333 2107 2116
f 303 2017 2026
f 375 2233 2242
f 384 2256 2267
f 276 1932 1943
f 251 1859 1869
f 233 1805 1815
f 228 1788 1799
f 240 1824 1835
f 246 1842 1853
f 258 1878 1889
f 360 2184 2195
f 401 2306 2319
f 389 2270 2283
f 263 1892 1905
f 329 2093 2103
f 310 2039 2046
f 280 1946 1957
f 318 2058 2069
f 324 2076 2087
f 342 2130 2141
f 288 1968 1979
f 292 1982 1993
f 371 2216 2229
f 393 2287 2296
f 357 2179 2188
f 255 1873 1882
f 262 1895 1902
f 388 2273 2280
f 400 2309 2316
f 352 2165 2172
f 347 2144 2157
f 298 2000 2011
f 364 2198 2209
f 269 1913 1923
f 339 2125 2134
f 285 1963 1972
f 293 1985 1995
f 370 2219 2226
f 396 2292 2303
f 353 2162 2175
f 346 2147 2154
f 299 2003 2013
f 365 2201 2211
f 268 1910 1921
f 249 1863 1865
f 231 1809 1811
f 226 1794 1796
f 238 1830 1832
f 244 1848 1850
f 257 1886 1888
f 359 2192 2194
f 402 2318 2322
f 390 2282 2286
f 264 1904 1908
f 327 2097 2099
f 309 2043 2045
f 282 1956 1962
f 317 2066 2068
f 322 2082 2084
f 341 2138 2140
f 286 1974 1976
f 294 1992 1998
f 372 2228 2232
f 394 2295 2299
f 416 2331 2330
f 408 2327 2324
f 406 2328 2325
f 412 2334 2332
f 415 2337 2335
f 424 2346 2344
f 492 2412 2410
f 582 2499 2497
f 565 2487 2486
f 514 2436 2434
f 461 2376 2375
f 453 2372 2369
f 451 2373 2370
f 457 2379 2377
f 460 2382 2380
f 475 2396 2393
f 439 2361 2359
f 496 2418 2415
f 533 2457 2455
f 551 2463 2461
f 579 2492 2489
f 483 2402 2399
f 426 2343 2341
f 521 2433 2431
f 566 2478 2476
f 489 2406 2405
f 578 2502 2500
f 560 2484 2481
f 518 2442 2439
f 429 2349 2348
f 547 2468 2465
f 465 2387 2383
f 441 2358 2356
f 504 2421 2420
f 537 2454 2452
f 550 2472 2471
f 476 2388 2386
f 444 2364 2363
f 502 2426 2422
f 526 2448 2445
f 481 2403 2400
f 420 2342 2338
f 510 2432 2428
f 555 2477 2473
f 571 2493 2490
f 540 2462 2458
f 473 2397 2394
f 447 2367 2366
f 507 2427 2425
f 534 2447 2444
f 469 2391 2389
f 435 2357 2353
f 498 2417 2414
f 529 2453 2449
f 545 2469 2466
f 487 2411 2407
f 574 2498 2494
f 562 2483 2480
f 520 2441 2438
f 432 2352 2351
f 589 2509 2510
f 583 2503 2504
f 586 2506 2508
f 593 2512 2514
f 596 2515 2517
f 599 2518 2520
f 633 2555 2554
f 620 2541 2539
f 640 2562 2560
f 603 2522 2523
f 622 2542 2543
f 607 2528 2527
f 612 2531 2532
f 626 2545 2547
f 629 2548 2550
f 631 2551 2552
f 614 2533 2535
f 618 2537 2538
f 641 2559 2558
f 605 2526 2524
f 164 644 1607
f 163 643 1603
f 165 645 1604
f 166 646 1610
f 167 647 1613
f 172 652 1622
f 190 670 1686
f 219 699 1773
f 215 695 1761
f 201 681 1712
f 179 659 1652
f 178 658 1648
f 180 660 1649
f 181 661 1655
f 182 662 1658
f 185 665 1670
f 177 657 1637
f 197 677 1694
f 206 686 1731
f 208 688 1739
f 218 698 1768
f 188 668 1678
f 168 648 1619
f 198 678 1709
f 213 693 1754
f 189 669 1682
f 221 701 1776
f 217 697 1758
f 202 682 1716
f 170 650 1625
f 209 689 1742
f 184 664 1663
f 173 653 1634
f 194 674 1697
f 204 684 1728
f 210 690 1746
f 183 663 1664
f 175 655 1640
f 196 676 1700
f 207 687 1724
f 192 672 1679
f 169 649 1618
f 199 679 1708
f 216 696 1753
f 222 702 1769
f 211 691 1738
f 187 667 1671
f 176 656 1643
f 195 675 1701
f 203 683 1723
f 186 666 1667
f 174 654 1633
f 193 673 1693
f 205 685 1727
f 212 692 1743
f 191 671 1685
f 220 700 1772
f 214 694 1757
f 200 680 1715
f 171 651 1628
f 358 838 2187
f 256 736 1881
f 261 741 1899
f 387 867 2277
f 399 879 2313
f 351 831 2169
f 348 828 2156
f 300 780 2010
f 366 846 2208
f 267 747 1917
f 340 820 2133
f 287 767 1971
f 291 771 1989
f 369 849 2223
f 395 875 2300
f 354 834 2174
f 345 825 2151
f 297 777 2007
f 363 843 2205
f 270 750 1920
f 247 727 1855
f 229 709 1801
f 223 703 1784
f 235 715 1820
f 241 721 1838
f 253 733 1874
f 355 835 2180
f 398 878 2310
f 386 866 2274
f 260 740 1896
f 325 805 2089
f 307 787 2035
f 278 758 1950
f 313 793 2054
f 319 799 2072
f 337 817 2126
f 283 763 1964
f 290 770 1986
f 368 848 2220
f 392 872 2291
f 356 836 2183
f 254 734 1877
f 259 739 1891
f 385 865 2269
f 397 877 2305
f 349 829 2161
f 344 824 2148
f 296 776 2004
f 362 842 2202
f 265 745 1909
f 338 818 2129
f 284 764 1967
f 289 769 1981
f 367 847 2215
f 391 871 2288
f 350 830 2166
f 343 823 2143
f 295 775 1999
f 361 841 2197
f 266 746 1914
f 230 710 1806
f 224 704 1787
f 236 716 1823
f 242 722 1841
f 248 728 1860
f 272 752 1931
f 331 811 2108
f 301 781 2018
f 373 853 2234
f 380 860 2255
f 308 788 2040
f 277 757 1945
f 314 794 2057
f 320 800 2075
f 326 806 2094
f 332 812 2111
f 302 782 2021
f 374 854 2237
f 379 859 2252
f 271 751 1928
f 234 714 1812
f 227 707 1791
f 239 719 1827
f 245 725 1845
f 252 732 1866
f 275 755 1935
f 334 814 2118
f 304 784 2028
f 377 857 2246
f 382 862 2259
f 312 792 2048
f 279 759 1953
f 316 796 2061
f 323 803 2079
f 330 810 2100
f 335 815 2115
f 305 785 2025
f 376 856 2241
f 383 863 2264
f 274 754 1938
f 232 712 1802
f 225 705 1783
f 237 717 1819
f 243 723 1837
f 250 730 1856
f 273 753 1927
f 336 816 2112
f 306 786 2022
f 378 858 2238
f 381 861 2251
f 311 791 2036
f 281 761 1949
f 315 795 2053
f 321 801 2071
f 328 808 2090
f 333 813 2107
f 303 783 2017
f 375 855 2233
f 384 864 2256
f 276 756 1932
f 251 731 1859
f 233 713 1805
f 228 708 1788
f 240 720 1824
f 246 726 1842
f 258 738 1878
f 360 840 2184
f 401 881 2306
f 389 869 2270
f 263 743 1892
f 329 809 2093
f 310 790 2039
f 280 760 1946
f 318 798 2058
f 324 804 2076
f 342 822 2130
f 288 768 1968
f 292 772 1982
f 371 851 2216
f 393 873 2287
f 357 837 2179
f 255 735 1873
f 262 742 1895
f 388 868 2273
f 400 880 2309
f 352 832 2165
f 347 827 2144
f 298 778 2000
f 364 844 2198
f 269 749 1913
f 339 819 2125
f 285 765 1963
f 293 773 1985
f 370 850 2219
f 396 876 2292
f 353 833 2162
f 346 826 2147
f 299 779 2003
f 365 845 2201
f 268 748 1910
f 249 729 1863
f 231 711 1809
f 226 706 1794
f 238 718 1830
f 244 724 1848
f 257 737 1886
f 359 839 2192
f 402 882 2318
f 390 870 2282
f 264 744 1904
f 327 807 2097
f 309 789 2043
f 282 762 1956
f 317 797 2066
f 322 802 2082
f 341 821 2138
f 286 766 1974
f 294 774 1992
f 372 852 2228
f 394 874 2295
f 416 1270 2331
f 408 1246 2327
f 406 1251 2328
f 412 1287 2334
f 415 1305 2337
f 424 1335 2346
f 492 1552 2412
f 582 1474 2499
f 565 1600 2487
f 514 1353 2436
f 461 1480 2376
f 453 1402 2372
f 451 1407 2373
f 457 1491 2379
f 460 1503 2382
f 475 1534 2396
f 439 1413 2361
f 496 1443 2418
f 533 1593 2457
f 551 1384 2463
f 579 1324 2492
f 483 1276 2402
f 426 1264 2343
f 521 1300 2433
f 566 1318 2478
f 489 1342 2406
f 578 1563 2502
f 560 1461 2484
f 518 1587 2442
f 429 1348 2349
f 547 1522 2468
f 465 1419 2387
f 441 1396 2358
f 504 1498 2421
f 537 1516 2454
f 550 1558 2472
f 476 1426 2388
f 444 1432 2364
f 502 1569 2426
f 526 1371 2448
f 481 1281 2403
f 420 1257 2342
f 510 1293 2432
f 555 1311 2477
f 571 1329 2493
f 540 1377 2462
f 473 1539 2397
f 447 1450 2367
f 507 1576 2427
f 534 1366 2447
f 469 1485 2391
f 435 1389 2357
f 498 1438 2417
f 529 1509 2453
f 545 1527 2469
f 487 1545 2411
f 574 1467 2498
f 562 1456 2483
f 520 1582 2441
f 432 1360 2352
f 589 1271 2509
f 583 1247 2503
f 586 1254 2506
f 593 1290 2512
f 596 1308 2515
f 599 1338 2518
f 633 1553 2555
f 620 1475 2541
f 640 1601 2562
f 603 1356 2522
f 622 1481 2542
f 607 1403 2528
f 612 1410 2531
f 626 1494 2545
f 629 1506 2548
f 631 1535 2551
f 614 1416 2533
f 618 1446 2537
f 641 1596 2559
f 605 1385 2526
f 167 907 1616
f 164 889 1608
f 163 883 1606
f 165 895 1612
f 166 901 1615
f 169 919 1624
f 192 1057 1692
f 222 1237 1782
f 216 1201 1765
f 199 1099 1714
f 182 997 1661
f 179 979 1653
f 178 973 1651
f 180 985 1657
f 181 991 1660
f 186 1021 1675
f 174 949 1639
f 193 1063 1696
f 205 1135 1733
f 212 1177 1751
f 221 1231 1779
f 189 1039 1683
f 170 925 1626
f 202 1117 1721
f 217 1207 1766
f 191 1051 1689
f 220 1225 1778
f 214 1189 1760
f 200 1105 1718
f 171 931 1629
f 210 1165 1747
f 183 1003 1665
f 175 955 1641
f 196 1081 1704
f 207 1147 1737
f 211 1171 1750
f 187 1027 1676
f 176 961 1644
f 195 1075 1702
f 203 1123 1726
f 188 1033 1681
f 168 913 1620
f 198 1093 1710
f 213 1183 1755
f 218 1213 1771
f 208 1153 1740
f 185 1015 1673
f 177 967 1647
f 197 1087 1707
f 206 1141 1734
f 184 1009 1669
f 173 943 1635
f 194 1069 1698
f 204 1129 1729
f 209 1159 1745
f 190 1045 1687
f 219 1219 1774
f 215 1195 1762
f 201 1111 1720
f 172 937 1632
f 357 1280 2189
f 255 1256 1883
f 262 1292 1903
f 388 1310 2281
f 400 1328 2317
f 352 1376 2173
f 347 1538 2158
f 298 1447 2012
f 364 1573 2210
f 269 1363 1924
f 339 1484 2135
f 285 1388 1973
f 293 1435 1996
f 370 1508 2227
f 396 1526 2304
f 353 1544 2176
f 346 1466 2155
f 299 1453 2014
f 365 1579 2212
f 268 1357 1922
f 249 1268 1864
f 231 1244 1810
f 226 1249 1795
f 238 1285 1831
f 244 1303 1849
f 257 1333 1887
f 359 1550 2193
f 402 1472 2321
f 390 1598 2285
f 264 1351 1907
f 327 1478 2098
f 309 1400 2044
f 282 1405 1961
f 317 1489 2067
f 322 1501 2083
f 341 1532 2139
f 286 1411 1975
f 294 1441 1997
f 372 1591 2231
f 394 1382 2298
f 358 1322 2190
f 256 1274 1884
f 261 1262 1900
f 387 1298 2278
f 399 1316 2314
f 351 1340 2170
f 348 1561 2159
f 300 1459 2015
f 366 1585 2213
f 267 1346 1918
f 340 1520 2136
f 287 1417 1977
f 291 1394 1990
f 369 1496 2224
f 395 1514 2301
f 354 1556 2177
f 345 1424 2152
f 297 1430 2008
f 363 1567 2206
f 270 1369 1925
f 234 1279 1817
f 227 1255 1797
f 239 1291 1833
f 245 1309 1851
f 252 1327 1871
f 275 1375 1941
f 334 1537 2119
f 304 1448 2029
f 377 1574 2247
f 382 1364 2262
f 312 1483 2051
f 279 1387 1954
f 316 1436 2064
f 323 1507 2085
f 330 1525 2105
f 335 1543 2121
f 305 1465 2031
f 376 1454 2244
f 383 1580 2265
f 274 1358 1939
f 232 1267 1814
f 225 1243 1793
f 237 1250 1829
f 243 1286 1847
f 250 1304 1868
f 273 1334 1937
f 336 1549 2124
f 306 1471 2034
f 378 1597 2250
f 381 1352 2261
f 311 1477 2050
f 281 1399 1960
f 315 1406 2063
f 321 1490 2081
f 328 1502 2102
f 333 1531 2117
f 303 1412 2027
f 375 1442 2243
f 384 1592 2268
f 276 1381 1944
f 229 890 1804
f 223 884 1785
f 235 896 1821
f 241 902 1839
f 247 908 1858
f 271 938 1929
f 332 1046 2114
f 302 1220 2024
f 374 1196 2240
f 379 1112 2253
f 307 980 2038
f 278 974 1951
f 313 986 2055
f 319 992 2073
f 325 998 2092
f 331 1016 2109
f 301 968 2019
f 373 1088 2235
f 380 1142 2258
f 272 1154 1934
f 248 1214 1861
f 230 1034 1807
f 224 914 1790
f 236 1094 1826
f 242 1184 1844
f 254 1040 1880
f 356 1232 2186
f 397 1208 2308
f 385 1118 2272
f 259 926 1894
f 326 1160 2095
f 308 1010 2041
f 277 944 1948
f 314 1070 2060
f 320 1130 2078
f 338 1166 2132
f 284 1004 1970
f 289 956 1984
f 367 1082 2218
f 391 1148 2289
f 355 1058 2181
f 253 920 1875
f 260 1100 1897
f 386 1202 2275
f 398 1238 2311
f 350 1172 2167
f 343 1028 2146
f 295 962 2002
f 361 1076 2200
f 266 1124 1915
f 337 1022 2127
f 283 950 1965
f 290 1064 1987
f 368 1136 2221
f 392 1178 2294
f 349 1052 2164
f 344 1226 2149
f 296 1190 2005
f 362 1106 2203
f 265 932 1912
f 251 1321 1870
f 233 1273 1816
f 228 1261 1800
f 240 1297 1836
f 246 1315 1854
f 258 1339 1890
f 360 1562 2196
f 401 1460 2320
f 389 1586 2284
f 263 1345 1906
f 329 1519 2104
f 310 1418 2047
f 280 1393 1958
f 318 1495 2070
f 324 1513 2088
f 342 1555 2142
f 288 1423 1980
f 292 1429 1994
f 371 1568 2230
f 393 1370 2297
f 409 894 2329
f 405 887 2323
f 411 899 2326
f 414 905 2333
f 417 912 2336
f 431 941 2345
f 488 1050 2409
f 575 1224 2496
f 563 1200 2485
f 519 1115 2435
f 454 984 2374
f 450 977 2368
f 456 989 2371
f 459 995 2378
f 462 1002 2381
f 472 1019 2392
f 446 971 2360
f 506 1091 2416
f 535 1146 2456
f 541 1158 2460
f 570 1217 2488
f 480 1037 2398
f 421 918 2340
f 511 1098 2430
f 556 1188 2475
f 484 1044 2404
f 580 1236 2501
f 567 1212 2482
f 522 1122 2440
f 427 930 2347
f 544 1163 2464
f 468 1013 2384
f 436 948 2355
f 499 1074 2419
f 530 1134 2451
f 548 1170 2470
f 466 1008 2385
f 442 960 2362
f 505 1086 2423
f 536 1151 2446
f 491 1061 2401
f 423 923 2339
f 513 1103 2429
f 564 1205 2474
f 581 1241 2491
f 549 1175 2459
f 477 1032 2395
f 445 966 2365
f 503 1080 2424
f 525 1127 2443
f 474 1025 2390
f 438 953 2354
f 495 1067 2413
f 532 1139 2450
f 552 1182 2467
f 490 1056 2408
f 577 1229 2495
f 559 1193 2479
f 517 1109 2437
f 430 936 2350
f 590 1325 2511
f 584 1277 2505
f 585 1265 2507
f 592 1301 2513
f 595 1319 2516
f 598 1343 2519
f 636 1566 2556
f 621 1464 2540
f 642 1590 2561
f 601 1349 2521
f 623 1523 2544
f 611 1422 2529
f 609 1397 2530
f 625 1499 2546
f 628 1517 2549
f 632 1559 2553
f 613 1427 2534
f 616 1433 2536
f 638 1572 2557
f 606 1374 2525
f 407 892 1609
f 403 885 1605
f 404 897 1611
f 410 903 1614
f 413 910 1617
f 422 939 1631
f 486 1048 1688
f 573 1222 1775
f 561 1198 1763
f 512 1113 1719
f 452 982 1654
f 448 975 1650
f 449 987 1656
f 455 993 1659
f 458 1000 1662
f 470 1017 1672
f 437 969 1646
f 494 1089 1706
f 531 1144 1735
f 539 1156 1741
f 568 1215 1770
f 478 1035 1680
f 419 916 1621
f 509 1096 1711
f 554 1186 1756
f 482 1042 1684
f 576 1234 1780
f 558 1210 1767
f 516 1120 1722
f 425 928 1627
f 542 1161 1744
f 463 1011 1668
f 434 946 1636
f 497 1072 1699
f 528 1132 1730
f 546 1168 1748
f 464 1006 1666
f 440 958 1642
f 500 1084 1705
f 524 1149 1736
f 479 1059 1691
f 418 921 1623
f 508 1101 1713
f 553 1203 1764
f 569 1239 1781
f 538 1173 1749
f 471 1030 1677
f 443 964 1645
f 501 1078 1703
f 523 1125 1725
f 467 1023 1674
f 433 951 1638
f 493 1065 1695
f 527 1137 1732
f 543 1180 1752
f 485 1054 1690
f 572 1227 1777
f 557 1191 1759
f 515 1107 1717
f 428 934 1630
f 591 1326 2191
f 587 1278 1885
f 588 1266 1901
f 594 1302 2279
f 597 1320 2315
f 600 1344 2171
f 634 1565 2160
f 619 1463 2016
f 639 1589 2214
f 602 1350 1919
f 624 1524 2137
f 608 1421 1978
f 610 1398 1991
f 627 1500 2225
f 630 1518 2302
f 635 1560 2178
f 615 1428 2153
f 617 1434 2009
f 637 1571 2207
f 604 1373 1926
f 416 911 1857
f 408 893 1803
f 406 888 1786
f 412 900 1822
f 415 906 1840
f 424 924 1876
f 492 1062 2182
f 582 1242 2312
f 565 1206 2276
f 514 1104 1898
f 461 1001 2091
f 453 983 2037
f 451 978 1952
f 457 990 2056
f 460 996 2074
f 475 1026 2128
f 439 954 1966
f 496 1068 1988
f 533 1140 2222
f 551 1181 2293
f 579 1235 2185
f 483 1043 1879
f 426 929 1893
f 521 1121 2271
f 566 1211 2307
f 489 1055 2163
f 578 1230 2150
f 560 1194 2006
f 518 1110 2204
f 429 935 1911
f 547 1169 2131
f 465 1007 1969
f 441 959 1983
f 504 1085 2217
f 537 1152 2290
f 550 1176 2168
f 476 1031 2145
f 444 965 2001
f 502 1079 2199
f 526 1128 1916
f 481 1038 1808
f 420 917 1789
f 510 1097 1825
f 555 1187 1843
f 571 1218 1862
f 540 1157 1933
f 473 1020 2110
f 447 972 2020
f 507 1092 2236
f 534 1145 2257
f 469 1014 2042
f 435 947 1947
f 498 1073 2059
f 529 1133 2077
f 545 1164 2096
f 487 1049 2113
f 574 1223 2023
f 562 1199 2239
f 520 1116 2254
f 432 942 1930
f 589 1283 1818
f 583 1259 1798
f 586 1295 1834
f 593 1313 1852
f 596 1331 1872
f 599 1379 1942
f 633 1541 2120
f 620 1452 2030
f 640 1578 2248
f 603 1368 2263
f 622 1487 2052
f 607 1391 1955
f 612 1440 2065
f 626 1511 2086
f 629 1529 2106
f 631 1547 2122
f 614 1469 2032
f 618 1458 2245
f 641 1584 2266
f 605 1362 1940
f 409 1269 1813
f 405 1245 1792
f 411 1252 1828
f 414 1288 1846
f 417 1306 1867
f 431 1336 1936
f 488 1551 2123
f 575 1473 2033
f 563 1599 2249
f 519 1354 2260
f 454 1479 2049
f 450 1401 1959
f 456 1408 2062
f 459 1492 2080
f 462 1504 2101
f 472 1533 2116
f 446 1414 2026
f 506 1444 2242
f 535 1594 2267
f 541 1383 1943
f 570 1323 1869
f 480 1275 1815
f 421 1263 1799
f 511 1299 1835
f 556 1317 1853
f 484 1341 1889
f 580 1564 2195
f 567 1462 2319
f 522 1588 2283
f 427 1347 1905
f 544 1521 2103
f 468 1420 2046
f 436 1395 1957
f 499 1497 2069
f 530 1515 2087
f 548 1557 2141
f 466 1425 1979
f 442 1431 1993
f 505 1570 2229
f 536 1372 2296
f 491 1282 2188
f 423 1258 1882
f 513 1294 1902
f 564 1312 2280
f 581 1330 2316
f 549 1378 2172
f 477 1540 2157
f 445 1449 2011
f 503 1575 2209
f 525 1365 1923
f 474 1486 2134
f 438 1390 1972
f 495 1437 1995
f 532 1510 2226
f 552 1528 2303
f 490 1546 2175
f 577 1468 2154
f 559 1455 2013
f 517 1581 2211
f 430 1359 1921
f 590 1272 1865
f 584 1248 1811
f 585 1253 1796
f 592 1289 1832
f 595 1307 1850
f 598 1337 1888
f 636 1554 2194
f 621 1476 2322
f 642 1602 2286
f 601 1355 1908
f 623 1482 2099
f 611 1404 2045
f 609 1409 1962
f 625 1493 2068
f 628 1505 2084
f 632 1536 2140
f 613 1415 1976
f 616 1445 1998
f 638 1595 2232
f 606 1386 2299
f 407 909 2330
f 403 891 2324
f 404 886 2325
f 410 898 2332
f 413 904 2335
f 422 922 2344
f 486 1060 2410
f 573 1240 2497
f 561 1204 2486
f 512 1102 2434
f 452 999 2375
f 448 981 2369
f 449 976 2370
f 455 988 2377
f 458 994 2380
f 470 1024 2393
f 437 952 2359
f 494 1066 2415
f 531 1138 2455
f 539 1179 2461
f 568 1233 2489
f 478 1041 2399
f 419 927 2341
f 509 1119 2431
f 554 1209 2476
f 482 1053 2405
f 576 1228 2500
f 558 1192 2481
f 516 1108 2439
f 425 933 2348
f 542 1167 2465
f 463 1005 2383
f 434 957 2356
f 497 1083 2420
f 528 1150 2452
f 546 1174 2471
f 464 1029 2386
f 440 963 2363
f 500 1077 2422
f 524 1126 2445
f 479 1036 2400
f 418 915 2338
f 508 1095 2428
f 553 1185 2473
f 569 1216 2490
f 538 1155 2458
f 471 1018 2394
f 443 970 2366
f 501 1090 2425
f 523 1143 2444
f 467 1012 2389
f 433 945 2353
f 493 1071 2414
f 527 1131 2449
f 543 1162 2466
f 485 1047 2407
f 572 1221 2494
f 557 1197 2480
f 515 1114 2438
f 428 940 2351
f 591 1284 2510
f 587 1260 2504
f 588 1296 2508
f 594 1314 2514
f 597 1332 2517
f 600 1380 2520
f 634 1542 2554
f 619 1451 2539
f 639 1577 2560
f 602 1367 2523
f 624 1488 2543
f 608 1392 2527
f 610 1439 2532
f 627 1512 2547
f 630 1530 2550
f 635 1548 2552
f 615 1470 2535
f 617 1457 2538
f 637 1583 2558
f 604 1361 2524
f 167 1616 1607
f 164 1608 1603
f 163 1606 1604
f 165 1612 1610
f 166 1615 1613
f 169 1624 1622
f 192 1692 1686
f 222 1782 1773
f 216 1765 1761
f 199 1714 1712
f 182 1661 1652
f 179 1653 1648
f 178 1651 1649
f 180 1657 1655
f 181 1660 1658
f 186 1675 1670
f 174 1639 1637
f 193 1696 1694
f 205 1733 1731
f 212 1751 1739
f 221 1779 1768
f 189 1683 1678
f 170 1626 1619
f 202 1721 1709
f 217 1766 1754
f 191 1689 1682
f 220 1778 1776
f 214 1760 1758
f 200 1718 1716
f 171 1629 1625
f 210 1747 1742
f 183 1665 1663
f 175 1641 1634
f 196 1704 1697
f 207 1737 1728
f 211 1750 1746
f 187 1676 1664
f 176 1644 1640
f 195 1702 1700
f 203 1726 1724
f 188 1681 1679
f 168 1620 1618
f 198 1710 1708
f 213 1755 1753
f 218 1771 1769
f 208 1740 1738
f 185 1673 1671
f 177 1647 1643
f 197 1707 1701
f 206 1734 1723
f 184 1669 1667
f 173 1635 1633
f 194 1698 1693
f 204 1729 1727
f 209 1745 1743
f 190 1687 1685
f 219 1774 1772
f 215 1762 1757
f 201 1720 1715
f 172 1632 1628
f 357 2189 2187
f 255 1883 1881
f 262 1903 1899
f 388 2281 2277
f 400 2317 2313
f 352 2173 2169
f 347 2158 2156
f 298 2012 2010
f 364 2210 2208
f 269 1924 1917
f 339 2135 2133
f 285 1973 1971
f 293 1996 1989
f 370 2227 2223
f 396 2304 2300
f 353 2176 2174
f 346 2155 2151
f 299 2014 2007
f 365 2212 2205
f 268 1922 1920
f 249 1864 1855
f 231 1810 1801
f 226 1795 1784
f 238 1831 1820
f 244 1849 1838
f 257 1887 1874
f 359 2193 2180
f 402 2321 2310
f 390 2285 2274
f 264 1907 1896
f 327 2098 2089
f 309 2044 2035
f 282 1961 1950
f 317 2067 2054
f 322 2083 2072
f 341 2139 2126
f 286 1975 1964
f 294 1997 1986
f 372 2231 2220
f 394 2298 2291
f 358 2190 2183
f 256 1884 1877
f 261 1900 1891
f 387 2278 2269
f 399 2314 2305
f 351 2170 2161
f 348 2159 2148
f 300 2015 2004
f 366 2213 2202
f 267 1918 1909
f 340 2136 2129
f 287 1977 1967
f 291 1990 1981
f 369 2224 2215
f 395 2301 2288
f 354 2177 2166
f 345 2152 2143
f 297 2008 1999
f 363 2206 2197
f 270 1925 1914
f 234 1817 1806
f 227 1797 1787
f 239 1833 1823
f 245 1851 1841
f 252 1871 1860
f 275 1941 1931
f 334 2119 2108
f 304 2029 2018
f 377 2247 2234
f 382 2262 2255
f 312 2051 2040
f 279 1954 1945
f 316 2064 2057
f 323 2085 2075
f 330 2105 2094
f 335 2121 2111
f 305 2031 2021
f 376 2244 2237
f 383 2265 2252
f 274 1939 1928
f 232 1814 1812
f 225 1793 1791
f 237 1829 1827
f 243 1847 1845
f 250 1868 1866
f 273 1937 1935
f 336 2124 2118
f 306 2034 2028
f 378 2250 2246
f 381 2261 2259
f 311 2050 2048
f 281 1960 1953
f 315 2063 2061
f 321 2081 2079
f 328 2102 2100
f 333 2117 2115
f 303 2027 2025
f 375 2243 2241
f 384 2268 2264
f 276 1944 1938
f 229 1804 1802
f 223 1785 1783
f 235 1821 1819
f 241 1839 1837
f 247 1858 1856
f 271 1929 1927
f 332 2114 2112
f 302 2024 2022
f 374 2240 2238
f 379 2253 2251
f 307 2038 2036
f 278 1951 1949
f 313 2055 2053
f 319 2073 2071
f 325 2092 2090
f 331 2109 2107
f 301 2019 2017
f 373 2235 2233
f 380 2258 2256
f 272 1934 1932
f 248 1861 1859
f 230 1807 1805
f 224 1790 1788
f 236 1826 1824
f 242 1844 1842
f 254 1880 1878
f 356 2186 2184
f 397 2308 2306
f 385 2272 2270
f 259 1894 1892
f 326 2095 2093
f 308 2041 2039
f 277 1948 1946
f 314 2060 2058
f 320 2078 2076
f 338 2132 2130
f 284 1970 1968
f 289 1984 1982
f 367 2218 2216
f 391 2289 2287
f 355 2181 2179
f 253 1875 1873
f 260 1897 1895
f 386 2275 2273
f 398 2311 2309
f 350 2167 2165
f 343 2146 2144
f 295 2002 2000
f 361 2200 2198
f 266 1915 1913
f 337 2127 2125
f 283 1965 1963
f 290 1987 1985
f 368 2221 2219
f 392 2294 2292
f 349 2164 2162
f 344 2149 2147
f 296 2005 2003
f 362 2203 2201
f 265 1912 1910
f 251 1870 1863
f 233 1816 1809
f 228 1800 1794
f 240 1836 1830
f 246 1854 1848
f 258 1890 1886
f 360 2196 2192
f 401 2320 2318
f 389 2284 2282
f 263 1906 1904
f 329 2104 2097
f 310 2047 2043
f 280 1958 1956
f 318 2070 2066
f 324 2088 2082
f 342 2142 2138
f 288 1980 1974
f 292 1994 1992
f 371 2230 2228
f 393 2297 2295
f 409 2329 2331
f 405 2323 2327
f 411 2326 2328
f 414 2333 2334
f 417 2336 2337
f 431 2345 2346
f 488 2409 2412
f 575 2496 2499
f 563 2485 2487
f 519 2435 2436
f 454 2374 2376
f 450 2368 2372
f 456 2371 2373
f 459 2378 2379
f 462 2381 2382
f 472 2392 2396
f 446 2360 2361
f 506 2416 2418
f 535 2456 2457
f 541 2460 2463
f 570 2488 2492
f 480 2398 2402
f 421 2340 2343
f 511 2430 2433
f 556 2475 2478
f 484 2404 2406
f 580 2501 2502
f 567 2482 2484
f 522 2440 2442
f 427 2347 2349
f 544 2464 2468
f 468 2384 2387
f 436 2355 2358
f 499 2419 2421
f 530 2451 2454
f 548 2470 2472
f 466 2385 2388
f 442 2362 2364
f 505 2423 2426
f 536 2446 2448
f 491 2401 2403
f 423 2339 2342
f 513 2429 2432
f 564 2474 2477
f 581 2491 2493
f 549 2459 2462
f 477 2395 2397
f 445 2365 2367
f 503 2424 2427
f 525 2443 2447
f 474 2390 2391
f 438 2354 2357
f 495 2413 2417
f 532 2450 2453
f 552 2467 2469
f 490 2408 2411
f 577 2495 2498
f 559 2479 2483
f 517 2437 2441
f 430 2350 2352
f 590 2511 2509
f 584 2505 2503
f 585 2507 2506
f 592 2513 2512
f 595 2516 2515
f 598 2519 2518
f 636 2556 2555
f 621 2540 2541
f 642 2561 2562
f 601 2521 2522
f 623 2544 2542
f 611 2529 2528
f 609 2530 2531
f 625 2546 2545
f 628 2549 2548
f 632 2553 2551
f 613 2534 2533
f 616 2536 2537
f 638 2557 2559
f 606 2525 2526
f 1607 644 647
f 1603 643 644
f 1604 645 643
f 1610 646 645
f 1613 647 646
f 1622 652 649
f 1686 670 672
f 1773 699 702
f 1761 695 696
f 1712 681 679
f 1652 659 662
f 1648 658 659
f 1649 660 658
f 1655 661 660
f 1658 662 661
f 1670 665 666
f 1637 657 654
f 1694 677 673
f 1731 686 685
f 1739 688 692
f 1768 698 701
f 1678 668 669
f 1619 648 650
f 1709 678 682
f 1754 693 697
f 1682 669 671
f 1776 701 700
f 1758 697 694
f 1716 682 680
f 1625 650 651
f 1742 689 690
f 1663 664 663
f 1634 653 655
f 1697 674 676
f 1728 684 687
f 1746 690 691
f 1664 663 667
f 1640 655 656
f 1700 676 675
f 1724 687 683
f 1679 672 668
f 1618 649 648
f 1708 679 678
f 1753 696 693
f 1769 702 698
f 1738 691 688
f 1671 667 665
f 1643 656 657
f 1701 675 677
f 1723 683 686
f 1667 666 664
f 1633 654 653
f 1693 673 674
f 1727 685 684
f 1743 692 689
f 1685 671 670
f 1772 700 699
f 1757 694 695
f 1715 680 681
f 1628 651 652
f 2187 838 837
f 1881 736 735
f 1899 741 742
f 2277 867 868
f 2313 879 880
f 2169 831 832
f 2156 828 827
f 2010 780 778
f 2208 846 844
f 1917 747 749
f 2133 820 819
f 1971 767 765
f 1989 771 773
f 2223 849 850
f 2300 875 876
f 2174 834 833
f 2151 825 826
f 2007 777 779
f 2205 843 845
f 1920 750 748
f 1855 727 729
f 1801 709 711
f 1784 703 706
f 1820 715 718
f 1838 721 724
f 1874 733 737
f 2180 835 839
f 2310 878 882
f 2274 866 870
f 1896 740 744
f 2089 805 807
f 2035 787 789
f 1950 758 762
f 2054 793 797
f 2072 799 802
f 2126 817 821
f 1964 763 766
f 1986 770 774
f 2220 848 852
f 2291 872 874
f 2183 836 838
f 1877 734 736
f 1891 739 741
f 2269 865 867
f 2305 877 879
f 2161 829 831
f 2148 824 828
f 2004 776 780
f 2202 842 846
f 1909 745 747
f 2129 818 820
f 1967 764 767
f 1981 769 771
f 2215 847 849
f 2288 871 875
f 2166 830 834
f 2143 823 825
f 1999 775 777
f 2197 841 843
f 1914 746 750
f 1806 710 714
f 1787 704 707
f 1823 716 719
f 1841 722 725
f 1860 728 732
f 1931 752 755
f 2108 811 814
f 2018 781 784
f 2234 853 857
f 2255 860 862
f 2040 788 792
f 1945 757 759
f 2057 794 796
f 2075 800 803
f 2094 806 810
f 2111 812 815
f 2021 782 785
f 2237 854 856
f 2252 859 863
f 1928 751 754
f 1812 714 712
f 1791 707 705
f 1827 719 717
f 1845 725 723
f 1866 732 730
f 1935 755 753
f 2118 814 816
f 2028 784 786
f 2246 857 858
f 2259 862 861
f 2048 792 791
f 1953 759 761
f 2061 796 795
f 2079 803 801
f 2100 810 808
f 2115 815 813
f 2025 785 783
f 2241 856 855
f 2264 863 864
f 1938 754 756
f 1802 712 709
f 1783 705 703
f 1819 717 715
f 1837 723 721
f 1856 730 727
f 1927 753 751
f 2112 816 812
f 2022 786 782
f 2238 858 854
f 2251 861 859
f 2036 791 787
f 1949 761 758
f 2053 795 793
f 2071 801 799
f 2090 808 805
f 2107 813 811
f 2017 783 781
f 2233 855 853
f 2256 864 860
f 1932 756 752
f 1859 731 728
f 1805 713 710
f 1788 708 704
f 1824 720 716
f 1842 726 722
f 1878 738 734
f 2184 840 836
f 2306 881 877
f 2270 869 865
f 1892 743 739
f 2093 809 806
f 2039 790 788
f 1946 760 757
f 2058 798 794
f 2076 804 800
f 2130 822 818
f 1968 768 764
f 1982 772 769
f 2216 851 847
f 2287 873 871
f 2179 837 835
f 1873 735 733
f 1895 742 740
f 2273 868 866
f 2309 880 878
f 2165 832 830
f 2144 827 823
f 2000 778 775
f 2198 844 841
f 1913 749 746
f 2125 819 817
f 1963 765 763
f 1985 773 770
f 2219 850 848
f 2292 876 872
f 2162 833 829
f 2147 826 824
f 2003 779 776
f 2201 845 842
f 1910 748 745
f 1863 729 731
f 1809 711 713
f 1794 706 708
f 1830 718 720
f 1848 724 726
f 1886 737 738
f 2192 839 840
f 2318 882 881
f 2282 870 869
f 1904 744 743
f 2097 807 809
f 2043 789 790
f 1956 762 760
f 2066 797 798
f 2082 802 804
f 2138 821 822
f 1974 766 768
f 1992 774 772
f 2228 852 851
f 2295 874 873
f 2331 1270 1269
f 2327 1246 1245
f 2328 1251 1252
f 2334 1287 1288
f 2337 1305 1306
f 2346 1335 1336
f 2412 1552 1551
f 2499 1474 1473
f 2487 1600 1599
f 2436 1353 1354
f 2376 1480 1479
f 2372 1402 1401
f 2373 1407 1408
f 2379 1491 1492
f 2382 1503 1504
f 2396 1534 1533
f 2361 1413 1414
f 2418 1443 1444
f 2457 1593 1594
f 2463 1384 1383
f 2492 1324 1323
f 2402 1276 1275
f 2343 1264 1263
f 2433 1300 1299
f 2478 1318 1317
f 2406 1342 1341
f 2502 1563 1564
f 2484 1461 1462
f 2442 1587 1588
f 2349 1348 1347
f 2468 1522 1521
f 2387 1419 1420
f 2358 1396 1395
f 2421 1498 1497
f 2454 1516 1515
f 2472 1558 1557
f 2388 1426 1425
f 2364 1432 1431
f 2426 1569 1570
f 2448 1371 1372
f 2403 1281 1282
f 2342 1257 1258
f 2432 1293 1294
f 2477 1311 1312
f 2493 1329 1330
f 2462 1377 1378
f 2397 1539 1540
f 2367 1450 1449
f 2427 1576 1575
f 2447 1366 1365
f 2391 1485 1486
f 2357 1389 1390
f 2417 1438 1437
f 2453 1509 1510
f 2469 1527 1528
f 2411 1545 1546
f 2498 1467 1468
f 2483 1456 1455
f 2441 1582 1581
f 2352 1360 1359
f 2509 1271 1272
f 2503 1247 1248
f 2506 1254 1253
f 2512 1290 1289
f 2515 1308 1307
f 2518 1338 1337
f 2555 1553 1554
f 2541 1475 1476
f 2562 1601 1602
f 2522 1356 1355
f 2542 1481 1482
f 2528 1403 1404
f 2531 1410 1409
f 2545 1494 1493
f 2548 1506 1505
f 2551 1535 1536
f 2533 1416 1415
f 2537 1446 1445
f 2559 1596 1595
f 2526 1385 1386
f 1616 907 909
f 1608 889 891
f 1606 883 886
f 1612 895 898
f 1615 901 904
f 1624 919 922
f 1692 1057 1060
f 1782 1237 1240
f 1765 1201 1204
f 1714 1099 1102
f 1661 997 999
f 1653 979 981
f 1651 973 976
f 1657 985 988
f 1660 991 994
f 1675 1021 1024
f 1639 949 952
f 1696 1063 1066
f 1733 1135 1138
f 1751 1177 1179
f 1779 1231 1233
f 1683 1039 1041
f 1626 925 927
f 1721 1117 1119
f 1766 1207 1209
f 1689 1051 1053
f 1778 1225 1228
f 1760 1189 1192
f 1718 1105 1108
f 1629 931 933
f 1747 1165 1167
f 1665 1003 1005
f 1641 955 957
f 1704 1081 1083
f 1737 1147 1150
f 1750 1171 1174
f 1676 1027 1029
f 1644 961 963
f 1702 1075 1077
f 1726 1123 1126
f 1681 1033 1036
f 1620 913 915
f 1710 1093 1095
f 1755 1183 1185
f 1771 1213 1216
f 1740 1153 1155
f 1673 1015 1018
f 1647 967 970
f 1707 1087 1090
f 1734 1141 1143
f 1669 1009 1012
f 1635 943 945
f 1698 1069 1071
f 1729 1129 1131
f 1745 1159 1162
f 1687 1045 1047
f 1774 1219 1221
f 1762 1195 1197
f 1720 1111 1114
f 1632 937 940
f 2189 1280 1284
f 1883 1256 1260
f 1903 1292 1296
f 2281 1310 1314
f 2317 1328 1332
f 2173 1376 1380
f 2158 1538 1542
f 2012 1447 1451
f 2210 1573 1577
f 1924 1363 1367
f 2135 1484 1488
f 1973 1388 1392
f 1996 1435 1439
f 2227 1508 1512
f 2304 1526 1530
f 2176 1544 1548
f 2155 1466 1470
f 2014 1453 1457
f 2212 1579 1583
f 1922 1357 1361
f 1864 1268 1270
f 1810 1244 1246
f 1795 1249 1251
f 1831 1285 1287
f 1849 1303 1305
f 1887 1333 1335
f 2193 1550 1552
f 2321 1472 1474
f 2285 1598 1600
f 1907 1351 1353
f 2098 1478 1480
f 2044 1400 1402
f 1961 1405 1407
f 2067 1489 1491
f 2083 1501 1503
f 2139 1532 1534
f 1975 1411 1413
f 1997 1441 1443
f 2231 1591 1593
f 2298 1382 1384
f 2190 1322 1324
f 1884 1274 1276
f 1900 1262 1264
f 2278 1298 1300
f 2314 1316 1318
f 2170 1340 1342
f 2159 1561 1563
f 2015 1459 1461
f 2213 1585 1587
f 1918 1346 1348
f 2136 1520 1522
f 1977 1417 1419
f 1990 1394 1396
f 2224 1496 1498
f 2301 1514 1516
f 2177 1556 1558
f 2152 1424 1426
f 2008 1430 1432
f 2206 1567 1569
f 1925 1369 1371
f 1817 1279 1281
f 1797 1255 1257
f 1833 1291 1293
f 1851 1309 1311
f 1871 1327 1329
f 1941 1375 1377
f 2119 1537 1539
f 2029 1448 1450
f 2247 1574 1576
f 2262 1364 1366
f 2051 1483 1485
f 1954 1387 1389
f 2064 1436 1438
f 2085 1507 1509
f 2105 1525 1527
f 2121 1543 1545
f 2031 1465 1467
f 2244 1454 1456
f 2265 1580 1582
f 1939 1358 1360
f 1814 1267 1271
f 1793 1243 1247
f 1829 1250 1254
f 1847 1286 1290
f 1868 1304 1308
f 1937 1334 1338
f 2124 1549 1553
f 2034 1471 1475
f 2250 1597 1601
f 2261 1352 1356
f 2050 1477 1481
f 1960 1399 1403
f 2063 1406 1410
f 2081 1490 1494
f 2102 1502 1506
f 2117 1531 1535
f 2027 1412 1416
f 2243 1442 1446
f 2268 1592 1596
f 1944 1381 1385
f 1804 890 894
f 1785 884 887
f 1821 896 899
f 1839 902 905
f 1858 908 912
f 1929 938 941
f 2114 1046 1050
f 2024 1220 1224
f 2240 1196 1200
f 2253 1112 1115
f 2038 980 984
f 1951 974 977
f 2055 986 989
f 2073 992 995
f 2092 998 1002
f 2109 1016 1019
f 2019 968 971
f 2235 1088 1091
f 2258 1142 1146
f 1934 1154 1158
f 1861 1214 1217
f 1807 1034 1037
f 1790 914 918
f 1826 1094 1098
f 1844 1184 1188
f 1880 1040 1044
f 2186 1232 1236
f 2308 1208 1212
f 2272 1118 1122
f 1894 926 930
f 2095 1160 1163
f 2041 1010 1013
f 1948 944 948
f 2060 1070 1074
f 2078 1130 1134
f 2132 1166 1170
f 1970 1004 1008
f 1984 956 960
f 2218 1082 1086
f 2289 1148 1151
f 2181 1058 1061
f 1875 920 923
f 1897 1100 1103
f 2275 1202 1205
f 2311 1238 1241
f 2167 1172 1175
f 2146 1028 1032
f 2002 962 966
f 2200 1076 1080
f 1915 1124 1127
f 2127 1022 1025
f 1965 950 953
f 1987 1064 1067
f 2221 1136 1139
f 2294 1178 1182
f 2164 1052 1056
f 2149 1226 1229
f 2005 1190 1193
f 2203 1106 1109
f 1912 932 936
f 1870 1321 1325
f 1816 1273 1277
f 1800 1261 1265
f 1836 1297 1301
f 1854 1315 1319
f 1890 1339 1343
f 2196 1562 1566
f 2320 1460 1464
f 2284 1586 1590
f 1906 1345 1349
f 2104 1519 1523
f 2047 1418 1422
f 1958 1393 1397
f 2070 1495 1499
f 2088 1513 1517
f 2142 1555 1559
f 1980 1423 1427
f 1994 1429 1433
f 2230 1568 1572
f 2297 1370 1374
f 2329 894 892
f 2323 887 885
f 2326 899 897
f 2333 905 903
f 2336 912 910
f 2345 941 939
f 2409 1050 1048
f 2496 1224 1222
f 2485 1200 1198
f 2435 1115 1113
f 2374 984 982
f 2368 977 975
f 2371 989 987
f 2378 995 993
f 2381 1002 1000
f 2392 1019 1017
f 2360 971 969
f 2416 1091 1089
f 2456 1146 1144
f 2460 1158 1156
f 2488 1217 1215
f 2398 1037 1035
f 2340 918 916
f 2430 1098 1096
f 2475 1188 1186
f 2404 1044 1042
f 2501 1236 1234
f 2482 1212 1210
f 2440 1122 1120
f 2347 930 928
f 2464 1163 1161
f 2384 1013 1011
f 2355 948 946
f 2419 1074 1072
f 2451 1134 1132
f 2470 1170 1168
f 2385 1008 1006
f 2362 960 958
f 2423 1086 1084
f 2446 1151 1149
f 2401 1061 1059
f 2339 923 921
f 2429 1103 1101
f 2474 1205 1203
f 2491 1241 1239
f 2459 1175 1173
f 2395 1032 1030
f 2365 966 964
f 2424 1080 1078
f 2443 1127 1125
f 2390 1025 1023
f 2354 953 951
f 2413 1067 1065
f 2450 1139 1137
f 2467 1182 1180
f 2408 1056 1054
f 2495 1229 1227
f 2479 1193 1191
f 2437 1109 1107
f 2350 936 934
f 2511 1325 1326
f 2505 1277 1278
f 2507 1265 1266
f 2513 1301 1302
f 2516 1319 1320
f 2519 1343 1344
f 2556 1566 1565
f 2540 1464 1463
f 2561 1590 1589
f 2521 1349 1350
f 2544 1523 1524
f 2529 1422 1421
f 2530 1397 1398
f 2546 1499 1500
f 2549 1517 1518
f 2553 1559 1560
f 2534 1427 1428
f 2536 1433 1434
f 2557 1572 1571
f 2525 1374 1373
f 1609 892 889
f 1605 885 883
f 1611 897 895
f 1614 903 901
f 1617 910 907
f 1631 939 937
f 1688 1048 1045
f 1775 1222 1219
f 1763 1198 1195
f 1719 1113 1111
f 1654 982 979
f 1650 975 973
f 1656 987 985
f 1659 993 991
f 1662 1000 997
f 1672 1017 1015
f 1646 969 967
f 1706 1089 1087
f 1735 1144 1141
f 1741 1156 1153
f 1770 1215 1213
f 1680 1035 1033
f 1621 916 913
f 1711 1096 1093
f 1756 1186 1183
f 1684 1042 1039
f 1780 1234 1231
f 1767 1210 1207
f 1722 1120 1117
f 1627 928 925
f 1744 1161 1159
f 1668 1011 1009
f 1636 946 943
f 1699 1072 1069
f 1730 1132 1129
f 1748 1168 1165
f 1666 1006 1003
f 1642 958 955
f 1705 1084 1081
f 1736 1149 1147
f 1691 1059 1057
f 1623 921 919
f 1713 1101 1099
f 1764 1203 1201
f 1781 1239 1237
f 1749 1173 1171
f 1677 1030 1027
f 1645 964 961
f 1703 1078 1075
f 1725 1125 1123
f 1674 1023 1021
f 1638 951 949
f 1695 1065 1063
f 1732 1137 1135
f 1752 1180 1177
f 1690 1054 1051
f 1777 1227 1225
f 1759 1191 1189
f 1717 1107 1105
f 1630 934 931
f 2191 1326 1322
f 1885 1278 1274
f 1901 1266 1262
f 2279 1302 1298
f 2315 1320 1316
f 2171 1344 1340
f 2160 1565 1561
f 2016 1463 1459
f 2214 1589 1585
f 1919 1350 1346
f 2137 1524 1520
f 1978 1421 1417
f 1991 1398 1394
f 2225 1500 1496
f 2302 1518 1514
f 2178 1560 1556
f 2153 1428 1424
f 2009 1434 1430
f 2207 1571 1567
f 1926 1373 1369
f 1857 911 908
f 1803 893 890
f 1786 888 884
f 1822 900 896
f 1840 906 902
f 1876 924 920
f 2182 1062 1058
f 2312 1242 1238
f 2276 1206 1202
f 1898 1104 1100
f 2091 1001 998
f 2037 983 980
f 1952 978 974
f 2056 990 986
f 2074 996 992
f 2128 1026 1022
f 1966 954 950
f 1988 1068 1064
f 2222 1140 1136
f 2293 1181 1178
f 2185 1235 1232
f 1879 1043 1040
f 1893 929 926
f 2271 1121 1118
f 2307 1211 1208
f 2163 1055 1052
f 2150 1230 1226
f 2006 1194 1190
f 2204 1110 1106
f 1911 935 932
f 2131 1169 1166
f 1969 1007 1004
f 1983 959 956
f 2217 1085 1082
f 2290 1152 1148
f 2168 1176 1172
f 2145 1031 1028
f 2001 965 962
f 2199 1079 1076
f 1916 1128 1124
f 1808 1038 1034
f 1789 917 914
f 1825 1097 1094
f 1843 1187 1184
f 1862 1218 1214
f 1933 1157 1154
f 2110 1020 1016
f 2020 972 968
f 2236 1092 1088
f 2257 1145 1142
f 2042 1014 1010
f 1947 947 944
f 2059 1073 1070
f 2077 1133 1130
f 2096 1164 1160
f 2113 1049 1046
f 2023 1223 1220
f 2239 1199 1196
f 2254 1116 1112
f 1930 942 938
f 1818 1283 1279
f 1798 1259 1255
f 1834 1295 1291
f 1852 1313 1309
f 1872 1331 1327
f 1942 1379 1375
f 2120 1541 1537
f 2030 1452 1448
f 2248 1578 1574
f 2263 1368 1364
f 2052 1487 1483
f 1955 1391 1387
f 2065 1440 1436
f 2086 1511 1507
f 2106 1529 1525
f 2122 1547 1543
f 2032 1469 1465
f 2245 1458 1454
f 2266 1584 1580
f 1940 1362 1358
f 1813 1269 1267
f 1792 1245 1243
f 1828 1252 1250
f 1846 1288 1286
f 1867 1306 1304
f 1936 1336 1334
f 2123 1551 1549
f 2033 1473 1471
f 2249 1599 1597
f 2260 1354 1352
f 2049 1479 1477
f 1959 1401 1399
f 2062 1408 1406
f 2080 1492 1490
f 2101 1504 1502
f 2116 1533 1531
f 2026 1414 1412
f 2242 1444 1442
f 2267 1594 1592
f 1943 1383 1381
f 1869 1323 1321
f 1815 1275 1273
f 1799 1263 1261
f 1835 1299 1297
f 1853 1317 1315
f 1889 1341 1339
f 2195 1564 1562
f 2319 1462 1460
f 2283 1588 1586
f 1905 1347 1345
f 2103 1521 1519
f 2046 1420 1418
f 1957 1395 1393
f 2069 1497 1495
f 2087 1515 1513
f 2141 1557 1555
f 1979 1425 1423
f 1993 1431 1429
f 2229 1570 1568
f 2296 1372 1370
f 2188 1282 1280
f 1882 1258 1256
f 1902 1294 1292
f 2280 1312 1310
f 2316 1330 1328
f 2172 1378 1376
f 2157 1540 1538
f 2011 1449 1447
f 2209 1575 1573
f 1923 1365 1363
f 2134 1486 1484
f 1972 1390 1388
f 1995 1437 1435
f 2226 1510 1508
f 2303 1528 1526
f 2175 1546 1544
f 2154 1468 1466
f 2013 1455 1453
f 2211 1581 1579
f 1921 1359 1357
f 1865 1272 1268
f 1811 1248 1244
f 1796 1253 1249
f 1832 1289 1285
f 1850 1307 1303
f 1888 1337 1333
f 2194 1554 1550
f 2322 1476 1472
f 2286 1602 1598
f 1908 1355 1351
f 2099 1482 1478
f 2045 1404 1400
f 1962 1409 1405
f 2068 1493 1489
f 2084 1505 1501
f 2140 1536 1532
f 1976 1415 1411
f 1998 1445 1441
f 2232 1595 1591
f 2299 1386 1382
f 2330 909 911
f 2324 891 893
f 2325 886 888
f 2332 898 900
f 2335 904 906
f 2344 922 924
f 2410 1060 1062
f 2497 1240 1242
f 2486 1204 1206
f 2434 1102 1104
f 2375 999 1001
f 2369 981 983
f 2370 976 978
f 2377 988 990
f 2380 994 996
f 2393 1024 1026
f 2359 952 954
f 2415 1066 1068
f 2455 1138 1140
f 2461 1179 1181
f 2489 1233 1235
f 2399 1041 1043
f 2341 927 929
f 2431 1119 1121
f 2476 1209 1211
f 2405 1053 1055
f 2500 1228 1230
f 2481 1192 1194
f 2439 1108 1110
f 2348 933 935
f 2465 1167 1169
f 2383 1005 1007
f 2356 957 959
f 2420 1083 1085
f 2452 1150 1152
f 2471 1174 1176
f 2386 1029 1031
f 2363 963 965
f 2422 1077 1079
f 2445 1126 1128
f 2400 1036 1038
f 2338 915 917
f 2428 1095 1097
f 2473 1185 1187
f 2490 1216 1218
f 2458 1155 1157
f 2394 1018 1020
f 2366 970 972
f 2425 1090 1092
f 2444 1143 1145
f 2389 1012 1014
f 2353 945 947
f 2414 1071 1073
f 2449 1131 1133
f 2466 1162 1164
f 2407 1047 1049
f 2494 1221 1223
f 2480 1197 1199
f 2438 1114 1116
f 2351 940 942
f 2510 1284 1283
f 2504 1260 1259
f 2508 1296 1295
f 2514 1314 1313
f 2517 1332 1331
f 2520 1380 1379
f 2554 1542 1541
f 2539 1451 1452
f 2560 1577 1578
f 2523 1367 1368
f 2543 1488 1487
f 2527 1392 1391
f 2532 1439 1440
f 2547 1512 1511
f 2550 1530 1529
f 2552 1548 1547
f 2535 1470 1469
f 2538 1457 1458
f 2558 1583 1584
f 2524 1361 1362
f 1607 1616 1609
f 1603 1608 1605
f 1604 1606 1611
f 1610 1612 1614
f 1613 1615 1617
f 1622 1624 1631
f 1686 1692 1688
f 1773 1782 1775
f 1761 1765 1763
f 1712 1714 1719
f 1652 1661 1654
f 1648 1653 1650
f 1649 1651 1656
f 1655 1657 1659
f 1658 1660 1662
f 1670 1675 1672
f 1637 1639 1646
f 1694 1696 1706
f 1731 1733 1735
f 1739 1751 1741
f 1768 1779 1770
f 1678 1683 1680
f 1619 1626 1621
f 1709 1721 1711
f 1754 1766 1756
f 1682 1689 1684
f 1776 1778 1780
f 1758 1760 1767
f 1716 1718 1722
f 1625 1629 1627
f 1742 1747 1744
f 1663 1665 1668
f 1634 1641 1636
f 1697 1704 1699
f 1728 1737 1730
f 1746 1750 1748
f 1664 1676 1666
f 1640 1644 1642
f 1700 1702 1705
f 1724 1726 1736
f 1679 1681 1691
f 1618 1620 1623
f 1708 1710 1713
f 1753 1755 1764
f 1769 1771 1781
f 1738 1740 1749
f 1671 1673 1677
f 1643 1647 1645
f 1701 1707 1703
f 1723 1734 1725
f 1667 1669 1674
f 1633 1635 1638
f 1693 1698 1695
f 1727 1729 1732
f 1743 1745 1752
f 1685 1687 1690
f 1772 1774 1777
f 1757 1762 1759
f 1715 1720 1717
f 1628 1632 1630
f 2187 2189 2191
f 1881 1883 1885
f 1899 1903 1901
f 2277 2281 2279
f 2313 2317 2315
f 2169 2173 2171
f 2156 2158 2160
f 2010 2012 2016
f 2208 2210 2214
f 1917 1924 1919
f 2133 2135 2137
f 1971 1973 1978
f 1989 1996 1991
f 2223 2227 2225
f 2300 2304 2302
f 2174 2176 2178
f 2151 2155 2153
f 2007 2014 2009
f 2205 2212 2207
f 1920 1922 1926
f 1855 1864 1857
f 1801 1810 1803
f 1784 1795 1786
f 1820 1831 1822
f 1838 1849 1840
f 1874 1887 1876
f 2180 2193 2182
f 2310 2321 2312
f 2274 2285 2276
f 1896 1907 1898
f 2089 2098 2091
f 2035 2044 2037
f 1950 1961 1952
f 2054 2067 2056
f 2072 2083 2074
f 2126 2139 2128
f 1964 1975 1966
f 1986 1997 1988
f 2220 2231 2222
f 2291 2298 2293
f 2183 2190 2185
f 1877 1884 1879
f 1891 1900 1893
f 2269 2278 2271
f 2305 2314 2307
f 2161 2170 2163
f 2148 2159 2150
f 2004 2015 2006
f 2202 2213 2204
f 1909 1918 1911
f 2129 2136 2131
f 1967 1977 1969
f 1981 1990 1983
f 2215 2224 2217
f 2288 2301 2290
f 2166 2177 2168
f 2143 2152 2145
f 1999 2008 2001
f 2197 2206 2199
f 1914 1925 1916
f 1806 1817 1808
f 1787 1797 1789
f 1823 1833 1825
f 1841 1851 1843
f 1860 1871 1862
f 1931 1941 1933
f 2108 2119 2110
f 2018 2029 2020
f 2234 2247 2236
f 2255 2262 2257
f 2040 2051 2042
f 1945 1954 1947
f 2057 2064 2059
f 2075 2085 2077
f 2094 2105 2096
f 2111 2121 2113
f 2021 2031 2023
f 2237 2244 2239
f 2252 2265 2254
f 1928 1939 1930
f 1812 1814 1818
f 1791 1793 1798
f 1827 1829 1834
f 1845 1847 1852
f 1866 1868 1872
f 1935 1937 1942
f 2118 2124 2120
f 2028 2034 2030
f 2246 2250 2248
f 2259 2261 2263
f 2048 2050 2052
f 1953 1960 1955
f 2061 2063 2065
f 2079 2081 2086
f 2100 2102 2106
f 2115 2117 2122
f 2025 2027 2032
f 2241 2243 2245
f 2264 2268 2266
f 1938 1944 1940
f 1802 1804 1813
f 1783 1785 1792
f 1819 1821 1828
f 1837 1839 1846
f 1856 1858 1867
f 1927 1929 1936
f 2112 2114 2123
f 2022 2024 2033
f 2238 2240 2249
f 2251 2253 2260
f 2036 2038 2049
f 1949 1951 1959
f 2053 2055 2062
f 2071 2073 2080
f 2090 2092 2101
f 2107 2109 2116
f 2017 2019 2026
f 2233 2235 2242
f 2256 2258 2267
f 1932 1934 1943
f 1859 1861 1869
f 1805 1807 1815
f 1788 1790 1799
f 1824 1826 1835
f 1842 1844 1853
f 1878 1880 1889
f 2184 2186 2195
f 2306 2308 2319
f 2270 2272 2283
f 1892 1894 1905
f 2093 2095 2103
f 2039 2041 2046
f 1946 1948 1957
f 2058 2060 2069
f 2076 2078 2087
f 2130 2132 2141
f 1968 1970 1979
f 1982 1984 1993
f 2216 2218 2229
f 2287 2289 2296
f 2179 2181 2188
f 1873 1875 1882
f 1895 1897 1902
f 2273 2275 2280
f 2309 2311 2316
f 2165 2167 2172
f 2144 2146 2157
f 2000 2002 2011
f 2198 2200 2209
f 1913 1915 1923
f 2125 2127 2134
f 1963 1965 1972
f 1985 1987 1995
f 2219 2221 2226
f 2292 2294 2303
f 2162 2164 2175
f 2147 2149 2154
f 2003 2005 2013
f 2201 2203 2211
f 1910 1912 1921
f 1863 1870 1865
f 1809 1816 1811
f 1794 1800 1796
f 1830 1836 1832
f 1848 1854 1850
f 1886 1890 1888
f 2192 2196 2194
f 2318 2320 2322
f 2282 2284 2286
f 1904 1906 1908
f 2097 2104 2099
f 2043 2047 2045
f 1956 1958 1962
f 2066 2070 2068
f 2082 2088 2084
f 2138 2142 2140
f 1974 1980 1976
f 1992 1994 1998
f 2228 2230 2232
f 2295 2297 2299
f 2331 2329 2330
f 2327 2323 2324
f 2328 2326 2325
f 2334 2333 2332
f 2337 2336 2335
f 2346 2345 2344
f 2412 2409 2410
f 2499 2496 2497
f 2487 2485 2486
f 2436 2435 2434
f 2376 2374 2375
f 2372 2368 2369
f 2373 2371 2370
f 2379 2378 2377
f 2382 2381 2380
f 2396 2392 2393
f 2361 2360 2359
f 2418 2416 2415
f 2457 2456 2455
f 2463 2460 2461
f 2492 2488 2489
f 2402 2398 2399
f 2343 2340 2341
f 2433 2430 2431
f 2478 2475 2476
f 2406 2404 2405
f 2502 2501 2500
f 2484 2482 2481
f 2442 2440 2439
f 2349 2347 2348
f 2468 2464 2465
f 2387 2384 2383
f 2358 2355 2356
f 2421 2419 2420
f 2454 2451 2452
f 2472 2470 2471
f 2388 2385 2386
f 2364 2362 2363
f 2426 2423 2422
f 2448 2446 2445
f 2403 2401 2400
f 2342 2339 2338
f 2432 2429 2428
f 2477 2474 2473
f 2493 2491 2490
f 2462 2459 2458
f 2397 2395 2394
f 2367 2365 2366
f 2427 2424 2425
f 2447 2443 2444
f 2391 2390 2389
f 2357 2354 2353
f 2417 2413 2414
f 2453 2450 2449
f 2469 2467 2466
f 2411 2408 2407
f 2498 2495 2494
f 2483 2479 2480
f 2441 2437 2438
f 2352 2350 2351
f 2509 2511 2510
f 2503 2505 2504
f 2506 2507 2508
f 2512 2513 2514
f 2515 2516 2517
f 2518 2519 2520
f 2555 2556 2554
f 2541 2540 2539
f 2562 2561 2560
f 2522 2521 2523
f 2542 2544 2543
f 2528 2529 2527
f 2531 2530 2532
f 2545 2546 2547
f 2548 2549 2550
f 2551 2553 2552
f 2533 2534 2535
f 2537 2536 2538
f 2559 2557 2558
f 2526 2525 2524