v -0.375073 0.537728 -0.001577
v 0.375024 0.537529 -0.001383
v -0.384497 -0.590619 0.006927
v 0.384727 -0.590319 0.006692
v -0.000388 -0.450097 0.703417
v -0.000000 0.373614 0.668873
v 0.000026 -0.366510 -0.667464
v 0.000045 0.425200 -0.707496
v 0.672010 0.001680 -0.423696
v 0.690548 -0.000779 0.425857
v -0.672014 0.001675 -0.423696
v -0.690561 -0.000789 0.425863
v -0.000030 0.628944 -0.022893
v -0.219454 0.480584 0.350562
v -0.218722 0.654714 -0.442370
v -0.590489 0.339737 -0.223996
v -0.613827 0.347498 0.235818
v 0.219448 0.480578 0.350563
v 0.218177 0.654806 -0.442216
v 0.590675 0.339882 -0.223997
v 0.613813 0.347482 0.235808
v -0.000075 -0.692681 0.019415
v -0.251836 -0.682642 0.458315
v -0.222546 -0.544500 -0.357943
v -0.597465 -0.335407 -0.223738
v -0.610198 -0.356726 0.236924
v 0.250867 -0.682643 0.458747
v 0.222409 -0.544770 -0.357827
v 0.597595 -0.335282 -0.223805
v 0.610147 -0.356676 0.236933
v 0.000014 -0.003199 0.787419
v 0.382775 -0.232131 0.625363
v -0.383190 -0.232750 0.625373
v 0.390041 0.233149 0.634372
v -0.390048 0.233156 0.634387
v 0.000081 0.004347 -0.781397
v 0.384961 -0.230079 -0.631004
v -0.384964 -0.230065 -0.631010
v 0.393844 0.232781 -0.646861
v -0.394203 0.232749 -0.646947
v 0.791832 -0.000079 0.008169
v -0.791860 -0.000106 0.008187
v -0.176398 0.594644 -0.013674
v -0.306769 0.521697 0.155146
v -0.309075 0.580499 -0.189234
v -0.500486 0.480645 -0.102577
v -0.499324 0.459588 0.106938
v 0.176194 0.594772 -0.013618
v 0.306773 0.521665 0.155107
v 0.309248 0.580688 -0.189716
v 0.500501 0.480358 -0.102250
v 0.499328 0.459590 0.106881
v -0.202556 -0.687600 0.003919
v -0.320826 -0.597953 0.193644
v -0.347566 -0.659334 -0.182923
v -0.489249 -0.475513 -0.092246
v -0.506833 -0.495432 0.121083
v 0.202668 -0.687577 0.004030
v 0.320793 -0.597762 0.193750
v 0.347786 -0.659891 -0.183301
v 0.489653 -0.475123 -0.092363
v 0.506857 -0.495487 0.121165
v -0.146232 -0.672472 0.703837
v 0.145385 -0.672540 0.702960
v -0.000056 -0.229216 0.765637
v 0.188588 -0.365920 0.695225
v -0.188664 -0.366045 0.695080
v -0.108592 0.426041 0.541707
v 0.108597 0.426040 0.541699
v -0.000004 0.231806 0.750324
v 0.184252 0.327835 0.677364
v -0.184247 0.327831 0.677357
v -0.106230 -0.434204 -0.538024
v 0.106454 -0.434005 -0.537997
v -0.000004 -0.230248 -0.745746
v 0.182967 -0.321924 -0.677406
v -0.182955 -0.321962 -0.677379
v -0.132800 0.576118 -0.633161
v 0.133031 0.575974 -0.632800
v 0.000068 0.243593 -0.803150
v 0.193191 0.353112 -0.715796
v -0.193201 0.353335 -0.715860
v 0.661218 0.163061 -0.346635
v 0.658291 -0.168875 -0.345035
v 0.558794 -0.106959 -0.537035
v 0.560864 0.106285 -0.539367
v 0.742682 0.000717 -0.227740
v 0.678519 0.170617 0.347765
v 0.677945 -0.172700 0.348061
v 0.571145 -0.108662 0.540524
v 0.570189 0.107609 0.540474
v 0.769665 0.000018 0.238503
v -0.661289 0.163033 -0.346614
v -0.658255 -0.168887 -0.345012
v -0.558788 -0.106973 -0.537037
v -0.560921 0.106225 -0.539354
v -0.742707 0.000729 -0.227743
v -0.678556 0.170619 0.347786
v -0.677948 -0.172707 0.348019
v -0.571118 -0.108699 0.540454
v -0.570208 0.107610 0.540510
v -0.769680 0.000024 0.238495
v -0.093163 0.564677 0.147955
v -0.084693 0.646721 -0.213950
v 0.093152 0.564737 0.147933
v 0.084642 0.646610 -0.213772
v -0.435812 0.431908 0.319883
v 0.000003 0.498482 0.350941
v -0.329634 0.390820 0.523333
v -0.440952 0.516064 -0.348187
v 0.000079 0.708363 -0.448091
v -0.328408 0.450443 -0.550471
v -0.637615 0.355764 0.009954
v -0.507295 0.302513 -0.450420
v -0.724611 0.185289 -0.107349
v -0.525417 0.313571 0.456333
v -0.735428 0.190503 0.123191
v 0.435850 0.431902 0.319915
v 0.329658 0.390849 0.523355
v 0.441154 0.516059 -0.349319
v 0.328702 0.450589 -0.550616
v 0.637608 0.355813 0.009957
v 0.506995 0.302397 -0.450226
v 0.724627 0.185303 -0.107342
v 0.525436 0.313595 0.456347
v 0.735408 0.190502 0.123190
v -0.085809 -0.657639 0.218304
v -0.113441 -0.712524 -0.186346
v 0.086096 -0.657676 0.218305
v 0.112761 -0.712017 -0.185563
v -0.444140 -0.504786 0.349426
v 0.000007 -0.693133 0.466350
v -0.347238 -0.490204 0.575312
v -0.419587 -0.442724 -0.311137
v -0.000253 -0.564345 -0.365788
v -0.322954 -0.383205 -0.522657
v -0.639573 -0.356589 0.011473
v -0.515015 -0.301013 -0.456235
v -0.722944 -0.191192 -0.106521
v -0.518481 -0.319982 0.452036
v -0.734533 -0.194224 0.123393
v 0.444147 -0.504646 0.349466
v 0.347191 -0.490428 0.575512
v 0.419878 -0.442699 -0.311130
v 0.323222 -0.383187 -0.523167
v 0.639509 -0.356614 0.011513
v 0.514972 -0.301033 -0.456238
v 0.722984 -0.191207 -0.106495
v 0.518607 -0.319748 0.451794
v 0.734519 -0.194211 0.123392
v 0.212962 -0.114598 0.752977
v -0.212993 -0.114697 0.753197
v 0.212660 0.117694 0.747402
v -0.212669 0.117728 0.747422
v 0.410403 -0.000639 0.676395
v -0.410406 -0.000634 0.676354
v 0.209409 -0.120052 -0.742744
v -0.209269 -0.119924 -0.742523
v 0.219329 0.129727 -0.779908
v -0.219015 0.130126 -0.779428
v 0.407482 0.002870 -0.674973
v -0.407539 0.002803 -0.675044
v -0.289408 0.564141 -0.007139
v -0.345207 0.533736 0.068440
v -0.345916 0.553731 -0.080798
v -0.439007 0.517324 -0.045480
v -0.434301 0.506060 0.046325
v 0.289166 0.564015 -0.007110
v 0.345211 0.533644 0.068522
v 0.345525 0.553868 -0.081074
v 0.438834 0.517170 -0.045072
v 0.434320 0.506004 0.046332
v -0.308531 -0.638529 -0.000062
v -0.362535 -0.596156 0.085620
v -0.364382 -0.620936 -0.073056
v -0.434284 -0.544784 -0.036497
v -0.448287 -0.550671 0.059910
v 0.308265 -0.638423 -0.000281
v 0.362156 -0.596020 0.085849
v 0.364405 -0.620441 -0.073192
v 0.434141 -0.544543 -0.036684
v 0.448213 -0.550653 0.060022
v -0.058797 -0.533258 0.693159
v 0.058518 -0.533581 0.693031
v -0.000075 -0.349463 0.720994
v 0.086623 -0.416989 0.706201
v -0.086665 -0.416815 0.706336
v -0.049163 0.398357 0.618840
v 0.049151 0.398364 0.618860
v 0.000002 0.324921 0.711580
v 0.081161 0.358852 0.679481
v -0.081162 0.358859 0.679486
v -0.048934 -0.395332 -0.618411
v 0.049001 -0.395381 -0.618295
v 0.000000 -0.319794 -0.709979
v 0.081045 -0.350787 -0.677521
v -0.081065 -0.350838 -0.677509
v -0.056076 0.491209 -0.673877
v 0.056398 0.491433 -0.674632
v 0.000281 0.344533 -0.750152
v 0.087495 0.396460 -0.716087
v -0.087748 0.396860 -0.716114
v 0.674290 0.073438 -0.393865
v 0.672684 -0.072981 -0.392615
v 0.627941 -0.044651 -0.478703
v 0.628902 0.047157 -0.479744
v 0.708238 0.001276 -0.342491
v 0.693672 0.074971 0.395288
v 0.691359 -0.076897 0.395007
v 0.643065 -0.048663 0.481077
v 0.643973 0.046162 0.481231
v 0.731531 -0.000481 0.345711
v -0.674280 0.073457 -0.393871
v -0.672723 -0.072978 -0.392655
v -0.627932 -0.044656 -0.478703
v -0.628873 0.047164 -0.479734
v -0.708277 0.001262 -0.342492
v -0.693681 0.074972 0.395286
v -0.691353 -0.076882 0.395011
v -0.643089 -0.048649 0.481090
v -0.643969 0.046146 0.481246
v -0.731512 -0.000488 0.345697
v -0.058801 0.622886 -0.018458
v 0.058726 0.622799 -0.018322
v -0.032324 0.608967 0.040876
v -0.024418 0.640422 -0.090677
v 0.032349 0.608970 0.040875
v 0.024428 0.640335 -0.090574
v -0.265235 0.503106 0.250254
v -0.166720 0.453934 0.449642
v -0.156150 0.522176 0.251070
v -0.330982 0.459517 0.342599
v -0.108367 0.493655 0.351279
v -0.279138 0.437040 0.442967
v -0.274505 0.623106 -0.315264
v -0.187928 0.637992 -0.539699
v -0.157134 0.681687 -0.350197
v -0.379383 0.630522 -0.424913
v -0.155675 0.812037 -0.459339
v -0.291635 0.565247 -0.504701
v -0.546152 0.418750 -0.162695
v -0.634187 0.253530 -0.288191
v -0.509340 0.415168 -0.281291
v -0.622900 0.351602 -0.104374
v -0.552645 0.325164 -0.341377
v -0.666035 0.267368 -0.166204
v -0.560961 0.407593 0.172205
v -0.653208 0.267685 0.294399
v -0.531604 0.396893 0.283911
v -0.634798 0.354679 0.121985
v -0.576162 0.334230 0.348251
v -0.681923 0.277367 0.180442
v 0.265258 0.503098 0.250200
v 0.166718 0.453937 0.449653
v 0.156187 0.522217 0.251025
v 0.108380 0.493616 0.351303
v 0.330992 0.459526 0.342599
v 0.279147 0.437013 0.442979
v 0.275088 0.622916 -0.316259
v 0.188161 0.638188 -0.540561
v 0.156911 0.681619 -0.350158
v 0.155356 0.811887 -0.459459
v 0.378744 0.630533 -0.426875
v 0.291219 0.565293 -0.504420
v 0.546015 0.418684 -0.162885
v 0.634260 0.253524 -0.288083
v 0.508955 0.414897 -0.281943
v 0.622838 0.351533 -0.104233
v 0.553090 0.325199 -0.341490
v 0.666025 0.267404 -0.166116
v 0.560958 0.407616 0.172220
v 0.653221 0.267708 0.294404
v 0.531584 0.396901 0.283894
v 0.634797 0.354663 0.121943
v 0.576200 0.334238 0.348260
v 0.681940 0.277391 0.180450
v -0.091406 -0.694770 0.010757
v 0.091723 -0.694490 0.010521
v -0.032733 -0.682440 0.105518
v -0.056988 -0.689509 -0.064352
v 0.032496 -0.682439 0.105502
v 0.056790 -0.689675 -0.064383
v -0.273525 -0.605126 0.322254
v -0.233260 -0.783664 0.623442
v -0.153277 -0.641605 0.348647
v -0.343556 -0.574951 0.407724
v -0.126543 -0.731300 0.473489
v -0.321645 -0.619106 0.541503
v -0.293100 -0.626982 -0.283444
v -0.163476 -0.483308 -0.447313
v -0.176310 -0.658119 -0.291992
v -0.322861 -0.496766 -0.337433
v -0.112702 -0.562592 -0.364738
v -0.270574 -0.454086 -0.436509
v -0.545186 -0.404176 -0.155847
v -0.635763 -0.260545 -0.289118
v -0.512151 -0.388914 -0.273345
v -0.628476 -0.349142 -0.103335
v -0.562131 -0.320645 -0.345580
v -0.668752 -0.273190 -0.166114
v -0.560503 -0.431219 0.179800
v -0.651227 -0.269394 0.293658
v -0.530025 -0.430590 0.292475
v -0.633838 -0.360616 0.124108
v -0.571836 -0.344867 0.347780
v -0.680790 -0.280151 0.180560
v 0.273663 -0.605550 0.322242
v 0.232672 -0.784244 0.623071
v 0.153605 -0.641433 0.349060
v 0.127107 -0.731799 0.473751
v 0.343584 -0.574448 0.407531
v 0.321603 -0.619341 0.542036
v 0.292587 -0.627635 -0.283155
v 0.163433 -0.483441 -0.447351
v 0.175928 -0.658247 -0.291598
v 0.112858 -0.562438 -0.364695
v 0.323047 -0.496680 -0.337470
v 0.270264 -0.454360 -0.436145
v 0.544694 -0.404596 -0.155899
v 0.635765 -0.260531 -0.289151
v 0.512370 -0.389045 -0.273434
v 0.628520 -0.348961 -0.103359
v 0.562156 -0.320677 -0.345549
v 0.668738 -0.273158 -0.166133
v 0.560264 -0.430980 0.179725
v 0.651253 -0.269331 0.293621
v 0.530331 -0.430796 0.292322
v 0.633778 -0.360595 0.124101
v 0.571748 -0.344894 0.347806
v 0.680783 -0.280170 0.180572
v 0.000009 -0.115836 0.794023
v 0.000001 0.115619 0.778231
v 0.107780 -0.058325 0.776044
v -0.107764 -0.058472 0.776153
v 0.107807 0.056615 0.773392
v -0.107821 0.056661 0.773444
v 0.285443 -0.299853 0.662100
v 0.483820 -0.169445 0.589965
v 0.363431 -0.357640 0.595341
v 0.454807 -0.281978 0.545276
v 0.302022 -0.174047 0.694074
v 0.406018 -0.114961 0.665041
v -0.285631 -0.300021 0.662519
v -0.483874 -0.169576 0.590152
v -0.363180 -0.357802 0.595028
v -0.455252 -0.282020 0.545485
v -0.301763 -0.174303 0.693757
v -0.405877 -0.114993 0.665033
v 0.290090 0.285982 0.663142
v 0.484679 0.173122 0.594313
v 0.366294 0.327915 0.587430
v 0.463051 0.279192 0.552186
v 0.306537 0.177845 0.700126
v 0.404748 0.118399 0.664986
v -0.290069 0.285968 0.663105
v -0.484696 0.173127 0.594347
v -0.366285 0.327914 0.587429
v -0.463054 0.279202 0.552191
v -0.306563 0.177860 0.700191
v -0.404741 0.118416 0.664993
v -0.000001 -0.118922 -0.770968
v 0.000170 0.126938 -0.803933
v 0.106717 -0.058031 -0.768653
v -0.106689 -0.057920 -0.768374
v 0.109292 0.066753 -0.785033
v -0.109185 0.066607 -0.785173
v 0.286582 -0.280352 -0.660814
v 0.475636 -0.170704 -0.588042
v 0.361318 -0.317893 -0.587660
v 0.455274 -0.271578 -0.551616
v 0.303484 -0.178419 -0.695958
v 0.400806 -0.118516 -0.661050
v -0.286616 -0.280351 -0.660810
v -0.475607 -0.170694 -0.588013
v -0.361294 -0.317909 -0.587675
v -0.455307 -0.271568 -0.551620
v -0.303480 -0.178457 -0.695947
v -0.400799 -0.118553 -0.661043
v 0.294350 0.296081 -0.688637
v 0.483157 0.169113 -0.595941
v 0.360406 0.338393 -0.596985
v 0.454093 0.270846 -0.550942
v 0.314880 0.187113 -0.728418
v 0.404135 0.121145 -0.668883
v -0.294123 0.296180 -0.688608
v -0.483132 0.169198 -0.596068
v -0.360458 0.338682 -0.596605
v -0.453962 0.270719 -0.551159
v -0.315198 0.187258 -0.728890
v -0.404253 0.121185 -0.669237
v 0.774527 0.000078 -0.106823
v 0.786099 0.000011 0.122989
v 0.771330 0.094610 -0.048701
v 0.775633 0.096235 0.065518
v 0.767482 -0.097256 -0.048290
v 0.772240 -0.098345 0.065709
v -0.774513 0.000063 -0.106824
v -0.786057 0.000018 0.122998
v -0.771302 0.094599 -0.048681
v -0.775628 0.096216 0.065514
v -0.767479 -0.097278 -0.048297
v -0.772222 -0.098351 0.065708
v -0.241054 0.562785 0.071812
v -0.239085 0.588710 -0.099770
v -0.127664 0.588966 0.061926
v -0.119278 0.620354 -0.101311
v -0.409867 0.494230 0.139653
v -0.198436 0.546419 0.156468
v -0.373617 0.478382 0.238989
v -0.409691 0.531975 -0.152714
v -0.195325 0.619840 -0.211062
v -0.386662 0.569114 -0.277273
v -0.509890 0.470348 0.004198
v -0.466957 0.489381 -0.220858
v -0.570222 0.419470 -0.047727
v -0.474420 0.447780 0.212802
v -0.575625 0.415951 0.062101
v 0.240947 0.562870 0.071898
v 0.239269 0.589066 -0.099940
v 0.127614 0.588940 0.061969
v 0.119295 0.620353 -0.101068
v 0.409831 0.494236 0.139613
v 0.198520 0.546628 0.156471
v 0.373614 0.478426 0.238953
v 0.409936 0.532026 -0.152455
v 0.195554 0.620231 -0.211108
v 0.387543 0.569851 -0.278442
v 0.509957 0.470270 0.004269
v 0.466407 0.489368 -0.221317
v 0.570256 0.419418 -0.047629
v 0.474420 0.447776 0.212791
v 0.575573 0.416007 0.062127
v -0.252368 -0.630160 0.095936
v -0.299403 -0.750761 -0.085014
v -0.131365 -0.660718 0.100688
v -0.159436 -0.760418 -0.083317
v -0.438190 -0.562531 0.164741
v -0.201444 -0.629132 0.212887
v -0.390537 -0.562289 0.280298
v -0.407651 -0.544947 -0.137060
v -0.241043 -0.782305 -0.222219
v -0.371774 -0.533436 -0.240713
v -0.508702 -0.484622 0.014525
v -0.457465 -0.463486 -0.201538
v -0.572460 -0.416538 -0.041456
v -0.486392 -0.504108 0.232991
v -0.574132 -0.425531 0.068855
v 0.252536 -0.630110 0.095946
v 0.299200 -0.750670 -0.084610
v 0.130947 -0.660733 0.100694
v 0.159265 -0.758332 -0.083363
v 0.438216 -0.562568 0.164649
v 0.201330 -0.629367 0.213362
v 0.390534 -0.562518 0.280142
v 0.407648 -0.544861 -0.136846
v 0.239026 -0.783051 -0.221876
v 0.371513 -0.533433 -0.240625
v 0.508618 -0.484444 0.014383
v 0.457470 -0.463689 -0.201527
v 0.572455 -0.416450 -0.041332
v 0.486529 -0.504121 0.232867
v 0.574223 -0.425638 0.068865
v -0.000070 -0.626025 0.657602
v -0.179234 -0.510447 0.695937
v -0.069056 -0.702871 0.588646
v -0.290407 -0.620405 0.673539
v 0.178913 -0.510247 0.696034
v 0.068941 -0.702967 0.587905
v 0.289366 -0.620331 0.673913
v 0.096962 -0.293516 0.728242
v -0.097112 -0.293010 0.728563
v 0.105284 -0.170038 0.767700
v -0.105292 -0.170329 0.767724
v 0.280929 -0.442477 0.658816
v 0.199036 -0.235057 0.717860
v -0.280728 -0.442334 0.658180
v -0.199020 -0.234986 0.717703
v -0.000005 0.430688 0.542065
v -0.153349 0.386632 0.619296
v -0.055144 0.462695 0.450488
v -0.219697 0.412721 0.537547
v 0.153350 0.386634 0.619309
v 0.055155 0.462696 0.450497
v 0.219686 0.412718 0.537532
v 0.096980 0.283611 0.723609
v -0.096991 0.283631 0.723632
v 0.104901 0.175706 0.756676
v -0.104900 0.175716 0.756672
v 0.262371 0.363846 0.610049
v 0.202930 0.233719 0.719779
v -0.262367 0.363854 0.610038
v -0.202944 0.233703 0.719774
v -0.000036 -0.441118 -0.539005
v -0.151792 -0.380494 -0.619482
v -0.054694 -0.496646 -0.451919
v -0.214536 -0.413451 -0.533562
v 0.151802 -0.380553 -0.619538
v 0.054742 -0.496396 -0.452204
v 0.214623 -0.413457 -0.533598
v 0.096844 -0.280138 -0.721513
v -0.096859 -0.280123 -0.721536
v 0.104749 -0.177486 -0.755515
v -0.104715 -0.177488 -0.755469
v 0.257705 -0.352978 -0.608367
v 0.200225 -0.231801 -0.715922
v -0.257644 -0.353129 -0.608356
v -0.200229 -0.231761 -0.715962
v 0.000026 0.590311 -0.632745
v -0.170930 0.462051 -0.672002
v -0.069806 0.667762 -0.552249
v -0.237306 0.520641 -0.598581
v 0.170671 0.462328 -0.671751
v 0.070392 0.667492 -0.552161
v 0.237318 0.520687 -0.598886
v 0.105132 0.299174 -0.774193
v -0.105142 0.299181 -0.773549
v 0.114527 0.190481 -0.820442
v -0.114747 0.190391 -0.820604
v 0.267185 0.404864 -0.639873
v 0.220788 0.251553 -0.784959
v -0.266983 0.405165 -0.639638
v -0.220767 0.251663 -0.784627
v 0.615533 0.139973 -0.449065
v 0.710631 0.085121 -0.287185
v 0.595140 0.233848 -0.402959
v 0.694250 0.175762 -0.228119
v 0.612000 -0.143861 -0.446869
v 0.707662 -0.086072 -0.285766
v 0.593727 -0.242933 -0.404185
v 0.692060 -0.181154 -0.227114
v 0.569598 0.002067 -0.552951
v 0.539486 -0.212849 -0.503558
v 0.489506 -0.056123 -0.611711
v 0.543340 0.205616 -0.504705
v 0.489662 0.059057 -0.612579
v 0.745012 0.090877 -0.167576
v 0.741276 -0.093003 -0.166666
v 0.630800 0.146603 0.450175
v 0.735747 0.087957 0.292741
v 0.608758 0.248629 0.404467
v 0.716405 0.184602 0.237216
v 0.630504 -0.147668 0.449839
v 0.732504 -0.089808 0.293036
v 0.606023 -0.248162 0.401403
v 0.715369 -0.187392 0.237787
v 0.579793 -0.001653 0.557015
v 0.549699 -0.214648 0.500480
v 0.500049 -0.058738 0.619996
v 0.551672 0.216814 0.504811
v 0.498500 0.057079 0.619133
v 0.764044 0.094154 0.180501
v 0.760742 -0.095962 0.180950
v -0.615561 0.139938 -0.449054
v -0.710630 0.085152 -0.287207
v -0.595079 0.233885 -0.403053
v -0.694181 0.175737 -0.228095
v -0.611983 -0.143851 -0.446865
v -0.707635 -0.086091 -0.285739
v -0.593718 -0.242909 -0.404203
v -0.692093 -0.181177 -0.227123
v -0.569573 0.002091 -0.552955
v -0.539440 -0.212837 -0.503549
v -0.489509 -0.056108 -0.611714
v -0.543339 0.205511 -0.504736
v -0.489704 0.058999 -0.612557
v -0.745009 0.090900 -0.167567
v -0.741256 -0.093021 -0.166670
v -0.630790 0.146595 0.450165
v -0.735748 0.087952 0.292740
v -0.608767 0.248646 0.404486
v -0.716421 0.184596 0.237220
v -0.630487 -0.147714 0.449831
v -0.732497 -0.089813 0.293053
v -0.606068 -0.248191 0.401413
v -0.715452 -0.187413 0.237805
v -0.579794 -0.001645 0.557006
v -0.549829 -0.214676 0.500530
v -0.500009 -0.058725 0.619926
v -0.551640 0.216793 0.504777
v -0.498488 0.057101 0.619125
v -0.764044 0.094143 0.180495
v -0.760731 -0.095973 0.180935
v -0.000019 0.572196 0.141150
v -0.050971 0.533340 0.247985
v -0.000061 0.657780 -0.208910
v -0.055517 0.691161 -0.341100
v 0.050982 0.533303 0.247998
v 0.055415 0.691761 -0.340843
v -0.387894 0.413168 0.425563
v -0.487167 0.380801 0.393563
v -0.432338 0.359136 0.496287
v -0.392692 0.495696 -0.460046
v -0.467375 0.404897 -0.395993
v -0.417693 0.376444 -0.500043
v -0.688776 0.276945 -0.047285
v -0.693953 0.280634 0.066557
v -0.740734 0.190775 0.009093
v 0.387902 0.413168 0.425562
v 0.487169 0.380809 0.393549
v 0.432347 0.359133 0.496293
v 0.391612 0.495203 -0.459453
v 0.467449 0.404456 -0.396021
v 0.417722 0.376141 -0.499947
v 0.688785 0.276965 -0.047273
v 0.693984 0.280654 0.066521
v 0.740742 0.190768 0.009065
v 0.000198 -0.672590 0.221069
v -0.050201 -0.674162 0.346309
v 0.000054 -0.653623 -0.160257
v -0.058611 -0.628267 -0.273924
v 0.050341 -0.674261 0.346394
v 0.058822 -0.628659 -0.273529
v -0.394506 -0.501551 0.464793
v -0.484813 -0.420644 0.403560
v -0.428200 -0.396538 0.506725
v -0.373955 -0.414196 -0.417547
v -0.476788 -0.368949 -0.391972
v -0.423106 -0.345470 -0.495630
v -0.690849 -0.281527 -0.047315
v -0.694489 -0.284358 0.066680
v -0.739706 -0.195811 0.009336
v 0.394478 -0.501461 0.465021
v 0.484883 -0.420534 0.403567
v 0.427892 -0.396454 0.506309
v 0.374015 -0.413970 -0.417508
v 0.476728 -0.368871 -0.391979
v 0.423077 -0.345450 -0.495660
v 0.690833 -0.281537 -0.047323
v 0.694505 -0.284358 0.066656
v 0.739696 -0.195788 0.009335
v 0.215148 -0.001130 0.756729
v 0.315942 -0.058176 0.723222
v -0.215157 -0.001111 0.756673
v -0.315929 -0.058184 0.723271
v 0.314848 0.058258 0.720885
v -0.314849 0.058300 0.720852
v 0.211922 0.004406 -0.753198
v 0.310509 -0.058680 -0.713243
v -0.212025 0.004285 -0.753652
v -0.310774 -0.058638 -0.713331
v 0.312986 0.065273 -0.722819
v -0.312676 0.065391 -0.722431
v -0.339111 0.550197 -0.003061
v -0.362514 0.536972 0.029959
v -0.364283 0.545252 -0.035137
v -0.404933 0.529889 -0.020241
v -0.403034 0.525079 0.020011
v 0.338953 0.550133 -0.002843
v 0.362462 0.536874 0.030024
v 0.364117 0.545090 -0.034882
v 0.404885 0.529682 -0.020069
v 0.402962 0.524995 0.020026
v -0.351898 -0.612590 0.004247
v -0.376045 -0.593625 0.040823
v -0.374098 -0.602188 -0.028894
v -0.407653 -0.572527 -0.012336
v -0.411954 -0.571759 0.030476
v 0.351848 -0.612491 0.004121
v 0.376216 -0.593879 0.040704
v 0.374056 -0.601808 -0.028311
v 0.407607 -0.571896 -0.012257
v 0.412335 -0.571882 0.030229
v -0.025001 -0.486668 0.699008
v 0.024492 -0.486312 0.698285
v 0.000032 -0.405438 0.710144
v 0.039099 -0.436055 0.705638
v -0.038697 -0.436207 0.705479
v -0.021810 0.385483 0.648970
v 0.021806 0.385487 0.648972
v -0.000001 0.355321 0.689670
v 0.035582 0.368202 0.675111
v -0.035584 0.368202 0.675111
v -0.021804 -0.379719 -0.648471
v 0.021887 -0.379757 -0.648461
v -0.000023 -0.348959 -0.688817
v 0.035597 -0.360737 -0.673600
v -0.035604 -0.360758 -0.673602
v -0.024029 0.454161 -0.692656
v 0.024435 0.454052 -0.692513
v -0.000262 0.389415 -0.725062
v 0.038580 0.413210 -0.711604
v -0.038492 0.413258 -0.711762
v 0.676709 0.033432 -0.412879
v 0.676004 -0.030530 -0.412166
v 0.655465 -0.018156 -0.449767
v 0.655879 0.021586 -0.450276
v 0.691276 0.001712 -0.390482
v 0.695504 0.032543 0.414441
v 0.694126 -0.034134 0.414226
v 0.672416 -0.021667 0.452024
v 0.673091 0.019702 0.452113
v 0.709897 -0.000590 0.391609
v -0.676681 0.033420 -0.412884
v -0.675994 -0.030517 -0.412160
v -0.655442 -0.018136 -0.449752
v -0.655859 0.021573 -0.450265
v -0.691238 0.001682 -0.390450
v -0.695519 0.032532 0.414446
v -0.694124 -0.034142 0.414239
v -0.672415 -0.021661 0.452026
v -0.673101 0.019682 0.452122
v -0.709915 -0.000601 0.391615
v -0.028286 0.627276 -0.021873
v 0.028247 0.627232 -0.021825
v -0.015178 0.619633 0.008431
v -0.013059 0.635187 -0.055937
v 0.015188 0.619673 0.008442
v 0.013043 0.635164 -0.055894
v -0.243030 0.492333 0.300009
v -0.193740 0.467287 0.400268
v -0.187776 0.501441 0.301233
v -0.274918 0.470382 0.347156
v -0.163484 0.487905 0.351188
v -0.250169 0.458918 0.398078
v -0.251161 0.643132 -0.380602
v -0.206098 0.662876 -0.494026
v -0.198146 0.694129 -0.401520
v -0.292921 0.627117 -0.425615
v -0.216893 0.791323 -0.472869
v -0.262133 0.616668 -0.475427
v -0.568127 0.380563 -0.193244
v -0.613329 0.297266 -0.255863
v -0.550434 0.376320 -0.252961
v -0.607502 0.345666 -0.163977
v -0.572963 0.333069 -0.283529
v -0.629902 0.304121 -0.195310
v -0.588772 0.379177 0.204521
v -0.635550 0.310686 0.265783
v -0.574991 0.375016 0.261355
v -0.626002 0.351275 0.178657
v -0.597992 0.343012 0.292741
v -0.649841 0.315090 0.208632
v 0.243021 0.492320 0.300032
v 0.193758 0.467306 0.400294
v 0.187783 0.501328 0.301247
v 0.163526 0.487909 0.351224
v 0.274896 0.470376 0.347149
v 0.250178 0.458941 0.398077
v 0.250948 0.643210 -0.381124
v 0.206054 0.662857 -0.494058
v 0.197748 0.694141 -0.401384
v 0.217155 0.791511 -0.472552
v 0.293000 0.626318 -0.426103
v 0.261661 0.616103 -0.475470
v 0.568931 0.381116 -0.193075
v 0.613410 0.297154 -0.255840
v 0.550125 0.376085 -0.252693
v 0.607287 0.345501 -0.164137
v 0.572332 0.333297 -0.283508
v 0.629919 0.304013 -0.195352
v 0.588775 0.379174 0.204519
v 0.635541 0.310700 0.265778
v 0.574991 0.375010 0.261349
v 0.626002 0.351267 0.178649
v 0.598000 0.343004 0.292737
v 0.649828 0.315112 0.208629
v -0.044612 -0.692418 0.015687
v 0.044440 -0.692718 0.015772
v -0.018972 -0.688255 0.061350
v -0.024856 -0.691008 -0.023259
v 0.019000 -0.688216 0.061266
v 0.025230 -0.690950 -0.023415
v -0.251918 -0.618535 0.397633
v -0.267872 -0.772907 0.530584
v -0.198815 -0.662304 0.409162
v -0.292915 -0.614639 0.441329
v -0.199133 -0.761285 0.465599
v -0.294609 -0.666303 0.506334
v -0.255511 -0.583815 -0.318985
v -0.192617 -0.511802 -0.402362
v -0.200509 -0.600697 -0.325156
v -0.273591 -0.521874 -0.347732
v -0.168659 -0.557567 -0.363296
v -0.245650 -0.495466 -0.395596
v -0.572123 -0.369747 -0.189523
v -0.618787 -0.299537 -0.257356
v -0.555858 -0.362520 -0.249774
v -0.613646 -0.342333 -0.162992
v -0.580648 -0.328101 -0.285138
v -0.635278 -0.306205 -0.195673
v -0.585811 -0.395329 0.208424
v -0.631883 -0.314450 0.265270
v -0.570698 -0.393651 0.264749
v -0.623698 -0.359361 0.180522
v -0.594121 -0.353133 0.292996
v -0.647142 -0.319149 0.208866
v 0.252233 -0.618504 0.397981
v 0.267459 -0.773054 0.530503
v 0.199232 -0.662477 0.409461
v 0.199717 -0.761310 0.465578
v 0.293149 -0.614622 0.441372
v 0.294902 -0.666397 0.506631
v 0.254980 -0.584142 -0.318807
v 0.192625 -0.512030 -0.401904
v 0.200429 -0.600974 -0.324886
v 0.168259 -0.557765 -0.363295
v 0.273575 -0.522017 -0.347730
v 0.245298 -0.495591 -0.395385
v 0.572188 -0.369772 -0.189488
v 0.618841 -0.299519 -0.257370
v 0.556033 -0.362392 -0.249758
v 0.613677 -0.342227 -0.163010
v 0.580687 -0.328079 -0.285101
v 0.635309 -0.306175 -0.195666
v 0.586056 -0.395470 0.208476
v 0.631889 -0.314420 0.265269
v 0.570873 -0.393587 0.264585
v 0.623651 -0.359346 0.180497
v 0.594119 -0.353084 0.293010
v 0.647103 -0.319172 0.208885
v 0.000054 -0.059250 0.787187
v -0.000024 0.055327 0.784123
v 0.054009 -0.030423 0.783186
v -0.054088 -0.030412 0.783078
v 0.054050 0.026471 0.782131
v -0.054027 0.026477 0.782109
v 0.333800 -0.265895 0.643647
v 0.433345 -0.200768 0.607477
v 0.372851 -0.294273 0.608966
v 0.420267 -0.258992 0.587227
v 0.343664 -0.204234 0.660794
v 0.394665 -0.173005 0.644877
v -0.333917 -0.266388 0.643767
v -0.433003 -0.200264 0.607312
v -0.372359 -0.294323 0.608591
v -0.420712 -0.258773 0.587138
v -0.343515 -0.204159 0.660756
v -0.394966 -0.173118 0.645314
v 0.340854 0.260888 0.650587
v 0.438314 0.204170 0.616079
v 0.379519 0.284449 0.613017
v 0.427964 0.257580 0.595412
v 0.349703 0.206635 0.669582
v 0.398500 0.177135 0.651886
v -0.340860 0.260902 0.650594
v -0.438285 0.204120 0.616030
v -0.379526 0.284458 0.613028
v -0.427971 0.257582 0.595409
v -0.349711 0.206644 0.669611
v -0.398501 0.177132 0.651888
v -0.000009 -0.057360 -0.774882
v 0.000199 0.066339 -0.790671
v 0.053509 -0.026937 -0.776062
v -0.053928 -0.026334 -0.775960
v 0.054208 0.035435 -0.783889
v -0.054191 0.035520 -0.784137
v 0.337090 -0.256860 -0.648121
v 0.431381 -0.201597 -0.611148
v 0.374644 -0.277956 -0.611527
v 0.421854 -0.253026 -0.593503
v 0.346277 -0.205970 -0.666451
v 0.393642 -0.176313 -0.647645
v -0.337139 -0.256853 -0.648150
v -0.431389 -0.201593 -0.611179
v -0.374658 -0.277896 -0.611490
v -0.421866 -0.252959 -0.593516
v -0.346280 -0.205960 -0.666480
v -0.393631 -0.176346 -0.647654
v 0.343546 0.264172 -0.667655
v 0.440598 0.200899 -0.622433
v 0.376696 0.285137 -0.621360
v 0.424750 0.252562 -0.599020
v 0.357766 0.211272 -0.690912
v 0.403469 0.178919 -0.663722
v -0.343783 0.264532 -0.668176
v -0.440659 0.200973 -0.622568
v -0.376708 0.285089 -0.621498
v -0.424364 0.252398 -0.599041
v -0.358033 0.211275 -0.691081
v -0.403367 0.178862 -0.663787
v 0.786555 -0.000045 -0.048481
v 0.789925 -0.000121 0.065148
v 0.787498 0.047644 -0.020043
v 0.787657 0.048077 0.036702
v 0.785076 -0.048589 -0.019818
v 0.785159 -0.049012 0.036875
v -0.786497 -0.000074 -0.048467
v -0.789890 -0.000098 0.065131
v -0.787453 0.047615 -0.020040
v -0.787700 0.048067 0.036711
v -0.785045 -0.048606 -0.019817
v -0.785151 -0.049016 0.036865
v -0.235028 0.580237 -0.010486
v -0.114719 0.609985 -0.015741
v -0.208143 0.580666 0.029519
v -0.206411 0.592712 -0.055627
v -0.149078 0.594481 0.024818
v -0.145796 0.607898 -0.056511
v -0.326374 0.528566 0.110498
v -0.286617 0.513412 0.202036
v -0.273911 0.542704 0.113527
v -0.359064 0.508013 0.149275
v -0.253095 0.534939 0.157483
v -0.340335 0.500499 0.197171
v -0.326936 0.565296 -0.132450
v -0.292239 0.600387 -0.250704
v -0.273296 0.584826 -0.144849
v -0.361419 0.556926 -0.172878
v -0.253095 0.601476 -0.202173
v -0.346462 0.575238 -0.233760
v -0.471484 0.501367 -0.073430
v -0.524246 0.452901 -0.132537
v -0.456124 0.506182 -0.128639
v -0.509038 0.476030 -0.047866
v -0.483714 0.483690 -0.160393
v -0.536171 0.450582 -0.075629
v -0.466767 0.483774 0.075681
v -0.531057 0.434272 0.139432
v -0.455909 0.477717 0.125177
v -0.506862 0.465047 0.055442
v -0.488611 0.454029 0.159415
v -0.539040 0.439126 0.085612
v 0.234974 0.580051 -0.010280
v 0.114639 0.610049 -0.015654
v 0.208162 0.580686 0.029523
v 0.206576 0.592458 -0.055413
v 0.149052 0.594517 0.024878
v 0.145708 0.607902 -0.056571
v 0.326390 0.528479 0.110520
v 0.286674 0.513478 0.202007
v 0.273705 0.542322 0.113472
v 0.359054 0.507998 0.149250
v 0.253106 0.534839 0.157465
v 0.340335 0.500536 0.197130
v 0.327375 0.565615 -0.132932
v 0.292629 0.600435 -0.251677
v 0.273731 0.585068 -0.144941
v 0.361461 0.557173 -0.173350
v 0.253817 0.601927 -0.202538
v 0.346871 0.575764 -0.234535
v 0.471491 0.501143 -0.073059
v 0.524252 0.452713 -0.132368
v 0.455859 0.506156 -0.128662
v 0.509024 0.475948 -0.047617
v 0.483214 0.483336 -0.160524
v 0.536214 0.450512 -0.075398
v 0.466755 0.483696 0.075595
v 0.531032 0.434311 0.139402
v 0.455921 0.477739 0.125088
v 0.506839 0.464962 0.055410
v 0.488619 0.454033 0.159407
v 0.539030 0.439155 0.085568
v -0.258504 -0.667918 0.001912
v -0.144488 -0.694276 0.005735
v -0.222457 -0.651783 0.045763
v -0.244924 -0.718960 -0.038625
v -0.162275 -0.666455 0.047854
v -0.184018 -0.727435 -0.038259
v -0.343504 -0.597285 0.137298
v -0.297408 -0.600066 0.254907
v -0.285557 -0.613313 0.145931
v -0.380752 -0.580931 0.180009
v -0.261589 -0.614022 0.204784
v -0.357337 -0.581991 0.238647
v -0.356634 -0.642891 -0.125063
v -0.338888 -0.664732 -0.247578
v -0.332709 -0.717105 -0.142480
v -0.374959 -0.595352 -0.158922
v -0.319737 -0.738989 -0.210225
v -0.360245 -0.596164 -0.214130
v -0.461437 -0.511170 -0.063424
v -0.517127 -0.439860 -0.123236
v -0.447650 -0.507772 -0.115475
v -0.501560 -0.479773 -0.038305
v -0.474258 -0.470243 -0.146669
v -0.531019 -0.445204 -0.067328
v -0.478731 -0.524469 0.091129
v -0.534704 -0.464720 0.150933
v -0.474792 -0.530756 0.144681
v -0.509910 -0.489900 0.067538
v -0.499901 -0.500678 0.176506
v -0.539777 -0.460150 0.095658
v 0.258667 -0.668381 0.002290
v 0.144772 -0.694155 0.005959
v 0.222032 -0.651467 0.045557
v 0.245155 -0.718971 -0.038421
v 0.162134 -0.666307 0.047612
v 0.183377 -0.727424 -0.037887
v 0.343964 -0.597219 0.137404
v 0.297170 -0.599782 0.255059
v 0.286129 -0.613479 0.145693
v 0.380946 -0.581246 0.180255
v 0.261682 -0.613674 0.205036
v 0.357248 -0.582120 0.238597
v 0.356736 -0.643056 -0.124864
v 0.338728 -0.665099 -0.247728
v 0.332422 -0.717496 -0.142132
v 0.375079 -0.595753 -0.158970
v 0.319507 -0.739837 -0.210108
v 0.360061 -0.596627 -0.213892
v 0.461153 -0.511317 -0.063265
v 0.517144 -0.439907 -0.123257
v 0.447549 -0.508146 -0.115467
v 0.501689 -0.479961 -0.038509
v 0.474234 -0.470483 -0.146768
v 0.531035 -0.445444 -0.067597
v 0.479037 -0.524247 0.091066
v 0.534887 -0.464936 0.150779
v 0.474655 -0.530878 0.144665
v 0.509945 -0.489888 0.067486
v 0.499737 -0.500735 0.176350
v 0.539745 -0.460163 0.095651
v -0.099527 -0.591164 0.690285
v -0.191364 -0.749288 0.680068
v -0.070693 -0.638524 0.668046
v -0.167968 -0.589365 0.699392
v -0.107765 -0.700487 0.649385
v -0.224065 -0.660904 0.698585
v 0.098707 -0.591156 0.689872
v 0.190016 -0.750985 0.679357
v 0.069981 -0.638732 0.667988
v 0.167739 -0.589876 0.699448
v 0.107170 -0.701205 0.648889
v 0.223125 -0.661825 0.698604
v 0.000122 -0.289631 0.737642
v 0.000107 -0.173329 0.823621
v 0.049470 -0.259470 0.745297
v -0.049622 -0.259440 0.745641
v 0.051647 -0.201186 0.773174
v -0.051672 -0.200927 0.773162
v 0.138071 -0.393650 0.703573
v 0.237219 -0.333743 0.680588
v 0.184628 -0.435912 0.693422
v 0.142952 -0.328362 0.711913
v 0.234860 -0.404651 0.678751
v 0.193053 -0.298934 0.703543
v -0.137994 -0.393787 0.703458
v -0.237651 -0.333661 0.680545
v -0.184402 -0.436041 0.693401
v -0.142642 -0.328326 0.711745
v -0.234952 -0.404011 0.678915
v -0.193177 -0.299169 0.703512
v -0.078624 0.412070 0.582820
v -0.138056 0.439959 0.496745
v -0.054023 0.429438 0.541916
v -0.132572 0.407320 0.582958
v -0.082599 0.444644 0.497896
v -0.164160 0.420654 0.541190
v 0.078624 0.412057 0.582808
v 0.138066 0.439958 0.496764
v 0.054015 0.429445 0.541900
v 0.132572 0.407323 0.582974
v 0.082597 0.444642 0.497900
v 0.164165 0.420654 0.541186
v -0.000001 0.282429 0.731582
v 0.000005 0.175635 0.767070
v 0.049599 0.257905 0.738667
v -0.049612 0.257909 0.738726
v 0.051631 0.204084 0.755916
v -0.051640 0.204096 0.755981
v 0.131426 0.344663 0.679745
v 0.237693 0.308183 0.671970
v 0.170360 0.360685 0.650002
v 0.141890 0.307048 0.703436
v 0.224377 0.346412 0.645819
v 0.194957 0.285039 0.700467
v -0.131425 0.344670 0.679745
v -0.237668 0.308168 0.671920
v -0.170361 0.360685 0.650001
v -0.141886 0.307039 0.703405
v -0.224370 0.346376 0.645803
v -0.194956 0.285051 0.700442
v -0.077733 -0.413290 -0.581633
v -0.135052 -0.457717 -0.492899
v -0.053138 -0.439586 -0.538591
v -0.130520 -0.406161 -0.581013
v -0.081064 -0.464602 -0.494592
v -0.160195 -0.425456 -0.536392
v 0.077633 -0.413284 -0.581189
v 0.135178 -0.457617 -0.493502
v 0.052835 -0.439545 -0.538762
v 0.130588 -0.406092 -0.580715
v 0.081195 -0.464379 -0.495370
v 0.160046 -0.425354 -0.536572
v -0.000005 -0.279515 -0.728856
v 0.000016 -0.176294 -0.761012
v 0.049600 -0.255284 -0.735162
v -0.049612 -0.255265 -0.735164
v 0.051657 -0.203769 -0.751664
v -0.051642 -0.203760 -0.751679
v 0.131102 -0.338213 -0.679495
v 0.235127 -0.302528 -0.671062
v 0.169315 -0.353784 -0.651293
v 0.141122 -0.301956 -0.701771
v 0.221703 -0.338122 -0.645801
v 0.193044 -0.281015 -0.698408
v -0.131080 -0.338265 -0.679465
v -0.235137 -0.302543 -0.671042
v -0.169274 -0.353807 -0.651286
v -0.141135 -0.301945 -0.701755
v -0.221670 -0.338117 -0.645802
v -0.193067 -0.281004 -0.698417
v -0.092760 0.532208 -0.654077
v -0.166292 0.611788 -0.596075
v -0.066406 0.586050 -0.632020
v -0.155150 0.518976 -0.654226
v -0.104717 0.630557 -0.603044
v -0.195407 0.556869 -0.627637
v 0.093119 0.532309 -0.654690
v 0.166660 0.611485 -0.596531
v 0.066778 0.586223 -0.632127
v 0.154978 0.518889 -0.653942
v 0.104636 0.630284 -0.603095
v 0.195854 0.556977 -0.627773
v 0.000013 0.296526 -0.778037
v -0.000138 0.186794 -0.814019
v 0.054328 0.271422 -0.790593
v -0.054292 0.271592 -0.791190
v 0.056696 0.217098 -0.815129
v -0.056794 0.216966 -0.815249
v 0.139983 0.376402 -0.718043
v 0.245169 0.326256 -0.706381
v 0.181645 0.406202 -0.690569
v 0.151391 0.326586 -0.748120
v 0.232480 0.379756 -0.680355
v 0.207628 0.303176 -0.749838
v -0.140224 0.376564 -0.718353
v -0.244615 0.326320 -0.705722
v -0.181569 0.406600 -0.690771
v -0.152085 0.326557 -0.749045
v -0.231874 0.379979 -0.679648
v -0.208021 0.303389 -0.750278
v 0.669179 0.117438 -0.371628
v 0.650025 0.208757 -0.318824
v 0.639725 0.152821 -0.399741
v 0.687373 0.124750 -0.316625
v 0.630769 0.199402 -0.375792
v 0.677950 0.170004 -0.288208
v 0.666487 -0.120122 -0.369863
v 0.648638 -0.216886 -0.318487
v 0.636082 -0.157761 -0.397643
v 0.684468 -0.127895 -0.314981
v 0.627776 -0.207493 -0.374838
v 0.675643 -0.175713 -0.287083
v 0.595086 -0.074704 -0.508083
v 0.518291 -0.139134 -0.563300
v 0.585729 -0.126633 -0.492660
v 0.566314 -0.052128 -0.548193
v 0.549449 -0.161017 -0.521726
v 0.525885 -0.082855 -0.575561
v 0.596234 0.075710 -0.509464
v 0.522998 0.137638 -0.568264
v 0.588588 0.124246 -0.494823
v 0.566583 0.054756 -0.549088
v 0.553874 0.156701 -0.525022
v 0.526874 0.083977 -0.577215
v 0.724918 0.000985 -0.286955
v 0.759807 0.000417 -0.166994
v 0.730040 0.043947 -0.257845
v 0.728232 -0.043240 -0.257033
v 0.747800 0.045242 -0.197707
v 0.745739 -0.045112 -0.197075
v 0.687463 0.121715 0.372461
v 0.667746 0.220429 0.321874
v 0.655976 0.160256 0.400393
v 0.709542 0.129936 0.320099
v 0.645316 0.210550 0.376268
v 0.698967 0.178548 0.293223
v 0.685668 -0.123731 0.372536
v 0.666506 -0.221709 0.321468
v 0.655586 -0.161853 0.400424
v 0.707424 -0.132222 0.320479
v 0.644207 -0.211259 0.375184
v 0.698264 -0.181104 0.293744
v 0.608904 -0.078156 0.511135
v 0.529739 -0.139212 0.567476
v 0.601957 -0.129681 0.496120
v 0.577083 -0.055340 0.552230
v 0.562271 -0.161716 0.522847
v 0.537579 -0.084888 0.582513
v 0.609294 0.075901 0.511340
v 0.528391 0.140261 0.568259
v 0.601576 0.128724 0.496327
v 0.577116 0.052754 0.552478
v 0.561873 0.162685 0.524528
v 0.536364 0.083716 0.582351
v 0.751120 -0.000338 0.293414
v 0.778322 0.000003 0.181090
v 0.757374 0.044771 0.265844
v 0.755265 -0.045736 0.266192
v 0.771408 0.046584 0.209629
v 0.769057 -0.047193 0.209949
v -0.669169 0.117443 -0.371598
v -0.650072 0.208766 -0.318876
v -0.639760 0.152782 -0.399725
v -0.687386 0.124755 -0.316623
v -0.630755 0.199382 -0.375849
v -0.677925 0.169986 -0.288201
v -0.666474 -0.120115 -0.369866
v -0.648622 -0.216866 -0.318491
v -0.636056 -0.157754 -0.397634
v -0.684473 -0.127913 -0.315002
v -0.627757 -0.207476 -0.374841
v -0.675674 -0.175729 -0.287098
v -0.595053 -0.074702 -0.508071
v -0.518282 -0.139136 -0.563294
v -0.585729 -0.126633 -0.492666
v -0.566330 -0.052124 -0.548201
v -0.549454 -0.161030 -0.521756
v -0.525876 -0.082861 -0.575548
v -0.596235 0.075679 -0.509424
v -0.522943 0.137594 -0.568222
v -0.588582 0.124224 -0.494813
v -0.566603 0.054736 -0.549057
v -0.553801 0.156728 -0.525006
v -0.526947 0.083931 -0.577241
v -0.724970 0.000965 -0.286965
v -0.759769 0.000411 -0.166992
v -0.730094 0.043971 -0.257850
v -0.728225 -0.043255 -0.257040
v -0.747748 0.045232 -0.197689
v -0.745724 -0.045122 -0.197079
v -0.687467 0.121712 0.372462
v -0.667754 0.220429 0.321888
v -0.655946 0.160238 0.400375
v -0.709527 0.129924 0.320110
v -0.645312 0.210541 0.376280
v -0.698961 0.178540 0.293225
v -0.685683 -0.123726 0.372507
v -0.666465 -0.221757 0.321476
v -0.655577 -0.161887 0.400388
v -0.707429 -0.132186 0.320466
v -0.644174 -0.211293 0.375249
v -0.698275 -0.181064 0.293707
v -0.608880 -0.078158 0.511121
v -0.529735 -0.139239 0.567426
v -0.601926 -0.129731 0.496096
v -0.577087 -0.055343 0.552245
v -0.562295 -0.161721 0.522842
v -0.537602 -0.084920 0.582538
v -0.609283 0.075884 0.511351
v -0.528399 0.140267 0.568307
v -0.601565 0.128700 0.496322
v -0.577097 0.052743 0.552478
v -0.561862 0.162655 0.524501
v -0.536343 0.083705 0.582355
v -0.751151 -0.000344 0.293408
v -0.778321 0.000015 0.181078
v -0.757374 0.044767 0.265837
v -0.755263 -0.045745 0.266182
v -0.771384 0.046576 0.209617
v -0.769044 -0.047204 0.209945
v -0.061439 0.587522 0.093532
v -0.124516 0.543474 0.199994
v -0.110282 0.578667 0.102169
v -0.144639 0.556443 0.152962
v -0.044926 0.570938 0.142526
v -0.073333 0.549769 0.196874
v -0.049696 0.641959 -0.146269
v -0.118492 0.656896 -0.281558
v -0.100039 0.632451 -0.153341
v -0.137504 0.634977 -0.214818
v -0.040280 0.655151 -0.210797
v -0.069996 0.666385 -0.279057
v 0.061461 0.587500 0.093512
v 0.124479 0.543756 0.199935
v 0.110320 0.578734 0.102226
v 0.144614 0.556433 0.152936
v 0.044965 0.570873 0.142586
v 0.073336 0.549695 0.196925
v 0.049694 0.641984 -0.146469
v 0.118640 0.657112 -0.281607
v 0.100239 0.632512 -0.153239
v 0.137983 0.635614 -0.214940
v 0.040224 0.655162 -0.210874
v 0.069900 0.666502 -0.279158
v -0.383974 0.446275 0.332649
v -0.485663 0.415912 0.303883
v -0.405706 0.455426 0.280044
v -0.457079 0.440578 0.266720
v -0.412980 0.422885 0.373303
v -0.462941 0.407233 0.357682
v -0.054015 0.497592 0.351189
v 0.053993 0.497602 0.351184
v -0.027372 0.480538 0.401198
v 0.027363 0.480551 0.401190
v -0.026311 0.515927 0.299624
v 0.026277 0.515899 0.299625
v -0.306169 0.414861 0.485285
v -0.349577 0.362561 0.557273
v -0.275189 0.402845 0.531806
v -0.297204 0.378265 0.568737
v -0.360224 0.402587 0.475820
v -0.381718 0.375836 0.510984
v -0.446064 0.605469 -0.399844
v -0.469000 0.459228 -0.311811
v -0.424231 0.554674 -0.317957
v -0.452770 0.500275 -0.283578
v -0.424408 0.516101 -0.409806
v -0.448273 0.458544 -0.370188
v -0.076729 0.722002 -0.447273
v 0.076522 0.722061 -0.447266
v -0.036772 0.695448 -0.500319
v 0.036189 0.695376 -0.500287
v -0.033408 0.709151 -0.395089
v 0.033555 0.708068 -0.395561
v -0.312235 0.508794 -0.528682
v -0.344481 0.394056 -0.573097
v -0.282318 0.485505 -0.574162
v -0.298443 0.428266 -0.596174
v -0.359779 0.472566 -0.504909
v -0.373524 0.414064 -0.526052
v -0.632007 0.354066 -0.046651
v -0.638812 0.356229 0.065882
v -0.604429 0.388305 -0.018909
v -0.607655 0.387911 0.036712
v -0.664765 0.318455 -0.018172
v -0.667748 0.320167 0.038360
v -0.531074 0.315306 -0.397014
v -0.480911 0.287854 -0.501278
v -0.552698 0.267405 -0.426994
v -0.526161 0.253558 -0.478185
v -0.486862 0.352664 -0.422471
v -0.462326 0.338978 -0.474840
v -0.697555 0.228066 -0.136692
v -0.749121 0.140548 -0.078011
v -0.710501 0.180982 -0.167494
v -0.736559 0.137797 -0.137508
v -0.708951 0.232283 -0.077156
v -0.734833 0.188460 -0.048521
v -0.552063 0.324905 0.403264
v -0.495839 0.298501 0.506015
v -0.568171 0.282702 0.431090
v -0.539691 0.268025 0.482041
v -0.507671 0.350046 0.426394
v -0.480300 0.338872 0.478256
v -0.710233 0.235337 0.151911
v -0.757959 0.143994 0.094349
v -0.727925 0.188233 0.180376
v -0.751123 0.142367 0.151698
v -0.716911 0.237509 0.094822
v -0.739506 0.191193 0.066099
v 0.383977 0.446275 0.332658
v 0.485677 0.415936 0.303901
v 0.405705 0.455433 0.280050
v 0.457080 0.440571 0.266726
v 0.412961 0.422883 0.373275
v 0.462945 0.407238 0.357689
v 0.306165 0.414841 0.485274
v 0.349589 0.362566 0.557280
v 0.275183 0.402859 0.531789
v 0.297176 0.378246 0.568692
v 0.360218 0.402592 0.475808
v 0.381722 0.375858 0.510989
v 0.445800 0.605322 -0.401988
v 0.468558 0.459100 -0.312306
v 0.424835 0.555495 -0.319788
v 0.452373 0.500965 -0.283812
v 0.424593 0.515320 -0.410392
v 0.448078 0.458565 -0.370662
v 0.311590 0.508182 -0.528879
v 0.344174 0.393934 -0.572954
v 0.282031 0.485536 -0.574456
v 0.298526 0.428394 -0.596178
v 0.358693 0.472216 -0.504680
v 0.373248 0.413840 -0.525997
v 0.632034 0.354017 -0.046646
v 0.638800 0.356238 0.065874
v 0.604451 0.388235 -0.018927
v 0.607649 0.387976 0.036722
v 0.664762 0.318499 -0.018166
v 0.667772 0.320207 0.038362
v 0.531395 0.315047 -0.397072
v 0.481405 0.287538 -0.501438
v 0.552768 0.267680 -0.426941
v 0.526401 0.253688 -0.478117
v 0.486802 0.352975 -0.422696
v 0.462444 0.338744 -0.474862
v 0.697539 0.228054 -0.136725
v 0.749119 0.140539 -0.078029
v 0.710460 0.180972 -0.167530
v 0.736567 0.137781 -0.137502
v 0.708939 0.232278 -0.077130
v 0.734792 0.188442 -0.048543
v 0.552061 0.324896 0.403253
v 0.495839 0.298482 0.505995
v 0.568201 0.282757 0.431114
v 0.539716 0.268037 0.482047
v 0.507676 0.350044 0.426391
v 0.480290 0.338860 0.478244
v 0.710227 0.235357 0.151914
v 0.757953 0.143987 0.094356
v 0.727941 0.188262 0.180400
v 0.751110 0.142364 0.151708
v 0.716919 0.237516 0.094827
v 0.739520 0.191185 0.066098
v -0.048622 -0.672509 0.154552
v -0.118802 -0.646371 0.281729
v -0.106026 -0.658697 0.157130
v -0.141926 -0.643974 0.217049
v -0.039658 -0.668724 0.219750
v -0.067831 -0.660711 0.282527
v -0.086769 -0.701351 -0.121630
v -0.145301 -0.700168 -0.246725
v -0.130747 -0.762533 -0.138686
v -0.164633 -0.776863 -0.214306
v -0.063280 -0.668199 -0.166969
v -0.088579 -0.665679 -0.228567
v 0.048123 -0.672743 0.154260
v 0.119185 -0.646277 0.281929
v 0.106206 -0.659036 0.157426
v 0.141677 -0.643766 0.217422
v 0.039734 -0.668690 0.219625
v 0.068708 -0.660915 0.282832
v 0.086523 -0.701103 -0.121487
v 0.144977 -0.700466 -0.246492
v 0.130367 -0.761095 -0.137969
v 0.163265 -0.776183 -0.212770
v 0.063229 -0.668189 -0.166901
v 0.088172 -0.665582 -0.228754
v -0.393982 -0.538191 0.377359
v -0.488549 -0.468293 0.320771
v -0.419791 -0.537112 0.317175
v -0.468835 -0.506763 0.291390
v -0.418432 -0.502099 0.407166
v -0.464735 -0.464666 0.377413
v -0.062002 -0.704509 0.469530
v 0.062151 -0.704400 0.469930
v -0.033762 -0.687388 0.522606
v 0.034327 -0.687417 0.522442
v -0.028042 -0.687715 0.407930
v 0.028348 -0.687671 0.407771
v -0.337150 -0.556906 0.562557
v -0.355362 -0.423173 0.584702
v -0.316123 -0.550021 0.620568
v -0.318116 -0.472172 0.623214
v -0.371588 -0.498986 0.521363
v -0.384997 -0.439918 0.538362
v -0.371259 -0.469875 -0.325270
v -0.467137 -0.415751 -0.294231
v -0.393869 -0.485161 -0.273939
v -0.439466 -0.454335 -0.256497
v -0.397659 -0.429432 -0.364730
v -0.448508 -0.404074 -0.351341
v -0.056308 -0.563644 -0.365196
v 0.056146 -0.563544 -0.365396
v -0.027767 -0.530514 -0.408944
v 0.027638 -0.530378 -0.409159
v -0.028537 -0.595854 -0.320021
v 0.028769 -0.596215 -0.319519
v -0.296898 -0.416755 -0.479756
v -0.344506 -0.351855 -0.558681
v -0.268876 -0.399295 -0.528901
v -0.292004 -0.368346 -0.568064
v -0.348756 -0.398764 -0.470124
v -0.374153 -0.365278 -0.511188
v -0.635991 -0.353118 -0.045348
v -0.638758 -0.359280 0.067828
v -0.606602 -0.387267 -0.015357
v -0.607799 -0.391145 0.040611
v -0.667508 -0.320571 -0.017927
v -0.668544 -0.322533 0.038905
v -0.541002 -0.312354 -0.403435
v -0.486059 -0.287149 -0.505504
v -0.556356 -0.274486 -0.431940
v -0.528549 -0.260288 -0.482153
v -0.498017 -0.336216 -0.426311
v -0.470468 -0.324393 -0.477568
v -0.697401 -0.234431 -0.136223
v -0.745902 -0.144872 -0.077392
v -0.708423 -0.186596 -0.166638
v -0.733082 -0.141952 -0.136617
v -0.708986 -0.238120 -0.076831
v -0.733625 -0.194008 -0.047965
v -0.547587 -0.334664 0.401317
v -0.488068 -0.302454 0.499994
v -0.563222 -0.283666 0.426480
v -0.534444 -0.267363 0.476257
v -0.503527 -0.372662 0.428503
v -0.473177 -0.357478 0.478550
v -0.709729 -0.238591 0.152060
v -0.755685 -0.147248 0.094516
v -0.727197 -0.191613 0.180794
v -0.748766 -0.145212 0.152074
v -0.716810 -0.241504 0.094823
v -0.738803 -0.195582 0.066173
v 0.393667 -0.538126 0.377243
v 0.488665 -0.468121 0.320647
v 0.419752 -0.537025 0.317146
v 0.469112 -0.506724 0.291207
v 0.417913 -0.502082 0.406961
v 0.464633 -0.464821 0.377428
v 0.337646 -0.557666 0.562742
v 0.355323 -0.423468 0.585002
v 0.316046 -0.550476 0.620945
v 0.318201 -0.472261 0.623458
v 0.371539 -0.499411 0.521952
v 0.384994 -0.440083 0.538291
v 0.371451 -0.470102 -0.325261
v 0.467431 -0.415529 -0.294101
v 0.393803 -0.485119 -0.273736
v 0.439600 -0.454682 -0.256384
v 0.397985 -0.428999 -0.364591
v 0.448531 -0.403939 -0.351240
v 0.296199 -0.417334 -0.478908
v 0.344602 -0.351735 -0.558660
v 0.269191 -0.399214 -0.529526
v 0.292076 -0.368253 -0.568182
v 0.349168 -0.398547 -0.470230
v 0.374211 -0.365200 -0.511331
v 0.636017 -0.353063 -0.045375
v 0.638784 -0.359323 0.067889
v 0.606598 -0.387158 -0.015437
v 0.607762 -0.391116 0.040626
v 0.667533 -0.320580 -0.017922
v 0.668564 -0.322510 0.038896
v 0.541003 -0.312318 -0.403486
v 0.486043 -0.287193 -0.505516
v 0.556348 -0.274494 -0.431954
v 0.528534 -0.260293 -0.482151
v 0.498067 -0.336247 -0.426320
v 0.470466 -0.324417 -0.477594
v 0.697382 -0.234458 -0.136199
v 0.745891 -0.144858 -0.077389
v 0.708415 -0.186593 -0.166630
v 0.733092 -0.141943 -0.136626
v 0.708998 -0.238135 -0.076836
v 0.733613 -0.193989 -0.047970
v 0.547538 -0.334707 0.401306
v 0.487786 -0.302593 0.499983
v 0.563251 -0.283771 0.426491
v 0.534494 -0.267297 0.476245
v 0.503499 -0.372628 0.428451
v 0.473296 -0.357256 0.478323
v 0.709746 -0.238596 0.152056
v 0.755710 -0.147252 0.094537
v 0.727205 -0.191600 0.180784
v 0.748731 -0.145194 0.152080
v 0.716815 -0.241495 0.094834
v 0.738859 -0.195592 0.066186
v 0.161133 -0.086331 0.766574
v 0.258977 -0.143663 0.725485
v 0.159793 -0.141774 0.763949
v 0.206198 -0.172944 0.736236
v 0.214927 -0.058463 0.756828
v 0.265915 -0.086367 0.740929
v -0.161015 -0.086439 0.766543
v -0.259277 -0.143731 0.725851
v -0.159910 -0.141784 0.764246
v -0.205945 -0.173256 0.735830
v -0.214846 -0.058540 0.756819
v -0.265791 -0.086443 0.740947
v 0.160909 0.086947 0.761966
v 0.261832 0.148370 0.728165
v 0.158883 0.146860 0.753554
v 0.209093 0.177445 0.736412
v 0.214398 0.057652 0.753605
v 0.265281 0.087936 0.737790
v -0.160919 0.087012 0.761958
v -0.261809 0.148344 0.728162
v -0.158887 0.146886 0.753551
v -0.209088 0.177408 0.736397
v -0.214416 0.057716 0.753605
v -0.265279 0.087998 0.737813
v 0.410224 -0.058505 0.674694
v 0.408742 0.058737 0.673291
v 0.456402 -0.030072 0.649891
v 0.455473 0.028577 0.649044
v 0.363819 -0.029637 0.701078
v 0.363058 0.028883 0.699921
v -0.410234 -0.058522 0.674745
v -0.408740 0.058738 0.673294
v -0.456395 -0.030076 0.649839
v -0.455463 0.028571 0.649023
v -0.363806 -0.029621 0.701036
v -0.363083 0.028892 0.699931
v 0.159352 -0.089792 -0.760058
v 0.257712 -0.149750 -0.721502
v 0.157493 -0.149404 -0.752444
v 0.205782 -0.177886 -0.731529
v 0.210483 -0.058325 -0.748075
v 0.260495 -0.089509 -0.729070
v -0.159219 -0.089428 -0.759991
v -0.257772 -0.149856 -0.721410
v -0.157507 -0.149596 -0.752375
v -0.205805 -0.177985 -0.731486
v -0.211070 -0.058430 -0.749508
v -0.260373 -0.089222 -0.728987
v 0.164413 0.098473 -0.785010
v 0.271072 0.161137 -0.763583
v 0.170698 0.161057 -0.809586
v 0.227059 0.194926 -0.802483
v 0.214403 0.066754 -0.763370
v 0.266185 0.097739 -0.750322
v -0.164208 0.098311 -0.785480
v -0.271195 0.161189 -0.764293
v -0.170910 0.160973 -0.809592
v -0.226912 0.194884 -0.802594
v -0.214179 0.066939 -0.763359
v -0.266288 0.097750 -0.749939
v 0.405950 -0.058310 -0.670898
v 0.405477 0.062608 -0.672379
v 0.449923 -0.027321 -0.644834
v 0.449787 0.031924 -0.645422
v 0.360400 -0.027847 -0.696363
v 0.360462 0.033663 -0.698526
v -0.405993 -0.058289 -0.670887
v -0.405392 0.062639 -0.672412
v -0.449946 -0.027318 -0.644844
v -0.449850 0.031841 -0.645406
v -0.360357 -0.027849 -0.696379
v -0.360729 0.033954 -0.698688
v -0.316249 0.550118 0.032253
v -0.316377 0.560532 -0.044426
v -0.264521 0.565668 0.032109
v -0.263532 0.576437 -0.051532
v -0.392106 0.520743 0.060491
v -0.294810 0.547750 0.071709
v -0.376368 0.514618 0.103548
v -0.395041 0.536272 -0.064951
v -0.294206 0.571536 -0.092088
v -0.378428 0.544776 -0.116285
v -0.440457 0.511688 0.001286
v -0.426929 0.523486 -0.096271
v -0.475456 0.495136 -0.022274
v -0.423792 0.500518 0.092152
v -0.473627 0.489559 0.026974
v 0.316125 0.550136 0.032338
v 0.316532 0.560373 -0.044385
v 0.264448 0.565693 0.032186
v 0.263482 0.576455 -0.051361
v 0.392098 0.520718 0.060575
v 0.294796 0.547740 0.071861
v 0.376471 0.514639 0.103607
v 0.394965 0.536098 -0.064791
v 0.294569 0.571727 -0.092192
v 0.377905 0.544511 -0.116619
v 0.440461 0.511675 0.001439
v 0.426722 0.523325 -0.096372
v 0.475470 0.495136 -0.022031
v 0.423829 0.500551 0.092098
v 0.473678 0.489454 0.026993
v -0.331174 -0.614241 0.044290
v -0.337945 -0.638304 -0.037264
v -0.279479 -0.633020 0.044103
v -0.296784 -0.681616 -0.040588
v -0.410912 -0.576781 0.075327
v -0.309323 -0.613728 0.091981
v -0.401333 -0.580546 0.125815
v -0.398233 -0.579215 -0.057195
v -0.331312 -0.675530 -0.083720
v -0.387348 -0.588300 -0.106086
v -0.442304 -0.545480 0.011552
v -0.422975 -0.545730 -0.085845
v -0.471053 -0.514042 -0.012424
v -0.447925 -0.557915 0.111495
v -0.476638 -0.518164 0.038716
v 0.331150 -0.614333 0.044107
v 0.337745 -0.638445 -0.037041
v 0.279113 -0.632777 0.044096
v 0.296441 -0.681513 -0.040243
v 0.410571 -0.576732 0.075510
v 0.309224 -0.613385 0.091760
v 0.401612 -0.580812 0.125650
v 0.398544 -0.578848 -0.057268
v 0.331614 -0.675510 -0.083906
v 0.387468 -0.588089 -0.106151
v 0.442488 -0.545429 0.011444
v 0.422693 -0.545577 -0.085715
v 0.470744 -0.514009 -0.011982
v 0.447888 -0.557925 0.111359
v 0.476642 -0.518042 0.038791
v -0.000100 -0.534959 0.691004
v -0.076531 -0.476807 0.700052
v -0.032841 -0.585028 0.680330
v -0.118864 -0.526833 0.696418
v 0.075992 -0.476756 0.700079
v 0.032454 -0.584870 0.680370
v 0.118443 -0.526994 0.696432
v 0.044257 -0.380339 0.713696
v -0.044695 -0.381007 0.713905
v 0.047455 -0.321191 0.726521
v -0.047202 -0.321247 0.726904
v 0.130620 -0.459911 0.699137
v 0.092685 -0.355401 0.714694
v -0.130637 -0.460107 0.699423
v -0.092578 -0.355560 0.715299
v -0.000009 0.400004 0.618445
v -0.067747 0.381007 0.651344
v -0.026021 0.414561 0.582515
v -0.100172 0.393895 0.619882
v 0.067749 0.381018 0.651346
v 0.026020 0.414555 0.582520
v 0.100164 0.393904 0.619864
v 0.042432 0.342302 0.698391
v -0.042436 0.342315 0.698430
v 0.046728 0.305107 0.719593
v -0.046728 0.305077 0.719596
v 0.117781 0.372827 0.652300
v 0.090430 0.326299 0.703008
v -0.117780 0.372829 0.652289
v -0.090436 0.326320 0.703030
v -0.000046 -0.397428 -0.617092
v -0.067630 -0.374391 -0.650317
v -0.025713 -0.417202 -0.579421
v -0.099383 -0.389482 -0.619019
v 0.067685 -0.374435 -0.650290
v 0.025802 -0.416877 -0.579964
v 0.099408 -0.389559 -0.619020
v 0.042433 -0.335800 -0.696769
v -0.042435 -0.335827 -0.696743
v 0.046780 -0.300726 -0.717391
v -0.046783 -0.300715 -0.717395
v 0.117352 -0.365819 -0.652155
v 0.090370 -0.320588 -0.701347
v -0.117345 -0.365802 -0.652127
v -0.090368 -0.320595 -0.701329
v 0.000101 0.494981 -0.673769
v -0.074639 0.443608 -0.693990
v -0.030933 0.539858 -0.654470
v -0.113726 0.480001 -0.674486
v 0.075189 0.443679 -0.694776
v 0.030820 0.539400 -0.654082
v 0.113430 0.479702 -0.674590
v 0.045486 0.369173 -0.734793
v -0.045675 0.369648 -0.734988
v 0.050313 0.321558 -0.761730
v -0.050180 0.321609 -0.761894
v 0.128048 0.427663 -0.694876
v 0.096555 0.348121 -0.742299
v -0.128302 0.427742 -0.694384
v -0.096580 0.348390 -0.742382
v 0.652472 0.062630 -0.438495
v 0.696248 0.039014 -0.368715
v 0.646145 0.106673 -0.420292
v 0.694157 0.080637 -0.343746
v 0.651257 -0.061237 -0.437379
v 0.695186 -0.036759 -0.367869
v 0.643694 -0.108376 -0.418568
v 0.691779 -0.080965 -0.342252
v 0.632038 0.001908 -0.485094
v 0.620006 -0.093365 -0.464342
v 0.602205 -0.023211 -0.518261
v 0.621834 0.092818 -0.465817
v 0.602500 0.026917 -0.518787
v 0.712962 0.042072 -0.315688
v 0.711433 -0.040715 -0.314776
v 0.671001 0.063293 0.440647
v 0.716746 0.038594 0.370082
v 0.665120 0.110763 0.422522
v 0.715737 0.082689 0.345882
v 0.669408 -0.065439 0.440455
v 0.715014 -0.039998 0.369984
v 0.663814 -0.112801 0.422565
v 0.713006 -0.084592 0.345891
v 0.645851 -0.001240 0.486327
v 0.637764 -0.097438 0.468088
v 0.613648 -0.027044 0.520133
v 0.638311 0.095431 0.468005
v 0.613995 0.024053 0.520229
v 0.737920 0.042267 0.319817
v 0.735810 -0.043543 0.319959
v -0.652452 0.062652 -0.438513
v -0.696195 0.039017 -0.368702
v -0.646146 0.106660 -0.420261
v -0.694130 0.080664 -0.343753
v -0.651209 -0.061249 -0.437353
v -0.695164 -0.036766 -0.367866
v -0.643663 -0.108369 -0.418557
v -0.691757 -0.080953 -0.342255
v -0.632021 0.001919 -0.485085
v -0.620004 -0.093373 -0.464351
v -0.602199 -0.023201 -0.518256
v -0.621824 0.092800 -0.465798
v -0.602491 0.026929 -0.518796
v -0.712991 0.042101 -0.315696
v -0.711394 -0.040706 -0.314771
v -0.671006 0.063285 0.440643
v -0.716753 0.038593 0.370093
v -0.665114 0.110760 0.422503
v -0.715729 0.082690 0.345883
v -0.669400 -0.065419 0.440471
v -0.714987 -0.039992 0.369987
v -0.663832 -0.112795 0.422536
v -0.712973 -0.084582 0.345902
v -0.645857 -0.001251 0.486339
v -0.637778 -0.097465 0.468111
v -0.613661 -0.027038 0.520144
v -0.638311 0.095419 0.468003
v -0.614010 0.024046 0.520268
v -0.737925 0.042272 0.319821
v -0.735819 -0.043554 0.319967
v -0.047333 0.616766 0.011823
v -0.040972 0.631834 -0.053241
v -0.089418 0.608934 0.017919
v -0.079057 0.623741 -0.051358
v 0.047263 0.616764 0.011809
v 0.040948 0.631773 -0.053125
v 0.089423 0.608887 0.017987
v 0.078728 0.623716 -0.051281
v 0.000001 0.611402 0.037297
v -0.074997 0.600681 0.051958
v -0.019273 0.592536 0.086910
v 0.000048 0.641963 -0.094981
v -0.054230 0.633556 -0.088737
v -0.014577 0.647686 -0.142990
v 0.074999 0.600669 0.051937
v 0.019240 0.592489 0.086888
v 0.053841 0.633636 -0.088540
v 0.014684 0.647696 -0.142956
v -0.210533 0.513891 0.251720
v -0.298474 0.481594 0.296844
v -0.232044 0.524611 0.203436
v -0.320059 0.491650 0.246459
v -0.137724 0.473825 0.401181
v -0.223191 0.446524 0.447733
v -0.110609 0.459307 0.450278
v -0.194426 0.433738 0.495656
v -0.133126 0.508588 0.301015
v -0.177769 0.535172 0.202712
v -0.102868 0.528607 0.249514
v -0.306210 0.448599 0.393487
v -0.353006 0.469282 0.290407
v -0.361080 0.436730 0.385780
v -0.082344 0.478595 0.401587
v -0.079285 0.513569 0.300216
v -0.250097 0.424889 0.490953
v -0.335042 0.426212 0.436728
v -0.214542 0.650628 -0.331397
v -0.321088 0.622050 -0.365982
v -0.234040 0.622433 -0.264555
v -0.335505 0.599850 -0.298845
v -0.168175 0.712888 -0.503562
v -0.236993 0.600785 -0.523339
v -0.133885 0.661867 -0.549728
v -0.214677 0.578328 -0.572818
v -0.176750 0.811193 -0.411834
v -0.174738 0.641610 -0.276028
v -0.109480 0.700159 -0.350730
v -0.328420 0.590647 -0.462139
v -0.390913 0.608933 -0.349561
v -0.397235 0.569893 -0.456342
v -0.107796 0.710680 -0.501712
v -0.101088 0.740892 -0.400989
v -0.262476 0.543303 -0.550508
v -0.346972 0.534206 -0.486312
v -0.528248 0.416803 -0.222152
v -0.584920 0.385347 -0.133412
v -0.506264 0.453239 -0.191700
v -0.561157 0.420388 -0.104282
v -0.595002 0.289238 -0.315115
v -0.650181 0.260680 -0.227218
v -0.616114 0.244692 -0.347190
v -0.666157 0.215718 -0.258546
v -0.530656 0.370928 -0.311196
v -0.488688 0.455558 -0.251882
v -0.488990 0.412328 -0.339898
v -0.645621 0.310694 -0.134837
v -0.597239 0.387689 -0.075494
v -0.657582 0.315614 -0.075486
v -0.574707 0.279389 -0.372371
v -0.510067 0.363336 -0.368158
v -0.682245 0.222089 -0.197570
v -0.680140 0.273514 -0.105689
v -0.548726 0.403144 0.228363
v -0.598823 0.382607 0.147869
v -0.520128 0.429409 0.194247
v -0.569859 0.411714 0.116721
v -0.616912 0.304227 0.322338
v -0.669783 0.273405 0.237545
v -0.632110 0.258989 0.350019
v -0.686180 0.227329 0.265756
v -0.555650 0.368005 0.317010
v -0.504377 0.423075 0.249049
v -0.510642 0.389251 0.338905
v -0.659841 0.318368 0.151414
v -0.606375 0.386456 0.092135
v -0.666782 0.321119 0.094709
v -0.593786 0.294386 0.377483
v -0.532518 0.359171 0.371991
v -0.701182 0.232619 0.209032
v -0.689903 0.279958 0.123364
v 0.210581 0.513838 0.251722
v 0.298465 0.481625 0.296855
v 0.232020 0.524664 0.203482
v 0.320016 0.491643 0.246420
v 0.137717 0.473804 0.401189
v 0.223193 0.446536 0.447739
v 0.110608 0.459305 0.450241
v 0.194436 0.433716 0.495660
v 0.133065 0.508396 0.300916
v 0.177738 0.535090 0.202617
v 0.102925 0.529073 0.249504
v 0.082336 0.478622 0.401575
v 0.079290 0.513514 0.300215
v 0.306231 0.448591 0.393503
v 0.353017 0.469293 0.290435
v 0.361081 0.436739 0.385766
v 0.250083 0.424910 0.490922
v 0.335054 0.426216 0.436734
v 0.214345 0.650205 -0.331911
v 0.321547 0.622715 -0.367632
v 0.233948 0.622598 -0.264893
v 0.336224 0.600438 -0.300280
v 0.168487 0.713288 -0.503862
v 0.237572 0.600258 -0.523305
v 0.134489 0.662154 -0.549915
v 0.214486 0.578519 -0.572808
v 0.176347 0.811157 -0.411824
v 0.175020 0.642094 -0.276098
v 0.109076 0.700199 -0.350326
v 0.107960 0.710472 -0.501481
v 0.101077 0.740753 -0.401315
v 0.327716 0.589985 -0.462385
v 0.393080 0.611423 -0.352648
v 0.395155 0.568061 -0.454665
v 0.262601 0.543188 -0.550515
v 0.346177 0.532968 -0.485690
v 0.528310 0.416378 -0.222065
v 0.584988 0.385286 -0.133321
v 0.506362 0.453260 -0.191578
v 0.561180 0.420372 -0.103977
v 0.594949 0.289237 -0.315203
v 0.650131 0.260698 -0.227128
v 0.616208 0.244704 -0.347082
v 0.666247 0.215779 -0.258573
v 0.530606 0.370979 -0.311185
v 0.488960 0.456026 -0.252177
v 0.489028 0.412072 -0.339801
v 0.645589 0.310703 -0.134696
v 0.597246 0.387724 -0.075405
v 0.657619 0.315669 -0.075515
v 0.574607 0.279571 -0.372286
v 0.509749 0.363416 -0.368022
v 0.682309 0.222088 -0.197569
v 0.680194 0.273546 -0.105698
v 0.548721 0.403150 0.228352
v 0.598822 0.382607 0.147858
v 0.520141 0.429429 0.194270
v 0.569824 0.411774 0.116706
v 0.616926 0.304229 0.322338
v 0.669777 0.273420 0.237556
v 0.632110 0.258982 0.350011
v 0.686167 0.227328 0.265761
v 0.555662 0.368021 0.317013
v 0.504373 0.423070 0.249046
v 0.510648 0.389250 0.338901
v 0.659825 0.318353 0.151410
v 0.606349 0.386470 0.092131
v 0.666823 0.321144 0.094680
v 0.593780 0.294376 0.377476
v 0.532525 0.359168 0.371978
v 0.701171 0.232644 0.209033
v 0.689862 0.279953 0.123348
v -0.057381 -0.686891 0.056589
v -0.075150 -0.701141 -0.029317
v -0.104711 -0.678767 0.051441
v -0.126995 -0.716305 -0.035647
v 0.057210 -0.686878 0.056663
v 0.075144 -0.700465 -0.029626
v 0.104591 -0.678891 0.051421
v 0.126564 -0.715388 -0.035705
v -0.000119 -0.684095 0.108728
v -0.065829 -0.675573 0.098481
v -0.016765 -0.677211 0.160811
v 0.000022 -0.680430 -0.058378
v -0.106117 -0.721323 -0.078663
v -0.032097 -0.670543 -0.106775
v 0.065625 -0.675523 0.098261
v 0.016702 -0.677387 0.160773
v 0.105837 -0.720817 -0.078644
v 0.032083 -0.670567 -0.106826
v -0.211926 -0.620461 0.340697
v -0.310203 -0.593528 0.368995
v -0.237153 -0.616401 0.269103
v -0.332502 -0.584838 0.301240
v -0.173792 -0.808849 0.545892
v -0.304173 -0.713827 0.590907
v -0.135338 -0.782935 0.625936
v -0.272315 -0.709569 0.663282
v -0.141547 -0.686678 0.413340
v -0.176586 -0.631147 0.278359
v -0.099531 -0.660736 0.347989
v -0.328101 -0.593675 0.475155
v -0.365171 -0.565347 0.342189
v -0.372423 -0.543824 0.439069
v -0.099991 -0.736777 0.537675
v -0.084478 -0.690472 0.410197
v -0.312021 -0.631406 0.612577
v -0.354434 -0.552094 0.501472
v -0.237896 -0.656177 -0.294777
v -0.304563 -0.553823 -0.305436
v -0.285278 -0.721219 -0.268865
v -0.336177 -0.581656 -0.263501
v -0.138625 -0.522403 -0.405966
v -0.217489 -0.469800 -0.442907
v -0.109155 -0.492034 -0.450128
v -0.189042 -0.447049 -0.489952
v -0.143824 -0.603966 -0.324662
v -0.213777 -0.742408 -0.275118
v -0.116895 -0.642732 -0.281289
v -0.297125 -0.475914 -0.387104
v -0.348011 -0.516618 -0.288902
v -0.347530 -0.453055 -0.376326
v -0.083330 -0.527721 -0.407896
v -0.086360 -0.599545 -0.322063
v -0.243061 -0.433159 -0.485693
v -0.322752 -0.435353 -0.428157
v -0.529425 -0.397021 -0.214188
v -0.587790 -0.376710 -0.130319
v -0.501718 -0.432913 -0.179548
v -0.560010 -0.410764 -0.098312
v -0.600868 -0.292739 -0.318409
v -0.652532 -0.266619 -0.227556
v -0.616708 -0.253307 -0.348692
v -0.665442 -0.222570 -0.258113
v -0.539432 -0.354674 -0.310729
v -0.484713 -0.425311 -0.236721
v -0.496647 -0.379457 -0.334094
v -0.651046 -0.313155 -0.134740
v -0.602011 -0.383032 -0.072065
v -0.661711 -0.317579 -0.075559
v -0.580420 -0.284841 -0.377145
v -0.521067 -0.346020 -0.370605
v -0.681904 -0.228492 -0.197039
v -0.682114 -0.278468 -0.105832
v -0.546930 -0.431404 0.235841
v -0.597469 -0.395599 0.152242
v -0.523257 -0.467201 0.206660
v -0.570395 -0.429493 0.124123
v -0.612398 -0.307125 0.320648
v -0.667431 -0.275392 0.237388
v -0.629488 -0.259795 0.348246
v -0.685042 -0.229301 0.265858
v -0.553390 -0.391066 0.320755
v -0.508648 -0.469171 0.263575
v -0.509699 -0.427768 0.348644
v -0.658256 -0.322010 0.152139
v -0.605831 -0.394649 0.096465
v -0.666490 -0.324020 0.095436
v -0.589846 -0.297319 0.374720
v -0.529809 -0.383158 0.375395
v -0.700326 -0.235150 0.209242
v -0.689188 -0.282857 0.123544
v 0.212421 -0.620442 0.341163
v 0.310050 -0.593907 0.368835
v 0.237120 -0.616569 0.269428
v 0.332458 -0.584749 0.301290
v 0.174132 -0.809000 0.546418
v 0.303981 -0.714159 0.591092
v 0.134305 -0.782249 0.624331
v 0.271610 -0.711128 0.663254
v 0.141746 -0.686759 0.413377
v 0.176599 -0.630934 0.278617
v 0.099850 -0.660717 0.348189
v 0.099932 -0.736624 0.537268
v 0.085096 -0.690839 0.409605
v 0.328110 -0.593739 0.475367
v 0.365114 -0.565225 0.342128
v 0.371893 -0.543900 0.439206
v 0.313587 -0.632426 0.614137
v 0.354049 -0.552543 0.501731
v 0.237210 -0.656497 -0.294166
v 0.304265 -0.554086 -0.305777
v 0.284526 -0.722544 -0.269181
v 0.336016 -0.582211 -0.263502
v 0.138589 -0.522525 -0.406186
v 0.217381 -0.469977 -0.442640
v 0.109236 -0.491874 -0.450744
v 0.189133 -0.446931 -0.489650
v 0.143453 -0.603927 -0.324602
v 0.212490 -0.742828 -0.274989
v 0.116414 -0.643134 -0.281206
v 0.083301 -0.528059 -0.407751
v 0.086008 -0.600101 -0.321916
v 0.296881 -0.475513 -0.386958
v 0.347744 -0.516524 -0.288582
v 0.347647 -0.453249 -0.376564
v 0.242904 -0.433262 -0.485179
v 0.322332 -0.435401 -0.427880
v 0.528683 -0.397271 -0.214105
v 0.587801 -0.376631 -0.130194
v 0.501531 -0.433367 -0.179817
v 0.560067 -0.410935 -0.098038
v 0.600911 -0.292676 -0.318459
v 0.652588 -0.266677 -0.227606
v 0.616704 -0.253334 -0.348692
v 0.665419 -0.222579 -0.258090
v 0.539559 -0.354451 -0.310738
v 0.484430 -0.425420 -0.236495
v 0.496761 -0.379272 -0.334136
v 0.651100 -0.313101 -0.134802
v 0.602072 -0.382874 -0.072071
v 0.661706 -0.317569 -0.075575
v 0.580443 -0.284815 -0.377216
v 0.521080 -0.346052 -0.370604
v 0.681837 -0.228490 -0.197013
v 0.682106 -0.278510 -0.105846
v 0.546661 -0.431439 0.235995
v 0.597482 -0.395624 0.152306
v 0.522881 -0.467007 0.206661
v 0.570629 -0.429756 0.124249
v 0.612454 -0.307128 0.320659
v 0.667409 -0.275362 0.237386
v 0.629465 -0.259779 0.348209
v 0.684959 -0.229265 0.265868
v 0.553296 -0.391061 0.320654
v 0.508449 -0.469301 0.263696
v 0.509753 -0.427656 0.348669
v 0.658243 -0.322032 0.152117
v 0.605718 -0.394728 0.096520
v 0.666506 -0.323991 0.095388
v 0.589831 -0.297328 0.374776
v 0.529814 -0.383198 0.375449
v 0.700315 -0.235160 0.209237
v 0.689179 -0.282862 0.123547
v 0.053888 -0.086907 0.785005
v -0.053835 -0.087061 0.785125
v 0.053299 -0.143352 0.788639
v -0.053243 -0.143496 0.788641
v 0.053689 0.085709 0.777653
v -0.053719 0.085743 0.777640
v 0.052996 0.145816 0.769385
v -0.052996 0.145852 0.769384
v 0.108166 -0.001720 0.776289
v 0.107233 -0.114167 0.776062
v 0.162004 -0.030059 0.768085
v -0.108130 -0.001733 0.776210
v -0.107176 -0.114479 0.776068
v -0.161953 -0.030108 0.768025
v 0.106794 0.116269 0.767136
v 0.161862 0.027740 0.766530
v -0.106818 0.116333 0.767141
v -0.161885 0.027777 0.766559
v 0.325931 -0.330707 0.631537
v 0.293091 -0.235667 0.676002
v 0.280827 -0.368462 0.655968
v 0.242875 -0.267929 0.690925
v 0.469086 -0.225503 0.566549
v 0.446390 -0.142986 0.629210
v 0.517335 -0.193217 0.546048
v 0.494933 -0.114256 0.609392
v 0.408788 -0.318642 0.569390
v 0.320806 -0.399289 0.625023
v 0.397135 -0.379236 0.553664
v 0.502656 -0.247717 0.522440
v 0.441912 -0.339459 0.525551
v 0.354215 -0.144039 0.680098
v 0.250681 -0.204347 0.706531
v 0.311982 -0.114189 0.713602
v 0.454412 -0.086993 0.644530
v 0.362182 -0.086421 0.696259
v -0.326015 -0.330662 0.631647
v -0.293167 -0.235540 0.675984
v -0.281085 -0.368447 0.655588
v -0.243276 -0.267130 0.690517
v -0.468968 -0.225305 0.566548
v -0.446334 -0.143107 0.629207
v -0.517240 -0.193281 0.546169
v -0.494909 -0.114288 0.609357
v -0.408071 -0.318681 0.569070
v -0.320583 -0.399155 0.625222
v -0.397047 -0.379289 0.553200
v -0.502570 -0.247617 0.522766
v -0.441851 -0.339557 0.525767
v -0.354254 -0.144062 0.680227
v -0.250336 -0.204259 0.706282
v -0.311919 -0.114268 0.713762
v -0.454348 -0.087009 0.644485
v -0.362091 -0.086435 0.696245
v 0.329839 0.309047 0.628073
v 0.299125 0.234094 0.682957
v 0.278064 0.329585 0.638950
v 0.247812 0.260810 0.693924
v 0.474540 0.228112 0.574742
v 0.446516 0.146901 0.632191
v 0.518962 0.195856 0.550508
v 0.493081 0.115730 0.609783
v 0.415604 0.305021 0.571179
v 0.315324 0.347717 0.600631
v 0.400268 0.344170 0.542947
v 0.508142 0.249216 0.529602
v 0.449138 0.323087 0.525977
v 0.356264 0.148526 0.684271
v 0.255860 0.206897 0.712992
v 0.311785 0.118499 0.713054
v 0.452234 0.087900 0.643274
v 0.360624 0.088659 0.694326
v -0.329837 0.309057 0.628071
v -0.299145 0.234103 0.682993
v -0.278071 0.329604 0.638962
v -0.247824 0.260825 0.693931
v -0.474542 0.228112 0.574733
v -0.446501 0.146886 0.632169
v -0.518985 0.195867 0.550535
v -0.493071 0.115724 0.609771
v -0.415602 0.305019 0.571174
v -0.315330 0.347749 0.600651
v -0.400262 0.344171 0.542949
v -0.508153 0.249221 0.529607
v -0.449137 0.323094 0.525983
v -0.356243 0.148529 0.684249
v -0.255847 0.206826 0.712942
v -0.311765 0.118519 0.713030
v -0.452216 0.087914 0.643251
v -0.360654 0.088674 0.694418
v 0.053712 -0.088372 -0.771117
v -0.053601 -0.088630 -0.771106
v 0.053233 -0.148340 -0.766035
v -0.053239 -0.148323 -0.766047
v 0.055266 0.097017 -0.795685
v -0.055662 0.097029 -0.795819
v 0.056292 0.158014 -0.808891
v -0.056353 0.157971 -0.808767
v 0.107492 0.004523 -0.774821
v 0.107049 -0.119881 -0.767176
v 0.159989 -0.026649 -0.763243
v -0.107574 0.004401 -0.774564
v -0.107097 -0.119971 -0.767226
v -0.159760 -0.026861 -0.763160
v 0.112003 0.128965 -0.801840
v 0.161064 0.035738 -0.770936
v -0.111639 0.128726 -0.801591
v -0.161267 0.035726 -0.770794
v 0.325311 -0.300324 -0.626136
v 0.296086 -0.232364 -0.679966
v 0.274075 -0.320374 -0.637510
v 0.244854 -0.257416 -0.690720
v 0.466514 -0.224330 -0.571742
v 0.439368 -0.145475 -0.625775
v 0.509425 -0.193850 -0.548000
v 0.483559 -0.114231 -0.601674
v 0.409614 -0.296535 -0.571666
v 0.310551 -0.336496 -0.599752
v 0.393845 -0.332622 -0.544231
v 0.498954 -0.244076 -0.529171
v 0.440977 -0.311174 -0.526293
v 0.353704 -0.149701 -0.681367
v 0.252157 -0.205716 -0.707521
v 0.308874 -0.120379 -0.708009
v 0.445799 -0.086952 -0.637312
v 0.358823 -0.089890 -0.691597
v -0.325331 -0.300321 -0.626142
v -0.296094 -0.232354 -0.680005
v -0.274054 -0.320341 -0.637506
v -0.244873 -0.257397 -0.690747
v -0.466499 -0.224321 -0.571738
v -0.439352 -0.145508 -0.625761
v -0.509395 -0.193823 -0.547979
v -0.483552 -0.114260 -0.601670
v -0.409627 -0.296538 -0.571634
v -0.310475 -0.336572 -0.599744
v -0.393794 -0.332646 -0.544225
v -0.498962 -0.244072 -0.529187
v -0.440973 -0.311151 -0.526307
v -0.353694 -0.149754 -0.681351
v -0.252149 -0.205713 -0.707532
v -0.308889 -0.120390 -0.707969
v -0.445801 -0.086975 -0.637306
v -0.358824 -0.089849 -0.691605
v 0.329210 0.317686 -0.643637
v 0.307725 0.243153 -0.713962
v 0.280716 0.349497 -0.663299
v 0.258889 0.274608 -0.736567
v 0.472295 0.220608 -0.577118
v 0.444873 0.146017 -0.633672
v 0.516180 0.189009 -0.553234
v 0.486193 0.114430 -0.605223
v 0.407272 0.304415 -0.573781
v 0.313622 0.372221 -0.618816
v 0.389927 0.358409 -0.548791
v 0.499799 0.237847 -0.528102
v 0.435301 0.322170 -0.525285
v 0.359746 0.153612 -0.697438
v 0.269986 0.220921 -0.761702
v 0.314943 0.127111 -0.728765
v 0.446909 0.089184 -0.639985
v 0.360315 0.094424 -0.699358
v -0.328536 0.317592 -0.643220
v -0.307751 0.242799 -0.714202
v -0.280455 0.349748 -0.663096
v -0.259163 0.274665 -0.736945
v -0.472475 0.220424 -0.577071
v -0.444718 0.146070 -0.633643
v -0.516095 0.189084 -0.553329
v -0.486223 0.114438 -0.605237
v -0.407105 0.304523 -0.574054
v -0.313124 0.372422 -0.618794
v -0.389669 0.358328 -0.548978
v -0.499908 0.237650 -0.528286
v -0.435203 0.322757 -0.525040
v -0.359735 0.153786 -0.697581
v -0.270155 0.220995 -0.761802
v -0.314483 0.126738 -0.727818
v -0.446820 0.089170 -0.639944
v -0.360399 0.094625 -0.699831
v 0.777169 0.047000 -0.077676
v 0.774807 -0.047885 -0.077326
v 0.764187 0.046240 -0.137065
v 0.761935 -0.046748 -0.136528
v 0.785631 0.048260 0.093954
v 0.783133 -0.048902 0.094101
v 0.779064 0.047658 0.151905
v 0.776742 -0.048267 0.152130
v 0.777356 0.095753 0.008572
v 0.759821 0.092951 -0.107449
v 0.758803 0.142825 -0.019788
v 0.771571 0.095783 0.122919
v 0.760020 0.143850 0.037285
v 0.773778 -0.098262 0.008802
v 0.756098 -0.095533 -0.106765
v 0.756035 -0.147178 -0.019340
v 0.768234 -0.097629 0.123199
v 0.757640 -0.147569 0.037498
v -0.777140 0.046997 -0.077669
v -0.774781 -0.047897 -0.077317
v -0.764145 0.046254 -0.137055
v -0.761908 -0.046746 -0.136526
v -0.785612 0.048278 0.093960
v -0.783118 -0.048905 0.094106
v -0.779054 0.047673 0.151900
v -0.776765 -0.048267 0.152127
v -0.777284 0.095753 0.008570
v -0.759841 0.092963 -0.107434
v -0.758806 0.142828 -0.019769
v -0.771571 0.095796 0.122911
v -0.759980 0.143848 0.037282
v -0.773741 -0.098252 0.008810
v -0.756068 -0.095514 -0.106755
v -0.756012 -0.147188 -0.019327
v -0.768213 -0.097632 0.123189
v -0.757600 -0.147568 0.037498
v -0.184638 0.575658 0.068388
v -0.219183 0.555663 0.112886
v -0.180339 0.605141 -0.103096
v -0.216426 0.603004 -0.152618
v -0.163975 0.567485 0.109048
v -0.157847 0.619165 -0.156009
v -0.392476 0.486547 0.188476
v -0.442948 0.471719 0.176191
v -0.425948 0.464196 0.228083
v -0.395547 0.545552 -0.212307
v -0.440096 0.514273 -0.187380
v -0.427818 0.529074 -0.249858
v -0.542881 0.447975 -0.020642
v -0.543202 0.443779 0.032540
v -0.574864 0.417958 0.007537
v 0.184620 0.575638 0.068464
v 0.219152 0.555842 0.112976
v 0.180943 0.605495 -0.103322
v 0.216592 0.603575 -0.152838
v 0.163987 0.567490 0.109120
v 0.158235 0.619465 -0.155853
v 0.392489 0.486587 0.188454
v 0.442940 0.471738 0.176184
v 0.425986 0.464197 0.228086
v 0.395558 0.546241 -0.213270
v 0.439908 0.514163 -0.187786
v 0.427820 0.529198 -0.250558
v 0.542953 0.447860 -0.020624
v 0.543207 0.443689 0.032504
v 0.574923 0.417931 0.007529
v -0.192561 -0.646021 0.099283
v -0.226448 -0.629208 0.152366
v -0.226064 -0.787099 -0.081706
v -0.278316 -0.785612 -0.154398
v -0.166128 -0.644013 0.156127
v -0.196316 -0.799601 -0.149008
v -0.418634 -0.563670 0.220922
v -0.464277 -0.536014 0.200422
v -0.446190 -0.538409 0.258199
v -0.391108 -0.542282 -0.189535
v -0.431791 -0.503689 -0.168443
v -0.413641 -0.495768 -0.221480
v -0.540893 -0.450245 -0.012353
v -0.541736 -0.455387 0.041417
v -0.574745 -0.421141 0.013822
v 0.192536 -0.646003 0.099247
v 0.226784 -0.628884 0.152329
v 0.225202 -0.787078 -0.081189
v 0.277587 -0.786009 -0.154013
v 0.165946 -0.644253 0.156288
v 0.194091 -0.799569 -0.148062
v 0.418405 -0.563485 0.221066
v 0.464258 -0.536006 0.200320
v 0.446180 -0.538284 0.258248
v 0.390929 -0.541916 -0.189402
v 0.431633 -0.503904 -0.168351
v 0.413549 -0.496282 -0.221197
v 0.541015 -0.450156 -0.012235
v 0.541842 -0.455225 0.041376
v 0.574783 -0.421016 0.013750
v -0.036597 -0.655103 0.625029
v 0.036570 -0.654568 0.624783
v -0.236262 -0.567873 0.697860
v -0.236535 -0.481273 0.688014
v 0.000254 -0.654887 0.570796
v -0.288166 -0.527615 0.672700
v 0.235880 -0.568513 0.698302
v 0.235882 -0.481470 0.687780
v 0.287506 -0.527266 0.672744
v 0.100986 -0.231294 0.746820
v 0.147725 -0.264732 0.725470
v -0.100862 -0.230451 0.746797
v -0.147691 -0.264482 0.725338
v 0.153249 -0.202037 0.743034
v -0.153082 -0.202184 0.743121
v -0.027426 0.446548 0.497368
v 0.027441 0.446551 0.497369
v -0.187617 0.400228 0.581277
v -0.207700 0.376321 0.615739
v -0.000002 0.463627 0.450172
v -0.242611 0.390313 0.576049
v 0.187615 0.400241 0.581283
v 0.207697 0.376323 0.615742
v 0.242608 0.390320 0.576042
v 0.101631 0.232183 0.741599
v 0.149430 0.259215 0.723163
v -0.101647 0.232193 0.741589
v -0.149428 0.259179 0.723134
v 0.155086 0.205107 0.740351
v -0.155083 0.205081 0.740352
v -0.026741 -0.467856 -0.495582
v 0.026896 -0.467748 -0.496247
v -0.184288 -0.395731 -0.579300
v -0.204772 -0.368091 -0.615504
v -0.000013 -0.498543 -0.452176
v -0.238330 -0.382965 -0.575091
v 0.184310 -0.395819 -0.579188
v 0.204764 -0.368028 -0.615560
v 0.238366 -0.382996 -0.575125
v 0.101360 -0.231382 -0.739360
v 0.148295 -0.256805 -0.720832
v -0.101361 -0.231353 -0.739371
v -0.148312 -0.256777 -0.720873
v 0.153626 -0.205372 -0.738068
v -0.153619 -0.205364 -0.738085
v -0.035693 0.639068 -0.605197
v 0.035723 0.639191 -0.605302
v -0.213195 0.497472 -0.646267
v -0.223595 0.437268 -0.661778
v 0.000072 0.667421 -0.552595
v -0.253853 0.462543 -0.619640
v 0.213251 0.497469 -0.646206
v 0.223102 0.437169 -0.661486
v 0.254304 0.462683 -0.619858
v 0.112697 0.247906 -0.806716
v 0.164096 0.276888 -0.785311
v -0.112597 0.247964 -0.806671
v -0.163988 0.276934 -0.784774
v 0.170921 0.222986 -0.811199
v -0.170850 0.223028 -0.811071
v 0.607575 0.187415 -0.428464
v 0.581262 0.173043 -0.477674
v 0.703662 0.129845 -0.257885
v 0.727739 0.088364 -0.227970
v 0.570407 0.220824 -0.455183
v 0.720467 0.134141 -0.197859
v 0.603434 -0.194562 -0.426810
v 0.576515 -0.178319 -0.474835
v 0.700487 -0.133190 -0.256503
v 0.724399 -0.089886 -0.226803
v 0.567491 -0.229095 -0.455402
v 0.717172 -0.137820 -0.196761
v 0.530842 -0.026074 -0.583212
v 0.530863 0.029745 -0.583615
v 0.491711 0.002138 -0.615679
v 0.621019 0.198446 0.428821
v 0.592375 0.181923 0.477618
v 0.727996 0.135755 0.265114
v 0.753909 0.091697 0.237444
v 0.581495 0.234261 0.455887
v 0.743352 0.140004 0.208897
v 0.620024 -0.198169 0.427104
v 0.592032 -0.181370 0.475899
v 0.725826 -0.138237 0.265747
v 0.750643 -0.093643 0.238060
v 0.578420 -0.232558 0.451563
v 0.741014 -0.142798 0.209543
v 0.541873 -0.029723 0.590704
v 0.541562 0.026662 0.590676
v 0.501035 -0.001376 0.622750
v -0.607542 0.187417 -0.428523
v -0.581240 0.173059 -0.477700
v -0.703639 0.129840 -0.257864
v -0.727695 0.088364 -0.227961
v -0.570390 0.220813 -0.455286
v -0.720442 0.134107 -0.197833
v -0.603405 -0.194546 -0.426807
v -0.576498 -0.178323 -0.474847
v -0.700530 -0.133217 -0.256523
v -0.724392 -0.089877 -0.226791
v -0.567505 -0.229095 -0.455430
v -0.717123 -0.137823 -0.196747
v -0.530824 -0.026040 -0.583208
v -0.530868 0.029751 -0.583601
v -0.491729 0.002148 -0.615706
v -0.621021 0.198457 0.428831
v -0.592346 0.181899 0.477584
v -0.727997 0.135744 0.265113
v -0.753911 0.091681 0.237442
v -0.581476 0.234232 0.455873
v -0.743360 0.140004 0.208885
v -0.620000 -0.198203 0.427133
v -0.592080 -0.181360 0.475826
v -0.725808 -0.138233 0.265756
v -0.750648 -0.093659 0.238054
v -0.578462 -0.232628 0.451642
v -0.740992 -0.142804 0.209538
v -0.541897 -0.029731 0.590728
v -0.541564 0.026680 0.590673
v -0.501019 -0.001387 0.622718
v -0.024164 0.552330 0.195054
v 0.024174 0.552346 0.195043
v -0.000027 0.534082 0.247498
v -0.023477 0.671298 -0.275201
v 0.023348 0.671436 -0.275090
v 0.000003 0.689939 -0.337016
v -0.438998 0.398459 0.411478
v -0.411755 0.387951 0.462539
v -0.461412 0.371358 0.446672
v -0.426895 0.449351 -0.425237
v -0.401420 0.433240 -0.477116
v -0.444026 0.392344 -0.449256
v -0.694258 0.279773 0.009945
v -0.717154 0.235681 -0.019097
v -0.718835 0.237068 0.037944
v 0.439010 0.398449 0.411475
v 0.411751 0.387958 0.462532
v 0.461414 0.371364 0.446671
v 0.426518 0.448915 -0.425214
v 0.401989 0.432957 -0.477154
v 0.444002 0.392341 -0.449314
v 0.694278 0.279793 0.009931
v 0.717174 0.235682 -0.019129
v 0.718854 0.237063 0.037908
v -0.022644 -0.670611 0.283125
v 0.022592 -0.670576 0.283036
v -0.000241 -0.677411 0.345743
v -0.030961 -0.643750 -0.218914
v 0.030841 -0.643605 -0.218581
v -0.000453 -0.622455 -0.270880
v -0.438979 -0.458653 0.433062
v -0.412671 -0.451136 0.487066
v -0.457521 -0.410188 0.456666
v -0.425606 -0.391778 -0.405641
v -0.400563 -0.378585 -0.458983
v -0.450477 -0.357634 -0.444280
v -0.694909 -0.283472 0.009955
v -0.717187 -0.240964 -0.018923
v -0.718723 -0.241516 0.037948
v 0.438906 -0.458791 0.432900
v 0.412400 -0.451375 0.486859
v 0.457172 -0.410119 0.456623
v 0.425558 -0.391520 -0.405760
v 0.400667 -0.378360 -0.459180
v 0.450467 -0.357678 -0.444278
v 0.694899 -0.283455 0.009924
v 0.717191 -0.240960 -0.018925
v 0.718735 -0.241514 0.037957
v 0.267567 -0.030221 0.744642
v 0.267032 0.027940 0.742944
v 0.316291 -0.000936 0.724420
v -0.267562 -0.030243 0.744561
v -0.267066 0.027984 0.742926
v -0.316327 -0.000951 0.724433
v 0.261453 -0.027112 -0.733681
v 0.263087 0.035248 -0.740062
v 0.312263 0.003643 -0.718342
v -0.261227 -0.027323 -0.733707
v -0.263230 0.035328 -0.740228
v -0.311895 0.003300 -0.717586
f 1 647 644
f 1 644 643
f 1 643 645
f 1 645 646
f 1 646 647
f 2 649 652
f 6 672 670
f 12 702 699
f 11 696 695
f 8 679 681
f 4 662 659
f 4 659 658
f 4 658 660
f 4 660 661
f 4 661 662
f 5 666 665
f 3 654 657
f 7 673 677
f 9 685 686
f 10 692 688
f 12 701 698
f 6 669 668
f 2 650 648
f 8 682 678
f 11 697 693
f 6 671 669
f 12 700 701
f 11 694 697
f 8 680 682
f 2 651 650
f 10 690 689
f 5 663 664
f 3 655 653
f 7 676 674
f 9 687 684
f 10 691 690
f 5 667 663
f 3 656 655
f 7 675 676
f 9 683 687
f 6 668 672
f 2 648 649
f 8 678 679
f 11 693 696
f 12 698 702
f 10 688 691
f 5 665 667
f 3 657 656
f 7 677 675
f 9 686 683
f 5 664 666
f 3 653 654
f 7 674 673
f 9 684 685
f 10 689 692
f 6 670 671
f 12 699 700
f 11 695 694
f 8 681 680
f 2 652 651
f 35 837 838
f 18 735 736
f 19 742 741
f 40 868 867
f 42 880 879
f 34 832 831
f 33 827 828
f 25 778 780
f 36 844 846
f 20 749 747
f 32 819 820
f 23 765 767
f 24 773 771
f 37 850 849
f 41 876 875
f 34 833 834
f 33 826 825
f 25 779 777
f 36 845 843
f 20 748 750
f 17 729 727
f 14 711 709
f 13 706 703
f 15 718 715
f 16 724 721
f 18 737 733
f 35 839 835
f 42 882 878
f 40 870 866
f 19 744 740
f 30 807 805
f 27 789 787
f 22 762 758
f 28 797 793
f 29 802 799
f 32 821 817
f 23 766 763
f 24 774 770
f 37 852 848
f 41 874 872
f 35 838 836
f 18 736 734
f 19 741 739
f 40 867 865
f 42 879 877
f 34 831 829
f 33 828 824
f 25 780 776
f 36 846 842
f 20 747 745
f 32 820 818
f 23 767 764
f 24 771 769
f 37 849 847
f 41 875 871
f 34 834 830
f 33 825 823
f 25 777 775
f 36 843 841
f 20 750 746
f 14 714 710
f 13 707 704
f 15 719 716
f 16 725 722
f 17 732 728
f 21 755 752
f 31 814 811
f 26 784 781
f 38 857 853
f 39 862 860
f 27 792 788
f 22 759 757
f 28 796 794
f 29 803 800
f 30 810 806
f 31 815 812
f 26 785 782
f 38 856 854
f 39 863 859
f 21 754 751
f 14 712 714
f 13 705 707
f 15 717 719
f 16 723 725
f 17 730 732
f 21 753 755
f 31 816 814
f 26 786 784
f 38 858 857
f 39 861 862
f 27 791 792
f 22 761 759
f 28 795 796
f 29 801 803
f 30 808 810
f 31 813 815
f 26 783 785
f 38 855 856
f 39 864 863
f 21 756 754
f 14 709 712
f 13 703 705
f 15 715 717
f 16 721 723
f 17 727 730
f 21 751 753
f 31 812 816
f 26 782 786
f 38 854 858
f 39 859 861
f 27 787 791
f 22 758 761
f 28 793 795
f 29 799 801
f 30 805 808
f 31 811 813
f 26 781 783
f 38 853 855
f 39 860 864
f 21 752 756
f 17 728 731
f 14 710 713
f 13 704 708
f 15 716 720
f 16 722 726
f 18 734 738
f 35 836 840
f 42 877 881
f 40 865 869
f 19 739 743
f 30 806 809
f 27 788 790
f 22 757 760
f 28 794 798
f 29 800 804
f 32 818 822
f 23 764 768
f 24 769 772
f 37 847 851
f 41 871 873
f 35 835 837
f 18 733 735
f 19 740 742
f 40 866 868
f 42 878 880
f 34 830 832
f 33 823 827
f 25 775 778
f 36 841 844
f 20 746 749
f 32 817 819
f 23 763 765
f 24 770 773
f 37 848 850
f 41 872 876
f 34 829 833
f 33 824 826
f 25 776 779
f 36 842 845
f 20 745 748
f 17 731 729
f 14 713 711
f 13 708 706
f 15 720 718
f 16 726 724
f 18 738 737
f 35 840 839
f 42 881 882
f 40 869 870
f 19 743 744
f 30 809 807
f 27 790 789
f 22 760 762
f 28 798 797
f 29 804 802
f 32 822 821
f 23 768 766
f 24 772 774
f 37 851 852
f 41 873 874
f 107 1269 1270
f 103 1245 1246
f 104 1252 1251
f 110 1288 1287
f 113 1306 1305
f 118 1336 1335
f 154 1551 1552
f 141 1473 1474
f 162 1599 1600
f 121 1354 1353
f 142 1479 1480
f 129 1401 1402
f 130 1408 1407
f 144 1492 1491
f 146 1504 1503
f 151 1533 1534
f 131 1414 1413
f 136 1444 1443
f 161 1594 1593
f 126 1383 1384
f 116 1323 1324
f 108 1275 1276
f 106 1263 1264
f 112 1299 1300
f 115 1317 1318
f 119 1341 1342
f 156 1564 1563
f 139 1462 1461
f 160 1588 1587
f 120 1347 1348
f 149 1521 1522
f 132 1420 1419
f 128 1395 1396
f 145 1497 1498
f 148 1515 1516
f 155 1557 1558
f 133 1425 1426
f 134 1431 1432
f 157 1570 1569
f 124 1372 1371
f 109 1282 1281
f 105 1258 1257
f 111 1294 1293
f 114 1312 1311
f 117 1330 1329
f 125 1378 1377
f 152 1540 1539
f 137 1449 1450
f 158 1575 1576
f 123 1365 1366
f 143 1486 1485
f 127 1390 1389
f 135 1437 1438
f 147 1510 1509
f 150 1528 1527
f 153 1546 1545
f 140 1468 1467
f 138 1455 1456
f 159 1581 1582
f 122 1359 1360
f 107 1272 1271
f 103 1248 1247
f 104 1253 1254
f 110 1289 1290
f 113 1307 1308
f 118 1337 1338
f 154 1554 1553
f 141 1476 1475
f 162 1602 1601
f 121 1355 1356
f 142 1482 1481
f 129 1404 1403
f 130 1409 1410
f 144 1493 1494
f 146 1505 1506
f 151 1536 1535
f 131 1415 1416
f 136 1445 1446
f 161 1595 1596
f 126 1386 1385
f 47 909 907
f 44 891 889
f 43 886 883
f 45 898 895
f 46 904 901
f 49 922 919
f 72 1060 1057
f 102 1240 1237
f 96 1204 1201
f 79 1102 1099
f 62 999 997
f 59 981 979
f 58 976 973
f 60 988 985
f 61 994 991
f 66 1024 1021
f 54 952 949
f 73 1066 1063
f 85 1138 1135
f 92 1179 1177
f 101 1233 1231
f 69 1041 1039
f 50 927 925
f 82 1119 1117
f 97 1209 1207
f 71 1053 1051
f 100 1228 1225
f 94 1192 1189
f 80 1108 1105
f 51 933 931
f 90 1167 1165
f 63 1005 1003
f 55 957 955
f 76 1083 1081
f 87 1150 1147
f 91 1174 1171
f 67 1029 1027
f 56 963 961
f 75 1077 1075
f 83 1126 1123
f 68 1036 1033
f 48 915 913
f 78 1095 1093
f 93 1185 1183
f 98 1216 1213
f 88 1155 1153
f 65 1018 1015
f 57 970 967
f 77 1090 1087
f 86 1143 1141
f 64 1012 1009
f 53 945 943
f 74 1071 1069
f 84 1131 1129
f 89 1162 1159
f 70 1047 1045
f 99 1221 1219
f 95 1197 1195
f 81 1114 1111
f 52 940 937
f 109 1284 1280
f 105 1260 1256
f 111 1296 1292
f 114 1314 1310
f 117 1332 1328
f 125 1380 1376
f 152 1542 1538
f 137 1451 1447
f 158 1577 1573
f 123 1367 1363
f 143 1488 1484
f 127 1392 1388
f 135 1439 1435
f 147 1512 1508
f 150 1530 1526
f 153 1548 1544
f 140 1470 1466
f 138 1457 1453
f 159 1583 1579
f 122 1361 1357
f 107 1270 1268
f 103 1246 1244
f 104 1251 1249
f 110 1287 1285
f 113 1305 1303
f 118 1335 1333
f 154 1552 1550
f 141 1474 1472
f 162 1600 1598
f 121 1353 1351
f 142 1480 1478
f 129 1402 1400
f 130 1407 1405
f 144 1491 1489
f 146 1503 1501
f 151 1534 1532
f 131 1413 1411
f 136 1443 1441
f 161 1593 1591
f 126 1384 1382
f 116 1324 1322
f 108 1276 1274
f 106 1264 1262
f 112 1300 1298
f 115 1318 1316
f 119 1342 1340
f 156 1563 1561
f 139 1461 1459
f 160 1587 1585
f 120 1348 1346
f 149 1522 1520
f 132 1419 1417
f 128 1396 1394
f 145 1498 1496
f 148 1516 1514
f 155 1558 1556
f 133 1426 1424
f 134 1432 1430
f 157 1569 1567
f 124 1371 1369
f 109 1281 1279
f 105 1257 1255
f 111 1293 1291
f 114 1311 1309
f 117 1329 1327
f 125 1377 1375
f 152 1539 1537
f 137 1450 1448
f 158 1576 1574
f 123 1366 1364
f 143 1485 1483
f 127 1389 1387
f 135 1438 1436
f 147 1509 1507
f 150 1527 1525
f 153 1545 1543
f 140 1467 1465
f 138 1456 1454
f 159 1582 1580
f 122 1360 1358
f 107 1271 1267
f 103 1247 1243
f 104 1254 1250
f 110 1290 1286
f 113 1308 1304
f 118 1338 1334
f 154 1553 1549
f 141 1475 1471
f 162 1601 1597
f 121 1356 1352
f 142 1481 1477
f 129 1403 1399
f 130 1410 1406
f 144 1494 1490
f 146 1506 1502
f 151 1535 1531
f 131 1416 1412
f 136 1446 1442
f 161 1596 1592
f 126 1385 1381
f 44 894 890
f 43 887 884
f 45 899 896
f 46 905 902
f 47 912 908
f 52 941 938
f 70 1050 1046
f 99 1224 1220
f 95 1200 1196
f 81 1115 1112
f 59 984 980
f 58 977 974
f 60 989 986
f 61 995 992
f 62 1002 998
f 65 1019 1016
f 57 971 968
f 77 1091 1088
f 86 1146 1142
f 88 1158 1154
f 98 1217 1214
f 68 1037 1034
f 48 918 914
f 78 1098 1094
f 93 1188 1184
f 69 1044 1040
f 101 1236 1232
f 97 1212 1208
f 82 1122 1118
f 50 930 926
f 89 1163 1160
f 64 1013 1010
f 53 948 944
f 74 1074 1070
f 84 1134 1130
f 90 1170 1166
f 63 1008 1004
f 55 960 956
f 76 1086 1082
f 87 1151 1148
f 72 1061 1058
f 49 923 920
f 79 1103 1100
f 96 1205 1202
f 102 1241 1238
f 91 1175 1172
f 67 1032 1028
f 56 966 962
f 75 1080 1076
f 83 1127 1124
f 66 1025 1022
f 54 953 950
f 73 1067 1064
f 85 1139 1136
f 92 1182 1178
f 71 1056 1052
f 100 1229 1226
f 94 1193 1190
f 80 1109 1106
f 51 936 932
f 116 1325 1321
f 108 1277 1273
f 106 1265 1261
f 112 1301 1297
f 115 1319 1315
f 119 1343 1339
f 156 1566 1562
f 139 1464 1460
f 160 1590 1586
f 120 1349 1345
f 149 1523 1519
f 132 1422 1418
f 128 1397 1393
f 145 1499 1495
f 148 1517 1513
f 155 1559 1555
f 133 1427 1423
f 134 1433 1429
f 157 1572 1568
f 124 1374 1370
f 44 892 894
f 43 885 887
f 45 897 899
f 46 903 905
f 47 910 912
f 52 939 941
f 70 1048 1050
f 99 1222 1224
f 95 1198 1200
f 81 1113 1115
f 59 982 984
f 58 975 977
f 60 987 989
f 61 993 995
f 62 1000 1002
f 65 1017 1019
f 57 969 971
f 77 1089 1091
f 86 1144 1146
f 88 1156 1158
f 98 1215 1217
f 68 1035 1037
f 48 916 918
f 78 1096 1098
f 93 1186 1188
f 69 1042 1044
f 101 1234 1236
f 97 1210 1212
f 82 1120 1122
f 50 928 930
f 89 1161 1163
f 64 1011 1013
f 53 946 948
f 74 1072 1074
f 84 1132 1134
f 90 1168 1170
f 63 1006 1008
f 55 958 960
f 76 1084 1086
f 87 1149 1151
f 72 1059 1061
f 49 921 923
f 79 1101 1103
f 96 1203 1205
f 102 1239 1241
f 91 1173 1175
f 67 1030 1032
f 56 964 966
f 75 1078 1080
f 83 1125 1127
f 66 1023 1025
f 54 951 953
f 73 1065 1067
f 85 1137 1139
f 92 1180 1182
f 71 1054 1056
f 100 1227 1229
f 94 1191 1193
f 80 1107 1109
f 51 934 936
f 116 1326 1325
f 108 1278 1277
f 106 1266 1265
f 112 1302 1301
f 115 1320 1319
f 119 1344 1343
f 156 1565 1566
f 139 1463 1464
f 160 1589 1590
f 120 1350 1349
f 149 1524 1523
f 132 1421 1422
f 128 1398 1397
f 145 1500 1499
f 148 1518 1517
f 155 1560 1559
f 133 1428 1427
f 134 1434 1433
f 157 1571 1572
f 124 1373 1374
f 44 889 892
f 43 883 885
f 45 895 897
f 46 901 903
f 47 907 910
f 52 937 939
f 70 1045 1048
f 99 1219 1222
f 95 1195 1198
f 81 1111 1113
f 59 979 982
f 58 973 975
f 60 985 987
f 61 991 993
f 62 997 1000
f 65 1015 1017
f 57 967 969
f 77 1087 1089
f 86 1141 1144
f 88 1153 1156
f 98 1213 1215
f 68 1033 1035
f 48 913 916
f 78 1093 1096
f 93 1183 1186
f 69 1039 1042
f 101 1231 1234
f 97 1207 1210
f 82 1117 1120
f 50 925 928
f 89 1159 1161
f 64 1009 1011
f 53 943 946
f 74 1069 1072
f 84 1129 1132
f 90 1165 1168
f 63 1003 1006
f 55 955 958
f 76 1081 1084
f 87 1147 1149
f 72 1057 1059
f 49 919 921
f 79 1099 1101
f 96 1201 1203
f 102 1237 1239
f 91 1171 1173
f 67 1027 1030
f 56 961 964
f 75 1075 1078
f 83 1123 1125
f 66 1021 1023
f 54 949 951
f 73 1063 1065
f 85 1135 1137
f 92 1177 1180
f 71 1051 1054
f 100 1225 1227
f 94 1189 1191
f 80 1105 1107
f 51 931 934
f 116 1322 1326
f 108 1274 1278
f 106 1262 1266
f 112 1298 1302
f 115 1316 1320
f 119 1340 1344
f 156 1561 1565
f 139 1459 1463
f 160 1585 1589
f 120 1346 1350
f 149 1520 1524
f 132 1417 1421
f 128 1394 1398
f 145 1496 1500
f 148 1514 1518
f 155 1556 1560
f 133 1424 1428
f 134 1430 1434
f 157 1567 1571
f 124 1369 1373
f 47 908 911
f 44 890 893
f 43 884 888
f 45 896 900
f 46 902 906
f 49 920 924
f 72 1058 1062
f 102 1238 1242
f 96 1202 1206
f 79 1100 1104
f 62 998 1001
f 59 980 983
f 58 974 978
f 60 986 990
f 61 992 996
f 66 1022 1026
f 54 950 954
f 73 1064 1068
f 85 1136 1140
f 92 1178 1181
f 101 1232 1235
f 69 1040 1043
f 50 926 929
f 82 1118 1121
f 97 1208 1211
f 71 1052 1055
f 100 1226 1230
f 94 1190 1194
f 80 1106 1110
f 51 932 935
f 90 1166 1169
f 63 1004 1007
f 55 956 959
f 76 1082 1085
f 87 1148 1152
f 91 1172 1176
f 67 1028 1031
f 56 962 965
f 75 1076 1079
f 83 1124 1128
f 68 1034 1038
f 48 914 917
f 78 1094 1097
f 93 1184 1187
f 98 1214 1218
f 88 1154 1157
f 65 1016 1020
f 57 968 972
f 77 1088 1092
f 86 1142 1145
f 64 1010 1014
f 53 944 947
f 74 1070 1073
f 84 1130 1133
f 89 1160 1164
f 70 1046 1049
f 99 1220 1223
f 95 1196 1199
f 81 1112 1116
f 52 938 942
f 109 1279 1283
f 105 1255 1259
f 111 1291 1295
f 114 1309 1313
f 117 1327 1331
f 125 1375 1379
f 152 1537 1541
f 137 1448 1452
f 158 1574 1578
f 123 1364 1368
f 143 1483 1487
f 127 1387 1391
f 135 1436 1440
f 147 1507 1511
f 150 1525 1529
f 153 1543 1547
f 140 1465 1469
f 138 1454 1458
f 159 1580 1584
f 122 1358 1362
f 107 1267 1269
f 103 1243 1245
f 104 1250 1252
f 110 1286 1288
f 113 1304 1306
f 118 1334 1336
f 154 1549 1551
f 141 1471 1473
f 162 1597 1599
f 121 1352 1354
f 142 1477 1479
f 129 1399 1401
f 130 1406 1408
f 144 1490 1492
f 146 1502 1504
f 151 1531 1533
f 131 1412 1414
f 136 1442 1444
f 161 1592 1594
f 126 1381 1383
f 116 1321 1323
f 108 1273 1275
f 106 1261 1263
f 112 1297 1299
f 115 1315 1317
f 119 1339 1341
f 156 1562 1564
f 139 1460 1462
f 160 1586 1588
f 120 1345 1347
f 149 1519 1521
f 132 1418 1420
f 128 1393 1395
f 145 1495 1497
f 148 1513 1515
f 155 1555 1557
f 133 1423 1425
f 134 1429 1431
f 157 1568 1570
f 124 1370 1372
f 109 1280 1282
f 105 1256 1258
f 111 1292 1294
f 114 1310 1312
f 117 1328 1330
f 125 1376 1378
f 152 1538 1540
f 137 1447 1449
f 158 1573 1575
f 123 1363 1365
f 143 1484 1486
f 127 1388 1390
f 135 1435 1437
f 147 1508 1510
f 150 1526 1528
f 153 1544 1546
f 140 1466 1468
f 138 1453 1455
f 159 1579 1581
f 122 1357 1359
f 107 1268 1272
f 103 1244 1248
f 104 1249 1253
f 110 1285 1289
f 113 1303 1307
f 118 1333 1337
f 154 1550 1554
f 141 1472 1476
f 162 1598 1602
f 121 1351 1355
f 142 1478 1482
f 129 1400 1404
f 130 1405 1409
f 144 1489 1493
f 146 1501 1505
f 151 1532 1536
f 131 1411 1415
f 136 1441 1445
f 161 1591 1595
f 126 1382 1386
f 47 911 909
f 44 893 891
f 43 888 886
f 45 900 898
f 46 906 904
f 49 924 922
f 72 1062 1060
f 102 1242 1240
f 96 1206 1204
f 79 1104 1102
f 62 1001 999
f 59 983 981
f 58 978 976
f 60 990 988
f 61 996 994
f 66 1026 1024
f 54 954 952
f 73 1068 1066
f 85 1140 1138
f 92 1181 1179
f 101 1235 1233
f 69 1043 1041
f 50 929 927
f 82 1121 1119
f 97 1211 1209
f 71 1055 1053
f 100 1230 1228
f 94 1194 1192
f 80 1110 1108
f 51 935 933
f 90 1169 1167
f 63 1007 1005
f 55 959 957
f 76 1085 1083
f 87 1152 1150
f 91 1176 1174
f 67 1031 1029
f 56 965 963
f 75 1079 1077
f 83 1128 1126
f 68 1038 1036
f 48 917 915
f 78 1097 1095
f 93 1187 1185
f 98 1218 1216
f 88 1157 1155
f 65 1020 1018
f 57 972 970
f 77 1092 1090
f 86 1145 1143
f 64 1014 1012
f 53 947 945
f 74 1073 1071
f 84 1133 1131
f 89 1164 1162
f 70 1049 1047
f 99 1223 1221
f 95 1199 1197
f 81 1116 1114
f 52 942 940
f 109 1283 1284
f 105 1259 1260
f 111 1295 1296
f 114 1313 1314
f 117 1331 1332
f 125 1379 1380
f 152 1541 1542
f 137 1452 1451
f 158 1578 1577
f 123 1368 1367
f 143 1487 1488
f 127 1391 1392
f 135 1440 1439
f 147 1511 1512
f 150 1529 1530
f 153 1547 1548
f 140 1469 1470
f 138 1458 1457
f 159 1584 1583
f 122 1362 1361
f 407 1609 1616
f 403 1605 1608
f 404 1611 1606
f 410 1614 1612
f 413 1617 1615
f 422 1631 1624
f 486 1688 1692
f 573 1775 1782
f 561 1763 1765
f 512 1719 1714
f 452 1654 1661
f 448 1650 1653
f 449 1656 1651
f 455 1659 1657
f 458 1662 1660
f 470 1672 1675
f 437 1646 1639
f 494 1706 1696
f 531 1735 1733
f 539 1741 1751
f 568 1770 1779
f 478 1680 1683
f 419 1621 1626
f 509 1711 1721
f 554 1756 1766
f 482 1684 1689
f 576 1780 1778
f 558 1767 1760
f 516 1722 1718
f 425 1627 1629
f 542 1744 1747
f 463 1668 1665
f 434 1636 1641
f 497 1699 1704
f 528 1730 1737
f 546 1748 1750
f 464 1666 1676
f 440 1642 1644
f 500 1705 1702
f 524 1736 1726
f 479 1691 1681
f 418 1623 1620
f 508 1713 1710
f 553 1764 1755
f 569 1781 1771
f 538 1749 1740
f 471 1677 1673
f 443 1645 1647
f 501 1703 1707
f 523 1725 1734
f 467 1674 1669
f 433 1638 1635
f 493 1695 1698
f 527 1732 1729
f 543 1752 1745
f 485 1690 1687
f 572 1777 1774
f 557 1759 1762
f 515 1717 1720
f 428 1630 1632
f 591 2191 2189
f 587 1885 1883
f 588 1901 1903
f 594 2279 2281
f 597 2315 2317
f 600 2171 2173
f 634 2160 2158
f 619 2016 2012
f 639 2214 2210
f 602 1919 1924
f 624 2137 2135
f 608 1978 1973
f 610 1991 1996
f 627 2225 2227
f 630 2302 2304
f 635 2178 2176
f 615 2153 2155
f 617 2009 2014
f 637 2207 2212
f 604 1926 1922
f 416 1857 1864
f 408 1803 1810
f 406 1786 1795
f 412 1822 1831
f 415 1840 1849
f 424 1876 1887
f 492 2182 2193
f 582 2312 2321
f 565 2276 2285
f 514 1898 1907
f 461 2091 2098
f 453 2037 2044
f 451 1952 1961
f 457 2056 2067
f 460 2074 2083
f 475 2128 2139
f 439 1966 1975
f 496 1988 1997
f 533 2222 2231
f 551 2293 2298
f 579 2185 2190
f 483 1879 1884
f 426 1893 1900
f 521 2271 2278
f 566 2307 2314
f 489 2163 2170
f 578 2150 2159
f 560 2006 2015
f 518 2204 2213
f 429 1911 1918
f 547 2131 2136
f 465 1969 1977
f 441 1983 1990
f 504 2217 2224
f 537 2290 2301
f 550 2168 2177
f 476 2145 2152
f 444 2001 2008
f 502 2199 2206
f 526 1916 1925
f 481 1808 1817
f 420 1789 1797
f 510 1825 1833
f 555 1843 1851
f 571 1862 1871
f 540 1933 1941
f 473 2110 2119
f 447 2020 2029
f 507 2236 2247
f 534 2257 2262
f 469 2042 2051
f 435 1947 1954
f 498 2059 2064
f 529 2077 2085
f 545 2096 2105
f 487 2113 2121
f 574 2023 2031
f 562 2239 2244
f 520 2254 2265
f 432 1930 1939
f 589 1818 1814
f 583 1798 1793
f 586 1834 1829
f 593 1852 1847
f 596 1872 1868
f 599 1942 1937
f 633 2120 2124
f 620 2030 2034
f 640 2248 2250
f 603 2263 2261
f 622 2052 2050
f 607 1955 1960
f 612 2065 2063
f 626 2086 2081
f 629 2106 2102
f 631 2122 2117
f 614 2032 2027
f 618 2245 2243
f 641 2266 2268
f 605 1940 1944
f 409 1813 1804
f 405 1792 1785
f 411 1828 1821
f 414 1846 1839
f 417 1867 1858
f 431 1936 1929
f 488 2123 2114
f 575 2033 2024
f 563 2249 2240
f 519 2260 2253
f 454 2049 2038
f 450 1959 1951
f 456 2062 2055
f 459 2080 2073
f 462 2101 2092
f 472 2116 2109
f 446 2026 2019
f 506 2242 2235
f 535 2267 2258
f 541 1943 1934
f 570 1869 1861
f 480 1815 1807
f 421 1799 1790
f 511 1835 1826
f 556 1853 1844
f 484 1889 1880
f 580 2195 2186
f 567 2319 2308
f 522 2283 2272
f 427 1905 1894
f 544 2103 2095
f 468 2046 2041
f 436 1957 1948
f 499 2069 2060
f 530 2087 2078
f 548 2141 2132
f 466 1979 1970
f 442 1993 1984
f 505 2229 2218
f 536 2296 2289
f 491 2188 2181
f 423 1882 1875
f 513 1902 1897
f 564 2280 2275
f 581 2316 2311
f 549 2172 2167
f 477 2157 2146
f 445 2011 2002
f 503 2209 2200
f 525 1923 1915
f 474 2134 2127
f 438 1972 1965
f 495 1995 1987
f 532 2226 2221
f 552 2303 2294
f 490 2175 2164
f 577 2154 2149
f 559 2013 2005
f 517 2211 2203
f 430 1921 1912
f 590 1865 1870
f 584 1811 1816
f 585 1796 1800
f 592 1832 1836
f 595 1850 1854
f 598 1888 1890
f 636 2194 2196
f 621 2322 2320
f 642 2286 2284
f 601 1908 1906
f 623 2099 2104
f 611 2045 2047
f 609 1962 1958
f 625 2068 2070
f 628 2084 2088
f 632 2140 2142
f 613 1976 1980
f 616 1998 1994
f 638 2232 2230
f 606 2299 2297
f 407 2330 2329
f 403 2324 2323
f 404 2325 2326
f 410 2332 2333
f 413 2335 2336
f 422 2344 2345
f 486 2410 2409
f 573 2497 2496
f 561 2486 2485
f 512 2434 2435
f 452 2375 2374
f 448 2369 2368
f 449 2370 2371
f 455 2377 2378
f 458 2380 2381
f 470 2393 2392
f 437 2359 2360
f 494 2415 2416
f 531 2455 2456
f 539 2461 2460
f 568 2489 2488
f 478 2399 2398
f 419 2341 2340
f 509 2431 2430
f 554 2476 2475
f 482 2405 2404
f 576 2500 2501
f 558 2481 2482
f 516 2439 2440
f 425 2348 2347
f 542 2465 2464
f 463 2383 2384
f 434 2356 2355
f 497 2420 2419
f 528 2452 2451
f 546 2471 2470
f 464 2386 2385
f 440 2363 2362
f 500 2422 2423
f 524 2445 2446
f 479 2400 2401
f 418 2338 2339
f 508 2428 2429
f 553 2473 2474
f 569 2490 2491
f 538 2458 2459
f 471 2394 2395
f 443 2366 2365
f 501 2425 2424
f 523 2444 2443
f 467 2389 2390
f 433 2353 2354
f 493 2414 2413
f 527 2449 2450
f 543 2466 2467
f 485 2407 2408
f 572 2494 2495
f 557 2480 2479
f 515 2438 2437
f 428 2351 2350
f 591 2510 2511
f 587 2504 2505
f 588 2508 2507
f 594 2514 2513
f 597 2517 2516
f 600 2520 2519
f 634 2554 2556
f 619 2539 2540
f 639 2560 2561
f 602 2523 2521
f 624 2543 2544
f 608 2527 2529
f 610 2532 2530
f 627 2547 2546
f 630 2550 2549
f 635 2552 2553
f 615 2535 2534
f 617 2538 2536
f 637 2558 2557
f 604 2524 2525
f 167 1607 647
f 164 1603 644
f 163 1604 643
f 165 1610 645
f 166 1613 646
f 169 1622 649
f 192 1686 672
f 222 1773 702
f 216 1761 696
f 199 1712 679
f 182 1652 662
f 179 1648 659
f 178 1649 658
f 180 1655 660
f 181 1658 661
f 186 1670 666
f 174 1637 654
f 193 1694 673
f 205 1731 685
f 212 1739 692
f 221 1768 701
f 189 1678 669
f 170 1619 650
f 202 1709 682
f 217 1754 697
f 191 1682 671
f 220 1776 700
f 214 1758 694
f 200 1716 680
f 171 1625 651
f 210 1742 690
f 183 1663 663
f 175 1634 655
f 196 1697 676
f 207 1728 687
f 211 1746 691
f 187 1664 667
f 176 1640 656
f 195 1700 675
f 203 1724 683
f 188 1679 668
f 168 1618 648
f 198 1708 678
f 213 1753 693
f 218 1769 698
f 208 1738 688
f 185 1671 665
f 177 1643 657
f 197 1701 677
f 206 1723 686
f 184 1667 664
f 173 1633 653
f 194 1693 674
f 204 1727 684
f 209 1743 689
f 190 1685 670
f 219 1772 699
f 215 1757 695
f 201 1715 681
f 172 1628 652
f 357 2187 837
f 255 1881 735
f 262 1899 742
f 388 2277 868
f 400 2313 880
f 352 2169 832
f 347 2156 827
f 298 2010 778
f 364 2208 844
f 269 1917 749
f 339 2133 819
f 285 1971 765
f 293 1989 773
f 370 2223 850
f 396 2300 876
f 353 2174 833
f 346 2151 826
f 299 2007 779
f 365 2205 845
f 268 1920 748
f 249 1855 729
f 231 1801 711
f 226 1784 706
f 238 1820 718
f 244 1838 724
f 257 1874 737
f 359 2180 839
f 402 2310 882
f 390 2274 870
f 264 1896 744
f 327 2089 807
f 309 2035 789
f 282 1950 762
f 317 2054 797
f 322 2072 802
f 341 2126 821
f 286 1964 766
f 294 1986 774
f 372 2220 852
f 394 2291 874
f 358 2183 838
f 256 1877 736
f 261 1891 741
f 387 2269 867
f 399 2305 879
f 351 2161 831
f 348 2148 828
f 300 2004 780
f 366 2202 846
f 267 1909 747
f 340 2129 820
f 287 1967 767
f 291 1981 771
f 369 2215 849
f 395 2288 875
f 354 2166 834
f 345 2143 825
f 297 1999 777
f 363 2197 843
f 270 1914 750
f 234 1806 714
f 227 1787 707
f 239 1823 719
f 245 1841 725
f 252 1860 732
f 275 1931 755
f 334 2108 814
f 304 2018 784
f 377 2234 857
f 382 2255 862
f 312 2040 792
f 279 1945 759
f 316 2057 796
f 323 2075 803
f 330 2094 810
f 335 2111 815
f 305 2021 785
f 376 2237 856
f 383 2252 863
f 274 1928 754
f 232 1812 712
f 225 1791 705
f 237 1827 717
f 243 1845 723
f 250 1866 730
f 273 1935 753
f 336 2118 816
f 306 2028 786
f 378 2246 858
f 381 2259 861
f 311 2048 791
f 281 1953 761
f 315 2061 795
f 321 2079 801
f 328 2100 808
f 333 2115 813
f 303 2025 783
f 375 2241 855
f 384 2264 864
f 276 1938 756
f 229 1802 709
f 223 1783 703
f 235 1819 715
f 241 1837 721
f 247 1856 727
f 271 1927 751
f 332 2112 812
f 302 2022 782
f 374 2238 854
f 379 2251 859
f 307 2036 787
f 278 1949 758
f 313 2053 793
f 319 2071 799
f 325 2090 805
f 331 2107 811
f 301 2017 781
f 373 2233 853
f 380 2256 860
f 272 1932 752
f 248 1859 728
f 230 1805 710
f 224 1788 704
f 236 1824 716
f 242 1842 722
f 254 1878 734
f 356 2184 836
f 397 2306 877
f 385 2270 865
f 259 1892 739
f 326 2093 806
f 308 2039 788
f 277 1946 757
f 314 2058 794
f 320 2076 800
f 338 2130 818
f 284 1968 764
f 289 1982 769
f 367 2216 847
f 391 2287 871
f 355 2179 835
f 253 1873 733
f 260 1895 740
f 386 2273 866
f 398 2309 878
f 350 2165 830
f 343 2144 823
f 295 2000 775
f 361 2198 841
f 266 1913 746
f 337 2125 817
f 283 1963 763
f 290 1985 770
f 368 2219 848
f 392 2292 872
f 349 2162 829
f 344 2147 824
f 296 2003 776
f 362 2201 842
f 265 1910 745
f 251 1863 731
f 233 1809 713
f 228 1794 708
f 240 1830 720
f 246 1848 726
f 258 1886 738
f 360 2192 840
f 401 2318 881
f 389 2282 869
f 263 1904 743
f 329 2097 809
f 310 2043 790
f 280 1956 760
f 318 2066 798
f 324 2082 804
f 342 2138 822
f 288 1974 768
f 292 1992 772
f 371 2228 851
f 393 2295 873
f 409 2331 1269
f 405 2327 1245
f 411 2328 1252
f 414 2334 1288
f 417 2337 1306
f 431 2346 1336
f 488 2412 1551
f 575 2499 1473
f 563 2487 1599
f 519 2436 1354
f 454 2376 1479
f 450 2372 1401
f 456 2373 1408
f 459 2379 1492
f 462 2382 1504
f 472 2396 1533
f 446 2361 1414
f 506 2418 1444
f 535 2457 1594
f 541 2463 1383
f 570 2492 1323
f 480 2402 1275
f 421 2343 1263
f 511 2433 1299
f 556 2478 1317
f 484 2406 1341
f 580 2502 1564
f 567 2484 1462
f 522 2442 1588
f 427 2349 1347
f 544 2468 1521
f 468 2387 1420
f 436 2358 1395
f 499 2421 1497
f 530 2454 1515
f 548 2472 1557
f 466 2388 1425
f 442 2364 1431
f 505 2426 1570
f 536 2448 1372
f 491 2403 1282
f 423 2342 1258
f 513 2432 1294
f 564 2477 1312
f 581 2493 1330
f 549 2462 1378
f 477 2397 1540
f 445 2367 1449
f 503 2427 1575
f 525 2447 1365
f 474 2391 1486
f 438 2357 1390
f 495 2417 1437
f 532 2453 1510
f 552 2469 1528
f 490 2411 1546
f 577 2498 1468
f 559 2483 1455
f 517 2441 1581
f 430 2352 1359
f 590 2509 1272
f 584 2503 1248
f 585 2506 1253
f 592 2512 1289
f 595 2515 1307
f 598 2518 1337
f 636 2555 1554
f 621 2541 1476
f 642 2562 1602
f 601 2522 1355
f 623 2542 1482
f 611 2528 1404
f 609 2531 1409
f 625 2545 1493
f 628 2548 1505
f 632 2551 1536
f 613 2533 1415
f 616 2537 1445
f 638 2559 1595
f 606 2526 1386
f 407 1616 909
f 403 1608 891
f 404 1606 886
f 410 1612 898
f 413 1615 904
f 422 1624 922
f 486 1692 1060
f 573 1782 1240
f 561 1765 1204
f 512 1714 1102
f 452 1661 999
f 448 1653 981
f 449 1651 976
f 455 1657 988
f 458 1660 994
f 470 1675 1024
f 437 1639 952
f 494 1696 1066
f 531 1733 1138
f 539 1751 1179
f 568 1779 1233
f 478 1683 1041
f 419 1626 927
f 509 1721 1119
f 554 1766 1209
f 482 1689 1053
f 576 1778 1228
f 558 1760 1192
f 516 1718 1108
f 425 1629 933
f 542 1747 1167
f 463 1665 1005
f 434 1641 957
f 497 1704 1083
f 528 1737 1150
f 546 1750 1174
f 464 1676 1029
f 440 1644 963
f 500 1702 1077
f 524 1726 1126
f 479 1681 1036
f 418 1620 915
f 508 1710 1095
f 553 1755 1185
f 569 1771 1216
f 538 1740 1155
f 471 1673 1018
f 443 1647 970
f 501 1707 1090
f 523 1734 1143
f 467 1669 1012
f 433 1635 945
f 493 1698 1071
f 527 1729 1131
f 543 1745 1162
f 485 1687 1047
f 572 1774 1221
f 557 1762 1197
f 515 1720 1114
f 428 1632 940
f 591 2189 1284
f 587 1883 1260
f 588 1903 1296
f 594 2281 1314
f 597 2317 1332
f 600 2173 1380
f 634 2158 1542
f 619 2012 1451
f 639 2210 1577
f 602 1924 1367
f 624 2135 1488
f 608 1973 1392
f 610 1996 1439
f 627 2227 1512
f 630 2304 1530
f 635 2176 1548
f 615 2155 1470
f 617 2014 1457
f 637 2212 1583
f 604 1922 1361
f 416 1864 1270
f 408 1810 1246
f 406 1795 1251
f 412 1831 1287
f 415 1849 1305
f 424 1887 1335
f 492 2193 1552
f 582 2321 1474
f 565 2285 1600
f 514 1907 1353
f 461 2098 1480
f 453 2044 1402
f 451 1961 1407
f 457 2067 1491
f 460 2083 1503
f 475 2139 1534
f 439 1975 1413
f 496 1997 1443
f 533 2231 1593
f 551 2298 1384
f 579 2190 1324
f 483 1884 1276
f 426 1900 1264
f 521 2278 1300
f 566 2314 1318
f 489 2170 1342
f 578 2159 1563
f 560 2015 1461
f 518 2213 1587
f 429 1918 1348
f 547 2136 1522
f 465 1977 1419
f 441 1990 1396
f 504 2224 1498
f 537 2301 1516
f 550 2177 1558
f 476 2152 1426
f 444 2008 1432
f 502 2206 1569
f 526 1925 1371
f 481 1817 1281
f 420 1797 1257
f 510 1833 1293
f 555 1851 1311
f 571 1871 1329
f 540 1941 1377
f 473 2119 1539
f 447 2029 1450
f 507 2247 1576
f 534 2262 1366
f 469 2051 1485
f 435 1954 1389
f 498 2064 1438
f 529 2085 1509
f 545 2105 1527
f 487 2121 1545
f 574 2031 1467
f 562 2244 1456
f 520 2265 1582
f 432 1939 1360
f 589 1814 1271
f 583 1793 1247
f 586 1829 1254
f 593 1847 1290
f 596 1868 1308
f 599 1937 1338
f 633 2124 1553
f 620 2034 1475
f 640 2250 1601
f 603 2261 1356
f 622 2050 1481
f 607 1960 1403
f 612 2063 1410
f 626 2081 1494
f 629 2102 1506
f 631 2117 1535
f 614 2027 1416
f 618 2243 1446
f 641 2268 1596
f 605 1944 1385
f 409 1804 894
f 405 1785 887
f 411 1821 899
f 414 1839 905
f 417 1858 912
f 431 1929 941
f 488 2114 1050
f 575 2024 1224
f 563 2240 1200
f 519 2253 1115
f 454 2038 984
f 450 1951 977
f 456 2055 989
f 459 2073 995
f 462 2092 1002
f 472 2109 1019
f 446 2019 971
f 506 2235 1091
f 535 2258 1146
f 541 1934 1158
f 570 1861 1217
f 480 1807 1037
f 421 1790 918
f 511 1826 1098
f 556 1844 1188
f 484 1880 1044
f 580 2186 1236
f 567 2308 1212
f 522 2272 1122
f 427 1894 930
f 544 2095 1163
f 468 2041 1013
f 436 1948 948
f 499 2060 1074
f 530 2078 1134
f 548 2132 1170
f 466 1970 1008
f 442 1984 960
f 505 2218 1086
f 536 2289 1151
f 491 2181 1061
f 423 1875 923
f 513 1897 1103
f 564 2275 1205
f 581 2311 1241
f 549 2167 1175
f 477 2146 1032
f 445 2002 966
f 503 2200 1080
f 525 1915 1127
f 474 2127 1025
f 438 1965 953
f 495 1987 1067
f 532 2221 1139
f 552 2294 1182
f 490 2164 1056
f 577 2149 1229
f 559 2005 1193
f 517 2203 1109
f 430 1912 936
f 590 1870 1325
f 584 1816 1277
f 585 1800 1265
f 592 1836 1301
f 595 1854 1319
f 598 1890 1343
f 636 2196 1566
f 621 2320 1464
f 642 2284 1590
f 601 1906 1349
f 623 2104 1523
f 611 2047 1422
f 609 1958 1397
f 625 2070 1499
f 628 2088 1517
f 632 2142 1559
f 613 1980 1427
f 616 1994 1433
f 638 2230 1572
f 606 2297 1374
f 407 2329 892
f 403 2323 885
f 404 2326 897
f 410 2333 903
f 413 2336 910
f 422 2345 939
f 486 2409 1048
f 573 2496 1222
f 561 2485 1198
f 512 2435 1113
f 452 2374 982
f 448 2368 975
f 449 2371 987
f 455 2378 993
f 458 2381 1000
f 470 2392 1017
f 437 2360 969
f 494 2416 1089
f 531 2456 1144
f 539 2460 1156
f 568 2488 1215
f 478 2398 1035
f 419 2340 916
f 509 2430 1096
f 554 2475 1186
f 482 2404 1042
f 576 2501 1234
f 558 2482 1210
f 516 2440 1120
f 425 2347 928
f 542 2464 1161
f 463 2384 1011
f 434 2355 946
f 497 2419 1072
f 528 2451 1132
f 546 2470 1168
f 464 2385 1006
f 440 2362 958
f 500 2423 1084
f 524 2446 1149
f 479 2401 1059
f 418 2339 921
f 508 2429 1101
f 553 2474 1203
f 569 2491 1239
f 538 2459 1173
f 471 2395 1030
f 443 2365 964
f 501 2424 1078
f 523 2443 1125
f 467 2390 1023
f 433 2354 951
f 493 2413 1065
f 527 2450 1137
f 543 2467 1180
f 485 2408 1054
f 572 2495 1227
f 557 2479 1191
f 515 2437 1107
f 428 2350 934
f 591 2511 1326
f 587 2505 1278
f 588 2507 1266
f 594 2513 1302
f 597 2516 1320
f 600 2519 1344
f 634 2556 1565
f 619 2540 1463
f 639 2561 1589
f 602 2521 1350
f 624 2544 1524
f 608 2529 1421
f 610 2530 1398
f 627 2546 1500
f 630 2549 1518
f 635 2553 1560
f 615 2534 1428
f 617 2536 1434
f 637 2557 1571
f 604 2525 1373
f 164 1609 889
f 163 1605 883
f 165 1611 895
f 166 1614 901
f 167 1617 907
f 172 1631 937
f 190 1688 1045
f 219 1775 1219
f 215 1763 1195
f 201 1719 1111
f 179 1654 979
f 178 1650 973
f 180 1656 985
f 181 1659 991
f 182 1662 997
f 185 1672 1015
f 177 1646 967
f 197 1706 1087
f 206 1735 1141
f 208 1741 1153
f 218 1770 1213
f 188 1680 1033
f 168 1621 913
f 198 1711 1093
f 213 1756 1183
f 189 1684 1039
f 221 1780 1231
f 217 1767 1207
f 202 1722 1117
f 170 1627 925
f 209 1744 1159
f 184 1668 1009
f 173 1636 943
f 194 1699 1069
f 204 1730 1129
f 210 1748 1165
f 183 1666 1003
f 175 1642 955
f 196 1705 1081
f 207 1736 1147
f 192 1691 1057
f 169 1623 919
f 199 1713 1099
f 216 1764 1201
f 222 1781 1237
f 211 1749 1171
f 187 1677 1027
f 176 1645 961
f 195 1703 1075
f 203 1725 1123
f 186 1674 1021
f 174 1638 949
f 193 1695 1063
f 205 1732 1135
f 212 1752 1177
f 191 1690 1051
f 220 1777 1225
f 214 1759 1189
f 200 1717 1105
f 171 1630 931
f 358 2191 1322
f 256 1885 1274
f 261 1901 1262
f 387 2279 1298
f 399 2315 1316
f 351 2171 1340
f 348 2160 1561
f 300 2016 1459
f 366 2214 1585
f 267 1919 1346
f 340 2137 1520
f 287 1978 1417
f 291 1991 1394
f 369 2225 1496
f 395 2302 1514
f 354 2178 1556
f 345 2153 1424
f 297 2009 1430
f 363 2207 1567
f 270 1926 1369
f 247 1857 908
f 229 1803 890
f 223 1786 884
f 235 1822 896
f 241 1840 902
f 253 1876 920
f 355 2182 1058
f 398 2312 1238
f 386 2276 1202
f 260 1898 1100
f 325 2091 998
f 307 2037 980
f 278 1952 974
f 313 2056 986
f 319 2074 992
f 337 2128 1022
f 283 1966 950
f 290 1988 1064
f 368 2222 1136
f 392 2293 1178
f 356 2185 1232
f 254 1879 1040
f 259 1893 926
f 385 2271 1118
f 397 2307 1208
f 349 2163 1052
f 344 2150 1226
f 296 2006 1190
f 362 2204 1106
f 265 1911 932
f 338 2131 1166
f 284 1969 1004
f 289 1983 956
f 367 2217 1082
f 391 2290 1148
f 350 2168 1172
f 343 2145 1028
f 295 2001 962
f 361 2199 1076
f 266 1916 1124
f 230 1808 1034
f 224 1789 914
f 236 1825 1094
f 242 1843 1184
f 248 1862 1214
f 272 1933 1154
f 331 2110 1016
f 301 2020 968
f 373 2236 1088
f 380 2257 1142
f 308 2042 1010
f 277 1947 944
f 314 2059 1070
f 320 2077 1130
f 326 2096 1160
f 332 2113 1046
f 302 2023 1220
f 374 2239 1196
f 379 2254 1112
f 271 1930 938
f 234 1818 1279
f 227 1798 1255
f 239 1834 1291
f 245 1852 1309
f 252 1872 1327
f 275 1942 1375
f 334 2120 1537
f 304 2030 1448
f 377 2248 1574
f 382 2263 1364
f 312 2052 1483
f 279 1955 1387
f 316 2065 1436
f 323 2086 1507
f 330 2106 1525
f 335 2122 1543
f 305 2032 1465
f 376 2245 1454
f 383 2266 1580
f 274 1940 1358
f 232 1813 1267
f 225 1792 1243
f 237 1828 1250
f 243 1846 1286
f 250 1867 1304
f 273 1936 1334
f 336 2123 1549
f 306 2033 1471
f 378 2249 1597
f 381 2260 1352
f 311 2049 1477
f 281 1959 1399
f 315 2062 1406
f 321 2080 1490
f 328 2101 1502
f 333 2116 1531
f 303 2026 1412
f 375 2242 1442
f 384 2267 1592
f 276 1943 1381
f 251 1869 1321
f 233 1815 1273
f 228 1799 1261
f 240 1835 1297
f 246 1853 1315
f 258 1889 1339
f 360 2195 1562
f 401 2319 1460
f 389 2283 1586
f 263 1905 1345
f 329 2103 1519
f 310 2046 1418
f 280 1957 1393
f 318 2069 1495
f 324 2087 1513
f 342 2141 1555
f 288 1979 1423
f 292 1993 1429
f 371 2229 1568
f 393 2296 1370
f 357 2188 1280
f 255 1882 1256
f 262 1902 1292
f 388 2280 1310
f 400 2316 1328
f 352 2172 1376
f 347 2157 1538
f 298 2011 1447
f 364 2209 1573
f 269 1923 1363
f 339 2134 1484
f 285 1972 1388
f 293 1995 1435
f 370 2226 1508
f 396 2303 1526
f 353 2175 1544
f 346 2154 1466
f 299 2013 1453
f 365 2211 1579
f 268 1921 1357
f 249 1865 1268
f 231 1811 1244
f 226 1796 1249
f 238 1832 1285
f 244 1850 1303
f 257 1888 1333
f 359 2194 1550
f 402 2322 1472
f 390 2286 1598
f 264 1908 1351
f 327 2099 1478
f 309 2045 1400
f 282 1962 1405
f 317 2068 1489
f 322 2084 1501
f 341 2140 1532
f 286 1976 1411
f 294 1998 1441
f 372 2232 1591
f 394 2299 1382
f 416 2330 911
f 408 2324 893
f 406 2325 888
f 412 2332 900
f 415 2335 906
f 424 2344 924
f 492 2410 1062
f 582 2497 1242
f 565 2486 1206
f 514 2434 1104
f 461 2375 1001
f 453 2369 983
f 451 2370 978
f 457 2377 990
f 460 2380 996
f 475 2393 1026
f 439 2359 954
f 496 2415 1068
f 533 2455 1140
f 551 2461 1181
f 579 2489 1235
f 483 2399 1043
f 426 2341 929
f 521 2431 1121
f 566 2476 1211
f 489 2405 1055
f 578 2500 1230
f 560 2481 1194
f 518 2439 1110
f 429 2348 935
f 547 2465 1169
f 465 2383 1007
f 441 2356 959
f 504 2420 1085
f 537 2452 1152
f 550 2471 1176
f 476 2386 1031
f 444 2363 965
f 502 2422 1079
f 526 2445 1128
f 481 2400 1038
f 420 2338 917
f 510 2428 1097
f 555 2473 1187
f 571 2490 1218
f 540 2458 1157
f 473 2394 1020
f 447 2366 972
f 507 2425 1092
f 534 2444 1145
f 469 2389 1014
f 435 2353 947
f 498 2414 1073
f 529 2449 1133
f 545 2466 1164
f 487 2407 1049
f 574 2494 1223
f 562 2480 1199
f 520 2438 1116
f 432 2351 942
f 589 2510 1283
f 583 2504 1259
f 586 2508 1295
f 593 2514 1313
f 596 2517 1331
f 599 2520 1379
f 633 2554 1541
f 620 2539 1452
f 640 2560 1578
f 603 2523 1368
f 622 2543 1487
f 607 2527 1391
f 612 2532 1440
f 626 2547 1511
f 629 2550 1529
f 631 2552 1547
f 614 2535 1469
f 618 2538 1458
f 641 2558 1584
f 605 2524 1362
f 164 1607 1609
f 163 1603 1605
f 165 1604 1611
f 166 1610 1614
f 167 1613 1617
f 172 1622 1631
f 190 1686 1688
f 219 1773 1775
f 215 1761 1763
f 201 1712 1719
f 179 1652 1654
f 178 1648 1650
f 180 1649 1656
f 181 1655 1659
f 182 1658 1662
f 185 1670 1672
f 177 1637 1646
f 197 1694 1706
f 206 1731 1735
f 208 1739 1741
f 218 1768 1770
f 188 1678 1680
f 168 1619 1621
f 198 1709 1711
f 213 1754 1756
f 189 1682 1684
f 221 1776 1780
f 217 1758 1767
f 202 1716 1722
f 170 1625 1627
f 209 1742 1744
f 184 1663 1668
f 173 1634 1636
f 194 1697 1699
f 204 1728 1730
f 210 1746 1748
f 183 1664 1666
f 175 1640 1642
f 196 1700 1705
f 207 1724 1736
f 192 1679 1691
f 169 1618 1623
f 199 1708 1713
f 216 1753 1764
f 222 1769 1781
f 211 1738 1749
f 187 1671 1677
f 176 1643 1645
f 195 1701 1703
f 203 1723 1725
f 186 1667 1674
f 174 1633 1638
f 193 1693 1695
f 205 1727 1732
f 212 1743 1752
f 191 1685 1690
f 220 1772 1777
f 214 1757 1759
f 200 1715 1717
f 171 1628 1630
f 358 2187 2191
f 256 1881 1885
f 261 1899 1901
f 387 2277 2279
f 399 2313 2315
f 351 2169 2171
f 348 2156 2160
f 300 2010 2016
f 366 2208 2214
f 267 1917 1919
f 340 2133 2137
f 287 1971 1978
f 291 1989 1991
f 369 2223 2225
f 395 2300 2302
f 354 2174 2178
f 345 2151 2153
f 297 2007 2009
f 363 2205 2207
f 270 1920 1926
f 247 1855 1857
f 229 1801 1803
f 223 1784 1786
f 235 1820 1822
f 241 1838 1840
f 253 1874 1876
f 355 2180 2182
f 398 2310 2312
f 386 2274 2276
f 260 1896 1898
f 325 2089 2091
f 307 2035 2037
f 278 1950 1952
f 313 2054 2056
f 319 2072 2074
f 337 2126 2128
f 283 1964 1966
f 290 1986 1988
f 368 2220 2222
f 392 2291 2293
f 356 2183 2185
f 254 1877 1879
f 259 1891 1893
f 385 2269 2271
f 397 2305 2307
f 349 2161 2163
f 344 2148 2150
f 296 2004 2006
f 362 2202 2204
f 265 1909 1911
f 338 2129 2131
f 284 1967 1969
f 289 1981 1983
f 367 2215 2217
f 391 2288 2290
f 350 2166 2168
f 343 2143 2145
f 295 1999 2001
f 361 2197 2199
f 266 1914 1916
f 230 1806 1808
f 224 1787 1789
f 236 1823 1825
f 242 1841 1843
f 248 1860 1862
f 272 1931 1933
f 331 2108 2110
f 301 2018 2020
f 373 2234 2236
f 380 2255 2257
f 308 2040 2042
f 277 1945 1947
f 314 2057 2059
f 320 2075 2077
f 326 2094 2096
f 332 2111 2113
f 302 2021 2023
f 374 2237 2239
f 379 2252 2254
f 271 1928 1930
f 234 1812 1818
f 227 1791 1798
f 239 1827 1834
f 245 1845 1852
f 252 1866 1872
f 275 1935 1942
f 334 2118 2120
f 304 2028 2030
f 377 2246 2248
f 382 2259 2263
f 312 2048 2052
f 279 1953 1955
f 316 2061 2065
f 323 2079 2086
f 330 2100 2106
f 335 2115 2122
f 305 2025 2032
f 376 2241 2245
f 383 2264 2266
f 274 1938 1940
f 232 1802 1813
f 225 1783 1792
f 237 1819 1828
f 243 1837 1846
f 250 1856 1867
f 273 1927 1936
f 336 2112 2123
f 306 2022 2033
f 378 2238 2249
f 381 2251 2260
f 311 2036 2049
f 281 1949 1959
f 315 2053 2062
f 321 2071 2080
f 328 2090 2101
f 333 2107 2116
f 303 2017 2026
f 375 2233 2242
f 384 2256 2267
f 276 1932 1943
f 251 1859 1869
f 233 1805 1815
f 228 1788 1799
f 240 1824 1835
f 246 1842 1853
f 258 1878 1889
f 360 2184 2195
f 401 2306 2319
f 389 2270 2283
f 263 1892 1905
f 329 2093 2103
f 310 2039 2046
f 280 1946 1957
f 318 2058 2069
f 324 2076 2087
f 342 2130 2141
f 288 1968 1979
f 292 1982 1993
f 371 2216 2229
f 393 2287 2296
f 357 2179 2188
f 255 1873 1882
f 262 1895 1902
f 388 2273 2280
f 400 2309 2316
f 352 2165 2172
f 347 2144 2157
f 298 2000 2011
f 364 2198 2209
f 269 1913 1923
f 339 2125 2134
f 285 1963 1972
f 293 1985 1995
f 370 2219 2226
f 396 2292 2303
f 353 2162 2175
f 346 2147 2154
f 299 2003 2013
f 365 2201 2211
f 268 1910 1921
f 249 1863 1865
f 231 1809 1811
f 226 1794 1796
f 238 1830 1832
f 244 1848 1850
f 257 1886 1888
f 359 2192 2194
f 402 2318 2322
f 390 2282 2286
f 264 1904 1908
f 327 2097 2099
f 309 2043 2045
f 282 1956 1962
f 317 2066 2068
f 322 2082 2084
f 341 2138 2140
f 286 1974 1976
f 294 1992 1998
f 372 2228 2232
f 394 2295 2299
f 416 2331 2330
f 408 2327 2324
f 406 2328 2325
f 412 2334 2332
f 415 2337 2335
f 424 2346 2344
f 492 2412 2410
f 582 2499 2497
f 565 2487 2486
f 514 2436 2434
f 461 2376 2375
f 453 2372 2369
f 451 2373 2370
f 457 2379 2377
f 460 2382 2380
f 475 2396 2393
f 439 2361 2359
f 496 2418 2415
f 533 2457 2455
f 551 2463 2461
f 579 2492 2489
f 483 2402 2399
f 426 2343 2341
f 521 2433 2431
f 566 2478 2476
f 489 2406 2405
f 578 2502 2500
f 560 2484 2481
f 518 2442 2439
f 429 2349 2348
f 547 2468 2465
f 465 2387 2383
f 441 2358 2356
f 504 2421 2420
f 537 2454 2452
f 550 2472 2471
f 476 2388 2386
f 444 2364 2363
f 502 2426 2422
f 526 2448 2445
f 481 2403 2400
f 420 2342 2338
f 510 2432 2428
f 555 2477 2473
f 571 2493 2490
f 540 2462 2458
f 473 2397 2394
f 447 2367 2366
f 507 2427 2425
f 534 2447 2444
f 469 2391 2389
f 435 2357 2353
f 498 2417 2414
f 529 2453 2449
f 545 2469 2466
f 487 2411 2407
f 574 2498 2494
f 562 2483 2480
f 520 2441 2438
f 432 2352 2351
f 589 2509 2510
f 583 2503 2504
f 586 2506 2508
f 593 2512 2514
f 596 2515 2517
f 599 2518 2520
f 633 2555 2554
f 620 2541 2539
f 640 2562 2560
f 603 2522 2523
f 622 2542 2543
f 607 2528 2527
f 612 2531 2532
f 626 2545 2547
f 629 2548 2550
f 631 2551 2552
f 614 2533 2535
f 618 2537 2538
f 641 2559 2558
f 605 2526 2524
f 164 644 1607
f 163 643 1603
f 165 645 1604
f 166 646 1610
f 167 647 1613
f 172 652 1622
f 190 670 1686
f 219 699 1773
f 215 695 1761
f 201 681 1712
f 179 659 1652
f 178 658 1648
f 180 660 1649
f 181 661 1655
f 182 662 1658
f 185 665 1670
f 177 657 1637
f 197 677 1694
f 206 686 1731
f 208 688 1739
f 218 698 1768
f 188 668 1678
f 168 648 1619
f 198 678 1709
f 213 693 1754
f 189 669 1682
f 221 701 1776
f 217 697 1758
f 202 682 1716
f 170 650 1625
f 209 689 1742
f 184 664 1663
f 173 653 1634
f 194 674 1697
f 204 684 1728
f 210 690 1746
f 183 663 1664
f 175 655 1640
f 196 676 1700
f 207 687 1724
f 192 672 1679
f 169 649 1618
f 199 679 1708
f 216 696 1753
f 222 702 1769
f 211 691 1738
f 187 667 1671
f 176 656 1643
f 195 675 1701
f 203 683 1723
f 186 666 1667
f 174 654 1633
f 193 673 1693
f 205 685 1727
f 212 692 1743
f 191 671 1685
f 220 700 1772
f 214 694 1757
f 200 680 1715
f 171 651 1628
f 358 838 2187
f 256 736 1881
f 261 741 1899
f 387 867 2277
f 399 879 2313
f 351 831 2169
f 348 828 2156
f 300 780 2010
f 366 846 2208
f 267 747 1917
f 340 820 2133
f 287 767 1971
f 291 771 1989
f 369 849 2223
f 395 875 2300
f 354 834 2174
f 345 825 2151
f 297 777 2007
f 363 843 2205
f 270 750 1920
f 247 727 1855
f 229 709 1801
f 223 703 1784
f 235 715 1820
f 241 721 1838
f 253 733 1874
f 355 835 2180
f 398 878 2310
f 386 866 2274
f 260 740 1896
f 325 805 2089
f 307 787 2035
f 278 758 1950
f 313 793 2054
f 319 799 2072
f 337 817 2126
f 283 763 1964
f 290 770 1986
f 368 848 2220
f 392 872 2291
f 356 836 2183
f 254 734 1877
f 259 739 1891
f 385 865 2269
f 397 877 2305
f 349 829 2161
f 344 824 2148
f 296 776 2004
f 362 842 2202
f 265 745 1909
f 338 818 2129
f 284 764 1967
f 289 769 1981
f 367 847 2215
f 391 871 2288
f 350 830 2166
f 343 823 2143
f 295 775 1999
f 361 841 2197
f 266 746 1914
f 230 710 1806
f 224 704 1787
f 236 716 1823
f 242 722 1841
f 248 728 1860
f 272 752 1931
f 331 811 2108
f 301 781 2018
f 373 853 2234
f 380 860 2255
f 308 788 2040
f 277 757 1945
f 314 794 2057
f 320 800 2075
f 326 806 2094
f 332 812 2111
f 302 782 2021
f 374 854 2237
f 379 859 2252
f 271 751 1928
f 234 714 1812
f 227 707 1791
f 239 719 1827
f 245 725 1845
f 252 732 1866
f 275 755 1935
f 334 814 2118
f 304 784 2028
f 377 857 2246
f 382 862 2259
f 312 792 2048
f 279 759 1953
f 316 796 2061
f 323 803 2079
f 330 810 2100
f 335 815 2115
f 305 785 2025
f 376 856 2241
f 383 863 2264
f 274 754 1938
f 232 712 1802
f 225 705 1783
f 237 717 1819
f 243 723 1837
f 250 730 1856
f 273 753 1927
f 336 816 2112
f 306 786 2022
f 378 858 2238
f 381 861 2251
f 311 791 2036
f 281 761 1949
f 315 795 2053
f 321 801 2071
f 328 808 2090
f 333 813 2107
f 303 783 2017
f 375 855 2233
f 384 864 2256
f 276 756 1932
f 251 731 1859
f 233 713 1805
f 228 708 1788
f 240 720 1824
f 246 726 1842
f 258 738 1878
f 360 840 2184
f 401 881 2306
f 389 869 2270
f 263 743 1892
f 329 809 2093
f 310 790 2039
f 280 760 1946
f 318 798 2058
f 324 804 2076
f 342 822 2130
f 288 768 1968
f 292 772 1982
f 371 851 2216
f 393 873 2287
f 357 837 2179
f 255 735 1873
f 262 742 1895
f 388 868 2273
f 400 880 2309
f 352 832 2165
f 347 827 2144
f 298 778 2000
f 364 844 2198
f 269 749 1913
f 339 819 2125
f 285 765 1963
f 293 773 1985
f 370 850 2219
f 396 876 2292
f 353 833 2162
f 346 826 2147
f 299 779 2003
f 365 845 2201
f 268 748 1910
f 249 729 1863
f 231 711 1809
f 226 706 1794
f 238 718 1830
f 244 724 1848
f 257 737 1886
f 359 839 2192
f 402 882 2318
f 390 870 2282
f 264 744 1904
f 327 807 2097
f 309 789 2043
f 282 762 1956
f 317 797 2066
f 322 802 2082
f 341 821 2138
f 286 766 1974
f 294 774 1992
f 372 852 2228
f 394 874 2295
f 416 1270 2331
f 408 1246 2327
f 406 1251 2328
f 412 1287 2334
f 415 1305 2337
f 424 1335 2346
f 492 1552 2412
f 582 1474 2499
f 565 1600 2487
f 514 1353 2436
f 461 1480 2376
f 453 1402 2372
f 451 1407 2373
f 457 1491 2379
f 460 1503 2382
f 475 1534 2396
f 439 1413 2361
f 496 1443 2418
f 533 1593 2457
f 551 1384 2463
f 579 1324 2492
f 483 1276 2402
f 426 1264 2343
f 521 1300 2433
f 566 1318 2478
f 489 1342 2406
f 578 1563 2502
f 560 1461 2484
f 518 1587 2442
f 429 1348 2349
f 547 1522 2468
f 465 1419 2387
f 441 1396 2358
f 504 1498 2421
f 537 1516 2454
f 550 1558 2472
f 476 1426 2388
f 444 1432 2364
f 502 1569 2426
f 526 1371 2448
f 481 1281 2403
f 420 1257 2342
f 510 1293 2432
f 555 1311 2477
f 571 1329 2493
f 540 1377 2462
f 473 1539 2397
f 447 1450 2367
f 507 1576 2427
f 534 1366 2447
f 469 1485 2391
f 435 1389 2357
f 498 1438 2417
f 529 1509 2453
f 545 1527 2469
f 487 1545 2411
f 574 1467 2498
f 562 1456 2483
f 520 1582 2441
f 432 1360 2352
f 589 1271 2509
f 583 1247 2503
f 586 1254 2506
f 593 1290 2512
f 596 1308 2515
f 599 1338 2518
f 633 1553 2555
f 620 1475 2541
f 640 1601 2562
f 603 1356 2522
f 622 1481 2542
f 607 1403 2528
f 612 1410 2531
f 626 1494 2545
f 629 1506 2548
f 631 1535 2551
f 614 1416 2533
f 618 1446 2537
f 641 1596 2559
f 605 1385 2526
f 167 907 1616
f 164 889 1608
f 163 883 1606
f 165 895 1612
f 166 901 1615
f 169 919 1624
f 192 1057 1692
f 222 1237 1782
f 216 1201 1765
f 199 1099 1714
f 182 997 1661
f 179 979 1653
f 178 973 1651
f 180 985 1657
f 181 991 1660
f 186 1021 1675
f 174 949 1639
f 193 1063 1696
f 205 1135 1733
f 212 1177 1751
f 221 1231 1779
f 189 1039 1683
f 170 925 1626
f 202 1117 1721
f 217 1207 1766
f 191 1051 1689
f 220 1225 1778
f 214 1189 1760
f 200 1105 1718
f 171 931 1629
f 210 1165 1747
f 183 1003 1665
f 175 955 1641
f 196 1081 1704
f 207 1147 1737
f 211 1171 1750
f 187 1027 1676
f 176 961 1644
f 195 1075 1702
f 203 1123 1726
f 188 1033 1681
f 168 913 1620
f 198 1093 1710
f 213 1183 1755
f 218 1213 1771
f 208 1153 1740
f 185 1015 1673
f 177 967 1647
f 197 1087 1707
f 206 1141 1734
f 184 1009 1669
f 173 943 1635
f 194 1069 1698
f 204 1129 1729
f 209 1159 1745
f 190 1045 1687
f 219 1219 1774
f 215 1195 1762
f 201 1111 1720
f 172 937 1632
f 357 1280 2189
f 255 1256 1883
f 262 1292 1903
f 388 1310 2281
f 400 1328 2317
f 352 1376 2173
f 347 1538 2158
f 298 1447 2012
f 364 1573 2210
f 269 1363 1924
f 339 1484 2135
f 285 1388 1973
f 293 1435 1996
f 370 1508 2227
f 396 1526 2304
f 353 1544 2176
f 346 1466 2155
f 299 1453 2014
f 365 1579 2212
f 268 1357 1922
f 249 1268 1864
f 231 1244 1810
f 226 1249 1795
f 238 1285 1831
f 244 1303 1849
f 257 1333 1887
f 359 1550 2193
f 402 1472 2321
f 390 1598 2285
f 264 1351 1907
f 327 1478 2098
f 309 1400 2044
f 282 1405 1961
f 317 1489 2067
f 322 1501 2083
f 341 1532 2139
f 286 1411 1975
f 294 1441 1997
f 372 1591 2231
f 394 1382 2298
f 358 1322 2190
f 256 1274 1884
f 261 1262 1900
f 387 1298 2278
f 399 1316 2314
f 351 1340 2170
f 348 1561 2159
f 300 1459 2015
f 366 1585 2213
f 267 1346 1918
f 340 1520 2136
f 287 1417 1977
f 291 1394 1990
f 369 1496 2224
f 395 1514 2301
f 354 1556 2177
f 345 1424 2152
f 297 1430 2008
f 363 1567 2206
f 270 1369 1925
f 234 1279 1817
f 227 1255 1797
f 239 1291 1833
f 245 1309 1851
f 252 1327 1871
f 275 1375 1941
f 334 1537 2119
f 304 1448 2029
f 377 1574 2247
f 382 1364 2262
f 312 1483 2051
f 279 1387 1954
f 316 1436 2064
f 323 1507 2085
f 330 1525 2105
f 335 1543 2121
f 305 1465 2031
f 376 1454 2244
f 383 1580 2265
f 274 1358 1939
f 232 1267 1814
f 225 1243 1793
f 237 1250 1829
f 243 1286 1847
f 250 1304 1868
f 273 1334 1937
f 336 1549 2124
f 306 1471 2034
f 378 1597 2250
f 381 1352 2261
f 311 1477 2050
f 281 1399 1960
f 315 1406 2063
f 321 1490 2081
f 328 1502 2102
f 333 1531 2117
f 303 1412 2027
f 375 1442 2243
f 384 1592 2268
f 276 1381 1944
f 229 890 1804
f 223 884 1785
f 235 896 1821
f 241 902 1839
f 247 908 1858
f 271 938 1929
f 332 1046 2114
f 302 1220 2024
f 374 1196 2240
f 379 1112 2253
f 307 980 2038
f 278 974 1951
f 313 986 2055
f 319 992 2073
f 325 998 2092
f 331 1016 2109
f 301 968 2019
f 373 1088 2235
f 380 1142 2258
f 272 1154 1934
f 248 1214 1861
f 230 1034 1807
f 224 914 1790
f 236 1094 1826
f 242 1184 1844
f 254 1040 1880
f 356 1232 2186
f 397 1208 2308
f 385 1118 2272
f 259 926 1894
f 326 1160 2095
f 308 1010 2041
f 277 944 1948
f 314 1070 2060
f 320 1130 2078
f 338 1166 2132
f 284 1004 1970
f 289 956 1984
f 367 1082 2218
f 391 1148 2289
f 355 1058 2181
f 253 920 1875
f 260 1100 1897
f 386 1202 2275
f 398 1238 2311
f 350 1172 2167
f 343 1028 2146
f 295 962 2002
f 361 1076 2200
f 266 1124 1915
f 337 1022 2127
f 283 950 1965
f 290 1064 1987
f 368 1136 2221
f 392 1178 2294
f 349 1052 2164
f 344 1226 2149
f 296 1190 2005
f 362 1106 2203
f 265 932 1912
f 251 1321 1870
f 233 1273 1816
f 228 1261 1800
f 240 1297 1836
f 246 1315 1854
f 258 1339 1890
f 360 1562 2196
f 401 1460 2320
f 389 1586 2284
f 263 1345 1906
f 329 1519 2104
f 310 1418 2047
f 280 1393 1958
f 318 1495 2070
f 324 1513 2088
f 342 1555 2142
f 288 1423 1980
f 292 1429 1994
f 371 1568 2230
f 393 1370 2297
f 409 894 2329
f 405 887 2323
f 411 899 2326
f 414 905 2333
f 417 912 2336
f 431 941 2345
f 488 1050 2409
f 575 1224 2496
f 563 1200 2485
f 519 1115 2435
f 454 984 2374
f 450 977 2368
f 456 989 2371
f 459 995 2378
f 462 1002 2381
f 472 1019 2392
f 446 971 2360
f 506 1091 2416
f 535 1146 2456
f 541 1158 2460
f 570 1217 2488
f 480 1037 2398
f 421 918 2340
f 511 1098 2430
f 556 1188 2475
f 484 1044 2404
f 580 1236 2501
f 567 1212 2482
f 522 1122 2440
f 427 930 2347
f 544 1163 2464
f 468 1013 2384
f 436 948 2355
f 499 1074 2419
f 530 1134 2451
f 548 1170 2470
f 466 1008 2385
f 442 960 2362
f 505 1086 2423
f 536 1151 2446
f 491 1061 2401
f 423 923 2339
f 513 1103 2429
f 564 1205 2474
f 581 1241 2491
f 549 1175 2459
f 477 1032 2395
f 445 966 2365
f 503 1080 2424
f 525 1127 2443
f 474 1025 2390
f 438 953 2354
f 495 1067 2413
f 532 1139 2450
f 552 1182 2467
f 490 1056 2408
f 577 1229 2495
f 559 1193 2479
f 517 1109 2437
f 430 936 2350
f 590 1325 2511
f 584 1277 2505
f 585 1265 2507
f 592 1301 2513
f 595 1319 2516
f 598 1343 2519
f 636 1566 2556
f 621 1464 2540
f 642 1590 2561
f 601 1349 2521
f 623 1523 2544
f 611 1422 2529
f 609 1397 2530
f 625 1499 2546
f 628 1517 2549
f 632 1559 2553
f 613 1427 2534
f 616 1433 2536
f 638 1572 2557
f 606 1374 2525
f 407 892 1609
f 403 885 1605
f 404 897 1611
f 410 903 1614
f 413 910 1617
f 422 939 1631
f 486 1048 1688
f 573 1222 1775
f 561 1198 1763
f 512 1113 1719
f 452 982 1654
f 448 975 1650
f 449 987 1656
f 455 993 1659
f 458 1000 1662
f 470 1017 1672
f 437 969 1646
f 494 1089 1706
f 531 1144 1735
f 539 1156 1741
f 568 1215 1770
f 478 1035 1680
f 419 916 1621
f 509 1096 1711
f 554 1186 1756
f 482 1042 1684
f 576 1234 1780
f 558 1210 1767
f 516 1120 1722
f 425 928 1627
f 542 1161 1744
f 463 1011 1668
f 434 946 1636
f 497 1072 1699
f 528 1132 1730
f 546 1168 1748
f 464 1006 1666
f 440 958 1642
f 500 1084 1705
f 524 1149 1736
f 479 1059 1691
f 418 921 1623
f 508 1101 1713
f 553 1203 1764
f 569 1239 1781
f 538 1173 1749
f 471 1030 1677
f 443 964 1645
f 501 1078 1703
f 523 1125 1725
f 467 1023 1674
f 433 951 1638
f 493 1065 1695
f 527 1137 1732
f 543 1180 1752
f 485 1054 1690
f 572 1227 1777
f 557 1191 1759
f 515 1107 1717
f 428 934 1630
f 591 1326 2191
f 587 1278 1885
f 588 1266 1901
f 594 1302 2279
f 597 1320 2315
f 600 1344 2171
f 634 1565 2160
f 619 1463 2016
f 639 1589 2214
f 602 1350 1919
f 624 1524 2137
f 608 1421 1978
f 610 1398 1991
f 627 1500 2225
f 630 1518 2302
f 635 1560 2178
f 615 1428 2153
f 617 1434 2009
f 637 1571 2207
f 604 1373 1926
f 416 911 1857
f 408 893 1803
f 406 888 1786
f 412 900 1822
f 415 906 1840
f 424 924 1876
f 492 1062 2182
f 582 1242 2312
f 565 1206 2276
f 514 1104 1898
f 461 1001 2091
f 453 983 2037
f 451 978 1952
f 457 990 2056
f 460 996 2074
f 475 1026 2128
f 439 954 1966
f 496 1068 1988
f 533 1140 2222
f 551 1181 2293
f 579 1235 2185
f 483 1043 1879
f 426 929 1893
f 521 1121 2271
f 566 1211 2307
f 489 1055 2163
f 578 1230 2150
f 560 1194 2006
f 518 1110 2204
f 429 935 1911
f 547 1169 2131
f 465 1007 1969
f 441 959 1983
f 504 1085 2217
f 537 1152 2290
f 550 1176 2168
f 476 1031 2145
f 444 965 2001
f 502 1079 2199
f 526 1128 1916
f 481 1038 1808
f 420 917 1789
f 510 1097 1825
f 555 1187 1843
f 571 1218 1862
f 540 1157 1933
f 473 1020 2110
f 447 972 2020
f 507 1092 2236
f 534 1145 2257
f 469 1014 2042
f 435 947 1947
f 498 1073 2059
f 529 1133 2077
f 545 1164 2096
f 487 1049 2113
f 574 1223 2023
f 562 1199 2239
f 520 1116 2254
f 432 942 1930
f 589 1283 1818
f 583 1259 1798
f 586 1295 1834
f 593 1313 1852
f 596 1331 1872
f 599 1379 1942
f 633 1541 2120
f 620 1452 2030
f 640 1578 2248
f 603 1368 2263
f 622 1487 2052
f 607 1391 1955
f 612 1440 2065
f 626 1511 2086
f 629 1529 2106
f 631 1547 2122
f 614 1469 2032
f 618 1458 2245
f 641 1584 2266
f 605 1362 1940
f 409 1269 1813
f 405 1245 1792
f 411 1252 1828
f 414 1288 1846
f 417 1306 1867
f 431 1336 1936
f 488 1551 2123
f 575 1473 2033
f 563 1599 2249
f 519 1354 2260
f 454 1479 2049
f 450 1401 1959
f 456 1408 2062
f 459 1492 2080
f 462 1504 2101
f 472 1533 2116
f 446 1414 2026
f 506 1444 2242
f 535 1594 2267
f 541 1383 1943
f 570 1323 1869
f 480 1275 1815
f 421 1263 1799
f 511 1299 1835
f 556 1317 1853
f 484 1341 1889
f 580 1564 2195
f 567 1462 2319
f 522 1588 2283
f 427 1347 1905
f 544 1521 2103
f 468 1420 2046
f 436 1395 1957
f 499 1497 2069
f 530 1515 2087
f 548 1557 2141
f 466 1425 1979
f 442 1431 1993
f 505 1570 2229
f 536 1372 2296
f 491 1282 2188
f 423 1258 1882
f 513 1294 1902
f 564 1312 2280
f 581 1330 2316
f 549 1378 2172
f 477 1540 2157
f 445 1449 2011
f 503 1575 2209
f 525 1365 1923
f 474 1486 2134
f 438 1390 1972
f 495 1437 1995
f 532 1510 2226
f 552 1528 2303
f 490 1546 2175
f 577 1468 2154
f 559 1455 2013
f 517 1581 2211
f 430 1359 1921
f 590 1272 1865
f 584 1248 1811
f 585 1253 1796
f 592 1289 1832
f 595 1307 1850
f 598 1337 1888
f 636 1554 2194
f 621 1476 2322
f 642 1602 2286
f 601 1355 1908
f 623 1482 2099
f 611 1404 2045
f 609 1409 1962
f 625 1493 2068
f 628 1505 2084
f 632 1536 2140
f 613 1415 1976
f 616 1445 1998
f 638 1595 2232
f 606 1386 2299
f 407 909 2330
f 403 891 2324
f 404 886 2325
f 410 898 2332
f 413 904 2335
f 422 922 2344
f 486 1060 2410
f 573 1240 2497
f 561 1204 2486
f 512 1102 2434
f 452 999 2375
f 448 981 2369
f 449 976 2370
f 455 988 2377
f 458 994 2380
f 470 1024 2393
f 437 952 2359
f 494 1066 2415
f 531 1138 2455
f 539 1179 2461
f 568 1233 2489
f 478 1041 2399
f 419 927 2341
f 509 1119 2431
f 554 1209 2476
f 482 1053 2405
f 576 1228 2500
f 558 1192 2481
f 516 1108 2439
f 425 933 2348
f 542 1167 2465
f 463 1005 2383
f 434 957 2356
f 497 1083 2420
f 528 1150 2452
f 546 1174 2471
f 464 1029 2386
f 440 963 2363
f 500 1077 2422
f 524 1126 2445
f 479 1036 2400
f 418 915 2338
f 508 1095 2428
f 553 1185 2473
f 569 1216 2490
f 538 1155 2458
f 471 1018 2394
f 443 970 2366
f 501 1090 2425
f 523 1143 2444
f 467 1012 2389
f 433 945 2353
f 493 1071 2414
f 527 1131 2449
f 543 1162 2466
f 485 1047 2407
f 572 1221 2494
f 557 1197 2480
f 515 1114 2438
f 428 940 2351
f 591 1284 2510
f 587 1260 2504
f 588 1296 2508
f 594 1314 2514
f 597 1332 2517
f 600 1380 2520
f 634 1542 2554
f 619 1451 2539
f 639 1577 2560
f 602 1367 2523
f 624 1488 2543
f 608 1392 2527
f 610 1439 2532
f 627 1512 2547
f 630 1530 2550
f 635 1548 2552
f 615 1470 2535
f 617 1457 2538
f 637 1583 2558
f 604 1361 2524
f 167 1616 1607
f 164 1608 1603
f 163 1606 1604
f 165 1612 1610
f 166 1615 1613
f 169 1624 1622
f 192 1692 1686
f 222 1782 1773
f 216 1765 1761
f 199 1714 1712
f 182 1661 1652
f 179 1653 1648
f 178 1651 1649
f 180 1657 1655
f 181 1660 1658
f 186 1675 1670
f 174 1639 1637
f 193 1696 1694
f 205 1733 1731
f 212 1751 1739
f 221 1779 1768
f 189 1683 1678
f 170 1626 1619
f 202 1721 1709
f 217 1766 1754
f 191 1689 1682
f 220 1778 1776
f 214 1760 1758
f 200 1718 1716
f 171 1629 1625
f 210 1747 1742
f 183 1665 1663
f 175 1641 1634
f 196 1704 1697
f 207 1737 1728
f 211 1750 1746
f 187 1676 1664
f 176 1644 1640
f 195 1702 1700
f 203 1726 1724
f 188 1681 1679
f 168 1620 1618
f 198 1710 1708
f 213 1755 1753
f 218 1771 1769
f 208 1740 1738
f 185 1673 1671
f 177 1647 1643
f 197 1707 1701
f 206 1734 1723
f 184 1669 1667
f 173 1635 1633
f 194 1698 1693
f 204 1729 1727
f 209 1745 1743
f 190 1687 1685
f 219 1774 1772
f 215 1762 1757
f 201 1720 1715
f 172 1632 1628
f 357 2189 2187
f 255 1883 1881
f 262 1903 1899
f 388 2281 2277
f 400 2317 2313
f 352 2173 2169
f 347 2158 2156
f 298 2012 2010
f 364 2210 2208
f 269 1924 1917
f 339 2135 2133
f 285 1973 1971
f 293 1996 1989
f 370 2227 2223
f 396 2304 2300
f 353 2176 2174
f 346 2155 2151
f 299 2014 2007
f 365 2212 2205
f 268 1922 1920
f 249 1864 1855
f 231 1810 1801
f 226 1795 1784
f 238 1831 1820
f 244 1849 1838
f 257 1887 1874
f 359 2193 2180
f 402 2321 2310
f 390 2285 2274
f 264 1907 1896
f 327 2098 2089
f 309 2044 2035
f 282 1961 1950
f 317 2067 2054
f 322 2083 2072
f 341 2139 2126
f 286 1975 1964
f 294 1997 1986
f 372 2231 2220
f 394 2298 2291
f 358 2190 2183
f 256 1884 1877
f 261 1900 1891
f 387 2278 2269
f 399 2314 2305
f 351 2170 2161
f 348 2159 2148
f 300 2015 2004
f 366 2213 2202
f 267 1918 1909
f 340 2136 2129
f 287 1977 1967
f 291 1990 1981
f 369 2224 2215
f 395 2301 2288
f 354 2177 2166
f 345 2152 2143
f 297 2008 1999
f 363 2206 2197
f 270 1925 1914
f 234 1817 1806
f 227 1797 1787
f 239 1833 1823
f 245 1851 1841
f 252 1871 1860
f 275 1941 1931
f 334 2119 2108
f 304 2029 2018
f 377 2247 2234
f 382 2262 2255
f 312 2051 2040
f 279 1954 1945
f 316 2064 2057
f 323 2085 2075
f 330 2105 2094
f 335 2121 2111
f 305 2031 2021
f 376 2244 2237
f 383 2265 2252
f 274 1939 1928
f 232 1814 1812
f 225 1793 1791
f 237 1829 1827
f 243 1847 1845
f 250 1868 1866
f 273 1937 1935
f 336 2124 2118
f 306 2034 2028
f 378 2250 2246
f 381 2261 2259
f 311 2050 2048
f 281 1960 1953
f 315 2063 2061
f 321 2081 2079
f 328 2102 2100
f 333 2117 2115
f 303 2027 2025
f 375 2243 2241
f 384 2268 2264
f 276 1944 1938
f 229 1804 1802
f 223 1785 1783
f 235 1821 1819
f 241 1839 1837
f 247 1858 1856
f 271 1929 1927
f 332 2114 2112
f 302 2024 2022
f 374 2240 2238
f 379 2253 2251
f 307 2038 2036
f 278 1951 1949
f 313 2055 2053
f 319 2073 2071
f 325 2092 2090
f 331 2109 2107
f 301 2019 2017
f 373 2235 2233
f 380 2258 2256
f 272 1934 1932
f 248 1861 1859
f 230 1807 1805
f 224 1790 1788
f 236 1826 1824
f 242 1844 1842
f 254 1880 1878
f 356 2186 2184
f 397 2308 2306
f 385 2272 2270
f 259 1894 1892
f 326 2095 2093
f 308 2041 2039
f 277 1948 1946
f 314 2060 2058
f 320 2078 2076
f 338 2132 2130
f 284 1970 1968
f 289 1984 1982
f 367 2218 2216
f 391 2289 2287
f 355 2181 2179
f 253 1875 1873
f 260 1897 1895
f 386 2275 2273
f 398 2311 2309
f 350 2167 2165
f 343 2146 2144
f 295 2002 2000
f 361 2200 2198
f 266 1915 1913
f 337 2127 2125
f 283 1965 1963
f 290 1987 1985
f 368 2221 2219
f 392 2294 2292
f 349 2164 2162
f 344 2149 2147
f 296 2005 2003
f 362 2203 2201
f 265 1912 1910
f 251 1870 1863
f 233 1816 1809
f 228 1800 1794
f 240 1836 1830
f 246 1854 1848
f 258 1890 1886
f 360 2196 2192
f 401 2320 2318
f 389 2284 2282
f 263 1906 1904
f 329 2104 2097
f 310 2047 2043
f 280 1958 1956
f 318 2070 2066
f 324 2088 2082
f 342 2142 2138
f 288 1980 1974
f 292 1994 1992
f 371 2230 2228
f 393 2297 2295
f 409 2329 2331
f 405 2323 2327
f 411 2326 2328
f 414 2333 2334
f 417 2336 2337
f 431 2345 2346
f 488 2409 2412
f 575 2496 2499
f 563 2485 2487
f 519 2435 2436
f 454 2374 2376
f 450 2368 2372
f 456 2371 2373
f 459 2378 2379
f 462 2381 2382
f 472 2392 2396
f 446 2360 2361
f 506 2416 2418
f 535 2456 2457
f 541 2460 2463
f 570 2488 2492
f 480 2398 2402
f 421 2340 2343
f 511 2430 2433
f 556 2475 2478
f 484 2404 2406
f 580 2501 2502
f 567 2482 2484
f 522 2440 2442
f 427 2347 2349
f 544 2464 2468
f 468 2384 2387
f 436 2355 2358
f 499 2419 2421
f 530 2451 2454
f 548 2470 2472
f 466 2385 2388
f 442 2362 2364
f 505 2423 2426
f 536 2446 2448
f 491 2401 2403
f 423 2339 2342
f 513 2429 2432
f 564 2474 2477
f 581 2491 2493
f 549 2459 2462
f 477 2395 2397
f 445 2365 2367
f 503 2424 2427
f 525 2443 2447
f 474 2390 2391
f 438 2354 2357
f 495 2413 2417
f 532 2450 2453
f 552 2467 2469
f 490 2408 2411
f 577 2495 2498
f 559 2479 2483
f 517 2437 2441
f 430 2350 2352
f 590 2511 2509
f 584 2505 2503
f 585 2507 2506
f 592 2513 2512
f 595 2516 2515
f 598 2519 2518
f 636 2556 2555
f 621 2540 2541
f 642 2561 2562
f 601 2521 2522
f 623 2544 2542
f 611 2529 2528
f 609 2530 2531
f 625 2546 2545
f 628 2549 2548
f 632 2553 2551
f 613 2534 2533
f 616 2536 2537
f 638 2557 2559
f 606 2525 2526
f 1607 644 647
f 1603 643 644
f 1604 645 643
f 1610 646 645
f 1613 647 646
f 1622 652 649
f 1686 670 672
f 1773 699 702
f 1761 695 696
f 1712 681 679
f 1652 659 662
f 1648 658 659
f 1649 660 658
f 1655 661 660
f 1658 662 661
f 1670 665 666
f 1637 657 654
f 1694 677 673
f 1731 686 685
f 1739 688 692
f 1768 698 701
f 1678 668 669
f 1619 648 650
f 1709 678 682
f 1754 693 697
f 1682 669 671
f 1776 701 700
f 1758 697 694
f 1716 682 680
f 1625 650 651
f 1742 689 690
f 1663 664 663
f 1634 653 655
f 1697 674 676
f 1728 684 687
f 1746 690 691
f 1664 663 667
f 1640 655 656
f 1700 676 675
f 1724 687 683
f 1679 672 668
f 1618 649 648
f 1708 679 678
f 1753 696 693
f 1769 702 698
f 1738 691 688
f 1671 667 665
f 1643 656 657
f 1701 675 677
f 1723 683 686
f 1667 666 664
f 1633 654 653
f 1693 673 674
f 1727 685 684
f 1743 692 689
f 1685 671 670
f 1772 700 699
f 1757 694 695
f 1715 680 681
f 1628 651 652
f 2187 838 837
f 1881 736 735
f 1899 741 742
f 2277 867 868
f 2313 879 880
f 2169 831 832
f 2156 828 827
f 2010 780 778
f 2208 846 844
f 1917 747 749
f 2133 820 819
f 1971 767 765
f 1989 771 773
f 2223 849 850
f 2300 875 876
f 2174 834 833
f 2151 825 826
f 2007 777 779
f 2205 843 845
f 1920 750 748
f 1855 727 729
f 1801 709 711
f 1784 703 706
f 1820 715 718
f 1838 721 724
f 1874 733 737
f 2180 835 839
f 2310 878 882
f 2274 866 870
f 1896 740 744
f 2089 805 807
f 2035 787 789
f 1950 758 762
f 2054 793 797
f 2072 799 802
f 2126 817 821
f 1964 763 766
f 1986 770 774
f 2220 848 852
f 2291 872 874
f 2183 836 838
f 1877 734 736
f 1891 739 741
f 2269 865 867
f 2305 877 879
f 2161 829 831
f 2148 824 828
f 2004 776 780
f 2202 842 846
f 1909 745 747
f 2129 818 820
f 1967 764 767
f 1981 769 771
f 2215 847 849
f 2288 871 875
f 2166 830 834
f 2143 823 825
f 1999 775 777
f 2197 841 843
f 1914 746 750
f 1806 710 714
f 1787 704 707
f 1823 716 719
f 1841 722 725
f 1860 728 732
f 1931 752 755
f 2108 811 814
f 2018 781 784
f 2234 853 857
f 2255 860 862
f 2040 788 792
f 1945 757 759
f 2057 794 796
f 2075 800 803
f 2094 806 810
f 2111 812 815
f 2021 782 785
f 2237 854 856
f 2252 859 863
f 1928 751 754
f 1812 714 712
f 1791 707 705
f 1827 719 717
f 1845 725 723
f 1866 732 730
f 1935 755 753
f 2118 814 816
f 2028 784 786
f 2246 857 858
f 2259 862 861
f 2048 792 791
f 1953 759 761
f 2061 796 795
f 2079 803 801
f 2100 810 808
f 2115 815 813
f 2025 785 783
f 2241 856 855
f 2264 863 864
f 1938 754 756
f 1802 712 709
f 1783 705 703
f 1819 717 715
f 1837 723 721
f 1856 730 727
f 1927 753 751
f 2112 816 812
f 2022 786 782
f 2238 858 854
f 2251 861 859
f 2036 791 787
f 1949 761 758
f 2053 795 793
f 2071 801 799
f 2090 808 805
f 2107 813 811
f 2017 783 781
f 2233 855 853
f 2256 864 860
f 1932 756 752
f 1859 731 728
f 1805 713 710
f 1788 708 704
f 1824 720 716
f 1842 726 722
f 1878 738 734
f 2184 840 836
f 2306 881 877
f 2270 869 865
f 1892 743 739
f 2093 809 806
f 2039 790 788
f 1946 760 757
f 2058 798 794
f 2076 804 800
f 2130 822 818
f 1968 768 764
f 1982 772 769
f 2216 851 847
f 2287 873 871
f 2179 837 835
f 1873 735 733
f 1895 742 740
f 2273 868 866
f 2309 880 878
f 2165 832 830
f 2144 827 823
f 2000 778 775
f 2198 844 841
f 1913 749 746
f 2125 819 817
f 1963 765 763
f 1985 773 770
f 2219 850 848
f 2292 876 872
f 2162 833 829
f 2147 826 824
f 2003 779 776
f 2201 845 842
f 1910 748 745
f 1863 729 731
f 1809 711 713
f 1794 706 708
f 1830 718 720
f 1848 724 726
f 1886 737 738
f 2192 839 840
f 2318 882 881
f 2282 870 869
f 1904 744 743
f 2097 807 809
f 2043 789 790
f 1956 762 760
f 2066 797 798
f 2082 802 804
f 2138 821 822
f 1974 766 768
f 1992 774 772
f 2228 852 851
f 2295 874 873
f 2331 1270 1269
f 2327 1246 1245
f 2328 1251 1252
f 2334 1287 1288
f 2337 1305 1306
f 2346 1335 1336
f 2412 1552 1551
f 2499 1474 1473
f 2487 1600 1599
f 2436 1353 1354
f 2376 1480 1479
f 2372 1402 1401
f 2373 1407 1408
f 2379 1491 1492
f 2382 1503 1504
f 2396 1534 1533
f 2361 1413 1414
f 2418 1443 1444
f 2457 1593 1594
f 2463 1384 1383
f 2492 1324 1323
f 2402 1276 1275
f 2343 1264 1263
f 2433 1300 1299
f 2478 1318 1317
f 2406 1342 1341
f 2502 1563 1564
f 2484 1461 1462
f 2442 1587 1588
f 2349 1348 1347
f 2468 1522 1521
f 2387 1419 1420
f 2358 1396 1395
f 2421 1498 1497
f 2454 1516 1515
f 2472 1558 1557
f 2388 1426 1425
f 2364 1432 1431
f 2426 1569 1570
f 2448 1371 1372
f 2403 1281 1282
f 2342 1257 1258
f 2432 1293 1294
f 2477 1311 1312
f 2493 1329 1330
f 2462 1377 1378
f 2397 1539 1540
f 2367 1450 1449
f 2427 1576 1575
f 2447 1366 1365
f 2391 1485 1486
f 2357 1389 1390
f 2417 1438 1437
f 2453 1509 1510
f 2469 1527 1528
f 2411 1545 1546
f 2498 1467 1468
f 2483 1456 1455
f 2441 1582 1581
f 2352 1360 1359
f 2509 1271 1272
f 2503 1247 1248
f 2506 1254 1253
f 2512 1290 1289
f 2515 1308 1307
f 2518 1338 1337
f 2555 1553 1554
f 2541 1475 1476
f 2562 1601 1602
f 2522 1356 1355
f 2542 1481 1482
f 2528 1403 1404
f 2531 1410 1409
f 2545 1494 1493
f 2548 1506 1505
f 2551 1535 1536
f 2533 1416 1415
f 2537 1446 1445
f 2559 1596 1595
f 2526 1385 1386
f 1616 907 909
f 1608 889 891
f 1606 883 886
f 1612 895 898
f 1615 901 904
f 1624 919 922
f 1692 1057 1060
f 1782 1237 1240
f 1765 1201 1204
f 1714 1099 1102
f 1661 997 999
f 1653 979 981
f 1651 973 976
f 1657 985 988
f 1660 991 994
f 1675 1021 1024
f 1639 949 952
f 1696 1063 1066
f 1733 1135 1138
f 1751 1177 1179
f 1779 1231 1233
f 1683 1039 1041
f 1626 925 927
f 1721 1117 1119
f 1766 1207 1209
f 1689 1051 1053
f 1778 1225 1228
f 1760 1189 1192
f 1718 1105 1108
f 1629 931 933
f 1747 1165 1167
f 1665 1003 1005
f 1641 955 957
f 1704 1081 1083
f 1737 1147 1150
f 1750 1171 1174
f 1676 1027 1029
f 1644 961 963
f 1702 1075 1077
f 1726 1123 1126
f 1681 1033 1036
f 1620 913 915
f 1710 1093 1095
f 1755 1183 1185
f 1771 1213 1216
f 1740 1153 1155
f 1673 1015 1018
f 1647 967 970
f 1707 1087 1090
f 1734 1141 1143
f 1669 1009 1012
f 1635 943 945
f 1698 1069 1071
f 1729 1129 1131
f 1745 1159 1162
f 1687 1045 1047
f 1774 1219 1221
f 1762 1195 1197
f 1720 1111 1114
f 1632 937 940
f 2189 1280 1284
f 1883 1256 1260
f 1903 1292 1296
f 2281 1310 1314
f 2317 1328 1332
f 2173 1376 1380
f 2158 1538 1542
f 2012 1447 1451
f 2210 1573 1577
f 1924 1363 1367
f 2135 1484 1488
f 1973 1388 1392
f 1996 1435 1439
f 2227 1508 1512
f 2304 1526 1530
f 2176 1544 1548
f 2155 1466 1470
f 2014 1453 1457
f 2212 1579 1583
f 1922 1357 1361
f 1864 1268 1270
f 1810 1244 1246
f 1795 1249 1251
f 1831 1285 1287
f 1849 1303 1305
f 1887 1333 1335
f 2193 1550 1552
f 2321 1472 1474
f 2285 1598 1600
f 1907 1351 1353
f 2098 1478 1480
f 2044 1400 1402
f 1961 1405 1407
f 2067 1489 1491
f 2083 1501 1503
f 2139 1532 1534
f 1975 1411 1413
f 1997 1441 1443
f 2231 1591 1593
f 2298 1382 1384
f 2190 1322 1324
f 1884 1274 1276
f 1900 1262 1264
f 2278 1298 1300
f 2314 1316 1318
f 2170 1340 1342
f 2159 1561 1563
f 2015 1459 1461
f 2213 1585 1587
f 1918 1346 1348
f 2136 1520 1522
f 1977 1417 1419
f 1990 1394 1396
f 2224 1496 1498
f 2301 1514 1516
f 2177 1556 1558
f 2152 1424 1426
f 2008 1430 1432
f 2206 1567 1569
f 1925 1369 1371
f 1817 1279 1281
f 1797 1255 1257
f 1833 1291 1293
f 1851 1309 1311
f 1871 1327 1329
f 1941 1375 1377
f 2119 1537 1539
f 2029 1448 1450
f 2247 1574 1576
f 2262 1364 1366
f 2051 1483 1485
f 1954 1387 1389
f 2064 1436 1438
f 2085 1507 1509
f 2105 1525 1527
f 2121 1543 1545
f 2031 1465 1467
f 2244 1454 1456
f 2265 1580 1582
f 1939 1358 1360
f 1814 1267 1271
f 1793 1243 1247
f 1829 1250 1254
f 1847 1286 1290
f 1868 1304 1308
f 1937 1334 1338
f 2124 1549 1553
f 2034 1471 1475
f 2250 1597 1601
f 2261 1352 1356
f 2050 1477 1481
f 1960 1399 1403
f 2063 1406 1410
f 2081 1490 1494
f 2102 1502 1506
f 2117 1531 1535
f 2027 1412 1416
f 2243 1442 1446
f 2268 1592 1596
f 1944 1381 1385
f 1804 890 894
f 1785 884 887
f 1821 896 899
f 1839 902 905
f 1858 908 912
f 1929 938 941
f 2114 1046 1050
f 2024 1220 1224
f 2240 1196 1200
f 2253 1112 1115
f 2038 980 984
f 1951 974 977
f 2055 986 989
f 2073 992 995
f 2092 998 1002
f 2109 1016 1019
f 2019 968 971
f 2235 1088 1091
f 2258 1142 1146
f 1934 1154 1158
f 1861 1214 1217
f 1807 1034 1037
f 1790 914 918
f 1826 1094 1098
f 1844 1184 1188
f 1880 1040 1044
f 2186 1232 1236
f 2308 1208 1212
f 2272 1118 1122
f 1894 926 930
f 2095 1160 1163
f 2041 1010 1013
f 1948 944 948
f 2060 1070 1074
f 2078 1130 1134
f 2132 1166 1170
f 1970 1004 1008
f 1984 956 960
f 2218 1082 1086
f 2289 1148 1151
f 2181 1058 1061
f 1875 920 923
f 1897 1100 1103
f 2275 1202 1205
f 2311 1238 1241
f 2167 1172 1175
f 2146 1028 1032
f 2002 962 966
f 2200 1076 1080
f 1915 1124 1127
f 2127 1022 1025
f 1965 950 953
f 1987 1064 1067
f 2221 1136 1139
f 2294 1178 1182
f 2164 1052 1056
f 2149 1226 1229
f 2005 1190 1193
f 2203 1106 1109
f 1912 932 936
f 1870 1321 1325
f 1816 1273 1277
f 1800 1261 1265
f 1836 1297 1301
f 1854 1315 1319
f 1890 1339 1343
f 2196 1562 1566
f 2320 1460 1464
f 2284 1586 1590
f 1906 1345 1349
f 2104 1519 1523
f 2047 1418 1422
f 1958 1393 1397
f 2070 1495 1499
f 2088 1513 1517
f 2142 1555 1559
f 1980 1423 1427
f 1994 1429 1433
f 2230 1568 1572
f 2297 1370 1374
f 2329 894 892
f 2323 887 885
f 2326 899 897
f 2333 905 903
f 2336 912 910
f 2345 941 939
f 2409 1050 1048
f 2496 1224 1222
f 2485 1200 1198
f 2435 1115 1113
f 2374 984 982
f 2368 977 975
f 2371 989 987
f 2378 995 993
f 2381 1002 1000
f 2392 1019 1017
f 2360 971 969
f 2416 1091 1089
f 2456 1146 1144
f 2460 1158 1156
f 2488 1217 1215
f 2398 1037 1035
f 2340 918 916
f 2430 1098 1096
f 2475 1188 1186
f 2404 1044 1042
f 2501 1236 1234
f 2482 1212 1210
f 2440 1122 1120
f 2347 930 928
f 2464 1163 1161
f 2384 1013 1011
f 2355 948 946
f 2419 1074 1072
f 2451 1134 1132
f 2470 1170 1168
f 2385 1008 1006
f 2362 960 958
f 2423 1086 1084
f 2446 1151 1149
f 2401 1061 1059
f 2339 923 921
f 2429 1103 1101
f 2474 1205 1203
f 2491 1241 1239
f 2459 1175 1173
f 2395 1032 1030
f 2365 966 964
f 2424 1080 1078
f 2443 1127 1125
f 2390 1025 1023
f 2354 953 951
f 2413 1067 1065
f 2450 1139 1137
f 2467 1182 1180
f 2408 1056 1054
f 2495 1229 1227
f 2479 1193 1191
f 2437 1109 1107
f 2350 936 934
f 2511 1325 1326
f 2505 1277 1278
f 2507 1265 1266
f 2513 1301 1302
f 2516 1319 1320
f 2519 1343 1344
f 2556 1566 1565
f 2540 1464 1463
f 2561 1590 1589
f 2521 1349 1350
f 2544 1523 1524
f 2529 1422 1421
f 2530 1397 1398
f 2546 1499 1500
f 2549 1517 1518
f 2553 1559 1560
f 2534 1427 1428
f 2536 1433 1434
f 2557 1572 1571
f 2525 1374 1373
f 1609 892 889
f 1605 885 883
f 1611 897 895
f 1614 903 901
f 1617 910 907
f 1631 939 937
f 1688 1048 1045
f 1775 1222 1219
f 1763 1198 1195
f 1719 1113 1111
f 1654 982 979
f 1650 975 973
f 1656 987 985
f 1659 993 991
f 1662 1000 997
f 1672 1017 1015
f 1646 969 967
f 1706 1089 1087
f 1735 1144 1141
f 1741 1156 1153
f 1770 1215 1213
f 1680 1035 1033
f 1621 916 913
f 1711 1096 1093
f 1756 1186 1183
f 1684 1042 1039
f 1780 1234 1231
f 1767 1210 1207
f 1722 1120 1117
f 1627 928 925
f 1744 1161 1159
f 1668 1011 1009
f 1636 946 943
f 1699 1072 1069
f 1730 1132 1129
f 1748 1168 1165
f 1666 1006 1003
f 1642 958 955
f 1705 1084 1081
f 1736 1149 1147
f 1691 1059 1057
f 1623 921 919
f 1713 1101 1099
f 1764 1203 1201
f 1781 1239 1237
f 1749 1173 1171
f 1677 1030 1027
f 1645 964 961
f 1703 1078 1075
f 1725 1125 1123
f 1674 1023 1021
f 1638 951 949
f 1695 1065 1063
f 1732 1137 1135
f 1752 1180 1177
f 1690 1054 1051
f 1777 1227 1225
f 1759 1191 1189
f 1717 1107 1105
f 1630 934 931
f 2191 1326 1322
f 1885 1278 1274
f 1901 1266 1262
f 2279 1302 1298
f 2315 1320 1316
f 2171 1344 1340
f 2160 1565 1561
f 2016 1463 1459
f 2214 1589 1585
f 1919 1350 1346
f 2137 1524 1520
f 1978 1421 1417
f 1991 1398 1394
f 2225 1500 1496
f 2302 1518 1514
f 2178 1560 1556
f 2153 1428 1424
f 2009 1434 1430
f 2207 1571 1567
f 1926 1373 1369
f 1857 911 908
f 1803 893 890
f 1786 888 884
f 1822 900 896
f 1840 906 902
f 1876 924 920
f 2182 1062 1058
f 2312 1242 1238
f 2276 1206 1202
f 1898 1104 1100
f 2091 1001 998
f 2037 983 980
f 1952 978 974
f 2056 990 986
f 2074 996 992
f 2128 1026 1022
f 1966 954 950
f 1988 1068 1064
f 2222 1140 1136
f 2293 1181 1178
f 2185 1235 1232
f 1879 1043 1040
f 1893 929 926
f 2271 1121 1118
f 2307 1211 1208
f 2163 1055 1052
f 2150 1230 1226
f 2006 1194 1190
f 2204 1110 1106
f 1911 935 932
f 2131 1169 1166
f 1969 1007 1004
f 1983 959 956
f 2217 1085 1082
f 2290 1152 1148
f 2168 1176 1172
f 2145 1031 1028
f 2001 965 962
f 2199 1079 1076
f 1916 1128 1124
f 1808 1038 1034
f 1789 917 914
f 1825 1097 1094
f 1843 1187 1184
f 1862 1218 1214
f 1933 1157 1154
f 2110 1020 1016
f 2020 972 968
f 2236 1092 1088
f 2257 1145 1142
f 2042 1014 1010
f 1947 947 944
f 2059 1073 1070
f 2077 1133 1130
f 2096 1164 1160
f 2113 1049 1046
f 2023 1223 1220
f 2239 1199 1196
f 2254 1116 1112
f 1930 942 938
f 1818 1283 1279
f 1798 1259 1255
f 1834 1295 1291
f 1852 1313 1309
f 1872 1331 1327
f 1942 1379 1375
f 2120 1541 1537
f 2030 1452 1448
f 2248 1578 1574
f 2263 1368 1364
f 2052 1487 1483
f 1955 1391 1387
f 2065 1440 1436
f 2086 1511 1507
f 2106 1529 1525
f 2122 1547 1543
f 2032 1469 1465
f 2245 1458 1454
f 2266 1584 1580
f 1940 1362 1358
f 1813 1269 1267
f 1792 1245 1243
f 1828 1252 1250
f 1846 1288 1286
f 1867 1306 1304
f 1936 1336 1334
f 2123 1551 1549
f 2033 1473 1471
f 2249 1599 1597
f 2260 1354 1352
f 2049 1479 1477
f 1959 1401 1399
f 2062 1408 1406
f 2080 1492 1490
f 2101 1504 1502
f 2116 1533 1531
f 2026 1414 1412
f 2242 1444 1442
f 2267 1594 1592
f 1943 1383 1381
f 1869 1323 1321
f 1815 1275 1273
f 1799 1263 1261
f 1835 1299 1297
f 1853 1317 1315
f 1889 1341 1339
f 2195 1564 1562
f 2319 1462 1460
f 2283 1588 1586
f 1905 1347 1345
f 2103 1521 1519
f 2046 1420 1418
f 1957 1395 1393
f 2069 1497 1495
f 2087 1515 1513
f 2141 1557 1555
f 1979 1425 1423
f 1993 1431 1429
f 2229 1570 1568
f 2296 1372 1370
f 2188 1282 1280
f 1882 1258 1256
f 1902 1294 1292
f 2280 1312 1310
f 2316 1330 1328
f 2172 1378 1376
f 2157 1540 1538
f 2011 1449 1447
f 2209 1575 1573
f 1923 1365 1363
f 2134 1486 1484
f 1972 1390 1388
f 1995 1437 1435
f 2226 1510 1508
f 2303 1528 1526
f 2175 1546 1544
f 2154 1468 1466
f 2013 1455 1453
f 2211 1581 1579
f 1921 1359 1357
f 1865 1272 1268
f 1811 1248 1244
f 1796 1253 1249
f 1832 1289 1285
f 1850 1307 1303
f 1888 1337 1333
f 2194 1554 1550
f 2322 1476 1472
f 2286 1602 1598
f 1908 1355 1351
f 2099 1482 1478
f 2045 1404 1400
f 1962 1409 1405
f 2068 1493 1489
f 2084 1505 1501
f 2140 1536 1532
f 1976 1415 1411
f 1998 1445 1441
f 2232 1595 1591
f 2299 1386 1382
f 2330 909 911
f 2324 891 893
f 2325 886 888
f 2332 898 900
f 2335 904 906
f 2344 922 924
f 2410 1060 1062
f 2497 1240 1242
f 2486 1204 1206
f 2434 1102 1104
f 2375 999 1001
f 2369 981 983
f 2370 976 978
f 2377 988 990
f 2380 994 996
f 2393 1024 1026
f 2359 952 954
f 2415 1066 1068
f 2455 1138 1140
f 2461 1179 1181
f 2489 1233 1235
f 2399 1041 1043
f 2341 927 929
f 2431 1119 1121
f 2476 1209 1211
f 2405 1053 1055
f 2500 1228 1230
f 2481 1192 1194
f 2439 1108 1110
f 2348 933 935
f 2465 1167 1169
f 2383 1005 1007
f 2356 957 959
f 2420 1083 1085
f 2452 1150 1152
f 2471 1174 1176
f 2386 1029 1031
f 2363 963 965
f 2422 1077 1079
f 2445 1126 1128
f 2400 1036 1038
f 2338 915 917
f 2428 1095 1097
f 2473 1185 1187
f 2490 1216 1218
f 2458 1155 1157
f 2394 1018 1020
f 2366 970 972
f 2425 1090 1092
f 2444 1143 1145
f 2389 1012 1014
f 2353 945 947
f 2414 1071 1073
f 2449 1131 1133
f 2466 1162 1164
f 2407 1047 1049
f 2494 1221 1223
f 2480 1197 1199
f 2438 1114 1116
f 2351 940 942
f 2510 1284 1283
f 2504 1260 1259
f 2508 1296 1295
f 2514 1314 1313
f 2517 1332 1331
f 2520 1380 1379
f 2554 1542 1541
f 2539 1451 1452
f 2560 1577 1578
f 2523 1367 1368
f 2543 1488 1487
f 2527 1392 1391
f 2532 1439 1440
f 2547 1512 1511
f 2550 1530 1529
f 2552 1548 1547
f 2535 1470 1469
f 2538 1457 1458
f 2558 1583 1584
f 2524 1361 1362
f 1607 1616 1609
f 1603 1608 1605
f 1604 1606 1611
f 1610 1612 1614
f 1613 1615 1617
f 1622 1624 1631
f 1686 1692 1688
f 1773 1782 1775
f 1761 1765 1763
f 1712 1714 1719
f 1652 1661 1654
f 1648 1653 1650
f 1649 1651 1656
f 1655 1657 1659
f 1658 1660 1662
f 1670 1675 1672
f 1637 1639 1646
f 1694 1696 1706
f 1731 1733 1735
f 1739 1751 1741
f 1768 1779 1770
f 1678 1683 1680
f 1619 1626 1621
f 1709 1721 1711
f 1754 1766 1756
f 1682 1689 1684
f 1776 1778 1780
f 1758 1760 1767
f 1716 1718 1722
f 1625 1629 1627
f 1742 1747 1744
f 1663 1665 1668
f 1634 1641 1636
f 1697 1704 1699
f 1728 1737 1730
f 1746 1750 1748
f 1664 1676 1666
f 1640 1644 1642
f 1700 1702 1705
f 1724 1726 1736
f 1679 1681 1691
f 1618 1620 1623
f 1708 1710 1713
f 1753 1755 1764
f 1769 1771 1781
f 1738 1740 1749
f 1671 1673 1677
f 1643 1647 1645
f 1701 1707 1703
f 1723 1734 1725
f 1667 1669 1674
f 1633 1635 1638
f 1693 1698 1695
f 1727 1729 1732
f 1743 1745 1752
f 1685 1687 1690
f 1772 1774 1777
f 1757 1762 1759
f 1715 1720 1717
f 1628 1632 1630
f 2187 2189 2191
f 1881 1883 1885
f 1899 1903 1901
f 2277 2281 2279
f 2313 2317 2315
f 2169 2173 2171
f 2156 2158 2160
f 2010 2012 2016
f 2208 2210 2214
f 1917 1924 1919
f 2133 2135 2137
f 1971 1973 1978
f 1989 1996 1991
f 2223 2227 2225
f 2300 2304 2302
f 2174 2176 2178
f 2151 2155 2153
f 2007 2014 2009
f 2205 2212 2207
f 1920 1922 1926
f 1855 1864 1857
f 1801 1810 1803
f 1784 1795 1786
f 1820 1831 1822
f 1838 1849 1840
f 1874 1887 1876
f 2180 2193 2182
f 2310 2321 2312
f 2274 2285 2276
f 1896 1907 1898
f 2089 2098 2091
f 2035 2044 2037
f 1950 1961 1952
f 2054 2067 2056
f 2072 2083 2074
f 2126 2139 2128
f 1964 1975 1966
f 1986 1997 1988
f 2220 2231 2222
f 2291 2298 2293
f 2183 2190 2185
f 1877 1884 1879
f 1891 1900 1893
f 2269 2278 2271
f 2305 2314 2307
f 2161 2170 2163
f 2148 2159 2150
f 2004 2015 2006
f 2202 2213 2204
f 1909 1918 1911
f 2129 2136 2131
f 1967 1977 1969
f 1981 1990 1983
f 2215 2224 2217
f 2288 2301 2290
f 2166 2177 2168
f 2143 2152 2145
f 1999 2008 2001
f 2197 2206 2199
f 1914 1925 1916
f 1806 1817 1808
f 1787 1797 1789
f 1823 1833 1825
f 1841 1851 1843
f 1860 1871 1862
f 1931 1941 1933
f 2108 2119 2110
f 2018 2029 2020
f 2234 2247 2236
f 2255 2262 2257
f 2040 2051 2042
f 1945 1954 1947
f 2057 2064 2059
f 2075 2085 2077
f 2094 2105 2096
f 2111 2121 2113
f 2021 2031 2023
f 2237 2244 2239
f 2252 2265 2254
f 1928 1939 1930
f 1812 1814 1818
f 1791 1793 1798
f 1827 1829 1834
f 1845 1847 1852
f 1866 1868 1872
f 1935 1937 1942
f 2118 2124 2120
f 2028 2034 2030
f 2246 2250 2248
f 2259 2261 2263
f 2048 2050 2052
f 1953 1960 1955
f 2061 2063 2065
f 2079 2081 2086
f 2100 2102 2106
f 2115 2117 2122
f 2025 2027 2032
f 2241 2243 2245
f 2264 2268 2266
f 1938 1944 1940
f 1802 1804 1813
f 1783 1785 1792
f 1819 1821 1828
f 1837 1839 1846
f 1856 1858 1867
f 1927 1929 1936
f 2112 2114 2123
f 2022 2024 2033
f 2238 2240 2249
f 2251 2253 2260
f 2036 2038 2049
f 1949 1951 1959
f 2053 2055 2062
f 2071 2073 2080
f 2090 2092 2101
f 2107 2109 2116
f 2017 2019 2026
f 2233 2235 2242
f 2256 2258 2267
f 1932 1934 1943
f 1859 1861 1869
f 1805 1807 1815
f 1788 1790 1799
f 1824 1826 1835
f 1842 1844 1853
f 1878 1880 1889
f 2184 2186 2195
f 2306 2308 2319
f 2270 2272 2283
f 1892 1894 1905
f 2093 2095 2103
f 2039 2041 2046
f 1946 1948 1957
f 2058 2060 2069
f 2076 2078 2087
f 2130 2132 2141
f 1968 1970 1979
f 1982 1984 1993
f 2216 2218 2229
f 2287 2289 2296
f 2179 2181 2188
f 1873 1875 1882
f 1895 1897 1902
f 2273 2275 2280
f 2309 2311 2316
f 2165 2167 2172
f 2144 2146 2157
f 2000 2002 2011
f 2198 2200 2209
f 1913 1915 1923
f 2125 2127 2134
f 1963 1965 1972
f 1985 1987 1995
f 2219 2221 2226
f 2292 2294 2303
f 2162 2164 2175
f 2147 2149 2154
f 2003 2005 2013
f 2201 2203 2211
f 1910 1912 1921
f 1863 1870 1865
f 1809 1816 1811
f 1794 1800 1796
f 1830 1836 1832
f 1848 1854 1850
f 1886 1890 1888
f 2192 2196 2194
f 2318 2320 2322
f 2282 2284 2286
f 1904 1906 1908
f 2097 2104 2099
f 2043 2047 2045
f 1956 1958 1962
f 2066 2070 2068
f 2082 2088 2084
f 2138 2142 2140
f 1974 1980 1976
f 1992 1994 1998
f 2228 2230 2232
f 2295 2297 2299
f 2331 2329 2330
f 2327 2323 2324
f 2328 2326 2325
f 2334 2333 2332
f 2337 2336 2335
f 2346 2345 2344
f 2412 2409 2410
f 2499 2496 2497
f 2487 2485 2486
f 2436 2435 2434
f 2376 2374 2375
f 2372 2368 2369
f 2373 2371 2370
f 2379 2378 2377
f 2382 2381 2380
f 2396 2392 2393
f 2361 2360 2359
f 2418 2416 2415
f 2457 2456 2455
f 2463 2460 2461
f 2492 2488 2489
f 2402 2398 2399
f 2343 2340 2341
f 2433 2430 2431
f 2478 2475 2476
f 2406 2404 2405
f 2502 2501 2500
f 2484 2482 2481
f 2442 2440 2439
f 2349 2347 2348
f 2468 2464 2465
f 2387 2384 2383
f 2358 2355 2356
f 2421 2419 2420
f 2454 2451 2452
f 2472 2470 2471
f 2388 2385 2386
f 2364 2362 2363
f 2426 2423 2422
f 2448 2446 2445
f 2403 2401 2400
f 2342 2339 2338
f 2432 2429 2428
f 2477 2474 2473
f 2493 2491 2490
f 2462 2459 2458
f 2397 2395 2394
f 2367 2365 2366
f 2427 2424 2425
f 2447 2443 2444
f 2391 2390 2389
f 2357 2354 2353
f 2417 2413 2414
f 2453 2450 2449
f 2469 2467 2466
f 2411 2408 2407
f 2498 2495 2494
f 2483 2479 2480
f 2441 2437 2438
f 2352 2350 2351
f 2509 2511 2510
f 2503 2505 2504
f 2506 2507 2508
f 2512 2513 2514
f 2515 2516 2517
f 2518 2519 2520
f 2555 2556 2554
f 2541 2540 2539
f 2562 2561 2560
f 2522 2521 2523
f 2542 2544 2543
f 2528 2529 2527
f 2531 2530 2532
f 2545 2546 2547
f 2548 2549 2550
f 2551 2553 2552
f 2533 2534 2535
f 2537 2536 2538
f 2559 2557 2558
f 2526 2525 2524