v -0.336314 0.453874 -0.018829
v 0.336239 0.454198 -0.018690
v -0.357512 -0.557814 0.006889
v 0.357482 -0.557899 0.006638
v -0.000098 -0.448626 0.707333
v -0.000008 0.296914 0.614586
v 0.000011 -0.288761 -0.610961
v -0.000128 0.423147 -0.706290
v 0.603023 0.001867 -0.383555
v 0.625353 0.000635 0.384010
v -0.603085 0.001836 -0.383519
v -0.625367 0.000605 0.384004
v 0.000037 0.523287 -0.049282
v -0.199750 0.377132 0.312074
v -0.214061 0.657646 -0.447508
v -0.517499 0.286160 -0.204594
v -0.549625 0.277451 0.214531
v 0.199516 0.377423 0.311759
v 0.213375 0.657574 -0.448250
v 0.516885 0.286351 -0.204351
v 0.549603 0.277410 0.214534
v -0.000138 -0.638945 0.012890
v -0.248933 -0.672580 0.457235
v -0.205872 -0.506332 -0.326471
v -0.524885 -0.270135 -0.196896
v -0.536881 -0.301039 0.217803
v 0.248251 -0.672410 0.457432
v 0.205807 -0.506483 -0.326333
v 0.524346 -0.270302 -0.196647
v 0.536978 -0.300959 0.217902
v -0.000025 -0.003523 0.710186
v 0.348344 -0.220150 0.584405
v -0.348103 -0.219966 0.584194
v 0.347232 0.194521 0.565625
v -0.347278 0.194290 0.565566
v 0.000016 0.015905 -0.725606
v 0.342687 -0.192896 -0.565245
v -0.342623 -0.192899 -0.565191
v 0.360920 0.217454 -0.620507
v -0.360711 0.217837 -0.620075
v 0.711656 -0.000085 0.013416
v -0.711605 -0.000105 0.013419
v -0.168401 0.503063 -0.037354
v -0.280675 0.426605 0.127134
v -0.279821 0.524785 -0.202289
v -0.432807 0.406406 -0.103310
v -0.444460 0.372308 0.091037
v 0.168539 0.503190 -0.037329
v 0.280510 0.426664 0.127155
v 0.280054 0.525070 -0.203062
v 0.432868 0.406314 -0.103110
v 0.444505 0.372350 0.091130
v -0.205557 -0.665765 0.001250
v -0.295879 -0.547619 0.189072
v -0.355783 -0.668946 -0.184497
v -0.428573 -0.426060 -0.077427
v -0.447135 -0.441254 0.116824
v 0.205173 -0.666065 0.001404
v 0.296056 -0.547392 0.189361
v 0.355722 -0.669481 -0.184538
v 0.428071 -0.426372 -0.077805
v 0.447059 -0.441208 0.116709
v -0.141548 -0.659854 0.697915
v 0.140425 -0.660187 0.697083
v -0.000228 -0.231156 0.763839
v 0.188015 -0.365979 0.697502
v -0.187858 -0.366107 0.697031
v -0.099030 0.329112 0.501623
v 0.099051 0.328924 0.501591
v 0.000032 0.206492 0.669376
v 0.163923 0.273059 0.618089
v -0.163938 0.273052 0.618095
v -0.092187 -0.359290 -0.479459
v 0.092238 -0.359359 -0.479236
v -0.000080 -0.205465 -0.659140
v 0.160041 -0.261695 -0.614324
v -0.160057 -0.261707 -0.614255
v -0.129988 0.575953 -0.633933
v 0.130012 0.576015 -0.633901
v -0.000216 0.242993 -0.794470
v 0.190463 0.352330 -0.718927
v -0.191084 0.352619 -0.719393
v 0.594378 0.126659 -0.313964
v 0.587988 -0.131584 -0.311857
v 0.497341 -0.084289 -0.476526
v 0.511373 0.086811 -0.493927
v 0.661920 -0.000171 -0.207494
v 0.603345 0.133133 0.312993
v 0.601664 -0.134377 0.310127
v 0.512093 -0.083600 0.479141
v 0.511925 0.086210 0.480090
v 0.693098 0.000078 0.221209
v -0.594504 0.126655 -0.314163
v -0.587974 -0.131619 -0.311817
v -0.497400 -0.084206 -0.476628
v -0.511470 0.086783 -0.493945
v -0.662043 -0.000181 -0.207475
v -0.603974 0.133180 0.313211
v -0.601472 -0.134446 0.310209
v -0.511998 -0.083617 0.479257
v -0.511886 0.086159 0.480134
v -0.693089 0.000081 0.221169
v -0.089872 0.461450 0.122233
v -0.083867 0.589683 -0.242545
v 0.090307 0.461168 0.122564
v 0.083848 0.589678 -0.242454
v -0.394969 0.341029 0.286507
v -0.000160 0.391787 0.314340
v -0.299004 0.306762 0.480886
v -0.405724 0.490078 -0.330753
v 0.000136 0.699947 -0.454603
v -0.305790 0.443925 -0.540805
v -0.565647 0.287914 0.013786
v -0.452442 0.272464 -0.421108
v -0.644348 0.144856 -0.093181
v -0.473184 0.252353 0.412521
v -0.652163 0.149271 0.116773
v 0.394997 0.341150 0.286381
v 0.299008 0.306771 0.480862
v 0.406358 0.490448 -0.332144
v 0.306340 0.443603 -0.541345
v 0.565658 0.287915 0.013801
v 0.452403 0.272162 -0.421182
v 0.644326 0.144827 -0.093178
v 0.473200 0.252366 0.412534
v 0.652163 0.149269 0.116758
v -0.086195 -0.594910 0.223512
v -0.110086 -0.690698 -0.186773
v 0.086278 -0.594789 0.223560
v 0.109303 -0.689764 -0.186020
v -0.403037 -0.464066 0.336168
v 0.000051 -0.667574 0.469296
v -0.334962 -0.481926 0.568829
v -0.367883 -0.385025 -0.271073
v -0.000266 -0.512428 -0.329563
v -0.280577 -0.311033 -0.464270
v -0.561134 -0.290716 0.018627
v -0.459351 -0.236002 -0.411863
v -0.641374 -0.148385 -0.093740
v -0.461452 -0.283502 0.415240
v -0.650708 -0.151855 0.115606
v 0.402806 -0.463740 0.336216
v 0.334725 -0.482105 0.568803
v 0.367897 -0.385324 -0.271084
v 0.280389 -0.311671 -0.463720
v 0.561197 -0.290802 0.018482
v 0.459387 -0.236241 -0.411849
v 0.641588 -0.148473 -0.093771
v 0.460943 -0.283433 0.414967
v 0.650709 -0.151833 0.115571
v 0.192340 -0.114123 0.697366
v -0.192091 -0.114263 0.696373
v 0.186955 0.104568 0.658730
v -0.186992 0.104677 0.658405
v 0.371192 0.003219 0.602777
v -0.371174 0.003252 0.602931
v 0.183764 -0.097376 -0.655268
v -0.183801 -0.097476 -0.655305
v 0.225588 0.127231 -0.785018
v -0.225294 0.126998 -0.784934
v 0.366356 0.008913 -0.608781
v -0.366265 0.008689 -0.608844
v -0.263521 0.478920 -0.028692
v -0.315298 0.446017 0.046791
v -0.308154 0.479027 -0.096684
v -0.384895 0.437273 -0.055699
v -0.388287 0.418488 0.030630
v 0.263682 0.478662 -0.028745
v 0.315564 0.446005 0.047147
v 0.307979 0.478963 -0.096996
v 0.385076 0.437209 -0.055775
v 0.388240 0.418540 0.030929
v -0.296980 -0.615130 -0.001136
v -0.334756 -0.553119 0.080806
v -0.347777 -0.603493 -0.069381
v -0.394062 -0.508356 -0.031380
v -0.406350 -0.506566 0.058032
v 0.296986 -0.615599 -0.001039
v 0.334689 -0.552575 0.080152
v 0.347890 -0.604070 -0.069382
v 0.394216 -0.509083 -0.031632
v 0.406193 -0.506698 0.058048
v -0.058018 -0.528234 0.694353
v 0.057842 -0.528134 0.693847
v -0.000116 -0.351129 0.725275
v 0.086357 -0.416798 0.709089
v -0.086718 -0.416918 0.709520
v -0.044567 0.310170 0.574598
v 0.044566 0.310209 0.574598
v -0.000004 0.274030 0.647587
v 0.072275 0.289786 0.622006
v -0.072314 0.289781 0.622007
v -0.042247 -0.313553 -0.559957
v 0.042387 -0.313326 -0.560151
v 0.000011 -0.264252 -0.643348
v 0.070792 -0.279589 -0.618961
v -0.070745 -0.279654 -0.618937
v -0.054616 0.489784 -0.674475
v 0.054794 0.489605 -0.674345
v -0.000123 0.343274 -0.747075
v 0.086214 0.395733 -0.716875
v -0.085595 0.395100 -0.716071
v 0.609792 0.055653 -0.359284
v 0.601312 -0.055593 -0.354867
v 0.562893 -0.033928 -0.429731
v 0.568461 0.036851 -0.434206
v 0.634445 0.000862 -0.312333
v 0.624577 0.056328 0.357202
v 0.625468 -0.054930 0.355425
v 0.584157 -0.032714 0.430746
v 0.583287 0.035909 0.432193
v 0.659703 0.000107 0.313803
v -0.609775 0.055590 -0.359308
v -0.601353 -0.055563 -0.354888
v -0.562966 -0.033881 -0.429777
v -0.568429 0.036797 -0.434293
v -0.634526 0.000912 -0.312377
v -0.624536 0.056359 0.357123
v -0.625441 -0.054953 0.355433
v -0.584102 -0.032655 0.430895
v -0.583355 0.035875 0.432255
v -0.659729 0.000111 0.313822
v -0.074574 0.518179 -0.043287
v 0.074616 0.518015 -0.043206
v -0.040672 0.498576 0.031028
v -0.032560 0.548769 -0.135999
v 0.040630 0.498738 0.031037
v 0.032378 0.548875 -0.136290
v -0.242405 0.403163 0.216704
v -0.151640 0.352606 0.409078
v -0.144722 0.417968 0.218274
v -0.300515 0.361270 0.305051
v -0.099482 0.387924 0.314049
v -0.254123 0.340098 0.403109
v -0.257549 0.599351 -0.324001
v -0.183872 0.638641 -0.541428
v -0.155795 0.670736 -0.358601
v -0.386971 0.633776 -0.414069
v -0.153359 0.811276 -0.458773
v -0.284112 0.567400 -0.502070
v -0.475908 0.356439 -0.152443
v -0.559692 0.206360 -0.259476
v -0.441235 0.370411 -0.263324
v -0.546990 0.287456 -0.092653
v -0.485618 0.283439 -0.314778
v -0.586121 0.214257 -0.147793
v -0.501002 0.325895 0.154467
v -0.581982 0.213368 0.266735
v -0.478578 0.314642 0.255324
v -0.564559 0.283747 0.113731
v -0.518195 0.267230 0.315657
v -0.607371 0.221857 0.167129
v 0.242132 0.402836 0.216796
v 0.151953 0.352182 0.409520
v 0.144597 0.418208 0.218184
v 0.099596 0.388104 0.314577
v 0.300743 0.361455 0.305226
v 0.254277 0.340088 0.403190
v 0.258478 0.600725 -0.325431
v 0.184019 0.638669 -0.541153
v 0.155555 0.670684 -0.358836
v 0.153280 0.811183 -0.459002
v 0.387850 0.633206 -0.416989
v 0.283622 0.565777 -0.502663
v 0.475852 0.356627 -0.152778
v 0.559857 0.206317 -0.259222
v 0.441210 0.370527 -0.263332
v 0.546940 0.287342 -0.092733
v 0.485732 0.283595 -0.314916
v 0.586162 0.214125 -0.147658
v 0.501002 0.325925 0.154537
v 0.582016 0.213369 0.266710
v 0.478608 0.314700 0.255292
v 0.564589 0.283765 0.113790
v 0.518225 0.267259 0.315635
v 0.607369 0.221870 0.167112
v -0.102337 -0.654936 0.006762
v 0.101837 -0.654678 0.007139
v -0.045530 -0.619328 0.110066
v -0.064469 -0.643409 -0.076506
v 0.045326 -0.619377 0.109978
v 0.063588 -0.643083 -0.076052
v -0.257326 -0.559375 0.328030
v -0.223569 -0.789927 0.619972
v -0.145099 -0.601248 0.361160
v -0.325580 -0.548027 0.402313
v -0.122655 -0.716607 0.472634
v -0.317585 -0.614647 0.538814
v -0.293132 -0.624853 -0.287831
v -0.144794 -0.420014 -0.395202
v -0.168542 -0.640313 -0.282866
v -0.293208 -0.453696 -0.301802
v -0.104270 -0.516768 -0.331245
v -0.237099 -0.390719 -0.382615
v -0.474345 -0.344168 -0.133715
v -0.566382 -0.203556 -0.260437
v -0.447872 -0.327606 -0.238297
v -0.547353 -0.281837 -0.086828
v -0.499726 -0.254284 -0.309329
v -0.592463 -0.213117 -0.146892
v -0.491797 -0.373773 0.170279
v -0.573622 -0.219809 0.263534
v -0.470946 -0.381822 0.274414
v -0.555056 -0.298104 0.118340
v -0.503115 -0.296104 0.318208
v -0.603169 -0.226743 0.165476
v 0.257707 -0.559372 0.328416
v 0.221473 -0.791286 0.618558
v 0.145460 -0.601319 0.361340
v 0.122760 -0.716125 0.472002
v 0.325345 -0.547897 0.402308
v 0.317804 -0.615747 0.539077
v 0.293951 -0.625275 -0.288398
v 0.144647 -0.419921 -0.395017
v 0.168267 -0.639445 -0.283060
v 0.104079 -0.516830 -0.331011
v 0.293217 -0.453992 -0.301734
v 0.237041 -0.390557 -0.382670
v 0.474353 -0.344340 -0.133685
v 0.566248 -0.203389 -0.260307
v 0.448046 -0.326767 -0.238496
v 0.547047 -0.281843 -0.086898
v 0.499432 -0.254453 -0.309133
v 0.592315 -0.213082 -0.146935
v 0.491487 -0.373635 0.170214
v 0.573581 -0.219758 0.263459
v 0.471072 -0.381706 0.274641
v 0.555016 -0.298157 0.118198
v 0.503239 -0.296110 0.317949
v 0.603150 -0.226672 0.165360
v 0.000403 -0.108779 0.776943
v -0.000026 0.105073 0.683381
v 0.096670 -0.058210 0.716719
v -0.096837 -0.058126 0.716427
v 0.094660 0.050653 0.685834
v -0.094563 0.050254 0.685914
v 0.271571 -0.296331 0.648043
v 0.429863 -0.147519 0.528985
v 0.338967 -0.345227 0.575227
v 0.409124 -0.258755 0.505018
v 0.276702 -0.170004 0.649729
v 0.363777 -0.103232 0.598704
v -0.272455 -0.296125 0.648277
v -0.429858 -0.147468 0.528912
v -0.339227 -0.345060 0.575679
v -0.409582 -0.258593 0.505208
v -0.276211 -0.170239 0.649178
v -0.363538 -0.103338 0.598761
v 0.257528 0.240409 0.598332
v 0.433002 0.141585 0.526591
v 0.329164 0.267501 0.535284
v 0.415216 0.228863 0.497815
v 0.271221 0.152986 0.619385
v 0.361784 0.100578 0.587471
v -0.257529 0.240477 0.598300
v -0.432842 0.141516 0.526239
v -0.329176 0.267487 0.535303
v -0.415221 0.228917 0.497840
v -0.271365 0.153331 0.619727
v -0.362015 0.100731 0.587870
v 0.000117 -0.098346 -0.677911
v 0.000184 0.129641 -0.785687
v 0.096045 -0.041193 -0.693099
v -0.095969 -0.040706 -0.692747
v 0.106741 0.070969 -0.758962
v -0.106745 0.071589 -0.757600
v 0.253680 -0.233692 -0.596102
v 0.422461 -0.138074 -0.522402
v 0.320683 -0.252767 -0.533957
v 0.406789 -0.216471 -0.499082
v 0.266475 -0.150405 -0.613442
v 0.354786 -0.097706 -0.583244
v -0.253686 -0.233812 -0.596038
v -0.422312 -0.138068 -0.522442
v -0.320620 -0.252650 -0.533903
v -0.406715 -0.216481 -0.499066
v -0.266513 -0.149945 -0.613379
v -0.354488 -0.097751 -0.583346
v 0.280561 0.289502 -0.682397
v 0.440654 0.148185 -0.557261
v 0.330638 0.326054 -0.580714
v 0.408937 0.248994 -0.521540
v 0.308285 0.181084 -0.722661
v 0.382919 0.114319 -0.639826
v -0.281156 0.289350 -0.683087
v -0.440001 0.148234 -0.557381
v -0.330410 0.326149 -0.580428
v -0.408965 0.249236 -0.520882
v -0.308143 0.181289 -0.722852
v -0.383413 0.114348 -0.640643
v 0.691792 -0.000166 -0.094338
v 0.704362 -0.000074 0.118133
v 0.691196 0.073322 -0.039457
v 0.692919 0.074624 0.065385
v 0.684184 -0.075757 -0.039977
v 0.688976 -0.076224 0.065099
v -0.691897 -0.000111 -0.094287
v -0.704399 -0.000053 0.118155
v -0.691173 0.073299 -0.039502
v -0.692902 0.074623 0.065407
v -0.683923 -0.075782 -0.039984
v -0.688953 -0.076220 0.065062
v -0.224040 0.468866 0.047143
v -0.219212 0.514589 -0.120514
v -0.126765 0.490844 0.040118
v -0.115686 0.537563 -0.128797
v -0.368113 0.401995 0.115475
v -0.185234 0.446688 0.128113
v -0.337068 0.382649 0.206875
v -0.360595 0.467912 -0.158813
v -0.182845 0.568939 -0.230402
v -0.353702 0.530757 -0.275202
v -0.448055 0.387566 -0.002465
v -0.407321 0.436450 -0.214615
v -0.502707 0.346685 -0.043466
v -0.424938 0.357255 0.186204
v -0.509374 0.336305 0.056191
v 0.224141 0.469086 0.047126
v 0.219093 0.514459 -0.120636
v 0.126744 0.490533 0.040121
v 0.115737 0.537649 -0.128898
v 0.367349 0.401439 0.115396
v 0.185154 0.446109 0.128446
v 0.337606 0.382617 0.207045
v 0.360946 0.468420 -0.159472
v 0.183019 0.569206 -0.230741
v 0.355763 0.534142 -0.277199
v 0.448026 0.387578 -0.002436
v 0.407435 0.436859 -0.215280
v 0.502685 0.346514 -0.043427
v 0.425188 0.357290 0.186269
v 0.509431 0.336265 0.056253
v -0.239855 -0.582788 0.084702
v -0.298822 -0.747360 -0.079211
v -0.136589 -0.606334 0.092270
v -0.162789 -0.768961 -0.078887
v -0.392635 -0.509167 0.158469
v -0.188866 -0.571188 0.211921
v -0.355811 -0.515898 0.274121
v -0.378856 -0.520989 -0.126793
v -0.233223 -0.784373 -0.222465
v -0.353998 -0.512323 -0.228511
v -0.445995 -0.434109 0.018355
v -0.404150 -0.414530 -0.176180
v -0.493482 -0.356433 -0.031321
v -0.431790 -0.450949 0.223160
v -0.500926 -0.365832 0.069163
v 0.240125 -0.582974 0.084573
v 0.298196 -0.748069 -0.079298
v 0.136471 -0.605962 0.092464
v 0.160448 -0.767036 -0.079762
v 0.392519 -0.509091 0.158496
v 0.188750 -0.571273 0.211843
v 0.356425 -0.516208 0.274607
v 0.378921 -0.521151 -0.126867
v 0.232244 -0.784554 -0.222402
v 0.354354 -0.512933 -0.228515
v 0.445994 -0.434278 0.017891
v 0.404047 -0.414807 -0.176151
v 0.493222 -0.356210 -0.031392
v 0.431905 -0.451055 0.223201
v 0.500578 -0.365790 0.069133
v -0.000299 -0.613945 0.656320
v -0.178956 -0.508816 0.696865
v -0.065380 -0.689349 0.587171
v -0.284779 -0.620830 0.676288
v 0.178459 -0.509065 0.696986
v 0.064377 -0.689023 0.586211
v 0.284487 -0.621651 0.676633
v 0.095283 -0.295414 0.728498
v -0.095308 -0.295430 0.728584
v 0.097367 -0.172645 0.741171
v -0.097644 -0.172851 0.741405
v 0.283219 -0.441474 0.664886
v 0.191119 -0.235084 0.702903
v -0.283544 -0.441259 0.664621
v -0.191310 -0.235428 0.703541
v -0.000084 0.332126 0.501795
v -0.138183 0.303973 0.572383
v -0.050239 0.358968 0.410120
v -0.199732 0.320545 0.496295
v 0.138225 0.303907 0.572377
v 0.050260 0.358645 0.410604
v 0.199732 0.320583 0.496319
v 0.085305 0.243915 0.651375
v -0.085279 0.243915 0.651402
v 0.091254 0.154517 0.667179
v -0.091052 0.154618 0.666846
v 0.235371 0.291052 0.560621
v 0.179353 0.204790 0.642798
v -0.235386 0.291098 0.560596
v -0.179381 0.204865 0.642897
v 0.000017 -0.366105 -0.480696
v -0.132175 -0.300520 -0.563437
v -0.048817 -0.432842 -0.402054
v -0.185644 -0.341811 -0.473463
v 0.132379 -0.300343 -0.563344
v 0.048642 -0.433613 -0.402190
v 0.185796 -0.342032 -0.473578
v 0.084860 -0.244665 -0.648535
v -0.084844 -0.244708 -0.648489
v 0.090664 -0.155509 -0.661862
v -0.090735 -0.155931 -0.661751
v 0.226405 -0.281132 -0.552441
v 0.175177 -0.204004 -0.635465
v -0.226292 -0.281131 -0.552498
v -0.175080 -0.204028 -0.635393
v 0.000123 0.588660 -0.634173
v -0.165431 0.461792 -0.673333
v -0.068793 0.667020 -0.557355
v -0.228139 0.520586 -0.598164
v 0.165372 0.461637 -0.672912
v 0.068735 0.666851 -0.556987
v 0.228199 0.520505 -0.598502
v 0.105514 0.297793 -0.772044
v -0.105503 0.297869 -0.771922
v 0.117525 0.188945 -0.821765
v -0.117518 0.189433 -0.821564
v 0.253973 0.401224 -0.637880
v 0.222780 0.248863 -0.787966
v -0.253825 0.401266 -0.637496
v -0.222507 0.248878 -0.787978
v 0.558597 0.110904 -0.409674
v 0.637660 0.064605 -0.261396
v 0.534500 0.193808 -0.368098
v 0.618942 0.137383 -0.204835
v 0.545387 -0.111624 -0.399854
v 0.630512 -0.066692 -0.259393
v 0.531102 -0.189524 -0.364713
v 0.615732 -0.141000 -0.204820
v 0.512200 0.002601 -0.494992
v 0.482743 -0.169221 -0.453198
v 0.434658 -0.042902 -0.541836
v 0.488486 0.175976 -0.464080
v 0.448714 0.053109 -0.561852
v 0.665184 0.069833 -0.150417
v 0.657608 -0.072245 -0.150330
v 0.563225 0.114663 0.401612
v 0.659425 0.066895 0.267246
v 0.544284 0.199793 0.363832
v 0.636612 0.144841 0.217155
v 0.563728 -0.114281 0.398901
v 0.659278 -0.066504 0.266133
v 0.536466 -0.206324 0.359048
v 0.634694 -0.146228 0.214825
v 0.527960 0.003484 0.498793
v 0.487398 -0.182329 0.448134
v 0.454172 -0.041857 0.553596
v 0.491701 0.173145 0.449028
v 0.452817 0.049952 0.551860
v 0.683789 0.072722 0.169100
v 0.680534 -0.073303 0.168255
v -0.558538 0.110854 -0.409714
v -0.637661 0.064516 -0.261366
v -0.534371 0.193868 -0.368002
v -0.618903 0.137379 -0.204883
v -0.545531 -0.111685 -0.399897
v -0.630991 -0.066789 -0.259612
v -0.531209 -0.189435 -0.364758
v -0.615295 -0.140766 -0.204718
v -0.512400 0.002508 -0.495234
v -0.482725 -0.169330 -0.453205
v -0.434689 -0.042862 -0.541834
v -0.488384 0.175848 -0.464464
v -0.449109 0.053180 -0.561963
v -0.665161 0.069769 -0.150419
v -0.658097 -0.072086 -0.150244
v -0.563262 0.114567 0.401680
v -0.659432 0.066913 0.267243
v -0.544184 0.199811 0.363810
v -0.636638 0.144884 0.217172
v -0.563562 -0.114434 0.398878
v -0.659267 -0.066520 0.266144
v -0.536679 -0.206174 0.359112
v -0.634704 -0.146343 0.214800
v -0.527922 0.003478 0.498812
v -0.487377 -0.182578 0.447995
v -0.454343 -0.041712 0.553662
v -0.492049 0.173213 0.449074
v -0.452757 0.049814 0.551838
v -0.683776 0.072718 0.169087
v -0.680553 -0.073289 0.168287
v -0.000182 0.466891 0.116631
v -0.047811 0.426517 0.216417
v 0.000153 0.594869 -0.243998
v -0.056894 0.673189 -0.352211
v 0.047632 0.426064 0.216772
v 0.056729 0.672974 -0.352432
v -0.353614 0.323625 0.387956
v -0.440995 0.301176 0.356863
v -0.391233 0.286095 0.452998
v -0.372204 0.492151 -0.449181
v -0.408430 0.376202 -0.373388
v -0.375659 0.358342 -0.480017
v -0.609504 0.220804 -0.037456
v -0.616035 0.223733 0.066107
v -0.658972 0.149933 0.014009
v 0.353657 0.323636 0.387898
v 0.440976 0.301183 0.356809
v 0.391235 0.286092 0.452984
v 0.371432 0.489944 -0.449936
v 0.408378 0.375650 -0.373524
v 0.376109 0.358203 -0.480147
v 0.609626 0.220868 -0.037441
v 0.616006 0.223744 0.066164
v 0.658936 0.149966 0.014046
v -0.000018 -0.609541 0.228775
v -0.047325 -0.625944 0.355414
v -0.000164 -0.602364 -0.158154
v -0.056449 -0.587870 -0.256241
v 0.047222 -0.626052 0.355176
v 0.055741 -0.587906 -0.255952
v -0.367674 -0.477329 0.451654
v -0.433718 -0.380358 0.379448
v -0.390849 -0.371690 0.482191
v -0.326550 -0.349746 -0.366444
v -0.414343 -0.302900 -0.342126
v -0.372818 -0.275593 -0.444429
v -0.613022 -0.221564 -0.036497
v -0.614211 -0.226216 0.066195
v -0.657444 -0.153582 0.013305
v 0.368039 -0.478310 0.452460
v 0.434096 -0.380944 0.379528
v 0.390981 -0.371609 0.482334
v 0.326474 -0.348347 -0.366497
v 0.414374 -0.302864 -0.342344
v 0.372844 -0.275528 -0.444243
v 0.612965 -0.221464 -0.036431
v 0.614207 -0.226187 0.066274
v 0.657443 -0.153594 0.013306
v 0.191794 -0.001464 0.678593
v 0.281638 -0.053957 0.648004
v -0.191321 -0.001429 0.678545
v -0.281633 -0.053667 0.648239
v 0.283419 0.055065 0.642181
v -0.283410 0.054991 0.642111
v 0.196810 0.015209 -0.699627
v 0.277174 -0.042287 -0.639956
v -0.196645 0.015295 -0.698877
v -0.277302 -0.042259 -0.639617
v 0.294695 0.068155 -0.684354
v -0.294669 0.068295 -0.684397
v -0.304867 0.465864 -0.023251
v -0.328900 0.451858 0.011137
v -0.324365 0.464650 -0.052151
v -0.359439 0.447460 -0.034600
v -0.361677 0.439240 0.003746
v 0.304780 0.465815 -0.023275
v 0.329062 0.451742 0.011232
v 0.323610 0.464413 -0.052639
v 0.359793 0.447562 -0.034310
v 0.361470 0.439162 0.003981
v -0.332019 -0.583771 0.003019
v -0.348936 -0.556720 0.038136
v -0.351631 -0.575752 -0.026423
v -0.375799 -0.538756 -0.009928
v -0.378682 -0.533491 0.029419
v 0.331779 -0.583896 0.002921
v 0.348805 -0.556558 0.038060
v 0.351013 -0.575823 -0.026519
v 0.375343 -0.539023 -0.010048
v 0.378594 -0.533717 0.029495
v -0.024564 -0.483121 0.701130
v 0.024223 -0.483332 0.701026
v -0.000064 -0.405460 0.714853
v 0.038357 -0.435028 0.708971
v -0.038541 -0.435091 0.709368
v -0.019635 0.303007 0.600274
v 0.019665 0.303003 0.600286
v -0.000021 0.288678 0.631143
v 0.031765 0.294459 0.619713
v -0.031805 0.294474 0.619698
v -0.018945 -0.297531 -0.593719
v 0.019067 -0.297528 -0.593734
v 0.000011 -0.278302 -0.628783
v 0.031155 -0.284986 -0.616371
v -0.031000 -0.285053 -0.616405
v -0.023575 0.452084 -0.692045
v 0.023700 0.452443 -0.692174
v 0.000133 0.387419 -0.723719
v 0.038381 0.411696 -0.711421
v -0.037909 0.411405 -0.711161
v 0.608846 0.025638 -0.374850
v 0.605575 -0.022407 -0.373148
v 0.587652 -0.013110 -0.405635
v 0.589667 0.016991 -0.406881
v 0.620091 0.001814 -0.354930
v 0.628876 0.024057 0.374582
v 0.629018 -0.022936 0.373432
v 0.610236 -0.013431 0.406417
v 0.610039 0.015500 0.407159
v 0.641841 0.000275 0.354171
v -0.608894 0.025606 -0.374776
v -0.605615 -0.022382 -0.373175
v -0.587740 -0.013159 -0.405637
v -0.589685 0.016946 -0.406855
v -0.620156 0.001795 -0.354924
v -0.628871 0.024070 0.374565
v -0.629036 -0.022981 0.373423
v -0.610252 -0.013461 0.406394
v -0.610046 0.015480 0.407141
v -0.641830 0.000261 0.354190
v -0.036464 0.521992 -0.047837
v 0.036420 0.521482 -0.047560
v -0.019479 0.511392 -0.008892
v -0.016892 0.535462 -0.091728
v 0.019503 0.511651 -0.008793
v 0.017026 0.535764 -0.091804
v -0.221738 0.390086 0.263454
v -0.176370 0.364907 0.360923
v -0.172210 0.397445 0.265485
v -0.250025 0.370086 0.309350
v -0.149417 0.383528 0.313733
v -0.227246 0.358256 0.358225
v -0.237358 0.635908 -0.389733
v -0.203488 0.665204 -0.496019
v -0.199487 0.699141 -0.403817
v -0.287640 0.628494 -0.426877
v -0.218245 0.793275 -0.470316
v -0.256207 0.618433 -0.476862
v -0.496365 0.323594 -0.177913
v -0.537863 0.247106 -0.231739
v -0.479172 0.326412 -0.233532
v -0.532145 0.286539 -0.148687
v -0.501096 0.285465 -0.260210
v -0.552851 0.249672 -0.175583
v -0.526895 0.302533 0.185310
v -0.568267 0.248493 0.241796
v -0.516133 0.298147 0.236140
v -0.558940 0.280934 0.163997
v -0.536085 0.273064 0.265313
v -0.580615 0.252600 0.191485
v 0.221635 0.390266 0.263721
v 0.176186 0.364683 0.360517
v 0.171832 0.397244 0.265322
v 0.149359 0.383571 0.313635
v 0.249989 0.370048 0.309093
v 0.226965 0.358215 0.357943
v 0.236694 0.636129 -0.391147
v 0.203091 0.665408 -0.496045
v 0.200131 0.699406 -0.403862
v 0.218373 0.793510 -0.470299
v 0.287905 0.627421 -0.427965
v 0.255450 0.617584 -0.477370
v 0.495816 0.323417 -0.178095
v 0.537969 0.247034 -0.231933
v 0.479567 0.326091 -0.233837
v 0.532085 0.286747 -0.148425
v 0.501356 0.285651 -0.259906
v 0.552681 0.249659 -0.175852
v 0.526905 0.302504 0.185318
v 0.568274 0.248508 0.241741
v 0.516112 0.298130 0.236168
v 0.559039 0.280936 0.163968
v 0.536107 0.273059 0.265307
v 0.580592 0.252647 0.191486
v -0.052134 -0.643434 0.011489
v 0.051647 -0.643467 0.010848
v -0.024523 -0.631359 0.060707
v -0.028854 -0.642068 -0.032112
v 0.023907 -0.630997 0.060014
v 0.028182 -0.642162 -0.031979
v -0.245691 -0.593642 0.401273
v -0.267277 -0.774999 0.527271
v -0.195440 -0.643532 0.411067
v -0.286567 -0.597987 0.438953
v -0.197291 -0.760039 0.462296
v -0.296791 -0.662884 0.502928
v -0.244953 -0.563799 -0.305578
v -0.173126 -0.457717 -0.355659
v -0.190859 -0.575895 -0.308361
v -0.252684 -0.485303 -0.316990
v -0.155864 -0.515978 -0.330757
v -0.219280 -0.441220 -0.347147
v -0.499161 -0.306309 -0.164594
v -0.547922 -0.236408 -0.229279
v -0.486870 -0.298762 -0.218619
v -0.536221 -0.276359 -0.141362
v -0.512579 -0.262730 -0.252848
v -0.560414 -0.241993 -0.172599
v -0.514475 -0.338163 0.194671
v -0.556258 -0.261227 0.240679
v -0.503075 -0.340168 0.245565
v -0.547217 -0.300058 0.167949
v -0.521169 -0.299329 0.268090
v -0.571421 -0.263447 0.191254
v 0.245834 -0.593754 0.401528
v 0.266389 -0.775964 0.526561
v 0.195797 -0.643689 0.410971
v 0.197450 -0.760096 0.462324
v 0.286781 -0.598378 0.439263
v 0.296634 -0.663521 0.503199
v 0.244922 -0.563416 -0.305059
v 0.172905 -0.457754 -0.355450
v 0.190388 -0.575456 -0.307545
v 0.155672 -0.515552 -0.330838
v 0.252638 -0.485479 -0.316870
v 0.219324 -0.441226 -0.346997
v 0.499176 -0.306235 -0.164555
v 0.548118 -0.236367 -0.229427
v 0.487052 -0.298708 -0.218633
v 0.536234 -0.276538 -0.141433
v 0.512592 -0.262916 -0.252879
v 0.560411 -0.242033 -0.172761
v 0.514369 -0.338175 0.194691
v 0.556256 -0.261243 0.240758
v 0.502997 -0.340195 0.245840
v 0.547272 -0.300013 0.167963
v 0.521482 -0.299389 0.268015
v 0.571531 -0.263357 0.191157
v -0.000253 -0.057346 0.734287
v -0.000255 0.050402 0.693903
v 0.048225 -0.030588 0.716623
v -0.048555 -0.030544 0.716649
v 0.047341 0.023674 0.699171
v -0.047712 0.023570 0.699109
v 0.309276 -0.258090 0.615262
v 0.388252 -0.182935 0.555145
v 0.342243 -0.281341 0.578605
v 0.379889 -0.240569 0.546017
v 0.313592 -0.195949 0.618957
v 0.355767 -0.160916 0.591171
v -0.309498 -0.258498 0.615219
v -0.388466 -0.183042 0.555188
v -0.342686 -0.281234 0.578586
v -0.379826 -0.240818 0.546192
v -0.313772 -0.195939 0.618678
v -0.355589 -0.160629 0.591707
v 0.302987 0.218822 0.583178
v 0.391140 0.169292 0.547533
v 0.339661 0.236757 0.553543
v 0.383152 0.214541 0.535251
v 0.309620 0.173651 0.593200
v 0.354685 0.148532 0.576783
v -0.302881 0.218719 0.583028
v -0.391071 0.169222 0.547494
v -0.339616 0.236808 0.553468
v -0.383143 0.214576 0.535230
v -0.309833 0.173856 0.593493
v -0.354790 0.148593 0.577104
v -0.000060 -0.040658 -0.696023
v -0.000032 0.072645 -0.757855
v 0.048977 -0.011992 -0.708962
v -0.049253 -0.012330 -0.709206
v 0.051955 0.043591 -0.741581
v -0.051885 0.044344 -0.740988
v 0.299382 -0.215456 -0.582523
v 0.383373 -0.166277 -0.544581
v 0.332998 -0.225614 -0.552258
v 0.375689 -0.205030 -0.533982
v 0.307318 -0.177441 -0.591721
v 0.349556 -0.149768 -0.574286
v -0.299326 -0.215477 -0.582416
v -0.383350 -0.166140 -0.544587
v -0.332980 -0.225656 -0.552250
v -0.375603 -0.205040 -0.533923
v -0.307258 -0.177565 -0.591880
v -0.349788 -0.149847 -0.574395
v 0.320615 0.253477 -0.652124
v 0.400468 0.182253 -0.588084
v 0.345808 0.271058 -0.601431
v 0.384829 0.234094 -0.570378
v 0.334939 0.200210 -0.670106
v 0.375387 0.165157 -0.636050
v -0.320877 0.253548 -0.652627
v -0.400670 0.182402 -0.588225
v -0.345312 0.270815 -0.601148
v -0.385114 0.234314 -0.570592
v -0.334789 0.200236 -0.670096
v -0.375412 0.165377 -0.636183
v 0.705085 -0.000058 -0.039174
v 0.708346 -0.000124 0.065563
v 0.707001 0.036810 -0.012739
v 0.706658 0.037129 0.039361
v 0.703483 -0.037681 -0.012744
v 0.704389 -0.037951 0.039361
v -0.705135 -0.000069 -0.039168
v -0.708382 -0.000145 0.065583
v -0.707019 0.036755 -0.012742
v -0.706638 0.037105 0.039356
v -0.703563 -0.037669 -0.012704
v -0.704353 -0.037932 0.039364
v -0.217113 0.491877 -0.033632
v -0.118599 0.512249 -0.039678
v -0.196027 0.487333 0.005765
v -0.192409 0.508599 -0.078539
v -0.146346 0.498299 0.002387
v -0.141037 0.519516 -0.081476
v -0.298216 0.436796 0.085616
v -0.262672 0.415513 0.170994
v -0.252319 0.448165 0.087365
v -0.326123 0.414904 0.122844
v -0.233141 0.436918 0.128831
v -0.309622 0.404888 0.167252
v -0.293046 0.499012 -0.146952
v -0.269168 0.559442 -0.260933
v -0.248439 0.520136 -0.161832
v -0.322617 0.497799 -0.182094
v -0.232571 0.548831 -0.218591
v -0.314846 0.529219 -0.239939
v -0.408721 0.423788 -0.079355
v -0.455295 0.384487 -0.127670
v -0.397039 0.437346 -0.132014
v -0.443997 0.396735 -0.050893
v -0.419876 0.419256 -0.158207
v -0.468577 0.376346 -0.073355
v -0.416002 0.395799 0.060103
v -0.473418 0.348988 0.122801
v -0.406841 0.387299 0.104447
v -0.447903 0.379545 0.044404
v -0.435939 0.364931 0.138032
v -0.477434 0.355211 0.074488
v 0.217377 0.491252 -0.033669
v 0.118253 0.512227 -0.039602
v 0.195723 0.487389 0.005773
v 0.192388 0.508590 -0.078277
v 0.146604 0.497942 0.002391
v 0.140633 0.519575 -0.081340
v 0.298333 0.437014 0.085795
v 0.261502 0.414781 0.171070
v 0.252444 0.448411 0.087420
v 0.325270 0.414645 0.122879
v 0.233140 0.436749 0.128937
v 0.308340 0.404166 0.166888
v 0.293407 0.498224 -0.147853
v 0.269598 0.560776 -0.262148
v 0.248509 0.520264 -0.162395
v 0.322478 0.497766 -0.183296
v 0.232789 0.548759 -0.218998
v 0.315462 0.529838 -0.241810
v 0.409129 0.423682 -0.078824
v 0.455234 0.383982 -0.127668
v 0.396733 0.437288 -0.132521
v 0.444039 0.396628 -0.051125
v 0.419930 0.419332 -0.158760
v 0.468343 0.376280 -0.073316
v 0.416091 0.395777 0.060228
v 0.473394 0.349110 0.122911
v 0.407123 0.387439 0.104705
v 0.447844 0.379597 0.044483
v 0.436385 0.364880 0.138169
v 0.477444 0.355225 0.074613
v -0.255341 -0.647483 0.000104
v -0.153262 -0.664949 0.002369
v -0.218936 -0.615964 0.035214
v -0.250525 -0.722603 -0.029615
v -0.168185 -0.627386 0.038319
v -0.189205 -0.717481 -0.037336
v -0.316387 -0.548827 0.131205
v -0.275579 -0.550493 0.254462
v -0.266662 -0.563123 0.138867
v -0.345836 -0.530093 0.174565
v -0.243473 -0.560356 0.201759
v -0.326851 -0.532667 0.234799
v -0.349269 -0.637388 -0.121304
v -0.336941 -0.667007 -0.251254
v -0.334262 -0.726682 -0.138998
v -0.363072 -0.585007 -0.153954
v -0.315082 -0.743938 -0.209993
v -0.358724 -0.590679 -0.212898
v -0.410950 -0.469979 -0.054150
v -0.450224 -0.384472 -0.104614
v -0.400211 -0.468981 -0.101382
v -0.439070 -0.430801 -0.029826
v -0.417131 -0.421912 -0.126587
v -0.460618 -0.390268 -0.054716
v -0.425968 -0.474230 0.087790
v -0.469284 -0.408004 0.144413
v -0.421488 -0.477083 0.138610
v -0.448800 -0.437500 0.066724
v -0.441175 -0.445506 0.168793
v -0.473517 -0.404045 0.093537
v 0.254954 -0.647776 0.000090
v 0.152787 -0.665012 0.002617
v 0.218396 -0.616014 0.035168
v 0.249446 -0.723402 -0.029617
v 0.167677 -0.627174 0.038223
v 0.188397 -0.716997 -0.037323
v 0.316655 -0.548758 0.130664
v 0.275887 -0.550544 0.254502
v 0.266813 -0.562967 0.138906
v 0.346187 -0.530061 0.174714
v 0.243794 -0.559984 0.202068
v 0.327205 -0.532681 0.234867
v 0.349440 -0.637897 -0.121103
v 0.337003 -0.667306 -0.250741
v 0.334103 -0.727884 -0.139174
v 0.363286 -0.585095 -0.153960
v 0.314600 -0.744352 -0.210066
v 0.359169 -0.590896 -0.212713
v 0.411277 -0.469973 -0.053999
v 0.450258 -0.384575 -0.104734
v 0.400167 -0.469351 -0.101170
v 0.438960 -0.430768 -0.029773
v 0.416812 -0.421771 -0.126893
v 0.460126 -0.390273 -0.054828
v 0.426085 -0.474178 0.087706
v 0.469195 -0.407834 0.144210
v 0.421370 -0.477264 0.138659
v 0.448661 -0.437589 0.066776
v 0.441230 -0.445752 0.168861
v 0.473272 -0.403863 0.093450
v -0.097165 -0.583057 0.689014
v -0.184279 -0.750784 0.680340
v -0.068323 -0.627072 0.665707
v -0.165191 -0.584466 0.696926
v -0.102715 -0.691374 0.646785
v -0.220026 -0.662904 0.700895
v 0.096745 -0.583222 0.688991
v 0.182688 -0.752407 0.679688
v 0.067683 -0.626941 0.665953
v 0.164699 -0.584847 0.697081
v 0.102049 -0.691043 0.645584
v 0.219143 -0.664342 0.700823
v 0.000167 -0.292429 0.740119
v 0.000130 -0.166059 0.825773
v 0.047942 -0.262838 0.744055
v -0.047974 -0.262707 0.743789
v 0.048604 -0.201077 0.763123
v -0.048541 -0.201328 0.762909
v 0.136796 -0.393792 0.705828
v 0.233890 -0.332987 0.679862
v 0.184853 -0.435986 0.696614
v 0.141042 -0.329574 0.711931
v 0.236114 -0.404315 0.683912
v 0.189558 -0.299363 0.700072
v -0.137510 -0.393883 0.705778
v -0.233784 -0.333062 0.679421
v -0.185505 -0.435446 0.696446
v -0.141564 -0.329560 0.712325
v -0.236347 -0.404250 0.683601
v -0.189939 -0.299350 0.700954
v -0.071723 0.318836 0.541835
v -0.125788 0.340177 0.456342
v -0.049252 0.331433 0.501459
v -0.120532 0.315944 0.541028
v -0.075098 0.343191 0.457060
v -0.149706 0.325434 0.501153
v 0.071641 0.318883 0.541880
v 0.125916 0.340479 0.456280
v 0.049189 0.331269 0.501533
v 0.120488 0.316048 0.541089
v 0.075167 0.343619 0.456427
v 0.149634 0.325432 0.501149
v 0.000003 0.246886 0.660367
v -0.000021 0.158554 0.677125
v 0.043272 0.226322 0.662203
v -0.043246 0.226370 0.662168
v 0.044853 0.180962 0.669611
v -0.044950 0.180970 0.669658
v 0.116988 0.282772 0.621487
v 0.211145 0.258923 0.610377
v 0.152357 0.290539 0.597092
v 0.125708 0.261221 0.637903
v 0.200409 0.282465 0.592051
v 0.172859 0.245134 0.632936
v -0.117014 0.282748 0.621507
v -0.211156 0.258956 0.610356
v -0.152380 0.290561 0.597072
v -0.125709 0.261219 0.637852
v -0.200433 0.282411 0.592065
v -0.172865 0.245121 0.632911
v -0.067015 -0.334777 -0.520643
v -0.118200 -0.387856 -0.437500
v -0.046037 -0.363552 -0.480622
v -0.112849 -0.328685 -0.520332
v -0.071191 -0.393765 -0.439824
v -0.138892 -0.352108 -0.477218
v 0.066999 -0.334338 -0.520955
v 0.118041 -0.387900 -0.436995
v 0.046005 -0.364442 -0.480426
v 0.112640 -0.328756 -0.520410
v 0.070677 -0.394722 -0.439923
v 0.138836 -0.352560 -0.477115
v 0.000040 -0.243355 -0.653582
v 0.000170 -0.153885 -0.666062
v 0.043814 -0.229174 -0.656119
v -0.043804 -0.229367 -0.656108
v 0.044958 -0.181919 -0.661217
v -0.044879 -0.180857 -0.661621
v 0.114454 -0.271996 -0.619055
v 0.206728 -0.248805 -0.606354
v 0.148063 -0.280526 -0.594237
v 0.123279 -0.253432 -0.634101
v 0.194651 -0.270561 -0.587495
v 0.168995 -0.238455 -0.627346
v -0.114448 -0.271992 -0.619024
v -0.206727 -0.248859 -0.606250
v -0.147999 -0.280533 -0.594240
v -0.123313 -0.253483 -0.634030
v -0.194628 -0.270532 -0.587451
v -0.168977 -0.238475 -0.627252
v -0.090278 0.531343 -0.654429
v -0.163061 0.612544 -0.597950
v -0.065465 0.585266 -0.633911
v -0.150680 0.519059 -0.655053
v -0.102207 0.627845 -0.602943
v -0.189401 0.557987 -0.628648
v 0.090534 0.531486 -0.654795
v 0.163225 0.612421 -0.597996
v 0.065555 0.585144 -0.633729
v 0.150581 0.519251 -0.654863
v 0.102439 0.627737 -0.603079
v 0.189628 0.557864 -0.628572
v -0.000080 0.294829 -0.772846
v -0.000120 0.187467 -0.802444
v 0.054549 0.269976 -0.785959
v -0.054917 0.270497 -0.787781
v 0.057886 0.216746 -0.807205
v -0.057815 0.216795 -0.806410
v 0.137880 0.375523 -0.719250
v 0.239206 0.323309 -0.708036
v 0.177630 0.405662 -0.693027
v 0.150992 0.325400 -0.749583
v 0.225932 0.378462 -0.682812
v 0.207578 0.301678 -0.753759
v -0.138004 0.375160 -0.719077
v -0.238893 0.323597 -0.707587
v -0.177560 0.405837 -0.692908
v -0.150662 0.325114 -0.748711
v -0.225739 0.378611 -0.682488
v -0.207637 0.301698 -0.754304
v 0.605195 0.089716 -0.338663
v 0.579175 0.165827 -0.287392
v 0.580244 0.119364 -0.364577
v 0.617671 0.095623 -0.287395
v 0.567290 0.158895 -0.341152
v 0.606199 0.132695 -0.260116
v 0.594572 -0.092702 -0.333473
v 0.579284 -0.169091 -0.288030
v 0.567807 -0.122532 -0.357744
v 0.611014 -0.099388 -0.285519
v 0.561339 -0.161826 -0.338378
v 0.602734 -0.136834 -0.259856
v 0.531829 -0.058138 -0.453149
v 0.460390 -0.110752 -0.499662
v 0.522765 -0.099419 -0.439898
v 0.504512 -0.040384 -0.486513
v 0.490163 -0.128005 -0.465524
v 0.467141 -0.064953 -0.509351
v 0.541849 0.060193 -0.463317
v 0.478099 0.116144 -0.526030
v 0.535149 0.100209 -0.452408
v 0.516860 0.044703 -0.499526
v 0.501613 0.130407 -0.481485
v 0.486019 0.071264 -0.533080
v 0.647753 0.000168 -0.261918
v 0.676838 -0.000229 -0.151076
v 0.652917 0.032883 -0.234867
v 0.648975 -0.033627 -0.234118
v 0.667232 0.034194 -0.179172
v 0.662903 -0.035272 -0.178863
v 0.613891 0.093746 0.335320
v 0.592368 0.173122 0.290033
v 0.584832 0.125094 0.358808
v 0.631491 0.100068 0.289468
v 0.573725 0.165961 0.337512
v 0.620282 0.139429 0.265909
v 0.614637 -0.093221 0.333198
v 0.587560 -0.176834 0.286868
v 0.584200 -0.125626 0.355670
v 0.631735 -0.100177 0.287670
v 0.569565 -0.169518 0.333823
v 0.618239 -0.140965 0.263111
v 0.550333 -0.056177 0.455141
v 0.471367 -0.114355 0.503110
v 0.538454 -0.100915 0.439357
v 0.523834 -0.037699 0.492854
v 0.499289 -0.132079 0.463805
v 0.484929 -0.063465 0.518175
v 0.549188 0.060214 0.456458
v 0.473349 0.113360 0.503951
v 0.539106 0.101465 0.442041
v 0.522931 0.043847 0.493821
v 0.500998 0.129336 0.464885
v 0.484842 0.068993 0.518729
v 0.678136 0.000078 0.268872
v 0.699184 0.000031 0.170333
v 0.682325 0.033466 0.244971
v 0.681498 -0.033248 0.244555
v 0.693094 0.035334 0.195639
v 0.691295 -0.035367 0.195325
v -0.605165 0.089629 -0.338761
v -0.579122 0.165824 -0.287260
v -0.580183 0.119313 -0.364747
v -0.617673 0.095567 -0.287409
v -0.567350 0.159013 -0.341228
v -0.606178 0.132702 -0.260153
v -0.594484 -0.092753 -0.333526
v -0.579507 -0.169306 -0.288140
v -0.567377 -0.122365 -0.357422
v -0.610682 -0.099242 -0.285369
v -0.561467 -0.161941 -0.338438
v -0.602340 -0.136861 -0.259658
v -0.531882 -0.058094 -0.453106
v -0.460330 -0.110852 -0.499590
v -0.522547 -0.099278 -0.439748
v -0.504631 -0.040293 -0.486647
v -0.490242 -0.127973 -0.465609
v -0.466903 -0.065030 -0.509256
v -0.541846 0.060169 -0.463343
v -0.478006 0.116028 -0.526065
v -0.535209 0.100223 -0.452388
v -0.516814 0.044605 -0.499692
v -0.501513 0.130355 -0.481521
v -0.485976 0.071124 -0.533211
v -0.647883 0.000208 -0.261943
v -0.676877 -0.000178 -0.151038
v -0.652888 0.032893 -0.234929
v -0.649029 -0.033698 -0.234176
v -0.667242 0.034196 -0.179214
v -0.662955 -0.035366 -0.178842
v -0.614154 0.093865 0.335644
v -0.592379 0.173025 0.290114
v -0.584597 0.125082 0.358676
v -0.631254 0.100054 0.289409
v -0.573972 0.166028 0.337596
v -0.620220 0.139217 0.265890
v -0.614658 -0.093224 0.333287
v -0.587631 -0.176841 0.286837
v -0.584241 -0.125654 0.355811
v -0.631764 -0.100217 0.287672
v -0.569522 -0.169498 0.333901
v -0.618349 -0.141083 0.263116
v -0.550284 -0.056124 0.455124
v -0.471550 -0.114556 0.503423
v -0.538224 -0.100961 0.439499
v -0.523877 -0.037673 0.493054
v -0.499363 -0.132803 0.463600
v -0.484887 -0.063289 0.518102
v -0.549199 0.060165 0.456519
v -0.473386 0.113545 0.503957
v -0.538642 0.101344 0.441417
v -0.522962 0.043710 0.493901
v -0.501298 0.129436 0.465000
v -0.484623 0.068794 0.518518
v -0.678093 0.000076 0.268829
v -0.699178 0.000011 0.170308
v -0.682316 0.033460 0.244950
v -0.681508 -0.033240 0.244561
v -0.693065 0.035323 0.195632
v -0.691327 -0.035340 0.195290
v -0.064110 0.482526 0.074292
v -0.117109 0.439197 0.170686
v -0.109159 0.476495 0.080001
v -0.137122 0.454815 0.126220
v -0.044732 0.465352 0.118581
v -0.069692 0.444009 0.168196
v -0.054616 0.565951 -0.186461
v -0.117036 0.623359 -0.300595
v -0.098063 0.560688 -0.183416
v -0.131610 0.582230 -0.238741
v -0.040862 0.593573 -0.243798
v -0.071082 0.630173 -0.299933
v 0.063991 0.482496 0.074045
v 0.117226 0.439320 0.170557
v 0.109008 0.476753 0.079782
v 0.137167 0.454294 0.126221
v 0.044529 0.464944 0.119086
v 0.069778 0.443430 0.168694
v 0.054643 0.565971 -0.186445
v 0.116818 0.623316 -0.300657
v 0.097795 0.560542 -0.183317
v 0.131782 0.582189 -0.238854
v 0.040870 0.593584 -0.243639
v 0.071004 0.630264 -0.299966
v -0.349043 0.351788 0.297534
v -0.437741 0.328579 0.272009
v -0.366461 0.361313 0.247008
v -0.411126 0.349314 0.235691
v -0.375768 0.332330 0.337578
v -0.419633 0.321187 0.323182
v -0.049676 0.390702 0.314459
v 0.049929 0.390504 0.314857
v -0.025071 0.374687 0.362388
v 0.025035 0.374684 0.362605
v -0.024331 0.408806 0.265323
v 0.024255 0.408916 0.265529
v -0.279204 0.323059 0.445890
v -0.315380 0.289048 0.510403
v -0.249897 0.314378 0.490027
v -0.268031 0.298808 0.522643
v -0.327895 0.315040 0.436015
v -0.346020 0.297390 0.468145
v -0.456345 0.594951 -0.368111
v -0.400785 0.423014 -0.293662
v -0.393244 0.523968 -0.305959
v -0.395849 0.460063 -0.272380
v -0.402498 0.505175 -0.394182
v -0.387582 0.432545 -0.350210
v -0.073832 0.715115 -0.452895
v 0.073777 0.715057 -0.453016
v -0.035637 0.692839 -0.507729
v 0.035619 0.692797 -0.507596
v -0.033175 0.693434 -0.403255
v 0.032949 0.693491 -0.403380
v -0.297572 0.507020 -0.522531
v -0.316972 0.383332 -0.560211
v -0.267558 0.483427 -0.569733
v -0.279849 0.422757 -0.589521
v -0.336411 0.467071 -0.494004
v -0.341297 0.401852 -0.510649
v -0.558532 0.288124 -0.038339
v -0.566985 0.286216 0.063877
v -0.535185 0.317334 -0.014400
v -0.538824 0.314216 0.035930
v -0.588968 0.256366 -0.010870
v -0.592946 0.257226 0.040472
v -0.470243 0.279394 -0.368455
v -0.431746 0.262453 -0.471587
v -0.493512 0.232222 -0.393918
v -0.471563 0.223381 -0.443661
v -0.430786 0.322935 -0.397167
v -0.413124 0.315317 -0.450034
v -0.617278 0.179715 -0.120083
v -0.669060 0.109446 -0.066342
v -0.631920 0.141402 -0.148878
v -0.657007 0.106755 -0.121707
v -0.628368 0.183239 -0.064969
v -0.654907 0.147969 -0.038521
v -0.497790 0.261231 0.365544
v -0.445351 0.241366 0.456598
v -0.510642 0.229311 0.389205
v -0.483719 0.216554 0.432838
v -0.458956 0.279282 0.386935
v -0.433501 0.271306 0.434184
v -0.630623 0.186388 0.142105
v -0.673682 0.112127 0.091261
v -0.646937 0.148077 0.167578
v -0.668579 0.111012 0.142650
v -0.635434 0.187428 0.091364
v -0.656333 0.149963 0.065564
v 0.349097 0.351879 0.297508
v 0.437702 0.328641 0.271915
v 0.366774 0.361461 0.247184
v 0.411164 0.349385 0.235675
v 0.375814 0.332454 0.337452
v 0.419661 0.321203 0.323123
v 0.279236 0.323133 0.445834
v 0.315389 0.289004 0.510417
v 0.249925 0.314389 0.490054
v 0.268033 0.298762 0.522627
v 0.327954 0.315045 0.436027
v 0.346024 0.297374 0.468144
v 0.456994 0.595812 -0.372066
v 0.400932 0.422760 -0.293912
v 0.395118 0.527095 -0.307879
v 0.395766 0.460555 -0.273403
v 0.402324 0.503708 -0.395159
v 0.388060 0.432130 -0.350958
v 0.297216 0.506031 -0.523182
v 0.317080 0.383267 -0.560331
v 0.267641 0.482341 -0.570287
v 0.279754 0.422645 -0.590142
v 0.335522 0.465536 -0.494349
v 0.340587 0.401106 -0.510499
v 0.558611 0.288027 -0.038294
v 0.567011 0.286214 0.063976
v 0.535226 0.317266 -0.014378
v 0.538856 0.314211 0.036003
v 0.589054 0.256439 -0.010852
v 0.592938 0.257280 0.040569
v 0.470141 0.279520 -0.368549
v 0.431665 0.262371 -0.472041
v 0.493090 0.232101 -0.393867
v 0.472157 0.223415 -0.443758
v 0.430671 0.322873 -0.397486
v 0.413159 0.314675 -0.449896
v 0.617241 0.179723 -0.120108
v 0.669080 0.109499 -0.066376
v 0.631894 0.141383 -0.148883
v 0.657028 0.106772 -0.121717
v 0.628392 0.183210 -0.064917
v 0.654873 0.147988 -0.038547
v 0.497815 0.261273 0.365525
v 0.445338 0.241274 0.456576
v 0.510638 0.229316 0.389185
v 0.483760 0.216443 0.432834
v 0.458927 0.279280 0.386919
v 0.433486 0.271310 0.434178
v 0.630624 0.186384 0.142089
v 0.673701 0.112125 0.091241
v 0.646960 0.148091 0.167542
v 0.668573 0.111014 0.142625
v 0.635382 0.187399 0.091377
v 0.656332 0.149971 0.065575
v -0.064450 -0.605217 0.162495
v -0.111526 -0.590525 0.291191
v -0.109838 -0.595968 0.155649
v -0.135072 -0.583043 0.218873
v -0.042951 -0.605211 0.227557
v -0.064302 -0.602350 0.292060
v -0.087865 -0.670641 -0.128485
v -0.138922 -0.682016 -0.242818
v -0.124769 -0.758766 -0.144962
v -0.158233 -0.771669 -0.216118
v -0.064069 -0.627421 -0.166655
v -0.086218 -0.632206 -0.220886
v 0.064903 -0.605167 0.162531
v 0.111827 -0.590635 0.291260
v 0.109865 -0.595627 0.155914
v 0.134996 -0.582999 0.218976
v 0.043078 -0.605339 0.227578
v 0.064590 -0.602339 0.292110
v 0.087453 -0.669945 -0.128096
v 0.137573 -0.681281 -0.242137
v 0.124355 -0.757111 -0.144247
v 0.156784 -0.770864 -0.215194
v 0.063923 -0.627017 -0.166275
v 0.085517 -0.632249 -0.220813
v -0.364421 -0.504460 0.368450
v -0.439021 -0.424366 0.304949
v -0.381647 -0.494004 0.308059
v -0.419734 -0.458034 0.279326
v -0.384572 -0.469796 0.393333
v -0.419444 -0.425065 0.359284
v -0.059376 -0.681687 0.471572
v 0.059728 -0.681322 0.470927
v -0.032117 -0.669487 0.523451
v 0.032237 -0.669108 0.523437
v -0.026564 -0.652804 0.412867
v 0.026810 -0.652933 0.413053
v -0.330130 -0.551396 0.559720
v -0.336927 -0.412401 0.572246
v -0.318062 -0.551997 0.626359
v -0.312084 -0.467973 0.620502
v -0.352573 -0.483391 0.510898
v -0.359712 -0.422324 0.522474
v -0.329284 -0.417846 -0.285347
v -0.408135 -0.356272 -0.255706
v -0.354007 -0.442366 -0.244403
v -0.387025 -0.401069 -0.223801
v -0.347838 -0.368344 -0.318322
v -0.390072 -0.342224 -0.305394
v -0.052631 -0.513825 -0.329984
v 0.052165 -0.514155 -0.330325
v -0.025164 -0.472546 -0.365689
v 0.025078 -0.472801 -0.365781
v -0.027042 -0.550216 -0.292563
v 0.027538 -0.550793 -0.293112
v -0.258147 -0.348700 -0.422653
v -0.303776 -0.278568 -0.505820
v -0.233096 -0.328325 -0.469170
v -0.255237 -0.294046 -0.511571
v -0.303919 -0.330403 -0.415154
v -0.326823 -0.294214 -0.455185
v -0.556282 -0.286235 -0.033296
v -0.559158 -0.295043 0.068410
v -0.527091 -0.323355 -0.006862
v -0.530062 -0.328083 0.044003
v -0.589585 -0.255585 -0.008509
v -0.589747 -0.259239 0.042384
v -0.481584 -0.245308 -0.362404
v -0.434637 -0.226531 -0.458293
v -0.497280 -0.213984 -0.389735
v -0.473011 -0.204665 -0.435777
v -0.439998 -0.266890 -0.380561
v -0.417448 -0.256275 -0.430085
v -0.618922 -0.182311 -0.120313
v -0.662717 -0.112718 -0.067048
v -0.628502 -0.144594 -0.149187
v -0.650128 -0.109894 -0.122060
v -0.630203 -0.186218 -0.065031
v -0.652703 -0.151932 -0.039205
v -0.483145 -0.291153 0.367129
v -0.436733 -0.272599 0.461226
v -0.499002 -0.243724 0.385946
v -0.475203 -0.233238 0.431724
v -0.447304 -0.332798 0.397657
v -0.424909 -0.325498 0.446697
v -0.629465 -0.189708 0.140532
v -0.670541 -0.114149 0.090470
v -0.645382 -0.150027 0.165733
v -0.665796 -0.112448 0.141507
v -0.634677 -0.190556 0.090528
v -0.655053 -0.152992 0.064758
v 0.363767 -0.503936 0.367845
v 0.438759 -0.423946 0.304959
v 0.381474 -0.493681 0.308199
v 0.419777 -0.457809 0.279469
v 0.384378 -0.470476 0.393517
v 0.420000 -0.425828 0.359354
v 0.329989 -0.551810 0.559974
v 0.336899 -0.412110 0.572430
v 0.318025 -0.552554 0.626914
v 0.311719 -0.468316 0.621059
v 0.352089 -0.483648 0.511089
v 0.359746 -0.423066 0.522404
v 0.329154 -0.417811 -0.285336
v 0.408325 -0.354718 -0.255547
v 0.354260 -0.442109 -0.244465
v 0.386558 -0.401132 -0.223754
v 0.348112 -0.368302 -0.318637
v 0.390204 -0.341925 -0.305622
v 0.258190 -0.349379 -0.422570
v 0.303765 -0.278305 -0.505830
v 0.233208 -0.327132 -0.469680
v 0.255279 -0.293864 -0.511472
v 0.303884 -0.330508 -0.414953
v 0.327185 -0.294323 -0.455608
v 0.556042 -0.286462 -0.033416
v 0.559248 -0.295019 0.068438
v 0.527656 -0.322899 -0.006224
v 0.529592 -0.327921 0.043903
v 0.589498 -0.255637 -0.008539
v 0.589822 -0.259236 0.042356
v 0.481582 -0.245424 -0.362361
v 0.434672 -0.226768 -0.458360
v 0.497237 -0.214174 -0.389726
v 0.472972 -0.204773 -0.435804
v 0.439843 -0.266943 -0.380290
v 0.417471 -0.256320 -0.429968
v 0.618574 -0.182070 -0.120327
v 0.662905 -0.112805 -0.067085
v 0.629062 -0.144807 -0.149256
v 0.650244 -0.110057 -0.122104
v 0.630042 -0.186099 -0.065050
v 0.652623 -0.151957 -0.039291
v 0.483299 -0.290980 0.367292
v 0.436744 -0.272640 0.461197
v 0.499041 -0.243634 0.386127
v 0.474974 -0.233264 0.431733
v 0.447159 -0.333376 0.397712
v 0.424814 -0.325911 0.446920
v 0.629416 -0.189646 0.140454
v 0.670518 -0.114123 0.090480
v 0.645381 -0.149965 0.165705
v 0.665799 -0.112444 0.141479
v 0.634637 -0.190515 0.090482
v 0.655048 -0.152970 0.064759
v 0.145541 -0.086290 0.710140
v 0.236073 -0.142410 0.676346
v 0.147446 -0.143280 0.724297
v 0.191935 -0.173428 0.701677
v 0.192153 -0.056858 0.687847
v 0.236968 -0.084043 0.671727
v -0.145326 -0.086200 0.709863
v -0.235610 -0.142599 0.675904
v -0.147638 -0.143289 0.724917
v -0.192418 -0.173267 0.702921
v -0.192207 -0.056907 0.688223
v -0.237101 -0.083991 0.671819
v 0.141271 0.077511 0.672986
v 0.231561 0.131345 0.642905
v 0.138706 0.129330 0.663414
v 0.183511 0.155723 0.650067
v 0.189803 0.052245 0.668926
v 0.236567 0.080560 0.653027
v -0.140997 0.077421 0.672782
v -0.231441 0.131281 0.642966
v -0.138640 0.129376 0.662908
v -0.183501 0.155725 0.650348
v -0.190145 0.052137 0.668508
v -0.236333 0.080483 0.653216
v 0.368262 -0.049175 0.601461
v 0.368715 0.052862 0.598088
v 0.413592 -0.020496 0.579396
v 0.413727 0.028046 0.578464
v 0.326459 -0.024536 0.625326
v 0.327737 0.028760 0.624207
v -0.368284 -0.049158 0.601540
v -0.368574 0.052823 0.597936
v -0.413801 -0.020499 0.579476
v -0.413660 0.028106 0.578447
v -0.326568 -0.024661 0.625264
v -0.327687 0.028760 0.624241
v 0.140436 -0.069408 -0.674417
v 0.225579 -0.124735 -0.634178
v 0.136721 -0.126753 -0.659544
v 0.179517 -0.153358 -0.643053
v 0.189070 -0.041105 -0.672175
v 0.230928 -0.069582 -0.648542
v -0.140670 -0.069582 -0.675155
v -0.226058 -0.124340 -0.634409
v -0.136847 -0.126551 -0.659848
v -0.179379 -0.153048 -0.643142
v -0.189082 -0.040749 -0.672031
v -0.230684 -0.069203 -0.648814
v 0.163534 0.099115 -0.772413
v 0.274457 0.158410 -0.765957
v 0.173899 0.158263 -0.812489
v 0.229556 0.190019 -0.801404
v 0.207473 0.071072 -0.735688
v 0.259130 0.098350 -0.729820
v -0.164031 0.098984 -0.772934
v -0.274128 0.158224 -0.766132
v -0.173844 0.158370 -0.812394
v -0.229409 0.190206 -0.801619
v -0.208228 0.070596 -0.736340
v -0.259471 0.098539 -0.730256
v 0.359366 -0.043856 -0.594672
v 0.374148 0.061322 -0.623868
v 0.400783 -0.018147 -0.574460
v 0.408092 0.032214 -0.586699
v 0.322604 -0.016340 -0.626702
v 0.330937 0.038124 -0.644778
v -0.359845 -0.044092 -0.594902
v -0.374420 0.061227 -0.624337
v -0.401049 -0.018157 -0.574591
v -0.407874 0.032146 -0.586889
v -0.322587 -0.016254 -0.626382
v -0.330851 0.037433 -0.644922
v -0.289461 0.464141 0.011535
v -0.284578 0.480462 -0.063911
v -0.243676 0.475208 0.008379
v -0.240621 0.495324 -0.072235
v -0.352953 0.431921 0.040963
v -0.271452 0.458057 0.048196
v -0.340411 0.423939 0.080758
v -0.347692 0.459027 -0.078753
v -0.265804 0.497660 -0.110212
v -0.334273 0.475311 -0.127897
v -0.392784 0.427579 -0.010422
v -0.372365 0.450090 -0.105286
v -0.419197 0.413693 -0.029419
v -0.378845 0.410020 0.072260
v -0.420123 0.404131 0.015940
v 0.289461 0.464202 0.011271
v 0.284506 0.480060 -0.064022
v 0.243853 0.475294 0.008614
v 0.240434 0.495235 -0.072865
v 0.352960 0.431824 0.041292
v 0.271515 0.458051 0.048264
v 0.340531 0.424005 0.080946
v 0.347411 0.458825 -0.079036
v 0.265626 0.497669 -0.110374
v 0.334167 0.475020 -0.128685
v 0.392601 0.427571 -0.010119
v 0.372326 0.450071 -0.105727
v 0.419102 0.413644 -0.029378
v 0.379249 0.410013 0.072285
v 0.420126 0.404211 0.016059
v -0.311841 -0.578593 0.039021
v -0.324349 -0.619539 -0.035530
v -0.267860 -0.597059 0.034093
v -0.292185 -0.670179 -0.037613
v -0.377339 -0.533257 0.071249
v -0.289436 -0.570291 0.084165
v -0.363748 -0.531113 0.120164
v -0.370423 -0.552082 -0.052130
v -0.326214 -0.669028 -0.079858
v -0.366179 -0.569090 -0.100438
v -0.399973 -0.505067 0.013140
v -0.386450 -0.514894 -0.077603
v -0.419496 -0.470406 -0.006878
v -0.402969 -0.507672 0.106042
v -0.425029 -0.471609 0.039616
v 0.312068 -0.578230 0.038441
v 0.324169 -0.619558 -0.035533
v 0.267888 -0.597115 0.033873
v 0.291963 -0.670922 -0.037412
v 0.377436 -0.533165 0.071231
v 0.289663 -0.569809 0.084172
v 0.364103 -0.530767 0.119960
v 0.370158 -0.551921 -0.052470
v 0.325401 -0.669305 -0.080097
v 0.365793 -0.569638 -0.100343
v 0.400231 -0.505122 0.013010
v 0.386829 -0.514737 -0.077380
v 0.419510 -0.470031 -0.006983
v 0.402988 -0.507516 0.106064
v 0.424694 -0.471362 0.039500
v -0.000027 -0.529515 0.691960
v -0.076072 -0.474150 0.702192
v -0.032210 -0.576374 0.680032
v -0.117638 -0.523104 0.697083
v 0.076005 -0.474363 0.702193
v 0.031659 -0.576120 0.679764
v 0.117193 -0.523371 0.696788
v 0.043888 -0.381542 0.717766
v -0.044248 -0.381435 0.717583
v 0.046585 -0.323336 0.730398
v -0.046628 -0.323084 0.729683
v 0.130306 -0.458764 0.701369
v 0.091806 -0.356596 0.718241
v -0.130573 -0.459171 0.701985
v -0.092216 -0.356773 0.717525
v 0.000003 0.310954 0.575197
v -0.060853 0.300720 0.600395
v -0.023744 0.320365 0.541853
v -0.090531 0.307807 0.574087
v 0.060892 0.300710 0.600396
v 0.023742 0.320320 0.541866
v 0.090572 0.307865 0.574101
v 0.037553 0.282518 0.637620
v -0.037576 0.282490 0.637597
v 0.041009 0.261883 0.652218
v -0.041021 0.261810 0.652217
v 0.105534 0.296610 0.600013
v 0.080029 0.273741 0.639747
v -0.105516 0.296612 0.600016
v -0.080034 0.273757 0.639692
v 0.000088 -0.314977 -0.559875
v -0.058901 -0.294511 -0.594270
v -0.022287 -0.337657 -0.520824
v -0.086219 -0.308335 -0.561517
v 0.058993 -0.294413 -0.594297
v 0.022093 -0.338244 -0.520661
v 0.086302 -0.308211 -0.561735
v 0.037046 -0.272008 -0.634202
v -0.037118 -0.272013 -0.634193
v 0.041028 -0.255327 -0.647683
v -0.040939 -0.255333 -0.647675
v 0.102570 -0.288382 -0.596469
v 0.078879 -0.264252 -0.636451
v -0.102406 -0.288477 -0.596523
v -0.078893 -0.264281 -0.636411
v 0.000147 0.493390 -0.673678
v -0.072849 0.442502 -0.693970
v -0.029964 0.537940 -0.654525
v -0.110133 0.478818 -0.675019
v 0.073151 0.442625 -0.694440
v 0.030093 0.538134 -0.654579
v 0.109792 0.478888 -0.674823
v 0.044967 0.367562 -0.733462
v -0.045178 0.367927 -0.733852
v 0.050359 0.320538 -0.759991
v -0.050017 0.320450 -0.759320
v 0.124941 0.426876 -0.695111
v 0.095907 0.347299 -0.741976
v -0.125119 0.426546 -0.695202
v -0.095927 0.346729 -0.741624
v 0.589696 0.048194 -0.398204
v 0.625999 0.029330 -0.336090
v 0.586539 0.082457 -0.383453
v 0.624890 0.060784 -0.313327
v 0.582006 -0.046608 -0.393302
v 0.622481 -0.027480 -0.334486
v 0.574349 -0.083617 -0.376040
v 0.618176 -0.062095 -0.310715
v 0.568535 0.002078 -0.436756
v 0.553701 -0.072275 -0.415670
v 0.540472 -0.017493 -0.463516
v 0.564616 0.072943 -0.424356
v 0.544799 0.021460 -0.467843
v 0.639139 0.031387 -0.287763
v 0.635749 -0.031236 -0.286839
v 0.606371 0.047454 0.397076
v 0.646322 0.028556 0.335582
v 0.596404 0.085041 0.379307
v 0.641986 0.062512 0.313502
v 0.607342 -0.045303 0.395170
v 0.646399 -0.027942 0.334590
v 0.597888 -0.083429 0.376937
v 0.642481 -0.061691 0.312059
v 0.586302 0.001694 0.436301
v 0.575403 -0.071339 0.416899
v 0.557551 -0.016296 0.465167
v 0.573895 0.074022 0.418839
v 0.557092 0.021111 0.465970
v 0.664294 0.031466 0.291625
v 0.664125 -0.031091 0.290915
v -0.589642 0.048123 -0.398274
v -0.626019 0.029274 -0.336070
v -0.586479 0.082384 -0.383590
v -0.624873 0.060684 -0.313321
v -0.582001 -0.046602 -0.393335
v -0.622583 -0.027415 -0.334659
v -0.574236 -0.083546 -0.375971
v -0.617980 -0.062172 -0.310549
v -0.568557 0.002026 -0.436778
v -0.553570 -0.072192 -0.415644
v -0.540542 -0.017596 -0.463562
v -0.564617 0.072860 -0.424441
v -0.544779 0.021425 -0.467893
v -0.639136 0.031394 -0.287841
v -0.635794 -0.031288 -0.286791
v -0.606411 0.047484 0.397101
v -0.646318 0.028570 0.335569
v -0.596327 0.085125 0.379226
v -0.641943 0.062527 0.313422
v -0.607304 -0.045272 0.395236
v -0.646403 -0.027980 0.334587
v -0.597884 -0.083363 0.377021
v -0.642470 -0.061745 0.312070
v -0.586287 0.001665 0.436263
v -0.575502 -0.071394 0.416954
v -0.557473 -0.016272 0.465240
v -0.573934 0.073976 0.418848
v -0.557130 0.021071 0.465997
v -0.664312 0.031457 0.291605
v -0.664111 -0.031120 0.290914
v -0.058699 0.509473 -0.006160
v -0.050151 0.531922 -0.086697
v -0.100171 0.505459 -0.001664
v -0.083863 0.526881 -0.078687
v 0.058829 0.509395 -0.005911
v 0.050156 0.532052 -0.086778
v 0.100309 0.505464 -0.001665
v 0.083799 0.526996 -0.078603
v 0.000080 0.500496 0.028480
v -0.082462 0.495629 0.035509
v -0.020524 0.487675 0.066007
v -0.000026 0.551190 -0.139116
v -0.057673 0.540354 -0.124430
v -0.018120 0.569291 -0.189949
v 0.082331 0.495564 0.035483
v 0.020653 0.487838 0.065799
v 0.057715 0.540557 -0.124081
v 0.018230 0.569320 -0.189911
v -0.193675 0.411415 0.218294
v -0.270831 0.381612 0.260406
v -0.213641 0.424550 0.172401
v -0.290643 0.393105 0.213103
v -0.125446 0.369689 0.361916
v -0.203011 0.346873 0.407083
v -0.100741 0.356391 0.409746
v -0.177375 0.335660 0.456102
v -0.122694 0.402741 0.265772
v -0.165527 0.432310 0.172542
v -0.095727 0.423376 0.217861
v -0.278583 0.350715 0.354375
v -0.319472 0.372133 0.255138
v -0.329476 0.342009 0.348915
v -0.075329 0.373120 0.362666
v -0.073269 0.407040 0.265673
v -0.227837 0.329929 0.451018
v -0.306437 0.332186 0.399183
v -0.201698 0.629366 -0.345275
v -0.308813 0.616761 -0.367613
v -0.218256 0.585288 -0.278991
v -0.312603 0.570251 -0.301134
v -0.166775 0.712701 -0.504166
v -0.231155 0.602084 -0.523270
v -0.132063 0.660743 -0.551368
v -0.208217 0.579194 -0.573479
v -0.172968 0.810353 -0.407955
v -0.166759 0.608490 -0.293278
v -0.111987 0.689047 -0.355153
v -0.328069 0.596355 -0.460211
v -0.371354 0.585811 -0.339626
v -0.415287 0.592095 -0.458196
v -0.107693 0.705795 -0.503642
v -0.099923 0.732039 -0.405391
v -0.252670 0.543079 -0.548466
v -0.338755 0.537102 -0.481103
v -0.459307 0.363027 -0.208172
v -0.511925 0.321074 -0.122355
v -0.440302 0.394706 -0.183129
v -0.491528 0.351338 -0.096959
v -0.523708 0.243567 -0.286894
v -0.572714 0.210656 -0.203784
v -0.547768 0.200848 -0.314602
v -0.591441 0.171184 -0.232062
v -0.462356 0.327575 -0.288960
v -0.423489 0.407859 -0.239204
v -0.423032 0.375783 -0.318221
v -0.566926 0.251781 -0.119971
v -0.526132 0.319613 -0.066914
v -0.579439 0.254300 -0.064550
v -0.509643 0.238604 -0.341090
v -0.446490 0.326869 -0.343067
v -0.604190 0.175664 -0.176216
v -0.599484 0.217865 -0.091702
v -0.492284 0.320719 0.204813
v -0.534077 0.306567 0.134996
v -0.465665 0.342615 0.171891
v -0.506698 0.331075 0.105006
v -0.552130 0.243356 0.291954
v -0.597498 0.218996 0.217256
v -0.563804 0.206812 0.315637
v -0.609154 0.179493 0.241531
v -0.500437 0.292559 0.286952
v -0.453378 0.335797 0.221552
v -0.460666 0.307835 0.305839
v -0.587653 0.254605 0.140989
v -0.538243 0.310566 0.085347
v -0.591853 0.256253 0.090699
v -0.532747 0.237033 0.341370
v -0.480918 0.286048 0.337313
v -0.623192 0.184541 0.192383
v -0.612972 0.223079 0.116653
v 0.193386 0.411210 0.218031
v 0.270999 0.381673 0.260687
v 0.213512 0.424340 0.172681
v 0.290411 0.393288 0.212992
v 0.125646 0.369867 0.362108
v 0.202960 0.346999 0.407134
v 0.100808 0.356372 0.409691
v 0.177367 0.335717 0.455887
v 0.122481 0.402797 0.265986
v 0.165371 0.433209 0.172112
v 0.095660 0.422759 0.217463
v 0.075482 0.373329 0.363058
v 0.073170 0.406517 0.266034
v 0.278700 0.350750 0.354526
v 0.319953 0.372218 0.255438
v 0.329522 0.342047 0.348793
v 0.227987 0.330066 0.450936
v 0.306546 0.332295 0.399096
v 0.201390 0.629404 -0.345922
v 0.309690 0.618978 -0.369125
v 0.218645 0.586254 -0.279342
v 0.314206 0.573972 -0.303027
v 0.166692 0.712571 -0.504239
v 0.231232 0.601381 -0.523219
v 0.132300 0.660751 -0.551426
v 0.208158 0.578997 -0.573194
v 0.172923 0.810416 -0.407986
v 0.166806 0.608628 -0.293332
v 0.111802 0.688980 -0.355313
v 0.108013 0.705701 -0.504021
v 0.099859 0.731987 -0.404893
v 0.327756 0.594252 -0.461006
v 0.376769 0.598340 -0.342801
v 0.412926 0.586199 -0.460048
v 0.252430 0.542256 -0.548558
v 0.338166 0.534512 -0.482033
v 0.459446 0.362758 -0.208404
v 0.512226 0.321059 -0.121855
v 0.440528 0.394742 -0.183695
v 0.491212 0.351460 -0.096808
v 0.523850 0.243489 -0.286930
v 0.572579 0.210742 -0.203640
v 0.547856 0.200784 -0.314605
v 0.591421 0.171263 -0.232196
v 0.462823 0.327585 -0.288351
v 0.423011 0.407754 -0.239090
v 0.422500 0.375384 -0.318336
v 0.566901 0.251806 -0.119854
v 0.525961 0.319460 -0.066845
v 0.579453 0.254191 -0.064433
v 0.509533 0.238646 -0.341223
v 0.446797 0.327404 -0.343740
v 0.604143 0.175652 -0.176209
v 0.599567 0.217803 -0.091733
v 0.492322 0.320771 0.204799
v 0.534113 0.306563 0.135103
v 0.465686 0.342770 0.171906
v 0.506727 0.331068 0.105118
v 0.552140 0.243414 0.291875
v 0.597495 0.219016 0.217221
v 0.563919 0.206808 0.315695
v 0.609221 0.179442 0.241546
v 0.500432 0.292566 0.286946
v 0.453401 0.335896 0.221513
v 0.460648 0.307828 0.305778
v 0.587686 0.254630 0.140948
v 0.538268 0.310543 0.085496
v 0.591823 0.256287 0.090734
v 0.532759 0.237062 0.341335
v 0.480921 0.286073 0.337307
v 0.623189 0.184577 0.192368
v 0.612968 0.223090 0.116639
v -0.072321 -0.632661 0.056253
v -0.083183 -0.661425 -0.035839
v -0.119755 -0.632604 0.047323
v -0.133434 -0.694372 -0.038039
v 0.072193 -0.632704 0.056010
v 0.082063 -0.661440 -0.035417
v 0.119347 -0.632609 0.047517
v 0.132733 -0.693456 -0.037868
v -0.000283 -0.620668 0.112564
v -0.090543 -0.614614 0.101856
v -0.021903 -0.611779 0.168076
v -0.000324 -0.626881 -0.072071
v -0.109759 -0.699399 -0.083858
v -0.035901 -0.618182 -0.114511
v 0.090537 -0.614498 0.102360
v 0.021654 -0.611593 0.168114
v 0.108908 -0.698472 -0.083739
v 0.035606 -0.618139 -0.114467
v -0.200918 -0.578106 0.352393
v -0.293535 -0.560021 0.369054
v -0.221283 -0.563568 0.272762
v -0.308348 -0.540671 0.299863
v -0.165436 -0.805593 0.535948
v -0.302709 -0.717828 0.587985
v -0.125140 -0.779913 0.621273
v -0.267545 -0.718409 0.663729
v -0.138858 -0.665699 0.414918
v -0.165094 -0.576823 0.285704
v -0.094169 -0.616759 0.360208
v -0.318914 -0.579994 0.468404
v -0.338356 -0.527392 0.337201
v -0.350285 -0.519917 0.429823
v -0.094775 -0.724428 0.535338
v -0.081347 -0.659874 0.414555
v -0.316623 -0.637836 0.618659
v -0.339612 -0.537951 0.493467
v -0.234474 -0.658343 -0.300725
v -0.291767 -0.531719 -0.290904
v -0.277135 -0.727562 -0.271450
v -0.339143 -0.574412 -0.266252
v -0.124967 -0.467891 -0.362154
v -0.191449 -0.407324 -0.389128
v -0.097207 -0.429019 -0.399871
v -0.165085 -0.378614 -0.433263
v -0.135447 -0.569821 -0.302910
v -0.200457 -0.739254 -0.275550
v -0.111242 -0.611913 -0.267216
v -0.262808 -0.418211 -0.338068
v -0.326686 -0.488797 -0.269680
v -0.305314 -0.393188 -0.328748
v -0.075469 -0.472115 -0.365035
v -0.081232 -0.558224 -0.297085
v -0.211643 -0.365420 -0.428237
v -0.281974 -0.370997 -0.375388
v -0.461849 -0.336924 -0.186058
v -0.510449 -0.312899 -0.111138
v -0.438565 -0.377984 -0.155391
v -0.484889 -0.350944 -0.082343
v -0.535635 -0.230262 -0.286454
v -0.579435 -0.208439 -0.203675
v -0.551699 -0.197843 -0.315405
v -0.592651 -0.173637 -0.232855
v -0.473076 -0.289490 -0.272935
v -0.424402 -0.368559 -0.205821
v -0.432026 -0.315773 -0.290371
v -0.572953 -0.247101 -0.116630
v -0.520004 -0.318448 -0.058533
v -0.582994 -0.251500 -0.061643
v -0.518714 -0.222706 -0.340260
v -0.458240 -0.277851 -0.327658
v -0.605902 -0.178001 -0.176587
v -0.604170 -0.217607 -0.090831
v -0.482946 -0.377814 0.222162
v -0.522806 -0.335417 0.144272
v -0.461819 -0.412556 0.196688
v -0.497991 -0.369954 0.119512
v -0.538865 -0.257134 0.289891
v -0.590556 -0.224269 0.214425
v -0.554703 -0.213609 0.311923
v -0.605168 -0.182846 0.238585
v -0.486892 -0.339629 0.296999
v -0.451330 -0.417972 0.250124
v -0.453668 -0.382075 0.327237
v -0.580227 -0.263245 0.141911
v -0.527965 -0.332113 0.093883
v -0.586262 -0.261855 0.092276
v -0.519639 -0.251453 0.338766
v -0.468404 -0.337667 0.347728
v -0.620543 -0.187366 0.189687
v -0.609797 -0.226993 0.116173
v 0.200801 -0.578244 0.352479
v 0.293346 -0.560188 0.369139
v 0.221530 -0.563507 0.273188
v 0.308127 -0.540979 0.299932
v 0.164590 -0.805034 0.535531
v 0.302209 -0.719255 0.587577
v 0.122731 -0.778816 0.618994
v 0.266810 -0.720951 0.663252
v 0.138890 -0.665628 0.414818
v 0.164993 -0.576980 0.285698
v 0.094380 -0.616918 0.360283
v 0.094093 -0.723353 0.534320
v 0.081448 -0.659603 0.415041
v 0.318784 -0.580000 0.468714
v 0.338559 -0.527153 0.337551
v 0.350025 -0.520050 0.430042
v 0.316755 -0.638749 0.618859
v 0.339647 -0.538424 0.493788
v 0.233900 -0.657708 -0.300356
v 0.291728 -0.531664 -0.291195
v 0.276805 -0.727799 -0.271542
v 0.338790 -0.574278 -0.265729
v 0.124752 -0.468142 -0.362589
v 0.191423 -0.407225 -0.389149
v 0.096923 -0.428436 -0.399918
v 0.165106 -0.378678 -0.433279
v 0.134790 -0.569739 -0.302654
v 0.199171 -0.739203 -0.275428
v 0.110910 -0.611547 -0.266455
v 0.075281 -0.472257 -0.365145
v 0.080826 -0.558128 -0.296570
v 0.262875 -0.418387 -0.338090
v 0.327127 -0.488789 -0.269321
v 0.305327 -0.393355 -0.328952
v 0.211728 -0.365249 -0.428487
v 0.282017 -0.371056 -0.375396
v 0.462053 -0.337027 -0.186441
v 0.510615 -0.312348 -0.110776
v 0.438505 -0.378137 -0.155565
v 0.484894 -0.350694 -0.082078
v 0.535691 -0.230291 -0.286338
v 0.579355 -0.208352 -0.203631
v 0.551682 -0.197941 -0.315260
v 0.592554 -0.173371 -0.232636
v 0.473949 -0.288523 -0.273497
v 0.424593 -0.368779 -0.205869
v 0.432330 -0.315629 -0.290402
v 0.572987 -0.247282 -0.116565
v 0.520282 -0.318242 -0.058332
v 0.583049 -0.251614 -0.061607
v 0.518778 -0.222818 -0.340172
v 0.457803 -0.278266 -0.327241
v 0.605734 -0.177771 -0.176475
v 0.604099 -0.217473 -0.090826
v 0.482308 -0.377535 0.222070
v 0.523052 -0.335508 0.144156
v 0.461476 -0.412410 0.196572
v 0.498002 -0.369839 0.119378
v 0.538869 -0.257216 0.289967
v 0.590576 -0.224158 0.214415
v 0.554607 -0.213675 0.311864
v 0.605187 -0.182765 0.238568
v 0.486903 -0.339551 0.296703
v 0.451502 -0.417914 0.250277
v 0.453860 -0.382464 0.326875
v 0.580300 -0.263191 0.141862
v 0.527966 -0.332089 0.094034
v 0.586272 -0.261810 0.092286
v 0.519904 -0.251492 0.338466
v 0.468350 -0.337378 0.347581
v 0.620564 -0.187268 0.189732
v 0.609756 -0.226947 0.116131
v 0.048798 -0.085118 0.740797
v -0.049059 -0.084992 0.741913
v 0.049223 -0.141136 0.764972
v -0.048801 -0.141129 0.764199
v 0.047228 0.077097 0.685593
v -0.046792 0.077647 0.686687
v 0.046096 0.130188 0.676645
v -0.045845 0.129991 0.676487
v 0.096092 -0.003412 0.699520
v 0.097838 -0.114416 0.733346
v 0.143941 -0.030111 0.695960
v -0.095725 -0.003725 0.699858
v -0.098321 -0.114252 0.734947
v -0.144269 -0.030415 0.696370
v 0.093065 0.103295 0.675498
v 0.142926 0.024161 0.683780
v -0.093192 0.103281 0.675087
v -0.143168 0.024150 0.683762
v 0.307448 -0.322794 0.614038
v 0.273315 -0.231755 0.648469
v 0.273894 -0.364974 0.651977
v 0.233209 -0.266282 0.678181
v 0.419132 -0.202051 0.516607
v 0.398596 -0.126457 0.565030
v 0.459400 -0.166498 0.489310
v 0.442276 -0.093604 0.541591
v 0.372601 -0.300945 0.538050
v 0.308775 -0.392501 0.616955
v 0.366702 -0.361372 0.530656
v 0.448405 -0.219170 0.475475
v 0.399980 -0.315467 0.494123
v 0.319429 -0.136489 0.623072
v 0.235245 -0.202780 0.679130
v 0.279264 -0.110781 0.649261
v 0.409355 -0.071152 0.576016
v 0.323322 -0.079486 0.624689
v -0.308059 -0.323137 0.614448
v -0.273264 -0.231723 0.647606
v -0.274426 -0.365242 0.652123
v -0.233140 -0.266287 0.677040
v -0.419231 -0.202650 0.516257
v -0.398225 -0.126508 0.565279
v -0.459174 -0.166079 0.488984
v -0.442174 -0.093299 0.541630
v -0.372898 -0.300572 0.538151
v -0.309081 -0.392725 0.616741
v -0.366830 -0.361675 0.530540
v -0.448303 -0.219285 0.475279
v -0.399795 -0.315047 0.493978
v -0.319135 -0.136558 0.622676
v -0.234486 -0.203072 0.677794
v -0.279178 -0.110906 0.649240
v -0.409247 -0.071389 0.575670
v -0.323561 -0.079703 0.624946
v 0.294323 0.254928 0.569114
v 0.264843 0.199623 0.609443
v 0.247999 0.270699 0.582610
v 0.219477 0.224629 0.623595
v 0.424130 0.187186 0.513109
v 0.399187 0.122142 0.559033
v 0.463305 0.157959 0.488770
v 0.443287 0.095637 0.540355
v 0.373544 0.251059 0.518540
v 0.282996 0.280736 0.549497
v 0.361214 0.277118 0.495765
v 0.454383 0.201799 0.473796
v 0.404699 0.261763 0.478080
v 0.316376 0.126606 0.603843
v 0.225996 0.180290 0.633440
v 0.277761 0.104820 0.630837
v 0.407682 0.075247 0.570496
v 0.323280 0.078484 0.615536
v -0.294328 0.254949 0.569066
v -0.264765 0.199469 0.609342
v -0.248022 0.270688 0.582603
v -0.219467 0.224614 0.623572
v -0.424065 0.187144 0.512931
v -0.399157 0.122064 0.558967
v -0.463372 0.158314 0.489318
v -0.443146 0.095509 0.540367
v -0.373572 0.251055 0.518542
v -0.283011 0.280722 0.549498
v -0.361208 0.277094 0.495777
v -0.454384 0.201749 0.473721
v -0.404734 0.261748 0.478091
v -0.316571 0.126702 0.604257
v -0.225935 0.180193 0.633397
v -0.277619 0.104832 0.630760
v -0.407500 0.075120 0.570418
v -0.323112 0.078405 0.615175
v 0.047181 -0.069731 -0.685978
v -0.047267 -0.069499 -0.685672
v 0.045889 -0.126366 -0.671183
v -0.046042 -0.126595 -0.670730
v 0.055047 0.100232 -0.776781
v -0.054863 0.100403 -0.775083
v 0.057692 0.158037 -0.800950
v -0.057231 0.158455 -0.799817
v 0.100459 0.015458 -0.721720
v 0.092964 -0.098952 -0.673769
v 0.145796 -0.012809 -0.697697
v -0.100509 0.015741 -0.721274
v -0.093064 -0.098145 -0.673936
v -0.145810 -0.012637 -0.697490
v 0.114141 0.126010 -0.807622
v 0.153703 0.043142 -0.730776
v -0.114117 0.127074 -0.804500
v -0.153788 0.043562 -0.730604
v 0.288447 -0.243482 -0.567612
v 0.261903 -0.199550 -0.605576
v 0.242004 -0.258346 -0.579176
v 0.215499 -0.220393 -0.617703
v 0.416263 -0.181576 -0.513011
v 0.389010 -0.118833 -0.553484
v 0.454822 -0.156123 -0.490355
v 0.427851 -0.091017 -0.531663
v 0.364525 -0.235824 -0.517662
v 0.274647 -0.267660 -0.545871
v 0.348907 -0.262919 -0.492791
v 0.446579 -0.194583 -0.477719
v 0.392877 -0.245926 -0.477161
v 0.311312 -0.124482 -0.599906
v 0.220839 -0.175783 -0.624914
v 0.271418 -0.097333 -0.624411
v 0.394396 -0.068801 -0.563263
v 0.316390 -0.070619 -0.611552
v -0.288455 -0.243437 -0.567598
v -0.261835 -0.199682 -0.605754
v -0.241978 -0.258278 -0.579128
v -0.215441 -0.220498 -0.617770
v -0.416283 -0.181519 -0.513008
v -0.388869 -0.118690 -0.553310
v -0.454824 -0.156046 -0.490392
v -0.428158 -0.090773 -0.531669
v -0.364474 -0.235680 -0.517671
v -0.274569 -0.267639 -0.545828
v -0.348930 -0.263062 -0.492834
v -0.446507 -0.194604 -0.477696
v -0.392837 -0.245755 -0.477118
v -0.311291 -0.124331 -0.600019
v -0.220722 -0.175710 -0.624851
v -0.271327 -0.097201 -0.624660
v -0.394782 -0.068914 -0.563278
v -0.316539 -0.070682 -0.611393
v 0.305939 0.308250 -0.630878
v 0.295813 0.235239 -0.706100
v 0.266413 0.343943 -0.658441
v 0.255795 0.270499 -0.738644
v 0.424651 0.197984 -0.540012
v 0.415878 0.130964 -0.603608
v 0.464113 0.163166 -0.510535
v 0.453496 0.100101 -0.569092
v 0.369537 0.287337 -0.551186
v 0.292187 0.363823 -0.609503
v 0.354256 0.342956 -0.530378
v 0.448055 0.211955 -0.492153
v 0.392463 0.302349 -0.500253
v 0.346426 0.147294 -0.680639
v 0.270422 0.216513 -0.764755
v 0.305280 0.124532 -0.709830
v 0.415103 0.082372 -0.598538
v 0.339197 0.092263 -0.664172
v -0.305840 0.307868 -0.630928
v -0.295611 0.235525 -0.705951
v -0.266179 0.344177 -0.658538
v -0.256045 0.271180 -0.739461
v -0.425098 0.198087 -0.540194
v -0.415778 0.131187 -0.603535
v -0.463762 0.163299 -0.510515
v -0.453383 0.100100 -0.569069
v -0.369388 0.287415 -0.551034
v -0.292069 0.363860 -0.609795
v -0.353653 0.343030 -0.530297
v -0.448474 0.212058 -0.491949
v -0.391877 0.302280 -0.500423
v -0.346311 0.147301 -0.680802
v -0.270286 0.216605 -0.764967
v -0.304580 0.124492 -0.709119
v -0.414984 0.082297 -0.598645
v -0.339031 0.092177 -0.664148
v 0.696069 0.036248 -0.066635
v 0.691673 -0.037252 -0.066845
v 0.682080 0.035330 -0.122547
v 0.677461 -0.036431 -0.122640
v 0.703276 0.037158 0.091732
v 0.700959 -0.037675 0.091616
v 0.698203 0.036557 0.144101
v 0.696232 -0.036801 0.143861
v 0.696041 0.074307 0.013259
v 0.678932 0.071821 -0.094246
v 0.677847 0.111543 -0.012643
v 0.688772 0.074186 0.117498
v 0.676965 0.112251 0.039482
v 0.691195 -0.076536 0.013086
v 0.671735 -0.074280 -0.094707
v 0.672846 -0.114986 -0.013238
v 0.685201 -0.075179 0.116921
v 0.673444 -0.114968 0.038928
v -0.696043 0.036201 -0.066686
v -0.691805 -0.037247 -0.066798
v -0.682095 0.035301 -0.122628
v -0.677528 -0.036508 -0.122680
v -0.703252 0.037145 0.091724
v -0.701001 -0.037674 0.091608
v -0.698203 0.036553 0.144096
v -0.696230 -0.036783 0.143833
v -0.696053 0.074329 0.013290
v -0.678915 0.071773 -0.094289
v -0.677833 0.111543 -0.012660
v -0.688743 0.074188 0.117501
v -0.676959 0.112255 0.039476
v -0.691129 -0.076549 0.013070
v -0.671468 -0.074081 -0.094711
v -0.672621 -0.114987 -0.013232
v -0.685253 -0.075171 0.116916
v -0.673371 -0.114972 0.038909
v -0.175321 0.480949 0.044550
v -0.204344 0.458605 0.086673
v -0.169278 0.528109 -0.126890
v -0.199766 0.538121 -0.173112
v -0.156334 0.468287 0.084249
v -0.148643 0.551751 -0.180194
v -0.354171 0.392872 0.160460
v -0.396361 0.379353 0.150559
v -0.381915 0.370326 0.197701
v -0.352498 0.493353 -0.215658
v -0.386045 0.456172 -0.187303
v -0.379005 0.482251 -0.247117
v -0.476676 0.368971 -0.022035
v -0.478496 0.361697 0.026438
v -0.508370 0.341527 0.007041
v 0.175508 0.480853 0.044657
v 0.204642 0.458864 0.086853
v 0.169311 0.528389 -0.126901
v 0.200055 0.538444 -0.173346
v 0.156292 0.468332 0.084367
v 0.148648 0.551467 -0.180255
v 0.353360 0.392223 0.160387
v 0.395782 0.379035 0.150506
v 0.382540 0.370449 0.198064
v 0.352745 0.493465 -0.217550
v 0.386107 0.456278 -0.188810
v 0.378872 0.482788 -0.248775
v 0.476611 0.369001 -0.021928
v 0.478471 0.361722 0.026553
v 0.508448 0.341521 0.007171
v -0.187719 -0.595589 0.087453
v -0.213750 -0.574536 0.144817
v -0.231180 -0.785578 -0.080900
v -0.275861 -0.786907 -0.152820
v -0.160490 -0.585667 0.150412
v -0.193047 -0.799868 -0.149173
v -0.377914 -0.512491 0.215268
v -0.412514 -0.481522 0.192763
v -0.399558 -0.487315 0.249684
v -0.369391 -0.522255 -0.178684
v -0.388242 -0.466239 -0.150036
v -0.375078 -0.459194 -0.199676
v -0.468539 -0.395301 -0.005723
v -0.472764 -0.399850 0.043686
v -0.499411 -0.361048 0.019259
v 0.187504 -0.595730 0.087501
v 0.213931 -0.574530 0.144769
v 0.229122 -0.785906 -0.081089
v 0.275051 -0.787407 -0.152793
v 0.160499 -0.585711 0.150388
v 0.190497 -0.799706 -0.148826
v 0.377564 -0.511997 0.215350
v 0.412482 -0.481576 0.192836
v 0.399388 -0.487048 0.249724
v 0.369696 -0.522460 -0.178537
v 0.387958 -0.466235 -0.150132
v 0.374955 -0.459034 -0.199615
v 0.468798 -0.395248 -0.005478
v 0.473297 -0.399745 0.044052
v 0.499021 -0.361245 0.019145
v -0.035390 -0.638364 0.623844
v 0.035133 -0.638063 0.623508
v -0.234506 -0.567621 0.697523
v -0.237937 -0.481926 0.689917
v 0.000050 -0.636383 0.570617
v -0.287549 -0.527374 0.672579
v 0.233738 -0.568196 0.697875
v 0.237124 -0.482256 0.690100
v 0.287035 -0.527633 0.673042
v 0.096564 -0.233538 0.736744
v 0.143940 -0.266121 0.718780
v -0.096871 -0.233699 0.737155
v -0.144119 -0.265946 0.719458
v 0.145308 -0.203890 0.722591
v -0.145564 -0.203819 0.723420
v -0.024872 0.345014 0.456904
v 0.025060 0.345096 0.456443
v -0.169839 0.311867 0.537690
v -0.186537 0.298346 0.567208
v -0.000027 0.359506 0.410102
v -0.219040 0.306170 0.531124
v 0.169871 0.311879 0.537685
v 0.186548 0.298279 0.567228
v 0.219094 0.306142 0.531156
v 0.088723 0.202734 0.659360
v 0.131771 0.225241 0.648110
v -0.088833 0.202660 0.659477
v -0.131766 0.225204 0.648134
v 0.135688 0.178953 0.655303
v -0.135682 0.178869 0.655255
v -0.023613 -0.397350 -0.441006
v 0.023671 -0.398007 -0.441050
v -0.159184 -0.320209 -0.518337
v -0.178559 -0.292225 -0.558279
v 0.000054 -0.433903 -0.402553
v -0.206671 -0.309224 -0.514401
v 0.159093 -0.320217 -0.518335
v 0.178737 -0.292214 -0.558147
v 0.206484 -0.309212 -0.514113
v 0.089046 -0.212399 -0.655405
v 0.129772 -0.227781 -0.644053
v -0.089029 -0.212480 -0.655463
v -0.129753 -0.227867 -0.643983
v 0.133819 -0.184934 -0.650260
v -0.133607 -0.185049 -0.650367
v -0.034885 0.637132 -0.607587
v 0.035101 0.637096 -0.607712
v -0.207095 0.499160 -0.649850
v -0.217219 0.438103 -0.665894
v 0.000187 0.677361 -0.569505
v -0.242207 0.460753 -0.618680
v 0.207005 0.499209 -0.649756
v 0.217099 0.437927 -0.666192
v 0.242424 0.461003 -0.618781
v 0.114560 0.247423 -0.807164
v 0.164717 0.275488 -0.785875
v -0.114468 0.247534 -0.806850
v -0.164715 0.275435 -0.786090
v 0.174040 0.220286 -0.813888
v -0.173851 0.220571 -0.813844
v 0.549196 0.151210 -0.390768
v 0.526372 0.141846 -0.436948
v 0.630322 0.100105 -0.233318
v 0.651132 0.067481 -0.206566
v 0.513205 0.186052 -0.417224
v 0.643482 0.103744 -0.177729
v 0.538715 -0.151446 -0.383448
v 0.514943 -0.140283 -0.425797
v 0.624116 -0.103653 -0.232283
v 0.644055 -0.069848 -0.205607
v 0.507635 -0.179686 -0.410542
v 0.637464 -0.107181 -0.177510
v 0.474077 -0.019043 -0.519149
v 0.480521 0.026426 -0.527005
v 0.441883 0.005316 -0.551807
v 0.553503 0.157123 0.383280
v 0.528281 0.144101 0.424890
v 0.648264 0.105073 0.242037
v 0.675694 0.070185 0.219281
v 0.519837 0.188076 0.408100
v 0.662325 0.108995 0.193246
v 0.551293 -0.159899 0.379488
v 0.526801 -0.147688 0.422372
v 0.647677 -0.105531 0.240361
v 0.673875 -0.070218 0.218371
v 0.514450 -0.195704 0.404597
v 0.660280 -0.109762 0.191719
v 0.494372 -0.016918 0.528665
v 0.493658 0.025673 0.528566
v 0.456826 0.004725 0.556315
v -0.549096 0.151309 -0.390802
v -0.526241 0.141863 -0.437020
v -0.630316 0.100055 -0.233387
v -0.651140 0.067420 -0.206594
v -0.513252 0.185943 -0.417434
v -0.643438 0.103708 -0.177741
v -0.538770 -0.151509 -0.383472
v -0.514916 -0.140245 -0.425870
v -0.623592 -0.103064 -0.232220
v -0.644187 -0.069736 -0.205544
v -0.507726 -0.179745 -0.410559
v -0.636781 -0.106842 -0.177318
v -0.473509 -0.019044 -0.518807
v -0.480694 0.026466 -0.527156
v -0.441327 0.005004 -0.552051
v -0.553438 0.157068 0.383210
v -0.528092 0.144129 0.424656
v -0.648265 0.105124 0.242035
v -0.675687 0.070169 0.219285
v -0.519677 0.187916 0.407996
v -0.662324 0.108988 0.193270
v -0.550988 -0.159984 0.379451
v -0.526623 -0.147753 0.422269
v -0.647699 -0.105579 0.240405
v -0.673887 -0.070217 0.218407
v -0.514988 -0.196036 0.404480
v -0.660278 -0.109785 0.191811
v -0.494435 -0.016954 0.528732
v -0.493681 0.025616 0.528699
v -0.456867 0.004773 0.556367
v -0.023072 0.446914 0.166810
v 0.023378 0.446497 0.166884
v 0.000035 0.427414 0.216055
v -0.024133 0.631003 -0.298325
v 0.024142 0.630889 -0.298333
v 0.000229 0.665221 -0.351037
v -0.398877 0.313625 0.374142
v -0.374169 0.305639 0.422709
v -0.418109 0.294135 0.406548
v -0.376610 0.430570 -0.406492
v -0.363689 0.419527 -0.460639
v -0.394461 0.369957 -0.427784
v -0.616002 0.223435 0.015272
v -0.636772 0.186418 -0.011245
v -0.638067 0.187635 0.040381
v 0.398910 0.313585 0.374125
v 0.374154 0.305601 0.422684
v 0.418114 0.294155 0.406544
v 0.376545 0.430142 -0.406957
v 0.363437 0.418615 -0.460758
v 0.394589 0.369611 -0.428237
v 0.615996 0.223436 0.015328
v 0.636739 0.186421 -0.011234
v 0.638051 0.187655 0.040423
v -0.021708 -0.612122 0.291308
v 0.021850 -0.612080 0.291444
v -0.000006 -0.630017 0.353596
v -0.031622 -0.598453 -0.208029
v 0.031274 -0.598202 -0.207748
v -0.000470 -0.578846 -0.252296
v -0.399813 -0.426149 0.414018
v -0.380546 -0.426785 0.468519
v -0.412808 -0.377476 0.431412
v -0.370480 -0.326837 -0.355203
v -0.349565 -0.310205 -0.405622
v -0.394106 -0.289742 -0.393124
v -0.616646 -0.224565 0.015574
v -0.637922 -0.189402 -0.011656
v -0.637930 -0.190456 0.039801
v 0.399909 -0.426959 0.414114
v 0.380494 -0.427365 0.468912
v 0.412854 -0.378719 0.431327
v 0.370478 -0.326601 -0.355517
v 0.349289 -0.310057 -0.405436
v 0.394447 -0.289174 -0.393524
v 0.616602 -0.224543 0.015723
v 0.637807 -0.189435 -0.011622
v 0.637886 -0.190453 0.039878
v 0.239206 -0.026662 0.668579
v 0.240045 0.028356 0.663123
v 0.284715 0.002273 0.647886
v -0.239235 -0.026667 0.668875
v -0.239981 0.028341 0.663352
v -0.284783 0.002253 0.648035
v 0.237615 -0.013775 -0.669243
v 0.247033 0.042306 -0.696555
v 0.285105 0.012774 -0.660326
v -0.237501 -0.013788 -0.668375
v -0.246986 0.042124 -0.696724
v -0.284812 0.012661 -0.660021
f 1 647 644
f 1 644 643
f 1 643 645
f 1 645 646
f 1 646 647
f 2 649 652
f 6 672 670
f 12 702 699
f 11 696 695
f 8 679 681
f 4 662 659
f 4 659 658
f 4 658 660
f 4 660 661
f 4 661 662
f 5 666 665
f 3 654 657
f 7 673 677
f 9 685 686
f 10 692 688
f 12 701 698
f 6 669 668
f 2 650 648
f 8 682 678
f 11 697 693
f 6 671 669
f 12 700 701
f 11 694 697
f 8 680 682
f 2 651 650
f 10 690 689
f 5 663 664
f 3 655 653
f 7 676 674
f 9 687 684
f 10 691 690
f 5 667 663
f 3 656 655
f 7 675 676
f 9 683 687
f 6 668 672
f 2 648 649
f 8 678 679
f 11 693 696
f 12 698 702
f 10 688 691
f 5 665 667
f 3 657 656
f 7 677 675
f 9 686 683
f 5 664 666
f 3 653 654
f 7 674 673
f 9 684 685
f 10 689 692
f 6 670 671
f 12 699 700
f 11 695 694
f 8 681 680
f 2 652 651
f 35 837 838
f 18 735 736
f 19 742 741
f 40 868 867
f 42 880 879
f 34 832 831
f 33 827 828
f 25 778 780
f 36 844 846
f 20 749 747
f 32 819 820
f 23 765 767
f 24 773 771
f 37 850 849
f 41 876 875
f 34 833 834
f 33 826 825
f 25 779 777
f 36 845 843
f 20 748 750
f 17 729 727
f 14 711 709
f 13 706 703
f 15 718 715
f 16 724 721
f 18 737 733
f 35 839 835
f 42 882 878
f 40 870 866
f 19 744 740
f 30 807 805
f 27 789 787
f 22 762 758
f 28 797 793
f 29 802 799
f 32 821 817
f 23 766 763
f 24 774 770
f 37 852 848
f 41 874 872
f 35 838 836
f 18 736 734
f 19 741 739
f 40 867 865
f 42 879 877
f 34 831 829
f 33 828 824
f 25 780 776
f 36 846 842
f 20 747 745
f 32 820 818
f 23 767 764
f 24 771 769
f 37 849 847
f 41 875 871
f 34 834 830
f 33 825 823
f 25 777 775
f 36 843 841
f 20 750 746
f 14 714 710
f 13 707 704
f 15 719 716
f 16 725 722
f 17 732 728
f 21 755 752
f 31 814 811
f 26 784 781
f 38 857 853
f 39 862 860
f 27 792 788
f 22 759 757
f 28 796 794
f 29 803 800
f 30 810 806
f 31 815 812
f 26 785 782
f 38 856 854
f 39 863 859
f 21 754 751
f 14 712 714
f 13 705 707
f 15 717 719
f 16 723 725
f 17 730 732
f 21 753 755
f 31 816 814
f 26 786 784
f 38 858 857
f 39 861 862
f 27 791 792
f 22 761 759
f 28 795 796
f 29 801 803
f 30 808 810
f 31 813 815
f 26 783 785
f 38 855 856
f 39 864 863
f 21 756 754
f 14 709 712
f 13 703 705
f 15 715 717
f 16 721 723
f 17 727 730
f 21 751 753
f 31 812 816
f 26 782 786
f 38 854 858
f 39 859 861
f 27 787 791
f 22 758 761
f 28 793 795
f 29 799 801
f 30 805 808
f 31 811 813
f 26 781 783
f 38 853 855
f 39 860 864
f 21 752 756
f 17 728 731
f 14 710 713
f 13 704 708
f 15 716 720
f 16 722 726
f 18 734 738
f 35 836 840
f 42 877 881
f 40 865 869
f 19 739 743
f 30 806 809
f 27 788 790
f 22 757 760
f 28 794 798
f 29 800 804
f 32 818 822
f 23 764 768
f 24 769 772
f 37 847 851
f 41 871 873
f 35 835 837
f 18 733 735
f 19 740 742
f 40 866 868
f 42 878 880
f 34 830 832
f 33 823 827
f 25 775 778
f 36 841 844
f 20 746 749
f 32 817 819
f 23 763 765
f 24 770 773
f 37 848 850
f 41 872 876
f 34 829 833
f 33 824 826
f 25 776 779
f 36 842 845
f 20 745 748
f 17 731 729
f 14 713 711
f 13 708 706
f 15 720 718
f 16 726 724
f 18 738 737
f 35 840 839
f 42 881 882
f 40 869 870
f 19 743 744
f 30 809 807
f 27 790 789
f 22 760 762
f 28 798 797
f 29 804 802
f 32 822 821
f 23 768 766
f 24 772 774
f 37 851 852
f 41 873 874
f 107 1269 1270
f 103 1245 1246
f 104 1252 1251
f 110 1288 1287
f 113 1306 1305
f 118 1336 1335
f 154 1551 1552
f 141 1473 1474
f 162 1599 1600
f 121 1354 1353
f 142 1479 1480
f 129 1401 1402
f 130 1408 1407
f 144 1492 1491
f 146 1504 1503
f 151 1533 1534
f 131 1414 1413
f 136 1444 1443
f 161 1594 1593
f 126 1383 1384
f 116 1323 1324
f 108 1275 1276
f 106 1263 1264
f 112 1299 1300
f 115 1317 1318
f 119 1341 1342
f 156 1564 1563
f 139 1462 1461
f 160 1588 1587
f 120 1347 1348
f 149 1521 1522
f 132 1420 1419
f 128 1395 1396
f 145 1497 1498
f 148 1515 1516
f 155 1557 1558
f 133 1425 1426
f 134 1431 1432
f 157 1570 1569
f 124 1372 1371
f 109 1282 1281
f 105 1258 1257
f 111 1294 1293
f 114 1312 1311
f 117 1330 1329
f 125 1378 1377
f 152 1540 1539
f 137 1449 1450
f 158 1575 1576
f 123 1365 1366
f 143 1486 1485
f 127 1390 1389
f 135 1437 1438
f 147 1510 1509
f 150 1528 1527
f 153 1546 1545
f 140 1468 1467
f 138 1455 1456
f 159 1581 1582
f 122 1359 1360
f 107 1272 1271
f 103 1248 1247
f 104 1253 1254
f 110 1289 1290
f 113 1307 1308
f 118 1337 1338
f 154 1554 1553
f 141 1476 1475
f 162 1602 1601
f 121 1355 1356
f 142 1482 1481
f 129 1404 1403
f 130 1409 1410
f 144 1493 1494
f 146 1505 1506
f 151 1536 1535
f 131 1415 1416
f 136 1445 1446
f 161 1595 1596
f 126 1386 1385
f 47 909 907
f 44 891 889
f 43 886 883
f 45 898 895
f 46 904 901
f 49 922 919
f 72 1060 1057
f 102 1240 1237
f 96 1204 1201
f 79 1102 1099
f 62 999 997
f 59 981 979
f 58 976 973
f 60 988 985
f 61 994 991
f 66 1024 1021
f 54 952 949
f 73 1066 1063
f 85 1138 1135
f 92 1179 1177
f 101 1233 1231
f 69 1041 1039
f 50 927 925
f 82 1119 1117
f 97 1209 1207
f 71 1053 1051
f 100 1228 1225
f 94 1192 1189
f 80 1108 1105
f 51 933 931
f 90 1167 1165
f 63 1005 1003
f 55 957 955
f 76 1083 1081
f 87 1150 1147
f 91 1174 1171
f 67 1029 1027
f 56 963 961
f 75 1077 1075
f 83 1126 1123
f 68 1036 1033
f 48 915 913
f 78 1095 1093
f 93 1185 1183
f 98 1216 1213
f 88 1155 1153
f 65 1018 1015
f 57 970 967
f 77 1090 1087
f 86 1143 1141
f 64 1012 1009
f 53 945 943
f 74 1071 1069
f 84 1131 1129
f 89 1162 1159
f 70 1047 1045
f 99 1221 1219
f 95 1197 1195
f 81 1114 1111
f 52 940 937
f 109 1284 1280
f 105 1260 1256
f 111 1296 1292
f 114 1314 1310
f 117 1332 1328
f 125 1380 1376
f 152 1542 1538
f 137 1451 1447
f 158 1577 1573
f 123 1367 1363
f 143 1488 1484
f 127 1392 1388
f 135 1439 1435
f 147 1512 1508
f 150 1530 1526
f 153 1548 1544
f 140 1470 1466
f 138 1457 1453
f 159 1583 1579
f 122 1361 1357
f 107 1270 1268
f 103 1246 1244
f 104 1251 1249
f 110 1287 1285
f 113 1305 1303
f 118 1335 1333
f 154 1552 1550
f 141 1474 1472
f 162 1600 1598
f 121 1353 1351
f 142 1480 1478
f 129 1402 1400
f 130 1407 1405
f 144 1491 1489
f 146 1503 1501
f 151 1534 1532
f 131 1413 1411
f 136 1443 1441
f 161 1593 1591
f 126 1384 1382
f 116 1324 1322
f 108 1276 1274
f 106 1264 1262
f 112 1300 1298
f 115 1318 1316
f 119 1342 1340
f 156 1563 1561
f 139 1461 1459
f 160 1587 1585
f 120 1348 1346
f 149 1522 1520
f 132 1419 1417
f 128 1396 1394
f 145 1498 1496
f 148 1516 1514
f 155 1558 1556
f 133 1426 1424
f 134 1432 1430
f 157 1569 1567
f 124 1371 1369
f 109 1281 1279
f 105 1257 1255
f 111 1293 1291
f 114 1311 1309
f 117 1329 1327
f 125 1377 1375
f 152 1539 1537
f 137 1450 1448
f 158 1576 1574
f 123 1366 1364
f 143 1485 1483
f 127 1389 1387
f 135 1438 1436
f 147 1509 1507
f 150 1527 1525
f 153 1545 1543
f 140 1467 1465
f 138 1456 1454
f 159 1582 1580
f 122 1360 1358
f 107 1271 1267
f 103 1247 1243
f 104 1254 1250
f 110 1290 1286
f 113 1308 1304
f 118 1338 1334
f 154 1553 1549
f 141 1475 1471
f 162 1601 1597
f 121 1356 1352
f 142 1481 1477
f 129 1403 1399
f 130 1410 1406
f 144 1494 1490
f 146 1506 1502
f 151 1535 1531
f 131 1416 1412
f 136 1446 1442
f 161 1596 1592
f 126 1385 1381
f 44 894 890
f 43 887 884
f 45 899 896
f 46 905 902
f 47 912 908
f 52 941 938
f 70 1050 1046
f 99 1224 1220
f 95 1200 1196
f 81 1115 1112
f 59 984 980
f 58 977 974
f 60 989 986
f 61 995 992
f 62 1002 998
f 65 1019 1016
f 57 971 968
f 77 1091 1088
f 86 1146 1142
f 88 1158 1154
f 98 1217 1214
f 68 1037 1034
f 48 918 914
f 78 1098 1094
f 93 1188 1184
f 69 1044 1040
f 101 1236 1232
f 97 1212 1208
f 82 1122 1118
f 50 930 926
f 89 1163 1160
f 64 1013 1010
f 53 948 944
f 74 1074 1070
f 84 1134 1130
f 90 1170 1166
f 63 1008 1004
f 55 960 956
f 76 1086 1082
f 87 1151 1148
f 72 1061 1058
f 49 923 920
f 79 1103 1100
f 96 1205 1202
f 102 1241 1238
f 91 1175 1172
f 67 1032 1028
f 56 966 962
f 75 1080 1076
f 83 1127 1124
f 66 1025 1022
f 54 953 950
f 73 1067 1064
f 85 1139 1136
f 92 1182 1178
f 71 1056 1052
f 100 1229 1226
f 94 1193 1190
f 80 1109 1106
f 51 936 932
f 116 1325 1321
f 108 1277 1273
f 106 1265 1261
f 112 1301 1297
f 115 1319 1315
f 119 1343 1339
f 156 1566 1562
f 139 1464 1460
f 160 1590 1586
f 120 1349 1345
f 149 1523 1519
f 132 1422 1418
f 128 1397 1393
f 145 1499 1495
f 148 1517 1513
f 155 1559 1555
f 133 1427 1423
f 134 1433 1429
f 157 1572 1568
f 124 1374 1370
f 44 892 894
f 43 885 887
f 45 897 899
f 46 903 905
f 47 910 912
f 52 939 941
f 70 1048 1050
f 99 1222 1224
f 95 1198 1200
f 81 1113 1115
f 59 982 984
f 58 975 977
f 60 987 989
f 61 993 995
f 62 1000 1002
f 65 1017 1019
f 57 969 971
f 77 1089 1091
f 86 1144 1146
f 88 1156 1158
f 98 1215 1217
f 68 1035 1037
f 48 916 918
f 78 1096 1098
f 93 1186 1188
f 69 1042 1044
f 101 1234 1236
f 97 1210 1212
f 82 1120 1122
f 50 928 930
f 89 1161 1163
f 64 1011 1013
f 53 946 948
f 74 1072 1074
f 84 1132 1134
f 90 1168 1170
f 63 1006 1008
f 55 958 960
f 76 1084 1086
f 87 1149 1151
f 72 1059 1061
f 49 921 923
f 79 1101 1103
f 96 1203 1205
f 102 1239 1241
f 91 1173 1175
f 67 1030 1032
f 56 964 966
f 75 1078 1080
f 83 1125 1127
f 66 1023 1025
f 54 951 953
f 73 1065 1067
f 85 1137 1139
f 92 1180 1182
f 71 1054 1056
f 100 1227 1229
f 94 1191 1193
f 80 1107 1109
f 51 934 936
f 116 1326 1325
f 108 1278 1277
f 106 1266 1265
f 112 1302 1301
f 115 1320 1319
f 119 1344 1343
f 156 1565 1566
f 139 1463 1464
f 160 1589 1590
f 120 1350 1349
f 149 1524 1523
f 132 1421 1422
f 128 1398 1397
f 145 1500 1499
f 148 1518 1517
f 155 1560 1559
f 133 1428 1427
f 134 1434 1433
f 157 1571 1572
f 124 1373 1374
f 44 889 892
f 43 883 885
f 45 895 897
f 46 901 903
f 47 907 910
f 52 937 939
f 70 1045 1048
f 99 1219 1222
f 95 1195 1198
f 81 1111 1113
f 59 979 982
f 58 973 975
f 60 985 987
f 61 991 993
f 62 997 1000
f 65 1015 1017
f 57 967 969
f 77 1087 1089
f 86 1141 1144
f 88 1153 1156
f 98 1213 1215
f 68 1033 1035
f 48 913 916
f 78 1093 1096
f 93 1183 1186
f 69 1039 1042
f 101 1231 1234
f 97 1207 1210
f 82 1117 1120
f 50 925 928
f 89 1159 1161
f 64 1009 1011
f 53 943 946
f 74 1069 1072
f 84 1129 1132
f 90 1165 1168
f 63 1003 1006
f 55 955 958
f 76 1081 1084
f 87 1147 1149
f 72 1057 1059
f 49 919 921
f 79 1099 1101
f 96 1201 1203
f 102 1237 1239
f 91 1171 1173
f 67 1027 1030
f 56 961 964
f 75 1075 1078
f 83 1123 1125
f 66 1021 1023
f 54 949 951
f 73 1063 1065
f 85 1135 1137
f 92 1177 1180
f 71 1051 1054
f 100 1225 1227
f 94 1189 1191
f 80 1105 1107
f 51 931 934
f 116 1322 1326
f 108 1274 1278
f 106 1262 1266
f 112 1298 1302
f 115 1316 1320
f 119 1340 1344
f 156 1561 1565
f 139 1459 1463
f 160 1585 1589
f 120 1346 1350
f 149 1520 1524
f 132 1417 1421
f 128 1394 1398
f 145 1496 1500
f 148 1514 1518
f 155 1556 1560
f 133 1424 1428
f 134 1430 1434
f 157 1567 1571
f 124 1369 1373
f 47 908 911
f 44 890 893
f 43 884 888
f 45 896 900
f 46 902 906
f 49 920 924
f 72 1058 1062
f 102 1238 1242
f 96 1202 1206
f 79 1100 1104
f 62 998 1001
f 59 980 983
f 58 974 978
f 60 986 990
f 61 992 996
f 66 1022 1026
f 54 950 954
f 73 1064 1068
f 85 1136 1140
f 92 1178 1181
f 101 1232 1235
f 69 1040 1043
f 50 926 929
f 82 1118 1121
f 97 1208 1211
f 71 1052 1055
f 100 1226 1230
f 94 1190 1194
f 80 1106 1110
f 51 932 935
f 90 1166 1169
f 63 1004 1007
f 55 956 959
f 76 1082 1085
f 87 1148 1152
f 91 1172 1176
f 67 1028 1031
f 56 962 965
f 75 1076 1079
f 83 1124 1128
f 68 1034 1038
f 48 914 917
f 78 1094 1097
f 93 1184 1187
f 98 1214 1218
f 88 1154 1157
f 65 1016 1020
f 57 968 972
f 77 1088 1092
f 86 1142 1145
f 64 1010 1014
f 53 944 947
f 74 1070 1073
f 84 1130 1133
f 89 1160 1164
f 70 1046 1049
f 99 1220 1223
f 95 1196 1199
f 81 1112 1116
f 52 938 942
f 109 1279 1283
f 105 1255 1259
f 111 1291 1295
f 114 1309 1313
f 117 1327 1331
f 125 1375 1379
f 152 1537 1541
f 137 1448 1452
f 158 1574 1578
f 123 1364 1368
f 143 1483 1487
f 127 1387 1391
f 135 1436 1440
f 147 1507 1511
f 150 1525 1529
f 153 1543 1547
f 140 1465 1469
f 138 1454 1458
f 159 1580 1584
f 122 1358 1362
f 107 1267 1269
f 103 1243 1245
f 104 1250 1252
f 110 1286 1288
f 113 1304 1306
f 118 1334 1336
f 154 1549 1551
f 141 1471 1473
f 162 1597 1599
f 121 1352 1354
f 142 1477 1479
f 129 1399 1401
f 130 1406 1408
f 144 1490 1492
f 146 1502 1504
f 151 1531 1533
f 131 1412 1414
f 136 1442 1444
f 161 1592 1594
f 126 1381 1383
f 116 1321 1323
f 108 1273 1275
f 106 1261 1263
f 112 1297 1299
f 115 1315 1317
f 119 1339 1341
f 156 1562 1564
f 139 1460 1462
f 160 1586 1588
f 120 1345 1347
f 149 1519 1521
f 132 1418 1420
f 128 1393 1395
f 145 1495 1497
f 148 1513 1515
f 155 1555 1557
f 133 1423 1425
f 134 1429 1431
f 157 1568 1570
f 124 1370 1372
f 109 1280 1282
f 105 1256 1258
f 111 1292 1294
f 114 1310 1312
f 117 1328 1330
f 125 1376 1378
f 152 1538 1540
f 137 1447 1449
f 158 1573 1575
f 123 1363 1365
f 143 1484 1486
f 127 1388 1390
f 135 1435 1437
f 147 1508 1510
f 150 1526 1528
f 153 1544 1546
f 140 1466 1468
f 138 1453 1455
f 159 1579 1581
f 122 1357 1359
f 107 1268 1272
f 103 1244 1248
f 104 1249 1253
f 110 1285 1289
f 113 1303 1307
f 118 1333 1337
f 154 1550 1554
f 141 1472 1476
f 162 1598 1602
f 121 1351 1355
f 142 1478 1482
f 129 1400 1404
f 130 1405 1409
f 144 1489 1493
f 146 1501 1505
f 151 1532 1536
f 131 1411 1415
f 136 1441 1445
f 161 1591 1595
f 126 1382 1386
f 47 911 909
f 44 893 891
f 43 888 886
f 45 900 898
f 46 906 904
f 49 924 922
f 72 1062 1060
f 102 1242 1240
f 96 1206 1204
f 79 1104 1102
f 62 1001 999
f 59 983 981
f 58 978 976
f 60 990 988
f 61 996 994
f 66 1026 1024
f 54 954 952
f 73 1068 1066
f 85 1140 1138
f 92 1181 1179
f 101 1235 1233
f 69 1043 1041
f 50 929 927
f 82 1121 1119
f 97 1211 1209
f 71 1055 1053
f 100 1230 1228
f 94 1194 1192
f 80 1110 1108
f 51 935 933
f 90 1169 1167
f 63 1007 1005
f 55 959 957
f 76 1085 1083
f 87 1152 1150
f 91 1176 1174
f 67 1031 1029
f 56 965 963
f 75 1079 1077
f 83 1128 1126
f 68 1038 1036
f 48 917 915
f 78 1097 1095
f 93 1187 1185
f 98 1218 1216
f 88 1157 1155
f 65 1020 1018
f 57 972 970
f 77 1092 1090
f 86 1145 1143
f 64 1014 1012
f 53 947 945
f 74 1073 1071
f 84 1133 1131
f 89 1164 1162
f 70 1049 1047
f 99 1223 1221
f 95 1199 1197
f 81 1116 1114
f 52 942 940
f 109 1283 1284
f 105 1259 1260
f 111 1295 1296
f 114 1313 1314
f 117 1331 1332
f 125 1379 1380
f 152 1541 1542
f 137 1452 1451
f 158 1578 1577
f 123 1368 1367
f 143 1487 1488
f 127 1391 1392
f 135 1440 1439
f 147 1511 1512
f 150 1529 1530
f 153 1547 1548
f 140 1469 1470
f 138 1458 1457
f 159 1584 1583
f 122 1362 1361
f 407 1609 1616
f 403 1605 1608
f 404 1611 1606
f 410 1614 1612
f 413 1617 1615
f 422 1631 1624
f 486 1688 1692
f 573 1775 1782
f 561 1763 1765
f 512 1719 1714
f 452 1654 1661
f 448 1650 1653
f 449 1656 1651
f 455 1659 1657
f 458 1662 1660
f 470 1672 1675
f 437 1646 1639
f 494 1706 1696
f 531 1735 1733
f 539 1741 1751
f 568 1770 1779
f 478 1680 1683
f 419 1621 1626
f 509 1711 1721
f 554 1756 1766
f 482 1684 1689
f 576 1780 1778
f 558 1767 1760
f 516 1722 1718
f 425 1627 1629
f 542 1744 1747
f 463 1668 1665
f 434 1636 1641
f 497 1699 1704
f 528 1730 1737
f 546 1748 1750
f 464 1666 1676
f 440 1642 1644
f 500 1705 1702
f 524 1736 1726
f 479 1691 1681
f 418 1623 1620
f 508 1713 1710
f 553 1764 1755
f 569 1781 1771
f 538 1749 1740
f 471 1677 1673
f 443 1645 1647
f 501 1703 1707
f 523 1725 1734
f 467 1674 1669
f 433 1638 1635
f 493 1695 1698
f 527 1732 1729
f 543 1752 1745
f 485 1690 1687
f 572 1777 1774
f 557 1759 1762
f 515 1717 1720
f 428 1630 1632
f 591 2191 2189
f 587 1885 1883
f 588 1901 1903
f 594 2279 2281
f 597 2315 2317
f 600 2171 2173
f 634 2160 2158
f 619 2016 2012
f 639 2214 2210
f 602 1919 1924
f 624 2137 2135
f 608 1978 1973
f 610 1991 1996
f 627 2225 2227
f 630 2302 2304
f 635 2178 2176
f 615 2153 2155
f 617 2009 2014
f 637 2207 2212
f 604 1926 1922
f 416 1857 1864
f 408 1803 1810
f 406 1786 1795
f 412 1822 1831
f 415 1840 1849
f 424 1876 1887
f 492 2182 2193
f 582 2312 2321
f 565 2276 2285
f 514 1898 1907
f 461 2091 2098
f 453 2037 2044
f 451 1952 1961
f 457 2056 2067
f 460 2074 2083
f 475 2128 2139
f 439 1966 1975
f 496 1988 1997
f 533 2222 2231
f 551 2293 2298
f 579 2185 2190
f 483 1879 1884
f 426 1893 1900
f 521 2271 2278
f 566 2307 2314
f 489 2163 2170
f 578 2150 2159
f 560 2006 2015
f 518 2204 2213
f 429 1911 1918
f 547 2131 2136
f 465 1969 1977
f 441 1983 1990
f 504 2217 2224
f 537 2290 2301
f 550 2168 2177
f 476 2145 2152
f 444 2001 2008
f 502 2199 2206
f 526 1916 1925
f 481 1808 1817
f 420 1789 1797
f 510 1825 1833
f 555 1843 1851
f 571 1862 1871
f 540 1933 1941
f 473 2110 2119
f 447 2020 2029
f 507 2236 2247
f 534 2257 2262
f 469 2042 2051
f 435 1947 1954
f 498 2059 2064
f 529 2077 2085
f 545 2096 2105
f 487 2113 2121
f 574 2023 2031
f 562 2239 2244
f 520 2254 2265
f 432 1930 1939
f 589 1818 1814
f 583 1798 1793
f 586 1834 1829
f 593 1852 1847
f 596 1872 1868
f 599 1942 1937
f 633 2120 2124
f 620 2030 2034
f 640 2248 2250
f 603 2263 2261
f 622 2052 2050
f 607 1955 1960
f 612 2065 2063
f 626 2086 2081
f 629 2106 2102
f 631 2122 2117
f 614 2032 2027
f 618 2245 2243
f 641 2266 2268
f 605 1940 1944
f 409 1813 1804
f 405 1792 1785
f 411 1828 1821
f 414 1846 1839
f 417 1867 1858
f 431 1936 1929
f 488 2123 2114
f 575 2033 2024
f 563 2249 2240
f 519 2260 2253
f 454 2049 2038
f 450 1959 1951
f 456 2062 2055
f 459 2080 2073
f 462 2101 2092
f 472 2116 2109
f 446 2026 2019
f 506 2242 2235
f 535 2267 2258
f 541 1943 1934
f 570 1869 1861
f 480 1815 1807
f 421 1799 1790
f 511 1835 1826
f 556 1853 1844
f 484 1889 1880
f 580 2195 2186
f 567 2319 2308
f 522 2283 2272
f 427 1905 1894
f 544 2103 2095
f 468 2046 2041
f 436 1957 1948
f 499 2069 2060
f 530 2087 2078
f 548 2141 2132
f 466 1979 1970
f 442 1993 1984
f 505 2229 2218
f 536 2296 2289
f 491 2188 2181
f 423 1882 1875
f 513 1902 1897
f 564 2280 2275
f 581 2316 2311
f 549 2172 2167
f 477 2157 2146
f 445 2011 2002
f 503 2209 2200
f 525 1923 1915
f 474 2134 2127
f 438 1972 1965
f 495 1995 1987
f 532 2226 2221
f 552 2303 2294
f 490 2175 2164
f 577 2154 2149
f 559 2013 2005
f 517 2211 2203
f 430 1921 1912
f 590 1865 1870
f 584 1811 1816
f 585 1796 1800
f 592 1832 1836
f 595 1850 1854
f 598 1888 1890
f 636 2194 2196
f 621 2322 2320
f 642 2286 2284
f 601 1908 1906
f 623 2099 2104
f 611 2045 2047
f 609 1962 1958
f 625 2068 2070
f 628 2084 2088
f 632 2140 2142
f 613 1976 1980
f 616 1998 1994
f 638 2232 2230
f 606 2299 2297
f 407 2330 2329
f 403 2324 2323
f 404 2325 2326
f 410 2332 2333
f 413 2335 2336
f 422 2344 2345
f 486 2410 2409
f 573 2497 2496
f 561 2486 2485
f 512 2434 2435
f 452 2375 2374
f 448 2369 2368
f 449 2370 2371
f 455 2377 2378
f 458 2380 2381
f 470 2393 2392
f 437 2359 2360
f 494 2415 2416
f 531 2455 2456
f 539 2461 2460
f 568 2489 2488
f 478 2399 2398
f 419 2341 2340
f 509 2431 2430
f 554 2476 2475
f 482 2405 2404
f 576 2500 2501
f 558 2481 2482
f 516 2439 2440
f 425 2348 2347
f 542 2465 2464
f 463 2383 2384
f 434 2356 2355
f 497 2420 2419
f 528 2452 2451
f 546 2471 2470
f 464 2386 2385
f 440 2363 2362
f 500 2422 2423
f 524 2445 2446
f 479 2400 2401
f 418 2338 2339
f 508 2428 2429
f 553 2473 2474
f 569 2490 2491
f 538 2458 2459
f 471 2394 2395
f 443 2366 2365
f 501 2425 2424
f 523 2444 2443
f 467 2389 2390
f 433 2353 2354
f 493 2414 2413
f 527 2449 2450
f 543 2466 2467
f 485 2407 2408
f 572 2494 2495
f 557 2480 2479
f 515 2438 2437
f 428 2351 2350
f 591 2510 2511
f 587 2504 2505
f 588 2508 2507
f 594 2514 2513
f 597 2517 2516
f 600 2520 2519
f 634 2554 2556
f 619 2539 2540
f 639 2560 2561
f 602 2523 2521
f 624 2543 2544
f 608 2527 2529
f 610 2532 2530
f 627 2547 2546
f 630 2550 2549
f 635 2552 2553
f 615 2535 2534
f 617 2538 2536
f 637 2558 2557
f 604 2524 2525
f 167 1607 647
f 164 1603 644
f 163 1604 643
f 165 1610 645
f 166 1613 646
f 169 1622 649
f 192 1686 672
f 222 1773 702
f 216 1761 696
f 199 1712 679
f 182 1652 662
f 179 1648 659
f 178 1649 658
f 180 1655 660
f 181 1658 661
f 186 1670 666
f 174 1637 654
f 193 1694 673
f 205 1731 685
f 212 1739 692
f 221 1768 701
f 189 1678 669
f 170 1619 650
f 202 1709 682
f 217 1754 697
f 191 1682 671
f 220 1776 700
f 214 1758 694
f 200 1716 680
f 171 1625 651
f 210 1742 690
f 183 1663 663
f 175 1634 655
f 196 1697 676
f 207 1728 687
f 211 1746 691
f 187 1664 667
f 176 1640 656
f 195 1700 675
f 203 1724 683
f 188 1679 668
f 168 1618 648
f 198 1708 678
f 213 1753 693
f 218 1769 698
f 208 1738 688
f 185 1671 665
f 177 1643 657
f 197 1701 677
f 206 1723 686
f 184 1667 664
f 173 1633 653
f 194 1693 674
f 204 1727 684
f 209 1743 689
f 190 1685 670
f 219 1772 699
f 215 1757 695
f 201 1715 681
f 172 1628 652
f 357 2187 837
f 255 1881 735
f 262 1899 742
f 388 2277 868
f 400 2313 880
f 352 2169 832
f 347 2156 827
f 298 2010 778
f 364 2208 844
f 269 1917 749
f 339 2133 819
f 285 1971 765
f 293 1989 773
f 370 2223 850
f 396 2300 876
f 353 2174 833
f 346 2151 826
f 299 2007 779
f 365 2205 845
f 268 1920 748
f 249 1855 729
f 231 1801 711
f 226 1784 706
f 238 1820 718
f 244 1838 724
f 257 1874 737
f 359 2180 839
f 402 2310 882
f 390 2274 870
f 264 1896 744
f 327 2089 807
f 309 2035 789
f 282 1950 762
f 317 2054 797
f 322 2072 802
f 341 2126 821
f 286 1964 766
f 294 1986 774
f 372 2220 852
f 394 2291 874
f 358 2183 838
f 256 1877 736
f 261 1891 741
f 387 2269 867
f 399 2305 879
f 351 2161 831
f 348 2148 828
f 300 2004 780
f 366 2202 846
f 267 1909 747
f 340 2129 820
f 287 1967 767
f 291 1981 771
f 369 2215 849
f 395 2288 875
f 354 2166 834
f 345 2143 825
f 297 1999 777
f 363 2197 843
f 270 1914 750
f 234 1806 714
f 227 1787 707
f 239 1823 719
f 245 1841 725
f 252 1860 732
f 275 1931 755
f 334 2108 814
f 304 2018 784
f 377 2234 857
f 382 2255 862
f 312 2040 792
f 279 1945 759
f 316 2057 796
f 323 2075 803
f 330 2094 810
f 335 2111 815
f 305 2021 785
f 376 2237 856
f 383 2252 863
f 274 1928 754
f 232 1812 712
f 225 1791 705
f 237 1827 717
f 243 1845 723
f 250 1866 730
f 273 1935 753
f 336 2118 816
f 306 2028 786
f 378 2246 858
f 381 2259 861
f 311 2048 791
f 281 1953 761
f 315 2061 795
f 321 2079 801
f 328 2100 808
f 333 2115 813
f 303 2025 783
f 375 2241 855
f 384 2264 864
f 276 1938 756
f 229 1802 709
f 223 1783 703
f 235 1819 715
f 241 1837 721
f 247 1856 727
f 271 1927 751
f 332 2112 812
f 302 2022 782
f 374 2238 854
f 379 2251 859
f 307 2036 787
f 278 1949 758
f 313 2053 793
f 319 2071 799
f 325 2090 805
f 331 2107 811
f 301 2017 781
f 373 2233 853
f 380 2256 860
f 272 1932 752
f 248 1859 728
f 230 1805 710
f 224 1788 704
f 236 1824 716
f 242 1842 722
f 254 1878 734
f 356 2184 836
f 397 2306 877
f 385 2270 865
f 259 1892 739
f 326 2093 806
f 308 2039 788
f 277 1946 757
f 314 2058 794
f 320 2076 800
f 338 2130 818
f 284 1968 764
f 289 1982 769
f 367 2216 847
f 391 2287 871
f 355 2179 835
f 253 1873 733
f 260 1895 740
f 386 2273 866
f 398 2309 878
f 350 2165 830
f 343 2144 823
f 295 2000 775
f 361 2198 841
f 266 1913 746
f 337 2125 817
f 283 1963 763
f 290 1985 770
f 368 2219 848
f 392 2292 872
f 349 2162 829
f 344 2147 824
f 296 2003 776
f 362 2201 842
f 265 1910 745
f 251 1863 731
f 233 1809 713
f 228 1794 708
f 240 1830 720
f 246 1848 726
f 258 1886 738
f 360 2192 840
f 401 2318 881
f 389 2282 869
f 263 1904 743
f 329 2097 809
f 310 2043 790
f 280 1956 760
f 318 2066 798
f 324 2082 804
f 342 2138 822
f 288 1974 768
f 292 1992 772
f 371 2228 851
f 393 2295 873
f 409 2331 1269
f 405 2327 1245
f 411 2328 1252
f 414 2334 1288
f 417 2337 1306
f 431 2346 1336
f 488 2412 1551
f 575 2499 1473
f 563 2487 1599
f 519 2436 1354
f 454 2376 1479
f 450 2372 1401
f 456 2373 1408
f 459 2379 1492
f 462 2382 1504
f 472 2396 1533
f 446 2361 1414
f 506 2418 1444
f 535 2457 1594
f 541 2463 1383
f 570 2492 1323
f 480 2402 1275
f 421 2343 1263
f 511 2433 1299
f 556 2478 1317
f 484 2406 1341
f 580 2502 1564
f 567 2484 1462
f 522 2442 1588
f 427 2349 1347
f 544 2468 1521
f 468 2387 1420
f 436 2358 1395
f 499 2421 1497
f 530 2454 1515
f 548 2472 1557
f 466 2388 1425
f 442 2364 1431
f 505 2426 1570
f 536 2448 1372
f 491 2403 1282
f 423 2342 1258
f 513 2432 1294
f 564 2477 1312
f 581 2493 1330
f 549 2462 1378
f 477 2397 1540
f 445 2367 1449
f 503 2427 1575
f 525 2447 1365
f 474 2391 1486
f 438 2357 1390
f 495 2417 1437
f 532 2453 1510
f 552 2469 1528
f 490 2411 1546
f 577 2498 1468
f 559 2483 1455
f 517 2441 1581
f 430 2352 1359
f 590 2509 1272
f 584 2503 1248
f 585 2506 1253
f 592 2512 1289
f 595 2515 1307
f 598 2518 1337
f 636 2555 1554
f 621 2541 1476
f 642 2562 1602
f 601 2522 1355
f 623 2542 1482
f 611 2528 1404
f 609 2531 1409
f 625 2545 1493
f 628 2548 1505
f 632 2551 1536
f 613 2533 1415
f 616 2537 1445
f 638 2559 1595
f 606 2526 1386
f 407 1616 909
f 403 1608 891
f 404 1606 886
f 410 1612 898
f 413 1615 904
f 422 1624 922
f 486 1692 1060
f 573 1782 1240
f 561 1765 1204
f 512 1714 1102
f 452 1661 999
f 448 1653 981
f 449 1651 976
f 455 1657 988
f 458 1660 994
f 470 1675 1024
f 437 1639 952
f 494 1696 1066
f 531 1733 1138
f 539 1751 1179
f 568 1779 1233
f 478 1683 1041
f 419 1626 927
f 509 1721 1119
f 554 1766 1209
f 482 1689 1053
f 576 1778 1228
f 558 1760 1192
f 516 1718 1108
f 425 1629 933
f 542 1747 1167
f 463 1665 1005
f 434 1641 957
f 497 1704 1083
f 528 1737 1150
f 546 1750 1174
f 464 1676 1029
f 440 1644 963
f 500 1702 1077
f 524 1726 1126
f 479 1681 1036
f 418 1620 915
f 508 1710 1095
f 553 1755 1185
f 569 1771 1216
f 538 1740 1155
f 471 1673 1018
f 443 1647 970
f 501 1707 1090
f 523 1734 1143
f 467 1669 1012
f 433 1635 945
f 493 1698 1071
f 527 1729 1131
f 543 1745 1162
f 485 1687 1047
f 572 1774 1221
f 557 1762 1197
f 515 1720 1114
f 428 1632 940
f 591 2189 1284
f 587 1883 1260
f 588 1903 1296
f 594 2281 1314
f 597 2317 1332
f 600 2173 1380
f 634 2158 1542
f 619 2012 1451
f 639 2210 1577
f 602 1924 1367
f 624 2135 1488
f 608 1973 1392
f 610 1996 1439
f 627 2227 1512
f 630 2304 1530
f 635 2176 1548
f 615 2155 1470
f 617 2014 1457
f 637 2212 1583
f 604 1922 1361
f 416 1864 1270
f 408 1810 1246
f 406 1795 1251
f 412 1831 1287
f 415 1849 1305
f 424 1887 1335
f 492 2193 1552
f 582 2321 1474
f 565 2285 1600
f 514 1907 1353
f 461 2098 1480
f 453 2044 1402
f 451 1961 1407
f 457 2067 1491
f 460 2083 1503
f 475 2139 1534
f 439 1975 1413
f 496 1997 1443
f 533 2231 1593
f 551 2298 1384
f 579 2190 1324
f 483 1884 1276
f 426 1900 1264
f 521 2278 1300
f 566 2314 1318
f 489 2170 1342
f 578 2159 1563
f 560 2015 1461
f 518 2213 1587
f 429 1918 1348
f 547 2136 1522
f 465 1977 1419
f 441 1990 1396
f 504 2224 1498
f 537 2301 1516
f 550 2177 1558
f 476 2152 1426
f 444 2008 1432
f 502 2206 1569
f 526 1925 1371
f 481 1817 1281
f 420 1797 1257
f 510 1833 1293
f 555 1851 1311
f 571 1871 1329
f 540 1941 1377
f 473 2119 1539
f 447 2029 1450
f 507 2247 1576
f 534 2262 1366
f 469 2051 1485
f 435 1954 1389
f 498 2064 1438
f 529 2085 1509
f 545 2105 1527
f 487 2121 1545
f 574 2031 1467
f 562 2244 1456
f 520 2265 1582
f 432 1939 1360
f 589 1814 1271
f 583 1793 1247
f 586 1829 1254
f 593 1847 1290
f 596 1868 1308
f 599 1937 1338
f 633 2124 1553
f 620 2034 1475
f 640 2250 1601
f 603 2261 1356
f 622 2050 1481
f 607 1960 1403
f 612 2063 1410
f 626 2081 1494
f 629 2102 1506
f 631 2117 1535
f 614 2027 1416
f 618 2243 1446
f 641 2268 1596
f 605 1944 1385
f 409 1804 894
f 405 1785 887
f 411 1821 899
f 414 1839 905
f 417 1858 912
f 431 1929 941
f 488 2114 1050
f 575 2024 1224
f 563 2240 1200
f 519 2253 1115
f 454 2038 984
f 450 1951 977
f 456 2055 989
f 459 2073 995
f 462 2092 1002
f 472 2109 1019
f 446 2019 971
f 506 2235 1091
f 535 2258 1146
f 541 1934 1158
f 570 1861 1217
f 480 1807 1037
f 421 1790 918
f 511 1826 1098
f 556 1844 1188
f 484 1880 1044
f 580 2186 1236
f 567 2308 1212
f 522 2272 1122
f 427 1894 930
f 544 2095 1163
f 468 2041 1013
f 436 1948 948
f 499 2060 1074
f 530 2078 1134
f 548 2132 1170
f 466 1970 1008
f 442 1984 960
f 505 2218 1086
f 536 2289 1151
f 491 2181 1061
f 423 1875 923
f 513 1897 1103
f 564 2275 1205
f 581 2311 1241
f 549 2167 1175
f 477 2146 1032
f 445 2002 966
f 503 2200 1080
f 525 1915 1127
f 474 2127 1025
f 438 1965 953
f 495 1987 1067
f 532 2221 1139
f 552 2294 1182
f 490 2164 1056
f 577 2149 1229
f 559 2005 1193
f 517 2203 1109
f 430 1912 936
f 590 1870 1325
f 584 1816 1277
f 585 1800 1265
f 592 1836 1301
f 595 1854 1319
f 598 1890 1343
f 636 2196 1566
f 621 2320 1464
f 642 2284 1590
f 601 1906 1349
f 623 2104 1523
f 611 2047 1422
f 609 1958 1397
f 625 2070 1499
f 628 2088 1517
f 632 2142 1559
f 613 1980 1427
f 616 1994 1433
f 638 2230 1572
f 606 2297 1374
f 407 2329 892
f 403 2323 885
f 404 2326 897
f 410 2333 903
f 413 2336 910
f 422 2345 939
f 486 2409 1048
f 573 2496 1222
f 561 2485 1198
f 512 2435 1113
f 452 2374 982
f 448 2368 975
f 449 2371 987
f 455 2378 993
f 458 2381 1000
f 470 2392 1017
f 437 2360 969
f 494 2416 1089
f 531 2456 1144
f 539 2460 1156
f 568 2488 1215
f 478 2398 1035
f 419 2340 916
f 509 2430 1096
f 554 2475 1186
f 482 2404 1042
f 576 2501 1234
f 558 2482 1210
f 516 2440 1120
f 425 2347 928
f 542 2464 1161
f 463 2384 1011
f 434 2355 946
f 497 2419 1072
f 528 2451 1132
f 546 2470 1168
f 464 2385 1006
f 440 2362 958
f 500 2423 1084
f 524 2446 1149
f 479 2401 1059
f 418 2339 921
f 508 2429 1101
f 553 2474 1203
f 569 2491 1239
f 538 2459 1173
f 471 2395 1030
f 443 2365 964
f 501 2424 1078
f 523 2443 1125
f 467 2390 1023
f 433 2354 951
f 493 2413 1065
f 527 2450 1137
f 543 2467 1180
f 485 2408 1054
f 572 2495 1227
f 557 2479 1191
f 515 2437 1107
f 428 2350 934
f 591 2511 1326
f 587 2505 1278
f 588 2507 1266
f 594 2513 1302
f 597 2516 1320
f 600 2519 1344
f 634 2556 1565
f 619 2540 1463
f 639 2561 1589
f 602 2521 1350
f 624 2544 1524
f 608 2529 1421
f 610 2530 1398
f 627 2546 1500
f 630 2549 1518
f 635 2553 1560
f 615 2534 1428
f 617 2536 1434
f 637 2557 1571
f 604 2525 1373
f 164 1609 889
f 163 1605 883
f 165 1611 895
f 166 1614 901
f 167 1617 907
f 172 1631 937
f 190 1688 1045
f 219 1775 1219
f 215 1763 1195
f 201 1719 1111
f 179 1654 979
f 178 1650 973
f 180 1656 985
f 181 1659 991
f 182 1662 997
f 185 1672 1015
f 177 1646 967
f 197 1706 1087
f 206 1735 1141
f 208 1741 1153
f 218 1770 1213
f 188 1680 1033
f 168 1621 913
f 198 1711 1093
f 213 1756 1183
f 189 1684 1039
f 221 1780 1231
f 217 1767 1207
f 202 1722 1117
f 170 1627 925
f 209 1744 1159
f 184 1668 1009
f 173 1636 943
f 194 1699 1069
f 204 1730 1129
f 210 1748 1165
f 183 1666 1003
f 175 1642 955
f 196 1705 1081
f 207 1736 1147
f 192 1691 1057
f 169 1623 919
f 199 1713 1099
f 216 1764 1201
f 222 1781 1237
f 211 1749 1171
f 187 1677 1027
f 176 1645 961
f 195 1703 1075
f 203 1725 1123
f 186 1674 1021
f 174 1638 949
f 193 1695 1063
f 205 1732 1135
f 212 1752 1177
f 191 1690 1051
f 220 1777 1225
f 214 1759 1189
f 200 1717 1105
f 171 1630 931
f 358 2191 1322
f 256 1885 1274
f 261 1901 1262
f 387 2279 1298
f 399 2315 1316
f 351 2171 1340
f 348 2160 1561
f 300 2016 1459
f 366 2214 1585
f 267 1919 1346
f 340 2137 1520
f 287 1978 1417
f 291 1991 1394
f 369 2225 1496
f 395 2302 1514
f 354 2178 1556
f 345 2153 1424
f 297 2009 1430
f 363 2207 1567
f 270 1926 1369
f 247 1857 908
f 229 1803 890
f 223 1786 884
f 235 1822 896
f 241 1840 902
f 253 1876 920
f 355 2182 1058
f 398 2312 1238
f 386 2276 1202
f 260 1898 1100
f 325 2091 998
f 307 2037 980
f 278 1952 974
f 313 2056 986
f 319 2074 992
f 337 2128 1022
f 283 1966 950
f 290 1988 1064
f 368 2222 1136
f 392 2293 1178
f 356 2185 1232
f 254 1879 1040
f 259 1893 926
f 385 2271 1118
f 397 2307 1208
f 349 2163 1052
f 344 2150 1226
f 296 2006 1190
f 362 2204 1106
f 265 1911 932
f 338 2131 1166
f 284 1969 1004
f 289 1983 956
f 367 2217 1082
f 391 2290 1148
f 350 2168 1172
f 343 2145 1028
f 295 2001 962
f 361 2199 1076
f 266 1916 1124
f 230 1808 1034
f 224 1789 914
f 236 1825 1094
f 242 1843 1184
f 248 1862 1214
f 272 1933 1154
f 331 2110 1016
f 301 2020 968
f 373 2236 1088
f 380 2257 1142
f 308 2042 1010
f 277 1947 944
f 314 2059 1070
f 320 2077 1130
f 326 2096 1160
f 332 2113 1046
f 302 2023 1220
f 374 2239 1196
f 379 2254 1112
f 271 1930 938
f 234 1818 1279
f 227 1798 1255
f 239 1834 1291
f 245 1852 1309
f 252 1872 1327
f 275 1942 1375
f 334 2120 1537
f 304 2030 1448
f 377 2248 1574
f 382 2263 1364
f 312 2052 1483
f 279 1955 1387
f 316 2065 1436
f 323 2086 1507
f 330 2106 1525
f 335 2122 1543
f 305 2032 1465
f 376 2245 1454
f 383 2266 1580
f 274 1940 1358
f 232 1813 1267
f 225 1792 1243
f 237 1828 1250
f 243 1846 1286
f 250 1867 1304
f 273 1936 1334
f 336 2123 1549
f 306 2033 1471
f 378 2249 1597
f 381 2260 1352
f 311 2049 1477
f 281 1959 1399
f 315 2062 1406
f 321 2080 1490
f 328 2101 1502
f 333 2116 1531
f 303 2026 1412
f 375 2242 1442
f 384 2267 1592
f 276 1943 1381
f 251 1869 1321
f 233 1815 1273
f 228 1799 1261
f 240 1835 1297
f 246 1853 1315
f 258 1889 1339
f 360 2195 1562
f 401 2319 1460
f 389 2283 1586
f 263 1905 1345
f 329 2103 1519
f 310 2046 1418
f 280 1957 1393
f 318 2069 1495
f 324 2087 1513
f 342 2141 1555
f 288 1979 1423
f 292 1993 1429
f 371 2229 1568
f 393 2296 1370
f 357 2188 1280
f 255 1882 1256
f 262 1902 1292
f 388 2280 1310
f 400 2316 1328
f 352 2172 1376
f 347 2157 1538
f 298 2011 1447
f 364 2209 1573
f 269 1923 1363
f 339 2134 1484
f 285 1972 1388
f 293 1995 1435
f 370 2226 1508
f 396 2303 1526
f 353 2175 1544
f 346 2154 1466
f 299 2013 1453
f 365 2211 1579
f 268 1921 1357
f 249 1865 1268
f 231 1811 1244
f 226 1796 1249
f 238 1832 1285
f 244 1850 1303
f 257 1888 1333
f 359 2194 1550
f 402 2322 1472
f 390 2286 1598
f 264 1908 1351
f 327 2099 1478
f 309 2045 1400
f 282 1962 1405
f 317 2068 1489
f 322 2084 1501
f 341 2140 1532
f 286 1976 1411
f 294 1998 1441
f 372 2232 1591
f 394 2299 1382
f 416 2330 911
f 408 2324 893
f 406 2325 888
f 412 2332 900
f 415 2335 906
f 424 2344 924
f 492 2410 1062
f 582 2497 1242
f 565 2486 1206
f 514 2434 1104
f 461 2375 1001
f 453 2369 983
f 451 2370 978
f 457 2377 990
f 460 2380 996
f 475 2393 1026
f 439 2359 954
f 496 2415 1068
f 533 2455 1140
f 551 2461 1181
f 579 2489 1235
f 483 2399 1043
f 426 2341 929
f 521 2431 1121
f 566 2476 1211
f 489 2405 1055
f 578 2500 1230
f 560 2481 1194
f 518 2439 1110
f 429 2348 935
f 547 2465 1169
f 465 2383 1007
f 441 2356 959
f 504 2420 1085
f 537 2452 1152
f 550 2471 1176
f 476 2386 1031
f 444 2363 965
f 502 2422 1079
f 526 2445 1128
f 481 2400 1038
f 420 2338 917
f 510 2428 1097
f 555 2473 1187
f 571 2490 1218
f 540 2458 1157
f 473 2394 1020
f 447 2366 972
f 507 2425 1092
f 534 2444 1145
f 469 2389 1014
f 435 2353 947
f 498 2414 1073
f 529 2449 1133
f 545 2466 1164
f 487 2407 1049
f 574 2494 1223
f 562 2480 1199
f 520 2438 1116
f 432 2351 942
f 589 2510 1283
f 583 2504 1259
f 586 2508 1295
f 593 2514 1313
f 596 2517 1331
f 599 2520 1379
f 633 2554 1541
f 620 2539 1452
f 640 2560 1578
f 603 2523 1368
f 622 2543 1487
f 607 2527 1391
f 612 2532 1440
f 626 2547 1511
f 629 2550 1529
f 631 2552 1547
f 614 2535 1469
f 618 2538 1458
f 641 2558 1584
f 605 2524 1362
f 164 1607 1609
f 163 1603 1605
f 165 1604 1611
f 166 1610 1614
f 167 1613 1617
f 172 1622 1631
f 190 1686 1688
f 219 1773 1775
f 215 1761 1763
f 201 1712 1719
f 179 1652 1654
f 178 1648 1650
f 180 1649 1656
f 181 1655 1659
f 182 1658 1662
f 185 1670 1672
f 177 1637 1646
f 197 1694 1706
f 206 1731 1735
f 208 1739 1741
f 218 1768 1770
f 188 1678 1680
f 168 1619 1621
f 198 1709 1711
f 213 1754 1756
f 189 1682 1684
f 221 1776 1780
f 217 1758 1767
f 202 1716 1722
f 170 1625 1627
f 209 1742 1744
f 184 1663 1668
f 173 1634 1636
f 194 1697 1699
f 204 1728 1730
f 210 1746 1748
f 183 1664 1666
f 175 1640 1642
f 196 1700 1705
f 207 1724 1736
f 192 1679 1691
f 169 1618 1623
f 199 1708 1713
f 216 1753 1764
f 222 1769 1781
f 211 1738 1749
f 187 1671 1677
f 176 1643 1645
f 195 1701 1703
f 203 1723 1725
f 186 1667 1674
f 174 1633 1638
f 193 1693 1695
f 205 1727 1732
f 212 1743 1752
f 191 1685 1690
f 220 1772 1777
f 214 1757 1759
f 200 1715 1717
f 171 1628 1630
f 358 2187 2191
f 256 1881 1885
f 261 1899 1901
f 387 2277 2279
f 399 2313 2315
f 351 2169 2171
f 348 2156 2160
f 300 2010 2016
f 366 2208 2214
f 267 1917 1919
f 340 2133 2137
f 287 1971 1978
f 291 1989 1991
f 369 2223 2225
f 395 2300 2302
f 354 2174 2178
f 345 2151 2153
f 297 2007 2009
f 363 2205 2207
f 270 1920 1926
f 247 1855 1857
f 229 1801 1803
f 223 1784 1786
f 235 1820 1822
f 241 1838 1840
f 253 1874 1876
f 355 2180 2182
f 398 2310 2312
f 386 2274 2276
f 260 1896 1898
f 325 2089 2091
f 307 2035 2037
f 278 1950 1952
f 313 2054 2056
f 319 2072 2074
f 337 2126 2128
f 283 1964 1966
f 290 1986 1988
f 368 2220 2222
f 392 2291 2293
f 356 2183 2185
f 254 1877 1879
f 259 1891 1893
f 385 2269 2271
f 397 2305 2307
f 349 2161 2163
f 344 2148 2150
f 296 2004 2006
f 362 2202 2204
f 265 1909 1911
f 338 2129 2131
f 284 1967 1969
f 289 1981 1983
f 367 2215 2217
f 391 2288 2290
f 350 2166 2168
f 343 2143 2145
f 295 1999 2001
f 361 2197 2199
f 266 1914 1916
f 230 1806 1808
f 224 1787 1789
f 236 1823 1825
f 242 1841 1843
f 248 1860 1862
f 272 1931 1933
f 331 2108 2110
f 301 2018 2020
f 373 2234 2236
f 380 2255 2257
f 308 2040 2042
f 277 1945 1947
f 314 2057 2059
f 320 2075 2077
f 326 2094 2096
f 332 2111 2113
f 302 2021 2023
f 374 2237 2239
f 379 2252 2254
f 271 1928 1930
f 234 1812 1818
f 227 1791 1798
f 239 1827 1834
f 245 1845 1852
f 252 1866 1872
f 275 1935 1942
f 334 2118 2120
f 304 2028 2030
f 377 2246 2248
f 382 2259 2263
f 312 2048 2052
f 279 1953 1955
f 316 2061 2065
f 323 2079 2086
f 330 2100 2106
f 335 2115 2122
f 305 2025 2032
f 376 2241 2245
f 383 2264 2266
f 274 1938 1940
f 232 1802 1813
f 225 1783 1792
f 237 1819 1828
f 243 1837 1846
f 250 1856 1867
f 273 1927 1936
f 336 2112 2123
f 306 2022 2033
f 378 2238 2249
f 381 2251 2260
f 311 2036 2049
f 281 1949 1959
f 315 2053 2062
f 321 2071 2080
f 328 2090 2101
f 333 2107 2116
f 303 2017 2026
f 375 2233 2242
f 384 2256 2267
f 276 1932 1943
f 251 1859 1869
f 233 1805 1815
f 228 1788 1799
f 240 1824 1835
f 246 1842 1853
f 258 1878 1889
f 360 2184 2195
f 401 2306 2319
f 389 2270 2283
f 263 1892 1905
f 329 2093 2103
f 310 2039 2046
f 280 1946 1957
f 318 2058 2069
f 324 2076 2087
f 342 2130 2141
f 288 1968 1979
f 292 1982 1993
f 371 2216 2229
f 393 2287 2296
f 357 2179 2188
f 255 1873 1882
f 262 1895 1902
f 388 2273 2280
f 400 2309 2316
f 352 2165 2172
f 347 2144 2157
f 298 2000 2011
f 364 2198 2209
f 269 1913 1923
f 339 2125 2134
f 285 1963 1972
f 293 1985 1995
f 370 2219 2226
f 396 2292 2303
f 353 2162 2175
f 346 2147 2154
f 299 2003 2013
f 365 2201 2211
f 268 1910 1921
f 249 1863 1865
f 231 1809 1811
f 226 1794 1796
f 238 1830 1832
f 244 1848 1850
f 257 1886 1888
f 359 2192 2194
f 402 2318 2322
f 390 2282 2286
f 264 1904 1908
f 327 2097 2099
f 309 2043 2045
f 282 1956 1962
f 317 2066 2068
f 322 2082 2084
f 341 2138 2140
f 286 1974 1976
f 294 1992 1998
f 372 2228 2232
f 394 2295 2299
f 416 2331 2330
f 408 2327 2324
f 406 2328 2325
f 412 2334 2332
f 415 2337 2335
f 424 2346 2344
f 492 2412 2410
f 582 2499 2497
f 565 2487 2486
f 514 2436 2434
f 461 2376 2375
f 453 2372 2369
f 451 2373 2370
f 457 2379 2377
f 460 2382 2380
f 475 2396 2393
f 439 2361 2359
f 496 2418 2415
f 533 2457 2455
f 551 2463 2461
f 579 2492 2489
f 483 2402 2399
f 426 2343 2341
f 521 2433 2431
f 566 2478 2476
f 489 2406 2405
f 578 2502 2500
f 560 2484 2481
f 518 2442 2439
f 429 2349 2348
f 547 2468 2465
f 465 2387 2383
f 441 2358 2356
f 504 2421 2420
f 537 2454 2452
f 550 2472 2471
f 476 2388 2386
f 444 2364 2363
f 502 2426 2422
f 526 2448 2445
f 481 2403 2400
f 420 2342 2338
f 510 2432 2428
f 555 2477 2473
f 571 2493 2490
f 540 2462 2458
f 473 2397 2394
f 447 2367 2366
f 507 2427 2425
f 534 2447 2444
f 469 2391 2389
f 435 2357 2353
f 498 2417 2414
f 529 2453 2449
f 545 2469 2466
f 487 2411 2407
f 574 2498 2494
f 562 2483 2480
f 520 2441 2438
f 432 2352 2351
f 589 2509 2510
f 583 2503 2504
f 586 2506 2508
f 593 2512 2514
f 596 2515 2517
f 599 2518 2520
f 633 2555 2554
f 620 2541 2539
f 640 2562 2560
f 603 2522 2523
f 622 2542 2543
f 607 2528 2527
f 612 2531 2532
f 626 2545 2547
f 629 2548 2550
f 631 2551 2552
f 614 2533 2535
f 618 2537 2538
f 641 2559 2558
f 605 2526 2524
f 164 644 1607
f 163 643 1603
f 165 645 1604
f 166 646 1610
f 167 647 1613
f 172 652 1622
f 190 670 1686
f 219 699 1773
f 215 695 1761
f 201 681 1712
f 179 659 1652
f 178 658 1648
f 180 660 1649
f 181 661 1655
f 182 662 1658
f 185 665 1670
f 177 657 1637
f 197 677 1694
f 206 686 1731
f 208 688 1739
f 218 698 1768
f 188 668 1678
f 168 648 1619
f 198 678 1709
f 213 693 1754
f 189 669 1682
f 221 701 1776
f 217 697 1758
f 202 682 1716
f 170 650 1625
f 209 689 1742
f 184 664 1663
f 173 653 1634
f 194 674 1697
f 204 684 1728
f 210 690 1746
f 183 663 1664
f 175 655 1640
f 196 676 1700
f 207 687 1724
f 192 672 1679
f 169 649 1618
f 199 679 1708
f 216 696 1753
f 222 702 1769
f 211 691 1738
f 187 667 1671
f 176 656 1643
f 195 675 1701
f 203 683 1723
f 186 666 1667
f 174 654 1633
f 193 673 1693
f 205 685 1727
f 212 692 1743
f 191 671 1685
f 220 700 1772
f 214 694 1757
f 200 680 1715
f 171 651 1628
f 358 838 2187
f 256 736 1881
f 261 741 1899
f 387 867 2277
f 399 879 2313
f 351 831 2169
f 348 828 2156
f 300 780 2010
f 366 846 2208
f 267 747 1917
f 340 820 2133
f 287 767 1971
f 291 771 1989
f 369 849 2223
f 395 875 2300
f 354 834 2174
f 345 825 2151
f 297 777 2007
f 363 843 2205
f 270 750 1920
f 247 727 1855
f 229 709 1801
f 223 703 1784
f 235 715 1820
f 241 721 1838
f 253 733 1874
f 355 835 2180
f 398 878 2310
f 386 866 2274
f 260 740 1896
f 325 805 2089
f 307 787 2035
f 278 758 1950
f 313 793 2054
f 319 799 2072
f 337 817 2126
f 283 763 1964
f 290 770 1986
f 368 848 2220
f 392 872 2291
f 356 836 2183
f 254 734 1877
f 259 739 1891
f 385 865 2269
f 397 877 2305
f 349 829 2161
f 344 824 2148
f 296 776 2004
f 362 842 2202
f 265 745 1909
f 338 818 2129
f 284 764 1967
f 289 769 1981
f 367 847 2215
f 391 871 2288
f 350 830 2166
f 343 823 2143
f 295 775 1999
f 361 841 2197
f 266 746 1914
f 230 710 1806
f 224 704 1787
f 236 716 1823
f 242 722 1841
f 248 728 1860
f 272 752 1931
f 331 811 2108
f 301 781 2018
f 373 853 2234
f 380 860 2255
f 308 788 2040
f 277 757 1945
f 314 794 2057
f 320 800 2075
f 326 806 2094
f 332 812 2111
f 302 782 2021
f 374 854 2237
f 379 859 2252
f 271 751 1928
f 234 714 1812
f 227 707 1791
f 239 719 1827
f 245 725 1845
f 252 732 1866
f 275 755 1935
f 334 814 2118
f 304 784 2028
f 377 857 2246
f 382 862 2259
f 312 792 2048
f 279 759 1953
f 316 796 2061
f 323 803 2079
f 330 810 2100
f 335 815 2115
f 305 785 2025
f 376 856 2241
f 383 863 2264
f 274 754 1938
f 232 712 1802
f 225 705 1783
f 237 717 1819
f 243 723 1837
f 250 730 1856
f 273 753 1927
f 336 816 2112
f 306 786 2022
f 378 858 2238
f 381 861 2251
f 311 791 2036
f 281 761 1949
f 315 795 2053
f 321 801 2071
f 328 808 2090
f 333 813 2107
f 303 783 2017
f 375 855 2233
f 384 864 2256
f 276 756 1932
f 251 731 1859
f 233 713 1805
f 228 708 1788
f 240 720 1824
f 246 726 1842
f 258 738 1878
f 360 840 2184
f 401 881 2306
f 389 869 2270
f 263 743 1892
f 329 809 2093
f 310 790 2039
f 280 760 1946
f 318 798 2058
f 324 804 2076
f 342 822 2130
f 288 768 1968
f 292 772 1982
f 371 851 2216
f 393 873 2287
f 357 837 2179
f 255 735 1873
f 262 742 1895
f 388 868 2273
f 400 880 2309
f 352 832 2165
f 347 827 2144
f 298 778 2000
f 364 844 2198
f 269 749 1913
f 339 819 2125
f 285 765 1963
f 293 773 1985
f 370 850 2219
f 396 876 2292
f 353 833 2162
f 346 826 2147
f 299 779 2003
f 365 845 2201
f 268 748 1910
f 249 729 1863
f 231 711 1809
f 226 706 1794
f 238 718 1830
f 244 724 1848
f 257 737 1886
f 359 839 2192
f 402 882 2318
f 390 870 2282
f 264 744 1904
f 327 807 2097
f 309 789 2043
f 282 762 1956
f 317 797 2066
f 322 802 2082
f 341 821 2138
f 286 766 1974
f 294 774 1992
f 372 852 2228
f 394 874 2295
f 416 1270 2331
f 408 1246 2327
f 406 1251 2328
f 412 1287 2334
f 415 1305 2337
f 424 1335 2346
f 492 1552 2412
f 582 1474 2499
f 565 1600 2487
f 514 1353 2436
f 461 1480 2376
f 453 1402 2372
f 451 1407 2373
f 457 1491 2379
f 460 1503 2382
f 475 1534 2396
f 439 1413 2361
f 496 1443 2418
f 533 1593 2457
f 551 1384 2463
f 579 1324 2492
f 483 1276 2402
f 426 1264 2343
f 521 1300 2433
f 566 1318 2478
f 489 1342 2406
f 578 1563 2502
f 560 1461 2484
f 518 1587 2442
f 429 1348 2349
f 547 1522 2468
f 465 1419 2387
f 441 1396 2358
f 504 1498 2421
f 537 1516 2454
f 550 1558 2472
f 476 1426 2388
f 444 1432 2364
f 502 1569 2426
f 526 1371 2448
f 481 1281 2403
f 420 1257 2342
f 510 1293 2432
f 555 1311 2477
f 571 1329 2493
f 540 1377 2462
f 473 1539 2397
f 447 1450 2367
f 507 1576 2427
f 534 1366 2447
f 469 1485 2391
f 435 1389 2357
f 498 1438 2417
f 529 1509 2453
f 545 1527 2469
f 487 1545 2411
f 574 1467 2498
f 562 1456 2483
f 520 1582 2441
f 432 1360 2352
f 589 1271 2509
f 583 1247 2503
f 586 1254 2506
f 593 1290 2512
f 596 1308 2515
f 599 1338 2518
f 633 1553 2555
f 620 1475 2541
f 640 1601 2562
f 603 1356 2522
f 622 1481 2542
f 607 1403 2528
f 612 1410 2531
f 626 1494 2545
f 629 1506 2548
f 631 1535 2551
f 614 1416 2533
f 618 1446 2537
f 641 1596 2559
f 605 1385 2526
f 167 907 1616
f 164 889 1608
f 163 883 1606
f 165 895 1612
f 166 901 1615
f 169 919 1624
f 192 1057 1692
f 222 1237 1782
f 216 1201 1765
f 199 1099 1714
f 182 997 1661
f 179 979 1653
f 178 973 1651
f 180 985 1657
f 181 991 1660
f 186 1021 1675
f 174 949 1639
f 193 1063 1696
f 205 1135 1733
f 212 1177 1751
f 221 1231 1779
f 189 1039 1683
f 170 925 1626
f 202 1117 1721
f 217 1207 1766
f 191 1051 1689
f 220 1225 1778
f 214 1189 1760
f 200 1105 1718
f 171 931 1629
f 210 1165 1747
f 183 1003 1665
f 175 955 1641
f 196 1081 1704
f 207 1147 1737
f 211 1171 1750
f 187 1027 1676
f 176 961 1644
f 195 1075 1702
f 203 1123 1726
f 188 1033 1681
f 168 913 1620
f 198 1093 1710
f 213 1183 1755
f 218 1213 1771
f 208 1153 1740
f 185 1015 1673
f 177 967 1647
f 197 1087 1707
f 206 1141 1734
f 184 1009 1669
f 173 943 1635
f 194 1069 1698
f 204 1129 1729
f 209 1159 1745
f 190 1045 1687
f 219 1219 1774
f 215 1195 1762
f 201 1111 1720
f 172 937 1632
f 357 1280 2189
f 255 1256 1883
f 262 1292 1903
f 388 1310 2281
f 400 1328 2317
f 352 1376 2173
f 347 1538 2158
f 298 1447 2012
f 364 1573 2210
f 269 1363 1924
f 339 1484 2135
f 285 1388 1973
f 293 1435 1996
f 370 1508 2227
f 396 1526 2304
f 353 1544 2176
f 346 1466 2155
f 299 1453 2014
f 365 1579 2212
f 268 1357 1922
f 249 1268 1864
f 231 1244 1810
f 226 1249 1795
f 238 1285 1831
f 244 1303 1849
f 257 1333 1887
f 359 1550 2193
f 402 1472 2321
f 390 1598 2285
f 264 1351 1907
f 327 1478 2098
f 309 1400 2044
f 282 1405 1961
f 317 1489 2067
f 322 1501 2083
f 341 1532 2139
f 286 1411 1975
f 294 1441 1997
f 372 1591 2231
f 394 1382 2298
f 358 1322 2190
f 256 1274 1884
f 261 1262 1900
f 387 1298 2278
f 399 1316 2314
f 351 1340 2170
f 348 1561 2159
f 300 1459 2015
f 366 1585 2213
f 267 1346 1918
f 340 1520 2136
f 287 1417 1977
f 291 1394 1990
f 369 1496 2224
f 395 1514 2301
f 354 1556 2177
f 345 1424 2152
f 297 1430 2008
f 363 1567 2206
f 270 1369 1925
f 234 1279 1817
f 227 1255 1797
f 239 1291 1833
f 245 1309 1851
f 252 1327 1871
f 275 1375 1941
f 334 1537 2119
f 304 1448 2029
f 377 1574 2247
f 382 1364 2262
f 312 1483 2051
f 279 1387 1954
f 316 1436 2064
f 323 1507 2085
f 330 1525 2105
f 335 1543 2121
f 305 1465 2031
f 376 1454 2244
f 383 1580 2265
f 274 1358 1939
f 232 1267 1814
f 225 1243 1793
f 237 1250 1829
f 243 1286 1847
f 250 1304 1868
f 273 1334 1937
f 336 1549 2124
f 306 1471 2034
f 378 1597 2250
f 381 1352 2261
f 311 1477 2050
f 281 1399 1960
f 315 1406 2063
f 321 1490 2081
f 328 1502 2102
f 333 1531 2117
f 303 1412 2027
f 375 1442 2243
f 384 1592 2268
f 276 1381 1944
f 229 890 1804
f 223 884 1785
f 235 896 1821
f 241 902 1839
f 247 908 1858
f 271 938 1929
f 332 1046 2114
f 302 1220 2024
f 374 1196 2240
f 379 1112 2253
f 307 980 2038
f 278 974 1951
f 313 986 2055
f 319 992 2073
f 325 998 2092
f 331 1016 2109
f 301 968 2019
f 373 1088 2235
f 380 1142 2258
f 272 1154 1934
f 248 1214 1861
f 230 1034 1807
f 224 914 1790
f 236 1094 1826
f 242 1184 1844
f 254 1040 1880
f 356 1232 2186
f 397 1208 2308
f 385 1118 2272
f 259 926 1894
f 326 1160 2095
f 308 1010 2041
f 277 944 1948
f 314 1070 2060
f 320 1130 2078
f 338 1166 2132
f 284 1004 1970
f 289 956 1984
f 367 1082 2218
f 391 1148 2289
f 355 1058 2181
f 253 920 1875
f 260 1100 1897
f 386 1202 2275
f 398 1238 2311
f 350 1172 2167
f 343 1028 2146
f 295 962 2002
f 361 1076 2200
f 266 1124 1915
f 337 1022 2127
f 283 950 1965
f 290 1064 1987
f 368 1136 2221
f 392 1178 2294
f 349 1052 2164
f 344 1226 2149
f 296 1190 2005
f 362 1106 2203
f 265 932 1912
f 251 1321 1870
f 233 1273 1816
f 228 1261 1800
f 240 1297 1836
f 246 1315 1854
f 258 1339 1890
f 360 1562 2196
f 401 1460 2320
f 389 1586 2284
f 263 1345 1906
f 329 1519 2104
f 310 1418 2047
f 280 1393 1958
f 318 1495 2070
f 324 1513 2088
f 342 1555 2142
f 288 1423 1980
f 292 1429 1994
f 371 1568 2230
f 393 1370 2297
f 409 894 2329
f 405 887 2323
f 411 899 2326
f 414 905 2333
f 417 912 2336
f 431 941 2345
f 488 1050 2409
f 575 1224 2496
f 563 1200 2485
f 519 1115 2435
f 454 984 2374
f 450 977 2368
f 456 989 2371
f 459 995 2378
f 462 1002 2381
f 472 1019 2392
f 446 971 2360
f 506 1091 2416
f 535 1146 2456
f 541 1158 2460
f 570 1217 2488
f 480 1037 2398
f 421 918 2340
f 511 1098 2430
f 556 1188 2475
f 484 1044 2404
f 580 1236 2501
f 567 1212 2482
f 522 1122 2440
f 427 930 2347
f 544 1163 2464
f 468 1013 2384
f 436 948 2355
f 499 1074 2419
f 530 1134 2451
f 548 1170 2470
f 466 1008 2385
f 442 960 2362
f 505 1086 2423
f 536 1151 2446
f 491 1061 2401
f 423 923 2339
f 513 1103 2429
f 564 1205 2474
f 581 1241 2491
f 549 1175 2459
f 477 1032 2395
f 445 966 2365
f 503 1080 2424
f 525 1127 2443
f 474 1025 2390
f 438 953 2354
f 495 1067 2413
f 532 1139 2450
f 552 1182 2467
f 490 1056 2408
f 577 1229 2495
f 559 1193 2479
f 517 1109 2437
f 430 936 2350
f 590 1325 2511
f 584 1277 2505
f 585 1265 2507
f 592 1301 2513
f 595 1319 2516
f 598 1343 2519
f 636 1566 2556
f 621 1464 2540
f 642 1590 2561
f 601 1349 2521
f 623 1523 2544
f 611 1422 2529
f 609 1397 2530
f 625 1499 2546
f 628 1517 2549
f 632 1559 2553
f 613 1427 2534
f 616 1433 2536
f 638 1572 2557
f 606 1374 2525
f 407 892 1609
f 403 885 1605
f 404 897 1611
f 410 903 1614
f 413 910 1617
f 422 939 1631
f 486 1048 1688
f 573 1222 1775
f 561 1198 1763
f 512 1113 1719
f 452 982 1654
f 448 975 1650
f 449 987 1656
f 455 993 1659
f 458 1000 1662
f 470 1017 1672
f 437 969 1646
f 494 1089 1706
f 531 1144 1735
f 539 1156 1741
f 568 1215 1770
f 478 1035 1680
f 419 916 1621
f 509 1096 1711
f 554 1186 1756
f 482 1042 1684
f 576 1234 1780
f 558 1210 1767
f 516 1120 1722
f 425 928 1627
f 542 1161 1744
f 463 1011 1668
f 434 946 1636
f 497 1072 1699
f 528 1132 1730
f 546 1168 1748
f 464 1006 1666
f 440 958 1642
f 500 1084 1705
f 524 1149 1736
f 479 1059 1691
f 418 921 1623
f 508 1101 1713
f 553 1203 1764
f 569 1239 1781
f 538 1173 1749
f 471 1030 1677
f 443 964 1645
f 501 1078 1703
f 523 1125 1725
f 467 1023 1674
f 433 951 1638
f 493 1065 1695
f 527 1137 1732
f 543 1180 1752
f 485 1054 1690
f 572 1227 1777
f 557 1191 1759
f 515 1107 1717
f 428 934 1630
f 591 1326 2191
f 587 1278 1885
f 588 1266 1901
f 594 1302 2279
f 597 1320 2315
f 600 1344 2171
f 634 1565 2160
f 619 1463 2016
f 639 1589 2214
f 602 1350 1919
f 624 1524 2137
f 608 1421 1978
f 610 1398 1991
f 627 1500 2225
f 630 1518 2302
f 635 1560 2178
f 615 1428 2153
f 617 1434 2009
f 637 1571 2207
f 604 1373 1926
f 416 911 1857
f 408 893 1803
f 406 888 1786
f 412 900 1822
f 415 906 1840
f 424 924 1876
f 492 1062 2182
f 582 1242 2312
f 565 1206 2276
f 514 1104 1898
f 461 1001 2091
f 453 983 2037
f 451 978 1952
f 457 990 2056
f 460 996 2074
f 475 1026 2128
f 439 954 1966
f 496 1068 1988
f 533 1140 2222
f 551 1181 2293
f 579 1235 2185
f 483 1043 1879
f 426 929 1893
f 521 1121 2271
f 566 1211 2307
f 489 1055 2163
f 578 1230 2150
f 560 1194 2006
f 518 1110 2204
f 429 935 1911
f 547 1169 2131
f 465 1007 1969
f 441 959 1983
f 504 1085 2217
f 537 1152 2290
f 550 1176 2168
f 476 1031 2145
f 444 965 2001
f 502 1079 2199
f 526 1128 1916
f 481 1038 1808
f 420 917 1789
f 510 1097 1825
f 555 1187 1843
f 571 1218 1862
f 540 1157 1933
f 473 1020 2110
f 447 972 2020
f 507 1092 2236
f 534 1145 2257
f 469 1014 2042
f 435 947 1947
f 498 1073 2059
f 529 1133 2077
f 545 1164 2096
f 487 1049 2113
f 574 1223 2023
f 562 1199 2239
f 520 1116 2254
f 432 942 1930
f 589 1283 1818
f 583 1259 1798
f 586 1295 1834
f 593 1313 1852
f 596 1331 1872
f 599 1379 1942
f 633 1541 2120
f 620 1452 2030
f 640 1578 2248
f 603 1368 2263
f 622 1487 2052
f 607 1391 1955
f 612 1440 2065
f 626 1511 2086
f 629 1529 2106
f 631 1547 2122
f 614 1469 2032
f 618 1458 2245
f 641 1584 2266
f 605 1362 1940
f 409 1269 1813
f 405 1245 1792
f 411 1252 1828
f 414 1288 1846
f 417 1306 1867
f 431 1336 1936
f 488 1551 2123
f 575 1473 2033
f 563 1599 2249
f 519 1354 2260
f 454 1479 2049
f 450 1401 1959
f 456 1408 2062
f 459 1492 2080
f 462 1504 2101
f 472 1533 2116
f 446 1414 2026
f 506 1444 2242
f 535 1594 2267
f 541 1383 1943
f 570 1323 1869
f 480 1275 1815
f 421 1263 1799
f 511 1299 1835
f 556 1317 1853
f 484 1341 1889
f 580 1564 2195
f 567 1462 2319
f 522 1588 2283
f 427 1347 1905
f 544 1521 2103
f 468 1420 2046
f 436 1395 1957
f 499 1497 2069
f 530 1515 2087
f 548 1557 2141
f 466 1425 1979
f 442 1431 1993
f 505 1570 2229
f 536 1372 2296
f 491 1282 2188
f 423 1258 1882
f 513 1294 1902
f 564 1312 2280
f 581 1330 2316
f 549 1378 2172
f 477 1540 2157
f 445 1449 2011
f 503 1575 2209
f 525 1365 1923
f 474 1486 2134
f 438 1390 1972
f 495 1437 1995
f 532 1510 2226
f 552 1528 2303
f 490 1546 2175
f 577 1468 2154
f 559 1455 2013
f 517 1581 2211
f 430 1359 1921
f 590 1272 1865
f 584 1248 1811
f 585 1253 1796
f 592 1289 1832
f 595 1307 1850
f 598 1337 1888
f 636 1554 2194
f 621 1476 2322
f 642 1602 2286
f 601 1355 1908
f 623 1482 2099
f 611 1404 2045
f 609 1409 1962
f 625 1493 2068
f 628 1505 2084
f 632 1536 2140
f 613 1415 1976
f 616 1445 1998
f 638 1595 2232
f 606 1386 2299
f 407 909 2330
f 403 891 2324
f 404 886 2325
f 410 898 2332
f 413 904 2335
f 422 922 2344
f 486 1060 2410
f 573 1240 2497
f 561 1204 2486
f 512 1102 2434
f 452 999 2375
f 448 981 2369
f 449 976 2370
f 455 988 2377
f 458 994 2380
f 470 1024 2393
f 437 952 2359
f 494 1066 2415
f 531 1138 2455
f 539 1179 2461
f 568 1233 2489
f 478 1041 2399
f 419 927 2341
f 509 1119 2431
f 554 1209 2476
f 482 1053 2405
f 576 1228 2500
f 558 1192 2481
f 516 1108 2439
f 425 933 2348
f 542 1167 2465
f 463 1005 2383
f 434 957 2356
f 497 1083 2420
f 528 1150 2452
f 546 1174 2471
f 464 1029 2386
f 440 963 2363
f 500 1077 2422
f 524 1126 2445
f 479 1036 2400
f 418 915 2338
f 508 1095 2428
f 553 1185 2473
f 569 1216 2490
f 538 1155 2458
f 471 1018 2394
f 443 970 2366
f 501 1090 2425
f 523 1143 2444
f 467 1012 2389
f 433 945 2353
f 493 1071 2414
f 527 1131 2449
f 543 1162 2466
f 485 1047 2407
f 572 1221 2494
f 557 1197 2480
f 515 1114 2438
f 428 940 2351
f 591 1284 2510
f 587 1260 2504
f 588 1296 2508
f 594 1314 2514
f 597 1332 2517
f 600 1380 2520
f 634 1542 2554
f 619 1451 2539
f 639 1577 2560
f 602 1367 2523
f 624 1488 2543
f 608 1392 2527
f 610 1439 2532
f 627 1512 2547
f 630 1530 2550
f 635 1548 2552
f 615 1470 2535
f 617 1457 2538
f 637 1583 2558
f 604 1361 2524
f 167 1616 1607
f 164 1608 1603
f 163 1606 1604
f 165 1612 1610
f 166 1615 1613
f 169 1624 1622
f 192 1692 1686
f 222 1782 1773
f 216 1765 1761
f 199 1714 1712
f 182 1661 1652
f 179 1653 1648
f 178 1651 1649
f 180 1657 1655
f 181 1660 1658
f 186 1675 1670
f 174 1639 1637
f 193 1696 1694
f 205 1733 1731
f 212 1751 1739
f 221 1779 1768
f 189 1683 1678
f 170 1626 1619
f 202 1721 1709
f 217 1766 1754
f 191 1689 1682
f 220 1778 1776
f 214 1760 1758
f 200 1718 1716
f 171 1629 1625
f 210 1747 1742
f 183 1665 1663
f 175 1641 1634
f 196 1704 1697
f 207 1737 1728
f 211 1750 1746
f 187 1676 1664
f 176 1644 1640
f 195 1702 1700
f 203 1726 1724
f 188 1681 1679
f 168 1620 1618
f 198 1710 1708
f 213 1755 1753
f 218 1771 1769
f 208 1740 1738
f 185 1673 1671
f 177 1647 1643
f 197 1707 1701
f 206 1734 1723
f 184 1669 1667
f 173 1635 1633
f 194 1698 1693
f 204 1729 1727
f 209 1745 1743
f 190 1687 1685
f 219 1774 1772
f 215 1762 1757
f 201 1720 1715
f 172 1632 1628
f 357 2189 2187
f 255 1883 1881
f 262 1903 1899
f 388 2281 2277
f 400 2317 2313
f 352 2173 2169
f 347 2158 2156
f 298 2012 2010
f 364 2210 2208
f 269 1924 1917
f 339 2135 2133
f 285 1973 1971
f 293 1996 1989
f 370 2227 2223
f 396 2304 2300
f 353 2176 2174
f 346 2155 2151
f 299 2014 2007
f 365 2212 2205
f 268 1922 1920
f 249 1864 1855
f 231 1810 1801
f 226 1795 1784
f 238 1831 1820
f 244 1849 1838
f 257 1887 1874
f 359 2193 2180
f 402 2321 2310
f 390 2285 2274
f 264 1907 1896
f 327 2098 2089
f 309 2044 2035
f 282 1961 1950
f 317 2067 2054
f 322 2083 2072
f 341 2139 2126
f 286 1975 1964
f 294 1997 1986
f 372 2231 2220
f 394 2298 2291
f 358 2190 2183
f 256 1884 1877
f 261 1900 1891
f 387 2278 2269
f 399 2314 2305
f 351 2170 2161
f 348 2159 2148
f 300 2015 2004
f 366 2213 2202
f 267 1918 1909
f 340 2136 2129
f 287 1977 1967
f 291 1990 1981
f 369 2224 2215
f 395 2301 2288
f 354 2177 2166
f 345 2152 2143
f 297 2008 1999
f 363 2206 2197
f 270 1925 1914
f 234 1817 1806
f 227 1797 1787
f 239 1833 1823
f 245 1851 1841
f 252 1871 1860
f 275 1941 1931
f 334 2119 2108
f 304 2029 2018
f 377 2247 2234
f 382 2262 2255
f 312 2051 2040
f 279 1954 1945
f 316 2064 2057
f 323 2085 2075
f 330 2105 2094
f 335 2121 2111
f 305 2031 2021
f 376 2244 2237
f 383 2265 2252
f 274 1939 1928
f 232 1814 1812
f 225 1793 1791
f 237 1829 1827
f 243 1847 1845
f 250 1868 1866
f 273 1937 1935
f 336 2124 2118
f 306 2034 2028
f 378 2250 2246
f 381 2261 2259
f 311 2050 2048
f 281 1960 1953
f 315 2063 2061
f 321 2081 2079
f 328 2102 2100
f 333 2117 2115
f 303 2027 2025
f 375 2243 2241
f 384 2268 2264
f 276 1944 1938
f 229 1804 1802
f 223 1785 1783
f 235 1821 1819
f 241 1839 1837
f 247 1858 1856
f 271 1929 1927
f 332 2114 2112
f 302 2024 2022
f 374 2240 2238
f 379 2253 2251
f 307 2038 2036
f 278 1951 1949
f 313 2055 2053
f 319 2073 2071
f 325 2092 2090
f 331 2109 2107
f 301 2019 2017
f 373 2235 2233
f 380 2258 2256
f 272 1934 1932
f 248 1861 1859
f 230 1807 1805
f 224 1790 1788
f 236 1826 1824
f 242 1844 1842
f 254 1880 1878
f 356 2186 2184
f 397 2308 2306
f 385 2272 2270
f 259 1894 1892
f 326 2095 2093
f 308 2041 2039
f 277 1948 1946
f 314 2060 2058
f 320 2078 2076
f 338 2132 2130
f 284 1970 1968
f 289 1984 1982
f 367 2218 2216
f 391 2289 2287
f 355 2181 2179
f 253 1875 1873
f 260 1897 1895
f 386 2275 2273
f 398 2311 2309
f 350 2167 2165
f 343 2146 2144
f 295 2002 2000
f 361 2200 2198
f 266 1915 1913
f 337 2127 2125
f 283 1965 1963
f 290 1987 1985
f 368 2221 2219
f 392 2294 2292
f 349 2164 2162
f 344 2149 2147
f 296 2005 2003
f 362 2203 2201
f 265 1912 1910
f 251 1870 1863
f 233 1816 1809
f 228 1800 1794
f 240 1836 1830
f 246 1854 1848
f 258 1890 1886
f 360 2196 2192
f 401 2320 2318
f 389 2284 2282
f 263 1906 1904
f 329 2104 2097
f 310 2047 2043
f 280 1958 1956
f 318 2070 2066
f 324 2088 2082
f 342 2142 2138
f 288 1980 1974
f 292 1994 1992
f 371 2230 2228
f 393 2297 2295
f 409 2329 2331
f 405 2323 2327
f 411 2326 2328
f 414 2333 2334
f 417 2336 2337
f 431 2345 2346
f 488 2409 2412
f 575 2496 2499
f 563 2485 2487
f 519 2435 2436
f 454 2374 2376
f 450 2368 2372
f 456 2371 2373
f 459 2378 2379
f 462 2381 2382
f 472 2392 2396
f 446 2360 2361
f 506 2416 2418
f 535 2456 2457
f 541 2460 2463
f 570 2488 2492
f 480 2398 2402
f 421 2340 2343
f 511 2430 2433
f 556 2475 2478
f 484 2404 2406
f 580 2501 2502
f 567 2482 2484
f 522 2440 2442
f 427 2347 2349
f 544 2464 2468
f 468 2384 2387
f 436 2355 2358
f 499 2419 2421
f 530 2451 2454
f 548 2470 2472
f 466 2385 2388
f 442 2362 2364
f 505 2423 2426
f 536 2446 2448
f 491 2401 2403
f 423 2339 2342
f 513 2429 2432
f 564 2474 2477
f 581 2491 2493
f 549 2459 2462
f 477 2395 2397
f 445 2365 2367
f 503 2424 2427
f 525 2443 2447
f 474 2390 2391
f 438 2354 2357
f 495 2413 2417
f 532 2450 2453
f 552 2467 2469
f 490 2408 2411
f 577 2495 2498
f 559 2479 2483
f 517 2437 2441
f 430 2350 2352
f 590 2511 2509
f 584 2505 2503
f 585 2507 2506
f 592 2513 2512
f 595 2516 2515
f 598 2519 2518
f 636 2556 2555
f 621 2540 2541
f 642 2561 2562
f 601 2521 2522
f 623 2544 2542
f 611 2529 2528
f 609 2530 2531
f 625 2546 2545
f 628 2549 2548
f 632 2553 2551
f 613 2534 2533
f 616 2536 2537
f 638 2557 2559
f 606 2525 2526
f 1607 644 647
f 1603 643 644
f 1604 645 643
f 1610 646 645
f 1613 647 646
f 1622 652 649
f 1686 670 672
f 1773 699 702
f 1761 695 696
f 1712 681 679
f 1652 659 662
f 1648 658 659
f 1649 660 658
f 1655 661 660
f 1658 662 661
f 1670 665 666
f 1637 657 654
f 1694 677 673
f 1731 686 685
f 1739 688 692
f 1768 698 701
f 1678 668 669
f 1619 648 650
f 1709 678 682
f 1754 693 697
f 1682 669 671
f 1776 701 700
f 1758 697 694
f 1716 682 680
f 1625 650 651
f 1742 689 690
f 1663 664 663
f 1634 653 655
f 1697 674 676
f 1728 684 687
f 1746 690 691
f 1664 663 667
f 1640 655 656
f 1700 676 675
f 1724 687 683
f 1679 672 668
f 1618 649 648
f 1708 679 678
f 1753 696 693
f 1769 702 698
f 1738 691 688
f 1671 667 665
f 1643 656 657
f 1701 675 677
f 1723 683 686
f 1667 666 664
f 1633 654 653
f 1693 673 674
f 1727 685 684
f 1743 692 689
f 1685 671 670
f 1772 700 699
f 1757 694 695
f 1715 680 681
f 1628 651 652
f 2187 838 837
f 1881 736 735
f 1899 741 742
f 2277 867 868
f 2313 879 880
f 2169 831 832
f 2156 828 827
f 2010 780 778
f 2208 846 844
f 1917 747 749
f 2133 820 819
f 1971 767 765
f 1989 771 773
f 2223 849 850
f 2300 875 876
f 2174 834 833
f 2151 825 826
f 2007 777 779
f 2205 843 845
f 1920 750 748
f 1855 727 729
f 1801 709 711
f 1784 703 706
f 1820 715 718
f 1838 721 724
f 1874 733 737
f 2180 835 839
f 2310 878 882
f 2274 866 870
f 1896 740 744
f 2089 805 807
f 2035 787 789
f 1950 758 762
f 2054 793 797
f 2072 799 802
f 2126 817 821
f 1964 763 766
f 1986 770 774
f 2220 848 852
f 2291 872 874
f 2183 836 838
f 1877 734 736
f 1891 739 741
f 2269 865 867
f 2305 877 879
f 2161 829 831
f 2148 824 828
f 2004 776 780
f 2202 842 846
f 1909 745 747
f 2129 818 820
f 1967 764 767
f 1981 769 771
f 2215 847 849
f 2288 871 875
f 2166 830 834
f 2143 823 825
f 1999 775 777
f 2197 841 843
f 1914 746 750
f 1806 710 714
f 1787 704 707
f 1823 716 719
f 1841 722 725
f 1860 728 732
f 1931 752 755
f 2108 811 814
f 2018 781 784
f 2234 853 857
f 2255 860 862
f 2040 788 792
f 1945 757 759
f 2057 794 796
f 2075 800 803
f 2094 806 810
f 2111 812 815
f 2021 782 785
f 2237 854 856
f 2252 859 863
f 1928 751 754
f 1812 714 712
f 1791 707 705
f 1827 719 717
f 1845 725 723
f 1866 732 730
f 1935 755 753
f 2118 814 816
f 2028 784 786
f 2246 857 858
f 2259 862 861
f 2048 792 791
f 1953 759 761
f 2061 796 795
f 2079 803 801
f 2100 810 808
f 2115 815 813
f 2025 785 783
f 2241 856 855
f 2264 863 864
f 1938 754 756
f 1802 712 709
f 1783 705 703
f 1819 717 715
f 1837 723 721
f 1856 730 727
f 1927 753 751
f 2112 816 812
f 2022 786 782
f 2238 858 854
f 2251 861 859
f 2036 791 787
f 1949 761 758
f 2053 795 793
f 2071 801 799
f 2090 808 805
f 2107 813 811
f 2017 783 781
f 2233 855 853
f 2256 864 860
f 1932 756 752
f 1859 731 728
f 1805 713 710
f 1788 708 704
f 1824 720 716
f 1842 726 722
f 1878 738 734
f 2184 840 836
f 2306 881 877
f 2270 869 865
f 1892 743 739
f 2093 809 806
f 2039 790 788
f 1946 760 757
f 2058 798 794
f 2076 804 800
f 2130 822 818
f 1968 768 764
f 1982 772 769
f 2216 851 847
f 2287 873 871
f 2179 837 835
f 1873 735 733
f 1895 742 740
f 2273 868 866
f 2309 880 878
f 2165 832 830
f 2144 827 823
f 2000 778 775
f 2198 844 841
f 1913 749 746
f 2125 819 817
f 1963 765 763
f 1985 773 770
f 2219 850 848
f 2292 876 872
f 2162 833 829
f 2147 826 824
f 2003 779 776
f 2201 845 842
f 1910 748 745
f 1863 729 731
f 1809 711 713
f 1794 706 708
f 1830 718 720
f 1848 724 726
f 1886 737 738
f 2192 839 840
f 2318 882 881
f 2282 870 869
f 1904 744 743
f 2097 807 809
f 2043 789 790
f 1956 762 760
f 2066 797 798
f 2082 802 804
f 2138 821 822
f 1974 766 768
f 1992 774 772
f 2228 852 851
f 2295 874 873
f 2331 1270 1269
f 2327 1246 1245
f 2328 1251 1252
f 2334 1287 1288
f 2337 1305 1306
f 2346 1335 1336
f 2412 1552 1551
f 2499 1474 1473
f 2487 1600 1599
f 2436 1353 1354
f 2376 1480 1479
f 2372 1402 1401
f 2373 1407 1408
f 2379 1491 1492
f 2382 1503 1504
f 2396 1534 1533
f 2361 1413 1414
f 2418 1443 1444
f 2457 1593 1594
f 2463 1384 1383
f 2492 1324 1323
f 2402 1276 1275
f 2343 1264 1263
f 2433 1300 1299
f 2478 1318 1317
f 2406 1342 1341
f 2502 1563 1564
f 2484 1461 1462
f 2442 1587 1588
f 2349 1348 1347
f 2468 1522 1521
f 2387 1419 1420
f 2358 1396 1395
f 2421 1498 1497
f 2454 1516 1515
f 2472 1558 1557
f 2388 1426 1425
f 2364 1432 1431
f 2426 1569 1570
f 2448 1371 1372
f 2403 1281 1282
f 2342 1257 1258
f 2432 1293 1294
f 2477 1311 1312
f 2493 1329 1330
f 2462 1377 1378
f 2397 1539 1540
f 2367 1450 1449
f 2427 1576 1575
f 2447 1366 1365
f 2391 1485 1486
f 2357 1389 1390
f 2417 1438 1437
f 2453 1509 1510
f 2469 1527 1528
f 2411 1545 1546
f 2498 1467 1468
f 2483 1456 1455
f 2441 1582 1581
f 2352 1360 1359
f 2509 1271 1272
f 2503 1247 1248
f 2506 1254 1253
f 2512 1290 1289
f 2515 1308 1307
f 2518 1338 1337
f 2555 1553 1554
f 2541 1475 1476
f 2562 1601 1602
f 2522 1356 1355
f 2542 1481 1482
f 2528 1403 1404
f 2531 1410 1409
f 2545 1494 1493
f 2548 1506 1505
f 2551 1535 1536
f 2533 1416 1415
f 2537 1446 1445
f 2559 1596 1595
f 2526 1385 1386
f 1616 907 909
f 1608 889 891
f 1606 883 886
f 1612 895 898
f 1615 901 904
f 1624 919 922
f 1692 1057 1060
f 1782 1237 1240
f 1765 1201 1204
f 1714 1099 1102
f 1661 997 999
f 1653 979 981
f 1651 973 976
f 1657 985 988
f 1660 991 994
f 1675 1021 1024
f 1639 949 952
f 1696 1063 1066
f 1733 1135 1138
f 1751 1177 1179
f 1779 1231 1233
f 1683 1039 1041
f 1626 925 927
f 1721 1117 1119
f 1766 1207 1209
f 1689 1051 1053
f 1778 1225 1228
f 1760 1189 1192
f 1718 1105 1108
f 1629 931 933
f 1747 1165 1167
f 1665 1003 1005
f 1641 955 957
f 1704 1081 1083
f 1737 1147 1150
f 1750 1171 1174
f 1676 1027 1029
f 1644 961 963
f 1702 1075 1077
f 1726 1123 1126
f 1681 1033 1036
f 1620 913 915
f 1710 1093 1095
f 1755 1183 1185
f 1771 1213 1216
f 1740 1153 1155
f 1673 1015 1018
f 1647 967 970
f 1707 1087 1090
f 1734 1141 1143
f 1669 1009 1012
f 1635 943 945
f 1698 1069 1071
f 1729 1129 1131
f 1745 1159 1162
f 1687 1045 1047
f 1774 1219 1221
f 1762 1195 1197
f 1720 1111 1114
f 1632 937 940
f 2189 1280 1284
f 1883 1256 1260
f 1903 1292 1296
f 2281 1310 1314
f 2317 1328 1332
f 2173 1376 1380
f 2158 1538 1542
f 2012 1447 1451
f 2210 1573 1577
f 1924 1363 1367
f 2135 1484 1488
f 1973 1388 1392
f 1996 1435 1439
f 2227 1508 1512
f 2304 1526 1530
f 2176 1544 1548
f 2155 1466 1470
f 2014 1453 1457
f 2212 1579 1583
f 1922 1357 1361
f 1864 1268 1270
f 1810 1244 1246
f 1795 1249 1251
f 1831 1285 1287
f 1849 1303 1305
f 1887 1333 1335
f 2193 1550 1552
f 2321 1472 1474
f 2285 1598 1600
f 1907 1351 1353
f 2098 1478 1480
f 2044 1400 1402
f 1961 1405 1407
f 2067 1489 1491
f 2083 1501 1503
f 2139 1532 1534
f 1975 1411 1413
f 1997 1441 1443
f 2231 1591 1593
f 2298 1382 1384
f 2190 1322 1324
f 1884 1274 1276
f 1900 1262 1264
f 2278 1298 1300
f 2314 1316 1318
f 2170 1340 1342
f 2159 1561 1563
f 2015 1459 1461
f 2213 1585 1587
f 1918 1346 1348
f 2136 1520 1522
f 1977 1417 1419
f 1990 1394 1396
f 2224 1496 1498
f 2301 1514 1516
f 2177 1556 1558
f 2152 1424 1426
f 2008 1430 1432
f 2206 1567 1569
f 1925 1369 1371
f 1817 1279 1281
f 1797 1255 1257
f 1833 1291 1293
f 1851 1309 1311
f 1871 1327 1329
f 1941 1375 1377
f 2119 1537 1539
f 2029 1448 1450
f 2247 1574 1576
f 2262 1364 1366
f 2051 1483 1485
f 1954 1387 1389
f 2064 1436 1438
f 2085 1507 1509
f 2105 1525 1527
f 2121 1543 1545
f 2031 1465 1467
f 2244 1454 1456
f 2265 1580 1582
f 1939 1358 1360
f 1814 1267 1271
f 1793 1243 1247
f 1829 1250 1254
f 1847 1286 1290
f 1868 1304 1308
f 1937 1334 1338
f 2124 1549 1553
f 2034 1471 1475
f 2250 1597 1601
f 2261 1352 1356
f 2050 1477 1481
f 1960 1399 1403
f 2063 1406 1410
f 2081 1490 1494
f 2102 1502 1506
f 2117 1531 1535
f 2027 1412 1416
f 2243 1442 1446
f 2268 1592 1596
f 1944 1381 1385
f 1804 890 894
f 1785 884 887
f 1821 896 899
f 1839 902 905
f 1858 908 912
f 1929 938 941
f 2114 1046 1050
f 2024 1220 1224
f 2240 1196 1200
f 2253 1112 1115
f 2038 980 984
f 1951 974 977
f 2055 986 989
f 2073 992 995
f 2092 998 1002
f 2109 1016 1019
f 2019 968 971
f 2235 1088 1091
f 2258 1142 1146
f 1934 1154 1158
f 1861 1214 1217
f 1807 1034 1037
f 1790 914 918
f 1826 1094 1098
f 1844 1184 1188
f 1880 1040 1044
f 2186 1232 1236
f 2308 1208 1212
f 2272 1118 1122
f 1894 926 930
f 2095 1160 1163
f 2041 1010 1013
f 1948 944 948
f 2060 1070 1074
f 2078 1130 1134
f 2132 1166 1170
f 1970 1004 1008
f 1984 956 960
f 2218 1082 1086
f 2289 1148 1151
f 2181 1058 1061
f 1875 920 923
f 1897 1100 1103
f 2275 1202 1205
f 2311 1238 1241
f 2167 1172 1175
f 2146 1028 1032
f 2002 962 966
f 2200 1076 1080
f 1915 1124 1127
f 2127 1022 1025
f 1965 950 953
f 1987 1064 1067
f 2221 1136 1139
f 2294 1178 1182
f 2164 1052 1056
f 2149 1226 1229
f 2005 1190 1193
f 2203 1106 1109
f 1912 932 936
f 1870 1321 1325
f 1816 1273 1277
f 1800 1261 1265
f 1836 1297 1301
f 1854 1315 1319
f 1890 1339 1343
f 2196 1562 1566
f 2320 1460 1464
f 2284 1586 1590
f 1906 1345 1349
f 2104 1519 1523
f 2047 1418 1422
f 1958 1393 1397
f 2070 1495 1499
f 2088 1513 1517
f 2142 1555 1559
f 1980 1423 1427
f 1994 1429 1433
f 2230 1568 1572
f 2297 1370 1374
f 2329 894 892
f 2323 887 885
f 2326 899 897
f 2333 905 903
f 2336 912 910
f 2345 941 939
f 2409 1050 1048
f 2496 1224 1222
f 2485 1200 1198
f 2435 1115 1113
f 2374 984 982
f 2368 977 975
f 2371 989 987
f 2378 995 993
f 2381 1002 1000
f 2392 1019 1017
f 2360 971 969
f 2416 1091 1089
f 2456 1146 1144
f 2460 1158 1156
f 2488 1217 1215
f 2398 1037 1035
f 2340 918 916
f 2430 1098 1096
f 2475 1188 1186
f 2404 1044 1042
f 2501 1236 1234
f 2482 1212 1210
f 2440 1122 1120
f 2347 930 928
f 2464 1163 1161
f 2384 1013 1011
f 2355 948 946
f 2419 1074 1072
f 2451 1134 1132
f 2470 1170 1168
f 2385 1008 1006
f 2362 960 958
f 2423 1086 1084
f 2446 1151 1149
f 2401 1061 1059
f 2339 923 921
f 2429 1103 1101
f 2474 1205 1203
f 2491 1241 1239
f 2459 1175 1173
f 2395 1032 1030
f 2365 966 964
f 2424 1080 1078
f 2443 1127 1125
f 2390 1025 1023
f 2354 953 951
f 2413 1067 1065
f 2450 1139 1137
f 2467 1182 1180
f 2408 1056 1054
f 2495 1229 1227
f 2479 1193 1191
f 2437 1109 1107
f 2350 936 934
f 2511 1325 1326
f 2505 1277 1278
f 2507 1265 1266
f 2513 1301 1302
f 2516 1319 1320
f 2519 1343 1344
f 2556 1566 1565
f 2540 1464 1463
f 2561 1590 1589
f 2521 1349 1350
f 2544 1523 1524
f 2529 1422 1421
f 2530 1397 1398
f 2546 1499 1500
f 2549 1517 1518
f 2553 1559 1560
f 2534 1427 1428
f 2536 1433 1434
f 2557 1572 1571
f 2525 1374 1373
f 1609 892 889
f 1605 885 883
f 1611 897 895
f 1614 903 901
f 1617 910 907
f 1631 939 937
f 1688 1048 1045
f 1775 1222 1219
f 1763 1198 1195
f 1719 1113 1111
f 1654 982 979
f 1650 975 973
f 1656 987 985
f 1659 993 991
f 1662 1000 997
f 1672 1017 1015
f 1646 969 967
f 1706 1089 1087
f 1735 1144 1141
f 1741 1156 1153
f 1770 1215 1213
f 1680 1035 1033
f 1621 916 913
f 1711 1096 1093
f 1756 1186 1183
f 1684 1042 1039
f 1780 1234 1231
f 1767 1210 1207
f 1722 1120 1117
f 1627 928 925
f 1744 1161 1159
f 1668 1011 1009
f 1636 946 943
f 1699 1072 1069
f 1730 1132 1129
f 1748 1168 1165
f 1666 1006 1003
f 1642 958 955
f 1705 1084 1081
f 1736 1149 1147
f 1691 1059 1057
f 1623 921 919
f 1713 1101 1099
f 1764 1203 1201
f 1781 1239 1237
f 1749 1173 1171
f 1677 1030 1027
f 1645 964 961
f 1703 1078 1075
f 1725 1125 1123
f 1674 1023 1021
f 1638 951 949
f 1695 1065 1063
f 1732 1137 1135
f 1752 1180 1177
f 1690 1054 1051
f 1777 1227 1225
f 1759 1191 1189
f 1717 1107 1105
f 1630 934 931
f 2191 1326 1322
f 1885 1278 1274
f 1901 1266 1262
f 2279 1302 1298
f 2315 1320 1316
f 2171 1344 1340
f 2160 1565 1561
f 2016 1463 1459
f 2214 1589 1585
f 1919 1350 1346
f 2137 1524 1520
f 1978 1421 1417
f 1991 1398 1394
f 2225 1500 1496
f 2302 1518 1514
f 2178 1560 1556
f 2153 1428 1424
f 2009 1434 1430
f 2207 1571 1567
f 1926 1373 1369
f 1857 911 908
f 1803 893 890
f 1786 888 884
f 1822 900 896
f 1840 906 902
f 1876 924 920
f 2182 1062 1058
f 2312 1242 1238
f 2276 1206 1202
f 1898 1104 1100
f 2091 1001 998
f 2037 983 980
f 1952 978 974
f 2056 990 986
f 2074 996 992
f 2128 1026 1022
f 1966 954 950
f 1988 1068 1064
f 2222 1140 1136
f 2293 1181 1178
f 2185 1235 1232
f 1879 1043 1040
f 1893 929 926
f 2271 1121 1118
f 2307 1211 1208
f 2163 1055 1052
f 2150 1230 1226
f 2006 1194 1190
f 2204 1110 1106
f 1911 935 932
f 2131 1169 1166
f 1969 1007 1004
f 1983 959 956
f 2217 1085 1082
f 2290 1152 1148
f 2168 1176 1172
f 2145 1031 1028
f 2001 965 962
f 2199 1079 1076
f 1916 1128 1124
f 1808 1038 1034
f 1789 917 914
f 1825 1097 1094
f 1843 1187 1184
f 1862 1218 1214
f 1933 1157 1154
f 2110 1020 1016
f 2020 972 968
f 2236 1092 1088
f 2257 1145 1142
f 2042 1014 1010
f 1947 947 944
f 2059 1073 1070
f 2077 1133 1130
f 2096 1164 1160
f 2113 1049 1046
f 2023 1223 1220
f 2239 1199 1196
f 2254 1116 1112
f 1930 942 938
f 1818 1283 1279
f 1798 1259 1255
f 1834 1295 1291
f 1852 1313 1309
f 1872 1331 1327
f 1942 1379 1375
f 2120 1541 1537
f 2030 1452 1448
f 2248 1578 1574
f 2263 1368 1364
f 2052 1487 1483
f 1955 1391 1387
f 2065 1440 1436
f 2086 1511 1507
f 2106 1529 1525
f 2122 1547 1543
f 2032 1469 1465
f 2245 1458 1454
f 2266 1584 1580
f 1940 1362 1358
f 1813 1269 1267
f 1792 1245 1243
f 1828 1252 1250
f 1846 1288 1286
f 1867 1306 1304
f 1936 1336 1334
f 2123 1551 1549
f 2033 1473 1471
f 2249 1599 1597
f 2260 1354 1352
f 2049 1479 1477
f 1959 1401 1399
f 2062 1408 1406
f 2080 1492 1490
f 2101 1504 1502
f 2116 1533 1531
f 2026 1414 1412
f 2242 1444 1442
f 2267 1594 1592
f 1943 1383 1381
f 1869 1323 1321
f 1815 1275 1273
f 1799 1263 1261
f 1835 1299 1297
f 1853 1317 1315
f 1889 1341 1339
f 2195 1564 1562
f 2319 1462 1460
f 2283 1588 1586
f 1905 1347 1345
f 2103 1521 1519
f 2046 1420 1418
f 1957 1395 1393
f 2069 1497 1495
f 2087 1515 1513
f 2141 1557 1555
f 1979 1425 1423
f 1993 1431 1429
f 2229 1570 1568
f 2296 1372 1370
f 2188 1282 1280
f 1882 1258 1256
f 1902 1294 1292
f 2280 1312 1310
f 2316 1330 1328
f 2172 1378 1376
f 2157 1540 1538
f 2011 1449 1447
f 2209 1575 1573
f 1923 1365 1363
f 2134 1486 1484
f 1972 1390 1388
f 1995 1437 1435
f 2226 1510 1508
f 2303 1528 1526
f 2175 1546 1544
f 2154 1468 1466
f 2013 1455 1453
f 2211 1581 1579
f 1921 1359 1357
f 1865 1272 1268
f 1811 1248 1244
f 1796 1253 1249
f 1832 1289 1285
f 1850 1307 1303
f 1888 1337 1333
f 2194 1554 1550
f 2322 1476 1472
f 2286 1602 1598
f 1908 1355 1351
f 2099 1482 1478
f 2045 1404 1400
f 1962 1409 1405
f 2068 1493 1489
f 2084 1505 1501
f 2140 1536 1532
f 1976 1415 1411
f 1998 1445 1441
f 2232 1595 1591
f 2299 1386 1382
f 2330 909 911
f 2324 891 893
f 2325 886 888
f 2332 898 900
f 2335 904 906
f 2344 922 924
f 2410 1060 1062
f 2497 1240 1242
f 2486 1204 1206
f 2434 1102 1104
f 2375 999 1001
f 2369 981 983
f 2370 976 978
f 2377 988 990
f 2380 994 996
f 2393 1024 1026
f 2359 952 954
f 2415 1066 1068
f 2455 1138 1140
f 2461 1179 1181
f 2489 1233 1235
f 2399 1041 1043
f 2341 927 929
f 2431 1119 1121
f 2476 1209 1211
f 2405 1053 1055
f 2500 1228 1230
f 2481 1192 1194
f 2439 1108 1110
f 2348 933 935
f 2465 1167 1169
f 2383 1005 1007
f 2356 957 959
f 2420 1083 1085
f 2452 1150 1152
f 2471 1174 1176
f 2386 1029 1031
f 2363 963 965
f 2422 1077 1079
f 2445 1126 1128
f 2400 1036 1038
f 2338 915 917
f 2428 1095 1097
f 2473 1185 1187
f 2490 1216 1218
f 2458 1155 1157
f 2394 1018 1020
f 2366 970 972
f 2425 1090 1092
f 2444 1143 1145
f 2389 1012 1014
f 2353 945 947
f 2414 1071 1073
f 2449 1131 1133
f 2466 1162 1164
f 2407 1047 1049
f 2494 1221 1223
f 2480 1197 1199
f 2438 1114 1116
f 2351 940 942
f 2510 1284 1283
f 2504 1260 1259
f 2508 1296 1295
f 2514 1314 1313
f 2517 1332 1331
f 2520 1380 1379
f 2554 1542 1541
f 2539 1451 1452
f 2560 1577 1578
f 2523 1367 1368
f 2543 1488 1487
f 2527 1392 1391
f 2532 1439 1440
f 2547 1512 1511
f 2550 1530 1529
f 2552 1548 1547
f 2535 1470 1469
f 2538 1457 1458
f 2558 1583 1584
f 2524 1361 1362
f 1607 1616 1609
f 1603 1608 1605
f 1604 1606 1611
f 1610 1612 1614
f 1613 1615 1617
f 1622 1624 1631
f 1686 1692 1688
f 1773 1782 1775
f 1761 1765 1763
f 1712 1714 1719
f 1652 1661 1654
f 1648 1653 1650
f 1649 1651 1656
f 1655 1657 1659
f 1658 1660 1662
f 1670 1675 1672
f 1637 1639 1646
f 1694 1696 1706
f 1731 1733 1735
f 1739 1751 1741
f 1768 1779 1770
f 1678 1683 1680
f 1619 1626 1621
f 1709 1721 1711
f 1754 1766 1756
f 1682 1689 1684
f 1776 1778 1780
f 1758 1760 1767
f 1716 1718 1722
f 1625 1629 1627
f 1742 1747 1744
f 1663 1665 1668
f 1634 1641 1636
f 1697 1704 1699
f 1728 1737 1730
f 1746 1750 1748
f 1664 1676 1666
f 1640 1644 1642
f 1700 1702 1705
f 1724 1726 1736
f 1679 1681 1691
f 1618 1620 1623
f 1708 1710 1713
f 1753 1755 1764
f 1769 1771 1781
f 1738 1740 1749
f 1671 1673 1677
f 1643 1647 1645
f 1701 1707 1703
f 1723 1734 1725
f 1667 1669 1674
f 1633 1635 1638
f 1693 1698 1695
f 1727 1729 1732
f 1743 1745 1752
f 1685 1687 1690
f 1772 1774 1777
f 1757 1762 1759
f 1715 1720 1717
f 1628 1632 1630
f 2187 2189 2191
f 1881 1883 1885
f 1899 1903 1901
f 2277 2281 2279
f 2313 2317 2315
f 2169 2173 2171
f 2156 2158 2160
f 2010 2012 2016
f 2208 2210 2214
f 1917 1924 1919
f 2133 2135 2137
f 1971 1973 1978
f 1989 1996 1991
f 2223 2227 2225
f 2300 2304 2302
f 2174 2176 2178
f 2151 2155 2153
f 2007 2014 2009
f 2205 2212 2207
f 1920 1922 1926
f 1855 1864 1857
f 1801 1810 1803
f 1784 1795 1786
f 1820 1831 1822
f 1838 1849 1840
f 1874 1887 1876
f 2180 2193 2182
f 2310 2321 2312
f 2274 2285 2276
f 1896 1907 1898
f 2089 2098 2091
f 2035 2044 2037
f 1950 1961 1952
f 2054 2067 2056
f 2072 2083 2074
f 2126 2139 2128
f 1964 1975 1966
f 1986 1997 1988
f 2220 2231 2222
f 2291 2298 2293
f 2183 2190 2185
f 1877 1884 1879
f 1891 1900 1893
f 2269 2278 2271
f 2305 2314 2307
f 2161 2170 2163
f 2148 2159 2150
f 2004 2015 2006
f 2202 2213 2204
f 1909 1918 1911
f 2129 2136 2131
f 1967 1977 1969
f 1981 1990 1983
f 2215 2224 2217
f 2288 2301 2290
f 2166 2177 2168
f 2143 2152 2145
f 1999 2008 2001
f 2197 2206 2199
f 1914 1925 1916
f 1806 1817 1808
f 1787 1797 1789
f 1823 1833 1825
f 1841 1851 1843
f 1860 1871 1862
f 1931 1941 1933
f 2108 2119 2110
f 2018 2029 2020
f 2234 2247 2236
f 2255 2262 2257
f 2040 2051 2042
f 1945 1954 1947
f 2057 2064 2059
f 2075 2085 2077
f 2094 2105 2096
f 2111 2121 2113
f 2021 2031 2023
f 2237 2244 2239
f 2252 2265 2254
f 1928 1939 1930
f 1812 1814 1818
f 1791 1793 1798
f 1827 1829 1834
f 1845 1847 1852
f 1866 1868 1872
f 1935 1937 1942
f 2118 2124 2120
f 2028 2034 2030
f 2246 2250 2248
f 2259 2261 2263
f 2048 2050 2052
f 1953 1960 1955
f 2061 2063 2065
f 2079 2081 2086
f 2100 2102 2106
f 2115 2117 2122
f 2025 2027 2032
f 2241 2243 2245
f 2264 2268 2266
f 1938 1944 1940
f 1802 1804 1813
f 1783 1785 1792
f 1819 1821 1828
f 1837 1839 1846
f 1856 1858 1867
f 1927 1929 1936
f 2112 2114 2123
f 2022 2024 2033
f 2238 2240 2249
f 2251 2253 2260
f 2036 2038 2049
f 1949 1951 1959
f 2053 2055 2062
f 2071 2073 2080
f 2090 2092 2101
f 2107 2109 2116
f 2017 2019 2026
f 2233 2235 2242
f 2256 2258 2267
f 1932 1934 1943
f 1859 1861 1869
f 1805 1807 1815
f 1788 1790 1799
f 1824 1826 1835
f 1842 1844 1853
f 1878 1880 1889
f 2184 2186 2195
f 2306 2308 2319
f 2270 2272 2283
f 1892 1894 1905
f 2093 2095 2103
f 2039 2041 2046
f 1946 1948 1957
f 2058 2060 2069
f 2076 2078 2087
f 2130 2132 2141
f 1968 1970 1979
f 1982 1984 1993
f 2216 2218 2229
f 2287 2289 2296
f 2179 2181 2188
f 1873 1875 1882
f 1895 1897 1902
f 2273 2275 2280
f 2309 2311 2316
f 2165 2167 2172
f 2144 2146 2157
f 2000 2002 2011
f 2198 2200 2209
f 1913 1915 1923
f 2125 2127 2134
f 1963 1965 1972
f 1985 1987 1995
f 2219 2221 2226
f 2292 2294 2303
f 2162 2164 2175
f 2147 2149 2154
f 2003 2005 2013
f 2201 2203 2211
f 1910 1912 1921
f 1863 1870 1865
f 1809 1816 1811
f 1794 1800 1796
f 1830 1836 1832
f 1848 1854 1850
f 1886 1890 1888
f 2192 2196 2194
f 2318 2320 2322
f 2282 2284 2286
f 1904 1906 1908
f 2097 2104 2099
f 2043 2047 2045
f 1956 1958 1962
f 2066 2070 2068
f 2082 2088 2084
f 2138 2142 2140
f 1974 1980 1976
f 1992 1994 1998
f 2228 2230 2232
f 2295 2297 2299
f 2331 2329 2330
f 2327 2323 2324
f 2328 2326 2325
f 2334 2333 2332
f 2337 2336 2335
f 2346 2345 2344
f 2412 2409 2410
f 2499 2496 2497
f 2487 2485 2486
f 2436 2435 2434
f 2376 2374 2375
f 2372 2368 2369
f 2373 2371 2370
f 2379 2378 2377
f 2382 2381 2380
f 2396 2392 2393
f 2361 2360 2359
f 2418 2416 2415
f 2457 2456 2455
f 2463 2460 2461
f 2492 2488 2489
f 2402 2398 2399
f 2343 2340 2341
f 2433 2430 2431
f 2478 2475 2476
f 2406 2404 2405
f 2502 2501 2500
f 2484 2482 2481
f 2442 2440 2439
f 2349 2347 2348
f 2468 2464 2465
f 2387 2384 2383
f 2358 2355 2356
f 2421 2419 2420
f 2454 2451 2452
f 2472 2470 2471
f 2388 2385 2386
f 2364 2362 2363
f 2426 2423 2422
f 2448 2446 2445
f 2403 2401 2400
f 2342 2339 2338
f 2432 2429 2428
f 2477 2474 2473
f 2493 2491 2490
f 2462 2459 2458
f 2397 2395 2394
f 2367 2365 2366
f 2427 2424 2425
f 2447 2443 2444
f 2391 2390 2389
f 2357 2354 2353
f 2417 2413 2414
f 2453 2450 2449
f 2469 2467 2466
f 2411 2408 2407
f 2498 2495 2494
f 2483 2479 2480
f 2441 2437 2438
f 2352 2350 2351
f 2509 2511 2510
f 2503 2505 2504
f 2506 2507 2508
f 2512 2513 2514
f 2515 2516 2517
f 2518 2519 2520
f 2555 2556 2554
f 2541 2540 2539
f 2562 2561 2560
f 2522 2521 2523
f 2542 2544 2543
f 2528 2529 2527
f 2531 2530 2532
f 2545 2546 2547
f 2548 2549 2550
f 2551 2553 2552
f 2533 2534 2535
f 2537 2536 2538
f 2559 2557 2558
f 2526 2525 2524